scenario,soc,legacy_charge_max_kw,physical_charge_max_kw,charge_binding_limit,charge_permissiveness,legacy_discharge_max_kw,physical_discharge_max_kw,discharge_binding_limit,discharge_permissiveness,i_charge_max_a,i_discharge_max_a,terminal_voltage_min_v,terminal_voltage_max_v,q_nominal_ah
unverified_97s_10kwh_1c3c,0.05,10.0,8.755102040816327,current,physical_less_permissive,0.0,0.0,soc_boundary,equal,28.571428571428573,85.71428571428571,242.5,407.40000000000003,28.571428571428573
unverified_97s_10kwh_1c3c,0.055,10.0,8.769387755102041,current,physical_less_permissive,30.0,25.81836734693877,current,physical_less_permissive,28.571428571428573,85.71428571428571,242.5,407.40000000000003,28.571428571428573
unverified_97s_10kwh_1c3c,0.060000000000000005,10.0,8.783673469387756,current,physical_less_permissive,30.0,25.861224489795916,current,physical_less_permissive,28.571428571428573,85.71428571428571,242.5,407.40000000000003,28.571428571428573
unverified_97s_10kwh_1c3c,0.065,10.0,8.797959183673468,current,physical_less_permissive,30.0,25.904081632653057,current,physical_less_permissive,28.571428571428573,85.71428571428571,242.5,407.40000000000003,28.571428571428573
unverified_97s_10kwh_1c3c,0.07,10.0,8.812244897959184,current,physical_less_permissive,30.0,25.946938775510205,current,physical_less_permissive,28.571428571428573,85.71428571428571,242.5,407.40000000000003,28.571428571428573
unverified_97s_10kwh_1c3c,0.07500000000000001,10.0,8.826530612244898,current,physical_less_permissive,30.0,25.989795918367346,current,physical_less_permissive,28.571428571428573,85.71428571428571,242.5,407.40000000000003,28.571428571428573
unverified_97s_10kwh_1c3c,0.08,10.0,8.840816326530613,current,physical_less_permissive,30.0,26.032653061224487,current,physical_less_permissive,28.571428571428573,85.71428571428571,242.5,407.40000000000003,28.571428571428573
unverified_97s_10kwh_1c3c,0.085,10.0,8.855102040816327,current,physical_less_permissive,30.0,26.07551020408163,current,physical_less_permissive,28.571428571428573,85.71428571428571,242.5,407.40000000000003,28.571428571428573
unverified_97s_10kwh_1c3c,0.09,10.0,8.869387755102041,current,physical_less_permissive,30.0,26.118367346938772,current,physical_less_permissive,28.571428571428573,85.71428571428571,242.5,407.40000000000003,28.571428571428573
unverified_97s_10kwh_1c3c,0.095,10.0,8.883673469387755,current,physical_less_permissive,30.0,26.161224489795917,current,physical_less_permissive,28.571428571428573,85.71428571428571,242.5,407.40000000000003,28.571428571428573
unverified_97s_10kwh_1c3c,0.1,10.0,8.89795918367347,current,physical_less_permissive,30.0,26.204081632653057,current,physical_less_permissive,28.571428571428573,85.71428571428571,242.5,407.40000000000003,28.571428571428573
unverified_97s_10kwh_1c3c,0.10500000000000001,10.0,8.912244897959184,current,physical_less_permissive,30.0,26.246938775510202,current,physical_less_permissive,28.571428571428573,85.71428571428571,242.5,407.40000000000003,28.571428571428573
unverified_97s_10kwh_1c3c,0.11,10.0,8.926530612244898,current,physical_less_permissive,30.0,26.289795918367346,current,physical_less_permissive,28.571428571428573,85.71428571428571,242.5,407.40000000000003,28.571428571428573
unverified_97s_10kwh_1c3c,0.115,10.0,8.940816326530612,current,physical_less_permissive,30.0,26.332653061224487,current,physical_less_permissive,28.571428571428573,85.71428571428571,242.5,407.40000000000003,28.571428571428573
unverified_97s_10kwh_1c3c,0.12000000000000001,10.0,8.955102040816328,current,physical_less_permissive,30.0,26.375510204081632,current,physical_less_permissive,28.571428571428573,85.71428571428571,242.5,407.40000000000003,28.571428571428573
unverified_97s_10kwh_1c3c,0.125,10.0,8.96938775510204,current,physical_less_permissive,30.0,26.418367346938773,current,physical_less_permissive,28.571428571428573,85.71428571428571,242.5,407.40000000000003,28.571428571428573
unverified_97s_10kwh_1c3c,0.13,10.0,8.983673469387755,current,physical_less_permissive,30.0,26.461224489795917,current,physical_less_permissive,28.571428571428573,85.71428571428571,242.5,407.40000000000003,28.571428571428573
unverified_97s_10kwh_1c3c,0.135,10.0,8.99795918367347,current,physical_less_permissive,30.0,26.504081632653058,current,physical_less_permissive,28.571428571428573,85.71428571428571,242.5,407.40000000000003,28.571428571428573
unverified_97s_10kwh_1c3c,0.14,10.0,9.012244897959185,current,physical_less_permissive,30.0,26.546938775510203,current,physical_less_permissive,28.571428571428573,85.71428571428571,242.5,407.40000000000003,28.571428571428573
unverified_97s_10kwh_1c3c,0.14500000000000002,10.0,9.026530612244898,current,physical_less_permissive,30.0,26.589795918367344,current,physical_less_permissive,28.571428571428573,85.71428571428571,242.5,407.40000000000003,28.571428571428573
unverified_97s_10kwh_1c3c,0.15000000000000002,10.0,9.040816326530612,current,physical_less_permissive,30.0,26.632653061224485,current,physical_less_permissive,28.571428571428573,85.71428571428571,242.5,407.40000000000003,28.571428571428573
unverified_97s_10kwh_1c3c,0.155,10.0,9.055102040816328,current,physical_less_permissive,30.0,26.675510204081633,current,physical_less_permissive,28.571428571428573,85.71428571428571,242.5,407.40000000000003,28.571428571428573
unverified_97s_10kwh_1c3c,0.16,10.0,9.069387755102042,current,physical_less_permissive,30.0,26.718367346938773,current,physical_less_permissive,28.571428571428573,85.71428571428571,242.5,407.40000000000003,28.571428571428573
unverified_97s_10kwh_1c3c,0.165,10.0,9.083673469387755,current,physical_less_permissive,30.0,26.761224489795918,current,physical_less_permissive,28.571428571428573,85.71428571428571,242.5,407.40000000000003,28.571428571428573
unverified_97s_10kwh_1c3c,0.16999999999999998,10.0,9.097959183673469,current,physical_less_permissive,30.0,26.80408163265306,current,physical_less_permissive,28.571428571428573,85.71428571428571,242.5,407.40000000000003,28.571428571428573
unverified_97s_10kwh_1c3c,0.175,10.0,9.112244897959185,current,physical_less_permissive,30.0,26.846938775510203,current,physical_less_permissive,28.571428571428573,85.71428571428571,242.5,407.40000000000003,28.571428571428573
unverified_97s_10kwh_1c3c,0.18,10.0,9.126530612244899,current,physical_less_permissive,30.0,26.889795918367344,current,physical_less_permissive,28.571428571428573,85.71428571428571,242.5,407.40000000000003,28.571428571428573
unverified_97s_10kwh_1c3c,0.185,10.0,9.140816326530611,current,physical_less_permissive,30.0,26.932653061224485,current,physical_less_permissive,28.571428571428573,85.71428571428571,242.5,407.40000000000003,28.571428571428573
unverified_97s_10kwh_1c3c,0.19,10.0,9.155102040816328,current,physical_less_permissive,30.0,26.97551020408163,current,physical_less_permissive,28.571428571428573,85.71428571428571,242.5,407.40000000000003,28.571428571428573
unverified_97s_10kwh_1c3c,0.195,10.0,9.169387755102042,current,physical_less_permissive,30.0,27.01836734693877,current,physical_less_permissive,28.571428571428573,85.71428571428571,242.5,407.40000000000003,28.571428571428573
unverified_97s_10kwh_1c3c,0.2,10.0,9.183673469387756,current,physical_less_permissive,30.0,27.06122448979592,current,physical_less_permissive,28.571428571428573,85.71428571428571,242.5,407.40000000000003,28.571428571428573
unverified_97s_10kwh_1c3c,0.20500000000000002,10.0,9.197959183673468,current,physical_less_permissive,30.0,27.10408163265306,current,physical_less_permissive,28.571428571428573,85.71428571428571,242.5,407.40000000000003,28.571428571428573
unverified_97s_10kwh_1c3c,0.21000000000000002,10.0,9.212244897959184,current,physical_less_permissive,30.0,27.146938775510204,current,physical_less_permissive,28.571428571428573,85.71428571428571,242.5,407.40000000000003,28.571428571428573
unverified_97s_10kwh_1c3c,0.21500000000000002,10.0,9.226530612244899,current,physical_less_permissive,30.0,27.189795918367345,current,physical_less_permissive,28.571428571428573,85.71428571428571,242.5,407.40000000000003,28.571428571428573
unverified_97s_10kwh_1c3c,0.22000000000000003,10.0,9.240816326530613,current,physical_less_permissive,30.0,27.232653061224486,current,physical_less_permissive,28.571428571428573,85.71428571428571,242.5,407.40000000000003,28.571428571428573
unverified_97s_10kwh_1c3c,0.22500000000000003,10.0,9.255102040816327,current,physical_less_permissive,30.0,27.27551020408163,current,physical_less_permissive,28.571428571428573,85.71428571428571,242.5,407.40000000000003,28.571428571428573
unverified_97s_10kwh_1c3c,0.22999999999999998,10.0,9.269387755102041,current,physical_less_permissive,30.0,27.31836734693877,current,physical_less_permissive,28.571428571428573,85.71428571428571,242.5,407.40000000000003,28.571428571428573
unverified_97s_10kwh_1c3c,0.235,10.0,9.283673469387756,current,physical_less_permissive,30.0,27.361224489795916,current,physical_less_permissive,28.571428571428573,85.71428571428571,242.5,407.40000000000003,28.571428571428573
unverified_97s_10kwh_1c3c,0.24,10.0,9.297959183673468,current,physical_less_permissive,30.0,27.404081632653057,current,physical_less_permissive,28.571428571428573,85.71428571428571,242.5,407.40000000000003,28.571428571428573
unverified_97s_10kwh_1c3c,0.245,10.0,9.312244897959184,current,physical_less_permissive,30.0,27.446938775510205,current,physical_less_permissive,28.571428571428573,85.71428571428571,242.5,407.40000000000003,28.571428571428573
unverified_97s_10kwh_1c3c,0.25,10.0,9.326530612244898,current,physical_less_permissive,30.0,27.489795918367346,current,physical_less_permissive,28.571428571428573,85.71428571428571,242.5,407.40000000000003,28.571428571428573
unverified_97s_10kwh_1c3c,0.255,10.0,9.340816326530613,current,physical_less_permissive,30.0,27.532653061224487,current,physical_less_permissive,28.571428571428573,85.71428571428571,242.5,407.40000000000003,28.571428571428573
unverified_97s_10kwh_1c3c,0.26,10.0,9.355102040816327,current,physical_less_permissive,30.0,27.57551020408163,current,physical_less_permissive,28.571428571428573,85.71428571428571,242.5,407.40000000000003,28.571428571428573
unverified_97s_10kwh_1c3c,0.265,10.0,9.369387755102041,current,physical_less_permissive,30.0,27.618367346938772,current,physical_less_permissive,28.571428571428573,85.71428571428571,242.5,407.40000000000003,28.571428571428573
unverified_97s_10kwh_1c3c,0.27,10.0,9.383673469387755,current,physical_less_permissive,30.0,27.661224489795917,current,physical_less_permissive,28.571428571428573,85.71428571428571,242.5,407.40000000000003,28.571428571428573
unverified_97s_10kwh_1c3c,0.275,10.0,9.39795918367347,current,physical_less_permissive,30.0,27.704081632653057,current,physical_less_permissive,28.571428571428573,85.71428571428571,242.5,407.40000000000003,28.571428571428573
unverified_97s_10kwh_1c3c,0.28,10.0,9.412244897959184,current,physical_less_permissive,30.0,27.746938775510202,current,physical_less_permissive,28.571428571428573,85.71428571428571,242.5,407.40000000000003,28.571428571428573
unverified_97s_10kwh_1c3c,0.28500000000000003,10.0,9.426530612244898,current,physical_less_permissive,30.0,27.789795918367346,current,physical_less_permissive,28.571428571428573,85.71428571428571,242.5,407.40000000000003,28.571428571428573
unverified_97s_10kwh_1c3c,0.29,10.0,9.440816326530612,current,physical_less_permissive,30.0,27.832653061224487,current,physical_less_permissive,28.571428571428573,85.71428571428571,242.5,407.40000000000003,28.571428571428573
unverified_97s_10kwh_1c3c,0.295,10.0,9.455102040816328,current,physical_less_permissive,30.0,27.875510204081632,current,physical_less_permissive,28.571428571428573,85.71428571428571,242.5,407.40000000000003,28.571428571428573
unverified_97s_10kwh_1c3c,0.3,10.0,9.46938775510204,current,physical_less_permissive,30.0,27.918367346938773,current,physical_less_permissive,28.571428571428573,85.71428571428571,242.5,407.40000000000003,28.571428571428573
unverified_97s_10kwh_1c3c,0.305,10.0,9.483673469387755,current,physical_less_permissive,30.0,27.961224489795917,current,physical_less_permissive,28.571428571428573,85.71428571428571,242.5,407.40000000000003,28.571428571428573
unverified_97s_10kwh_1c3c,0.31,10.0,9.49795918367347,current,physical_less_permissive,30.0,28.004081632653058,current,physical_less_permissive,28.571428571428573,85.71428571428571,242.5,407.40000000000003,28.571428571428573
unverified_97s_10kwh_1c3c,0.315,10.0,9.512244897959185,current,physical_less_permissive,30.0,28.046938775510203,current,physical_less_permissive,28.571428571428573,85.71428571428571,242.5,407.40000000000003,28.571428571428573
unverified_97s_10kwh_1c3c,0.32,10.0,9.526530612244898,current,physical_less_permissive,30.0,28.089795918367344,current,physical_less_permissive,28.571428571428573,85.71428571428571,242.5,407.40000000000003,28.571428571428573
unverified_97s_10kwh_1c3c,0.325,10.0,9.540816326530612,current,physical_less_permissive,30.0,28.132653061224485,current,physical_less_permissive,28.571428571428573,85.71428571428571,242.5,407.40000000000003,28.571428571428573
unverified_97s_10kwh_1c3c,0.33,10.0,9.555102040816328,current,physical_less_permissive,30.0,28.175510204081633,current,physical_less_permissive,28.571428571428573,85.71428571428571,242.5,407.40000000000003,28.571428571428573
unverified_97s_10kwh_1c3c,0.335,10.0,9.569387755102042,current,physical_less_permissive,30.0,28.218367346938773,current,physical_less_permissive,28.571428571428573,85.71428571428571,242.5,407.40000000000003,28.571428571428573
unverified_97s_10kwh_1c3c,0.33999999999999997,10.0,9.583673469387755,current,physical_less_permissive,30.0,28.261224489795918,current,physical_less_permissive,28.571428571428573,85.71428571428571,242.5,407.40000000000003,28.571428571428573
unverified_97s_10kwh_1c3c,0.345,10.0,9.597959183673469,current,physical_less_permissive,30.0,28.30408163265306,current,physical_less_permissive,28.571428571428573,85.71428571428571,242.5,407.40000000000003,28.571428571428573
unverified_97s_10kwh_1c3c,0.35,10.0,9.612244897959185,current,physical_less_permissive,30.0,28.346938775510203,current,physical_less_permissive,28.571428571428573,85.71428571428571,242.5,407.40000000000003,28.571428571428573
unverified_97s_10kwh_1c3c,0.355,10.0,9.626530612244899,current,physical_less_permissive,30.0,28.389795918367344,current,physical_less_permissive,28.571428571428573,85.71428571428571,242.5,407.40000000000003,28.571428571428573
unverified_97s_10kwh_1c3c,0.36,10.0,9.640816326530611,current,physical_less_permissive,30.0,28.432653061224485,current,physical_less_permissive,28.571428571428573,85.71428571428571,242.5,407.40000000000003,28.571428571428573
unverified_97s_10kwh_1c3c,0.365,10.0,9.655102040816328,current,physical_less_permissive,30.0,28.47551020408163,current,physical_less_permissive,28.571428571428573,85.71428571428571,242.5,407.40000000000003,28.571428571428573
unverified_97s_10kwh_1c3c,0.37,10.0,9.669387755102042,current,physical_less_permissive,30.0,28.51836734693877,current,physical_less_permissive,28.571428571428573,85.71428571428571,242.5,407.40000000000003,28.571428571428573
unverified_97s_10kwh_1c3c,0.375,10.0,9.683673469387756,current,physical_less_permissive,30.0,28.56122448979592,current,physical_less_permissive,28.571428571428573,85.71428571428571,242.5,407.40000000000003,28.571428571428573
unverified_97s_10kwh_1c3c,0.38,10.0,9.697959183673468,current,physical_less_permissive,30.0,28.60408163265306,current,physical_less_permissive,28.571428571428573,85.71428571428571,242.5,407.40000000000003,28.571428571428573
unverified_97s_10kwh_1c3c,0.385,10.0,9.712244897959184,current,physical_less_permissive,30.0,28.646938775510204,current,physical_less_permissive,28.571428571428573,85.71428571428571,242.5,407.40000000000003,28.571428571428573
unverified_97s_10kwh_1c3c,0.39,10.0,9.726530612244899,current,physical_less_permissive,30.0,28.689795918367345,current,physical_less_permissive,28.571428571428573,85.71428571428571,242.5,407.40000000000003,28.571428571428573
unverified_97s_10kwh_1c3c,0.395,10.0,9.740816326530613,current,physical_less_permissive,30.0,28.732653061224486,current,physical_less_permissive,28.571428571428573,85.71428571428571,242.5,407.40000000000003,28.571428571428573
unverified_97s_10kwh_1c3c,0.4,10.0,9.755102040816327,current,physical_less_permissive,30.0,28.77551020408163,current,physical_less_permissive,28.571428571428573,85.71428571428571,242.5,407.40000000000003,28.571428571428573
unverified_97s_10kwh_1c3c,0.40499999999999997,10.0,9.769387755102041,current,physical_less_permissive,30.0,28.81836734693877,current,physical_less_permissive,28.571428571428573,85.71428571428571,242.5,407.40000000000003,28.571428571428573
unverified_97s_10kwh_1c3c,0.41,10.0,9.783673469387756,current,physical_less_permissive,30.0,28.861224489795916,current,physical_less_permissive,28.571428571428573,85.71428571428571,242.5,407.40000000000003,28.571428571428573
unverified_97s_10kwh_1c3c,0.415,10.0,9.797959183673468,current,physical_less_permissive,30.0,28.904081632653057,current,physical_less_permissive,28.571428571428573,85.71428571428571,242.5,407.40000000000003,28.571428571428573
unverified_97s_10kwh_1c3c,0.42,10.0,9.812244897959184,current,physical_less_permissive,30.0,28.946938775510205,current,physical_less_permissive,28.571428571428573,85.71428571428571,242.5,407.40000000000003,28.571428571428573
unverified_97s_10kwh_1c3c,0.425,10.0,9.826530612244898,current,physical_less_permissive,30.0,28.989795918367346,current,physical_less_permissive,28.571428571428573,85.71428571428571,242.5,407.40000000000003,28.571428571428573
unverified_97s_10kwh_1c3c,0.43,10.0,9.840816326530613,current,physical_less_permissive,30.0,29.032653061224487,current,physical_less_permissive,28.571428571428573,85.71428571428571,242.5,407.40000000000003,28.571428571428573
unverified_97s_10kwh_1c3c,0.435,10.0,9.855102040816327,current,physical_less_permissive,30.0,29.07551020408163,current,physical_less_permissive,28.571428571428573,85.71428571428571,242.5,407.40000000000003,28.571428571428573
unverified_97s_10kwh_1c3c,0.44,10.0,9.869387755102041,current,physical_less_permissive,30.0,29.118367346938772,current,physical_less_permissive,28.571428571428573,85.71428571428571,242.5,407.40000000000003,28.571428571428573
unverified_97s_10kwh_1c3c,0.445,10.0,9.883673469387755,current,physical_less_permissive,30.0,29.161224489795917,current,physical_less_permissive,28.571428571428573,85.71428571428571,242.5,407.40000000000003,28.571428571428573
unverified_97s_10kwh_1c3c,0.45,10.0,9.89795918367347,current,physical_less_permissive,30.0,29.204081632653057,current,physical_less_permissive,28.571428571428573,85.71428571428571,242.5,407.40000000000003,28.571428571428573
unverified_97s_10kwh_1c3c,0.455,10.0,9.912244897959184,current,physical_less_permissive,30.0,29.246938775510202,current,physical_less_permissive,28.571428571428573,85.71428571428571,242.5,407.40000000000003,28.571428571428573
unverified_97s_10kwh_1c3c,0.46,10.0,9.926530612244898,current,physical_less_permissive,30.0,29.289795918367346,current,physical_less_permissive,28.571428571428573,85.71428571428571,242.5,407.40000000000003,28.571428571428573
unverified_97s_10kwh_1c3c,0.465,10.0,9.940816326530612,current,physical_less_permissive,30.0,29.332653061224487,current,physical_less_permissive,28.571428571428573,85.71428571428571,242.5,407.40000000000003,28.571428571428573
unverified_97s_10kwh_1c3c,0.47,10.0,9.955102040816328,current,physical_less_permissive,30.0,29.375510204081632,current,physical_less_permissive,28.571428571428573,85.71428571428571,242.5,407.40000000000003,28.571428571428573
unverified_97s_10kwh_1c3c,0.475,10.0,9.96938775510204,current,physical_less_permissive,30.0,29.418367346938773,current,physical_less_permissive,28.571428571428573,85.71428571428571,242.5,407.40000000000003,28.571428571428573
unverified_97s_10kwh_1c3c,0.48,10.0,9.983673469387755,current,physical_less_permissive,30.0,29.461224489795917,current,physical_less_permissive,28.571428571428573,85.71428571428571,242.5,407.40000000000003,28.571428571428573
unverified_97s_10kwh_1c3c,0.485,10.0,9.99795918367347,current,physical_less_permissive,30.0,29.504081632653058,current,physical_less_permissive,28.571428571428573,85.71428571428571,242.5,407.40000000000003,28.571428571428573
unverified_97s_10kwh_1c3c,0.49,10.0,10.012244897959185,current,physical_more_permissive,30.0,29.546938775510203,current,physical_less_permissive,28.571428571428573,85.71428571428571,242.5,407.40000000000003,28.571428571428573
unverified_97s_10kwh_1c3c,0.495,10.0,10.026530612244898,current,physical_more_permissive,30.0,29.589795918367344,current,physical_less_permissive,28.571428571428573,85.71428571428571,242.5,407.40000000000003,28.571428571428573
unverified_97s_10kwh_1c3c,0.5,10.0,10.040816326530612,current,physical_more_permissive,30.0,29.632653061224485,current,physical_less_permissive,28.571428571428573,85.71428571428571,242.5,407.40000000000003,28.571428571428573
unverified_97s_10kwh_1c3c,0.505,10.0,10.055102040816328,current,physical_more_permissive,30.0,29.675510204081633,current,physical_less_permissive,28.571428571428573,85.71428571428571,242.5,407.40000000000003,28.571428571428573
unverified_97s_10kwh_1c3c,0.51,10.0,10.069387755102042,current,physical_more_permissive,30.0,29.718367346938773,current,physical_less_permissive,28.571428571428573,85.71428571428571,242.5,407.40000000000003,28.571428571428573
unverified_97s_10kwh_1c3c,0.515,10.0,10.083673469387755,current,physical_more_permissive,30.0,29.761224489795918,current,physical_less_permissive,28.571428571428573,85.71428571428571,242.5,407.40000000000003,28.571428571428573
unverified_97s_10kwh_1c3c,0.52,10.0,10.097959183673469,current,physical_more_permissive,30.0,29.80408163265306,current,physical_less_permissive,28.571428571428573,85.71428571428571,242.5,407.40000000000003,28.571428571428573
unverified_97s_10kwh_1c3c,0.525,10.0,10.112244897959185,current,physical_more_permissive,30.0,29.846938775510203,current,physical_less_permissive,28.571428571428573,85.71428571428571,242.5,407.40000000000003,28.571428571428573
unverified_97s_10kwh_1c3c,0.53,10.0,10.126530612244899,current,physical_more_permissive,30.0,29.889795918367344,current,physical_less_permissive,28.571428571428573,85.71428571428571,242.5,407.40000000000003,28.571428571428573
unverified_97s_10kwh_1c3c,0.535,10.0,10.140816326530611,current,physical_more_permissive,30.0,29.932653061224485,current,physical_less_permissive,28.571428571428573,85.71428571428571,242.5,407.40000000000003,28.571428571428573
unverified_97s_10kwh_1c3c,0.54,10.0,10.155102040816328,current,physical_more_permissive,30.0,29.97551020408163,current,physical_less_permissive,28.571428571428573,85.71428571428571,242.5,407.40000000000003,28.571428571428573
unverified_97s_10kwh_1c3c,0.545,10.0,10.169387755102042,current,physical_more_permissive,30.0,30.01836734693877,current,physical_more_permissive,28.571428571428573,85.71428571428571,242.5,407.40000000000003,28.571428571428573
unverified_97s_10kwh_1c3c,0.55,10.0,10.183673469387756,current,physical_more_permissive,30.0,30.06122448979592,current,physical_more_permissive,28.571428571428573,85.71428571428571,242.5,407.40000000000003,28.571428571428573
unverified_97s_10kwh_1c3c,0.555,10.0,10.197959183673468,current,physical_more_permissive,30.0,30.10408163265306,current,physical_more_permissive,28.571428571428573,85.71428571428571,242.5,407.40000000000003,28.571428571428573
unverified_97s_10kwh_1c3c,0.56,10.0,10.212244897959184,current,physical_more_permissive,30.0,30.146938775510204,current,physical_more_permissive,28.571428571428573,85.71428571428571,242.5,407.40000000000003,28.571428571428573
unverified_97s_10kwh_1c3c,0.5650000000000001,10.0,10.226530612244899,current,physical_more_permissive,30.0,30.189795918367345,current,physical_more_permissive,28.571428571428573,85.71428571428571,242.5,407.40000000000003,28.571428571428573
unverified_97s_10kwh_1c3c,0.5700000000000001,10.0,10.240816326530613,current,physical_more_permissive,30.0,30.232653061224486,current,physical_more_permissive,28.571428571428573,85.71428571428571,242.5,407.40000000000003,28.571428571428573
unverified_97s_10kwh_1c3c,0.5750000000000001,10.0,10.255102040816327,current,physical_more_permissive,30.0,30.27551020408163,current,physical_more_permissive,28.571428571428573,85.71428571428571,242.5,407.40000000000003,28.571428571428573
unverified_97s_10kwh_1c3c,0.5800000000000001,10.0,10.269387755102041,current,physical_more_permissive,30.0,30.31836734693877,current,physical_more_permissive,28.571428571428573,85.71428571428571,242.5,407.40000000000003,28.571428571428573
unverified_97s_10kwh_1c3c,0.5850000000000001,10.0,10.283673469387756,current,physical_more_permissive,30.0,30.361224489795916,current,physical_more_permissive,28.571428571428573,85.71428571428571,242.5,407.40000000000003,28.571428571428573
unverified_97s_10kwh_1c3c,0.5900000000000001,10.0,10.297959183673468,current,physical_more_permissive,30.0,30.404081632653057,current,physical_more_permissive,28.571428571428573,85.71428571428571,242.5,407.40000000000003,28.571428571428573
unverified_97s_10kwh_1c3c,0.5950000000000001,10.0,10.312244897959184,current,physical_more_permissive,30.0,30.446938775510205,current,physical_more_permissive,28.571428571428573,85.71428571428571,242.5,407.40000000000003,28.571428571428573
unverified_97s_10kwh_1c3c,0.6000000000000001,10.0,10.326530612244898,current,physical_more_permissive,30.0,30.489795918367346,current,physical_more_permissive,28.571428571428573,85.71428571428571,242.5,407.40000000000003,28.571428571428573
unverified_97s_10kwh_1c3c,0.6050000000000001,10.0,10.340816326530613,current,physical_more_permissive,30.0,30.532653061224487,current,physical_more_permissive,28.571428571428573,85.71428571428571,242.5,407.40000000000003,28.571428571428573
unverified_97s_10kwh_1c3c,0.6100000000000001,10.0,10.355102040816327,current,physical_more_permissive,30.0,30.57551020408163,current,physical_more_permissive,28.571428571428573,85.71428571428571,242.5,407.40000000000003,28.571428571428573
unverified_97s_10kwh_1c3c,0.6150000000000001,10.0,10.369387755102041,current,physical_more_permissive,30.0,30.618367346938772,current,physical_more_permissive,28.571428571428573,85.71428571428571,242.5,407.40000000000003,28.571428571428573
unverified_97s_10kwh_1c3c,0.6200000000000001,10.0,10.383673469387755,current,physical_more_permissive,30.0,30.661224489795917,current,physical_more_permissive,28.571428571428573,85.71428571428571,242.5,407.40000000000003,28.571428571428573
unverified_97s_10kwh_1c3c,0.6250000000000001,10.0,10.39795918367347,current,physical_more_permissive,30.0,30.704081632653057,current,physical_more_permissive,28.571428571428573,85.71428571428571,242.5,407.40000000000003,28.571428571428573
unverified_97s_10kwh_1c3c,0.63,10.0,10.412244897959184,current,physical_more_permissive,30.0,30.746938775510202,current,physical_more_permissive,28.571428571428573,85.71428571428571,242.5,407.40000000000003,28.571428571428573
unverified_97s_10kwh_1c3c,0.635,10.0,10.426530612244898,current,physical_more_permissive,30.0,30.789795918367346,current,physical_more_permissive,28.571428571428573,85.71428571428571,242.5,407.40000000000003,28.571428571428573
unverified_97s_10kwh_1c3c,0.64,10.0,10.440816326530612,current,physical_more_permissive,30.0,30.832653061224487,current,physical_more_permissive,28.571428571428573,85.71428571428571,242.5,407.40000000000003,28.571428571428573
unverified_97s_10kwh_1c3c,0.645,10.0,10.455102040816328,current,physical_more_permissive,30.0,30.875510204081632,current,physical_more_permissive,28.571428571428573,85.71428571428571,242.5,407.40000000000003,28.571428571428573
unverified_97s_10kwh_1c3c,0.65,10.0,10.46938775510204,current,physical_more_permissive,30.0,30.918367346938773,current,physical_more_permissive,28.571428571428573,85.71428571428571,242.5,407.40000000000003,28.571428571428573
unverified_97s_10kwh_1c3c,0.655,10.0,10.483673469387755,current,physical_more_permissive,30.0,30.961224489795917,current,physical_more_permissive,28.571428571428573,85.71428571428571,242.5,407.40000000000003,28.571428571428573
unverified_97s_10kwh_1c3c,0.66,10.0,10.49795918367347,current,physical_more_permissive,30.0,31.004081632653058,current,physical_more_permissive,28.571428571428573,85.71428571428571,242.5,407.40000000000003,28.571428571428573
unverified_97s_10kwh_1c3c,0.665,10.0,10.512244897959185,current,physical_more_permissive,30.0,31.046938775510203,current,physical_more_permissive,28.571428571428573,85.71428571428571,242.5,407.40000000000003,28.571428571428573
unverified_97s_10kwh_1c3c,0.67,10.0,10.526530612244898,current,physical_more_permissive,30.0,31.089795918367344,current,physical_more_permissive,28.571428571428573,85.71428571428571,242.5,407.40000000000003,28.571428571428573
unverified_97s_10kwh_1c3c,0.675,10.0,10.540816326530612,current,physical_more_permissive,30.0,31.132653061224485,current,physical_more_permissive,28.571428571428573,85.71428571428571,242.5,407.40000000000003,28.571428571428573
unverified_97s_10kwh_1c3c,0.68,10.0,10.555102040816328,current,physical_more_permissive,30.0,31.175510204081633,current,physical_more_permissive,28.571428571428573,85.71428571428571,242.5,407.40000000000003,28.571428571428573
unverified_97s_10kwh_1c3c,0.685,10.0,10.569387755102042,current,physical_more_permissive,30.0,31.218367346938773,current,physical_more_permissive,28.571428571428573,85.71428571428571,242.5,407.40000000000003,28.571428571428573
unverified_97s_10kwh_1c3c,0.6900000000000001,10.0,10.583673469387755,current,physical_more_permissive,30.0,31.261224489795918,current,physical_more_permissive,28.571428571428573,85.71428571428571,242.5,407.40000000000003,28.571428571428573
unverified_97s_10kwh_1c3c,0.6950000000000001,10.0,10.597959183673469,current,physical_more_permissive,30.0,31.30408163265306,current,physical_more_permissive,28.571428571428573,85.71428571428571,242.5,407.40000000000003,28.571428571428573
unverified_97s_10kwh_1c3c,0.7000000000000001,10.0,10.612244897959185,current,physical_more_permissive,30.0,31.346938775510203,current,physical_more_permissive,28.571428571428573,85.71428571428571,242.5,407.40000000000003,28.571428571428573
unverified_97s_10kwh_1c3c,0.7050000000000001,10.0,10.626530612244899,current,physical_more_permissive,30.0,31.389795918367344,current,physical_more_permissive,28.571428571428573,85.71428571428571,242.5,407.40000000000003,28.571428571428573
unverified_97s_10kwh_1c3c,0.7100000000000001,10.0,10.640816326530611,current,physical_more_permissive,30.0,31.432653061224485,current,physical_more_permissive,28.571428571428573,85.71428571428571,242.5,407.40000000000003,28.571428571428573
unverified_97s_10kwh_1c3c,0.7150000000000001,10.0,10.655102040816328,current,physical_more_permissive,30.0,31.47551020408163,current,physical_more_permissive,28.571428571428573,85.71428571428571,242.5,407.40000000000003,28.571428571428573
unverified_97s_10kwh_1c3c,0.7200000000000001,10.0,10.669387755102042,current,physical_more_permissive,30.0,31.51836734693877,current,physical_more_permissive,28.571428571428573,85.71428571428571,242.5,407.40000000000003,28.571428571428573
unverified_97s_10kwh_1c3c,0.7250000000000001,10.0,10.683673469387756,current,physical_more_permissive,30.0,31.56122448979592,current,physical_more_permissive,28.571428571428573,85.71428571428571,242.5,407.40000000000003,28.571428571428573
unverified_97s_10kwh_1c3c,0.7300000000000001,10.0,10.697959183673468,current,physical_more_permissive,30.0,31.60408163265306,current,physical_more_permissive,28.571428571428573,85.71428571428571,242.5,407.40000000000003,28.571428571428573
unverified_97s_10kwh_1c3c,0.7350000000000001,10.0,10.712244897959184,current,physical_more_permissive,30.0,31.646938775510204,current,physical_more_permissive,28.571428571428573,85.71428571428571,242.5,407.40000000000003,28.571428571428573
unverified_97s_10kwh_1c3c,0.7400000000000001,10.0,10.726530612244899,current,physical_more_permissive,30.0,31.689795918367345,current,physical_more_permissive,28.571428571428573,85.71428571428571,242.5,407.40000000000003,28.571428571428573
unverified_97s_10kwh_1c3c,0.7450000000000001,10.0,10.740816326530613,current,physical_more_permissive,30.0,31.732653061224486,current,physical_more_permissive,28.571428571428573,85.71428571428571,242.5,407.40000000000003,28.571428571428573
unverified_97s_10kwh_1c3c,0.7500000000000001,10.0,10.755102040816327,current,physical_more_permissive,30.0,31.77551020408163,current,physical_more_permissive,28.571428571428573,85.71428571428571,242.5,407.40000000000003,28.571428571428573
unverified_97s_10kwh_1c3c,0.755,10.0,10.769387755102041,current,physical_more_permissive,30.0,31.81836734693877,current,physical_more_permissive,28.571428571428573,85.71428571428571,242.5,407.40000000000003,28.571428571428573
unverified_97s_10kwh_1c3c,0.76,10.0,10.783673469387756,current,physical_more_permissive,30.0,31.861224489795916,current,physical_more_permissive,28.571428571428573,85.71428571428571,242.5,407.40000000000003,28.571428571428573
unverified_97s_10kwh_1c3c,0.765,10.0,10.797959183673468,current,physical_more_permissive,30.0,31.904081632653057,current,physical_more_permissive,28.571428571428573,85.71428571428571,242.5,407.40000000000003,28.571428571428573
unverified_97s_10kwh_1c3c,0.77,10.0,10.812244897959184,current,physical_more_permissive,30.0,31.946938775510205,current,physical_more_permissive,28.571428571428573,85.71428571428571,242.5,407.40000000000003,28.571428571428573
unverified_97s_10kwh_1c3c,0.775,10.0,10.826530612244898,current,physical_more_permissive,30.0,31.989795918367346,current,physical_more_permissive,28.571428571428573,85.71428571428571,242.5,407.40000000000003,28.571428571428573
unverified_97s_10kwh_1c3c,0.78,10.0,10.840816326530613,current,physical_more_permissive,30.0,32.03265306122449,current,physical_more_permissive,28.571428571428573,85.71428571428571,242.5,407.40000000000003,28.571428571428573
unverified_97s_10kwh_1c3c,0.785,10.0,10.855102040816327,current,physical_more_permissive,30.0,32.07551020408163,current,physical_more_permissive,28.571428571428573,85.71428571428571,242.5,407.40000000000003,28.571428571428573
unverified_97s_10kwh_1c3c,0.79,10.0,10.869387755102041,current,physical_more_permissive,30.0,32.118367346938776,current,physical_more_permissive,28.571428571428573,85.71428571428571,242.5,407.40000000000003,28.571428571428573
unverified_97s_10kwh_1c3c,0.795,10.0,10.883673469387755,current,physical_more_permissive,30.0,32.16122448979592,current,physical_more_permissive,28.571428571428573,85.71428571428571,242.5,407.40000000000003,28.571428571428573
unverified_97s_10kwh_1c3c,0.8,10.0,10.89795918367347,current,physical_more_permissive,30.0,32.20408163265306,current,physical_more_permissive,28.571428571428573,85.71428571428571,242.5,407.40000000000003,28.571428571428573
unverified_97s_10kwh_1c3c,0.805,10.0,10.912244897959184,current,physical_more_permissive,30.0,32.2469387755102,current,physical_more_permissive,28.571428571428573,85.71428571428571,242.5,407.40000000000003,28.571428571428573
unverified_97s_10kwh_1c3c,0.81,10.0,10.926530612244898,current,physical_more_permissive,30.0,32.289795918367346,current,physical_more_permissive,28.571428571428573,85.71428571428571,242.5,407.40000000000003,28.571428571428573
unverified_97s_10kwh_1c3c,0.8150000000000001,10.0,10.940816326530612,current,physical_more_permissive,30.0,32.332653061224484,current,physical_more_permissive,28.571428571428573,85.71428571428571,242.5,407.40000000000003,28.571428571428573
unverified_97s_10kwh_1c3c,0.8200000000000001,10.0,10.955102040816328,current,physical_more_permissive,30.0,32.37551020408163,current,physical_more_permissive,28.571428571428573,85.71428571428571,242.5,407.40000000000003,28.571428571428573
unverified_97s_10kwh_1c3c,0.8250000000000001,10.0,10.96938775510204,current,physical_more_permissive,30.0,32.41836734693877,current,physical_more_permissive,28.571428571428573,85.71428571428571,242.5,407.40000000000003,28.571428571428573
unverified_97s_10kwh_1c3c,0.8300000000000001,10.0,10.983673469387755,current,physical_more_permissive,30.0,32.46122448979592,current,physical_more_permissive,28.571428571428573,85.71428571428571,242.5,407.40000000000003,28.571428571428573
unverified_97s_10kwh_1c3c,0.8350000000000001,10.0,10.99795918367347,current,physical_more_permissive,30.0,32.50408163265306,current,physical_more_permissive,28.571428571428573,85.71428571428571,242.5,407.40000000000003,28.571428571428573
unverified_97s_10kwh_1c3c,0.8400000000000001,10.0,11.012244897959185,current,physical_more_permissive,30.0,32.5469387755102,current,physical_more_permissive,28.571428571428573,85.71428571428571,242.5,407.40000000000003,28.571428571428573
unverified_97s_10kwh_1c3c,0.8450000000000001,10.0,11.026530612244898,current,physical_more_permissive,30.0,32.589795918367344,current,physical_more_permissive,28.571428571428573,85.71428571428571,242.5,407.40000000000003,28.571428571428573
unverified_97s_10kwh_1c3c,0.8500000000000001,10.0,11.040816326530612,current,physical_more_permissive,30.0,32.63265306122449,current,physical_more_permissive,28.571428571428573,85.71428571428571,242.5,407.40000000000003,28.571428571428573
unverified_97s_10kwh_1c3c,0.8550000000000001,10.0,11.055102040816328,current,physical_more_permissive,30.0,32.675510204081625,current,physical_more_permissive,28.571428571428573,85.71428571428571,242.5,407.40000000000003,28.571428571428573
unverified_97s_10kwh_1c3c,0.8600000000000001,10.0,11.069387755102042,current,physical_more_permissive,30.0,32.71836734693877,current,physical_more_permissive,28.571428571428573,85.71428571428571,242.5,407.40000000000003,28.571428571428573
unverified_97s_10kwh_1c3c,0.8650000000000001,10.0,11.083673469387755,current,physical_more_permissive,30.0,32.761224489795914,current,physical_more_permissive,28.571428571428573,85.71428571428571,242.5,407.40000000000003,28.571428571428573
unverified_97s_10kwh_1c3c,0.8700000000000001,10.0,11.097959183673469,current,physical_more_permissive,30.0,32.80408163265306,current,physical_more_permissive,28.571428571428573,85.71428571428571,242.5,407.40000000000003,28.571428571428573
unverified_97s_10kwh_1c3c,0.8750000000000001,10.0,11.112244897959185,current,physical_more_permissive,30.0,32.846938775510196,current,physical_more_permissive,28.571428571428573,85.71428571428571,242.5,407.40000000000003,28.571428571428573
unverified_97s_10kwh_1c3c,0.8800000000000001,10.0,11.126530612244899,current,physical_more_permissive,30.0,32.88979591836735,current,physical_more_permissive,28.571428571428573,85.71428571428571,242.5,407.40000000000003,28.571428571428573
unverified_97s_10kwh_1c3c,0.885,10.0,11.140816326530611,current,physical_more_permissive,30.0,32.93265306122449,current,physical_more_permissive,28.571428571428573,85.71428571428571,242.5,407.40000000000003,28.571428571428573
unverified_97s_10kwh_1c3c,0.89,10.0,11.155102040816328,current,physical_more_permissive,30.0,32.97551020408163,current,physical_more_permissive,28.571428571428573,85.71428571428571,242.5,407.40000000000003,28.571428571428573
unverified_97s_10kwh_1c3c,0.895,10.0,11.169387755102042,current,physical_more_permissive,30.0,33.018367346938774,current,physical_more_permissive,28.571428571428573,85.71428571428571,242.5,407.40000000000003,28.571428571428573
unverified_97s_10kwh_1c3c,0.9,10.0,11.183673469387756,current,physical_more_permissive,30.0,33.06122448979592,current,physical_more_permissive,28.571428571428573,85.71428571428571,242.5,407.40000000000003,28.571428571428573
unverified_97s_10kwh_1c3c,0.905,10.0,11.197959183673468,current,physical_more_permissive,30.0,33.10408163265306,current,physical_more_permissive,28.571428571428573,85.71428571428571,242.5,407.40000000000003,28.571428571428573
unverified_97s_10kwh_1c3c,0.91,10.0,11.212244897959184,current,physical_more_permissive,30.0,33.1469387755102,current,physical_more_permissive,28.571428571428573,85.71428571428571,242.5,407.40000000000003,28.571428571428573
unverified_97s_10kwh_1c3c,0.915,10.0,11.226530612244899,current,physical_more_permissive,30.0,33.189795918367345,current,physical_more_permissive,28.571428571428573,85.71428571428571,242.5,407.40000000000003,28.571428571428573
unverified_97s_10kwh_1c3c,0.92,10.0,11.240816326530613,current,physical_more_permissive,30.0,33.23265306122449,current,physical_more_permissive,28.571428571428573,85.71428571428571,242.5,407.40000000000003,28.571428571428573
unverified_97s_10kwh_1c3c,0.925,10.0,11.255102040816327,current,physical_more_permissive,30.0,33.27551020408163,current,physical_more_permissive,28.571428571428573,85.71428571428571,242.5,407.40000000000003,28.571428571428573
unverified_97s_10kwh_1c3c,0.93,10.0,11.269387755102041,current,physical_more_permissive,30.0,33.31836734693877,current,physical_more_permissive,28.571428571428573,85.71428571428571,242.5,407.40000000000003,28.571428571428573
unverified_97s_10kwh_1c3c,0.935,10.0,11.283673469387756,current,physical_more_permissive,30.0,33.361224489795916,current,physical_more_permissive,28.571428571428573,85.71428571428571,242.5,407.40000000000003,28.571428571428573
unverified_97s_10kwh_1c3c,0.9400000000000001,10.0,11.297959183673468,current,physical_more_permissive,30.0,33.40408163265306,current,physical_more_permissive,28.571428571428573,85.71428571428571,242.5,407.40000000000003,28.571428571428573
unverified_97s_10kwh_1c3c,0.9450000000000001,10.0,11.312244897959184,current,physical_more_permissive,30.0,33.4469387755102,current,physical_more_permissive,28.571428571428573,85.71428571428571,242.5,407.40000000000003,28.571428571428573
unverified_97s_10kwh_1c3c,0.9500000000000001,10.0,11.326530612244898,current,physical_more_permissive,30.0,33.48979591836734,current,physical_more_permissive,28.571428571428573,85.71428571428571,242.5,407.40000000000003,28.571428571428573
unverified_97s_10kwh_1c3c,0.9550000000000001,10.0,11.340816326530613,current,physical_more_permissive,30.0,33.53265306122449,current,physical_more_permissive,28.571428571428573,85.71428571428571,242.5,407.40000000000003,28.571428571428573
unverified_97s_10kwh_1c3c,0.9600000000000001,10.0,11.355102040816327,current,physical_more_permissive,30.0,33.575510204081624,current,physical_more_permissive,28.571428571428573,85.71428571428571,242.5,407.40000000000003,28.571428571428573
unverified_97s_10kwh_1c3c,0.9650000000000001,10.0,11.369387755102041,current,physical_more_permissive,30.0,33.618367346938776,current,physical_more_permissive,28.571428571428573,85.71428571428571,242.5,407.40000000000003,28.571428571428573
unverified_97s_10kwh_1c3c,0.9700000000000001,10.0,11.383673469387755,current,physical_more_permissive,30.0,33.66122448979592,current,physical_more_permissive,28.571428571428573,85.71428571428571,242.5,407.40000000000003,28.571428571428573
unverified_97s_10kwh_1c3c,0.9750000000000001,10.0,11.39795918367347,current,physical_more_permissive,30.0,33.704081632653065,current,physical_more_permissive,28.571428571428573,85.71428571428571,242.5,407.40000000000003,28.571428571428573
unverified_97s_10kwh_1c3c,0.9800000000000001,10.0,11.412244897959184,current,physical_more_permissive,30.0,33.7469387755102,current,physical_more_permissive,28.571428571428573,85.71428571428571,242.5,407.40000000000003,28.571428571428573
unverified_97s_10kwh_1c3c,0.9850000000000001,10.0,11.426530612244898,current,physical_more_permissive,30.0,33.789795918367346,current,physical_more_permissive,28.571428571428573,85.71428571428571,242.5,407.40000000000003,28.571428571428573
unverified_97s_10kwh_1c3c,0.9900000000000001,10.0,11.440816326530612,current,physical_more_permissive,30.0,33.83265306122449,current,physical_more_permissive,28.571428571428573,85.71428571428571,242.5,407.40000000000003,28.571428571428573
unverified_97s_10kwh_1c3c,0.9950000000000001,10.0,11.455102040816328,current,physical_more_permissive,30.0,33.87551020408163,current,physical_more_permissive,28.571428571428573,85.71428571428571,242.5,407.40000000000003,28.571428571428573
unverified_97s_10kwh_1c3c,1.0,0.0,0.0,soc_boundary,equal,30.0,33.91836734693877,current,physical_more_permissive,28.571428571428573,85.71428571428571,242.5,407.40000000000003,28.571428571428573
unverified_96s_10kwh_1c3c,0.05,10.0,8.755102040816327,current,physical_less_permissive,0.0,0.0,soc_boundary,equal,28.571428571428573,85.71428571428571,240.0,403.20000000000005,28.571428571428573
unverified_96s_10kwh_1c3c,0.055,10.0,8.769387755102041,current,physical_less_permissive,30.0,25.81836734693877,current,physical_less_permissive,28.571428571428573,85.71428571428571,240.0,403.20000000000005,28.571428571428573
unverified_96s_10kwh_1c3c,0.060000000000000005,10.0,8.783673469387756,current,physical_less_permissive,30.0,25.861224489795916,current,physical_less_permissive,28.571428571428573,85.71428571428571,240.0,403.20000000000005,28.571428571428573
unverified_96s_10kwh_1c3c,0.065,10.0,8.797959183673468,current,physical_less_permissive,30.0,25.904081632653057,current,physical_less_permissive,28.571428571428573,85.71428571428571,240.0,403.20000000000005,28.571428571428573
unverified_96s_10kwh_1c3c,0.07,10.0,8.812244897959184,current,physical_less_permissive,30.0,25.946938775510205,current,physical_less_permissive,28.571428571428573,85.71428571428571,240.0,403.20000000000005,28.571428571428573
unverified_96s_10kwh_1c3c,0.07500000000000001,10.0,8.826530612244898,current,physical_less_permissive,30.0,25.989795918367346,current,physical_less_permissive,28.571428571428573,85.71428571428571,240.0,403.20000000000005,28.571428571428573
unverified_96s_10kwh_1c3c,0.08,10.0,8.840816326530613,current,physical_less_permissive,30.0,26.032653061224487,current,physical_less_permissive,28.571428571428573,85.71428571428571,240.0,403.20000000000005,28.571428571428573
unverified_96s_10kwh_1c3c,0.085,10.0,8.855102040816327,current,physical_less_permissive,30.0,26.07551020408163,current,physical_less_permissive,28.571428571428573,85.71428571428571,240.0,403.20000000000005,28.571428571428573
unverified_96s_10kwh_1c3c,0.09,10.0,8.869387755102041,current,physical_less_permissive,30.0,26.118367346938772,current,physical_less_permissive,28.571428571428573,85.71428571428571,240.0,403.20000000000005,28.571428571428573
unverified_96s_10kwh_1c3c,0.095,10.0,8.883673469387755,current,physical_less_permissive,30.0,26.161224489795917,current,physical_less_permissive,28.571428571428573,85.71428571428571,240.0,403.20000000000005,28.571428571428573
unverified_96s_10kwh_1c3c,0.1,10.0,8.89795918367347,current,physical_less_permissive,30.0,26.204081632653057,current,physical_less_permissive,28.571428571428573,85.71428571428571,240.0,403.20000000000005,28.571428571428573
unverified_96s_10kwh_1c3c,0.10500000000000001,10.0,8.912244897959184,current,physical_less_permissive,30.0,26.246938775510202,current,physical_less_permissive,28.571428571428573,85.71428571428571,240.0,403.20000000000005,28.571428571428573
unverified_96s_10kwh_1c3c,0.11,10.0,8.926530612244898,current,physical_less_permissive,30.0,26.289795918367346,current,physical_less_permissive,28.571428571428573,85.71428571428571,240.0,403.20000000000005,28.571428571428573
unverified_96s_10kwh_1c3c,0.115,10.0,8.940816326530612,current,physical_less_permissive,30.0,26.332653061224487,current,physical_less_permissive,28.571428571428573,85.71428571428571,240.0,403.20000000000005,28.571428571428573
unverified_96s_10kwh_1c3c,0.12000000000000001,10.0,8.955102040816328,current,physical_less_permissive,30.0,26.375510204081632,current,physical_less_permissive,28.571428571428573,85.71428571428571,240.0,403.20000000000005,28.571428571428573
unverified_96s_10kwh_1c3c,0.125,10.0,8.96938775510204,current,physical_less_permissive,30.0,26.418367346938773,current,physical_less_permissive,28.571428571428573,85.71428571428571,240.0,403.20000000000005,28.571428571428573
unverified_96s_10kwh_1c3c,0.13,10.0,8.983673469387755,current,physical_less_permissive,30.0,26.461224489795917,current,physical_less_permissive,28.571428571428573,85.71428571428571,240.0,403.20000000000005,28.571428571428573
unverified_96s_10kwh_1c3c,0.135,10.0,8.99795918367347,current,physical_less_permissive,30.0,26.504081632653058,current,physical_less_permissive,28.571428571428573,85.71428571428571,240.0,403.20000000000005,28.571428571428573
unverified_96s_10kwh_1c3c,0.14,10.0,9.012244897959185,current,physical_less_permissive,30.0,26.546938775510203,current,physical_less_permissive,28.571428571428573,85.71428571428571,240.0,403.20000000000005,28.571428571428573
unverified_96s_10kwh_1c3c,0.14500000000000002,10.0,9.026530612244898,current,physical_less_permissive,30.0,26.589795918367344,current,physical_less_permissive,28.571428571428573,85.71428571428571,240.0,403.20000000000005,28.571428571428573
unverified_96s_10kwh_1c3c,0.15000000000000002,10.0,9.040816326530612,current,physical_less_permissive,30.0,26.632653061224485,current,physical_less_permissive,28.571428571428573,85.71428571428571,240.0,403.20000000000005,28.571428571428573
unverified_96s_10kwh_1c3c,0.155,10.0,9.055102040816328,current,physical_less_permissive,30.0,26.675510204081633,current,physical_less_permissive,28.571428571428573,85.71428571428571,240.0,403.20000000000005,28.571428571428573
unverified_96s_10kwh_1c3c,0.16,10.0,9.069387755102042,current,physical_less_permissive,30.0,26.718367346938773,current,physical_less_permissive,28.571428571428573,85.71428571428571,240.0,403.20000000000005,28.571428571428573
unverified_96s_10kwh_1c3c,0.165,10.0,9.083673469387755,current,physical_less_permissive,30.0,26.761224489795918,current,physical_less_permissive,28.571428571428573,85.71428571428571,240.0,403.20000000000005,28.571428571428573
unverified_96s_10kwh_1c3c,0.16999999999999998,10.0,9.097959183673469,current,physical_less_permissive,30.0,26.80408163265306,current,physical_less_permissive,28.571428571428573,85.71428571428571,240.0,403.20000000000005,28.571428571428573
unverified_96s_10kwh_1c3c,0.175,10.0,9.112244897959185,current,physical_less_permissive,30.0,26.846938775510203,current,physical_less_permissive,28.571428571428573,85.71428571428571,240.0,403.20000000000005,28.571428571428573
unverified_96s_10kwh_1c3c,0.18,10.0,9.126530612244899,current,physical_less_permissive,30.0,26.889795918367344,current,physical_less_permissive,28.571428571428573,85.71428571428571,240.0,403.20000000000005,28.571428571428573
unverified_96s_10kwh_1c3c,0.185,10.0,9.140816326530611,current,physical_less_permissive,30.0,26.932653061224485,current,physical_less_permissive,28.571428571428573,85.71428571428571,240.0,403.20000000000005,28.571428571428573
unverified_96s_10kwh_1c3c,0.19,10.0,9.155102040816328,current,physical_less_permissive,30.0,26.97551020408163,current,physical_less_permissive,28.571428571428573,85.71428571428571,240.0,403.20000000000005,28.571428571428573
unverified_96s_10kwh_1c3c,0.195,10.0,9.169387755102042,current,physical_less_permissive,30.0,27.01836734693877,current,physical_less_permissive,28.571428571428573,85.71428571428571,240.0,403.20000000000005,28.571428571428573
unverified_96s_10kwh_1c3c,0.2,10.0,9.183673469387756,current,physical_less_permissive,30.0,27.06122448979592,current,physical_less_permissive,28.571428571428573,85.71428571428571,240.0,403.20000000000005,28.571428571428573
unverified_96s_10kwh_1c3c,0.20500000000000002,10.0,9.197959183673468,current,physical_less_permissive,30.0,27.10408163265306,current,physical_less_permissive,28.571428571428573,85.71428571428571,240.0,403.20000000000005,28.571428571428573
unverified_96s_10kwh_1c3c,0.21000000000000002,10.0,9.212244897959184,current,physical_less_permissive,30.0,27.146938775510204,current,physical_less_permissive,28.571428571428573,85.71428571428571,240.0,403.20000000000005,28.571428571428573
unverified_96s_10kwh_1c3c,0.21500000000000002,10.0,9.226530612244899,current,physical_less_permissive,30.0,27.189795918367345,current,physical_less_permissive,28.571428571428573,85.71428571428571,240.0,403.20000000000005,28.571428571428573
unverified_96s_10kwh_1c3c,0.22000000000000003,10.0,9.240816326530613,current,physical_less_permissive,30.0,27.232653061224486,current,physical_less_permissive,28.571428571428573,85.71428571428571,240.0,403.20000000000005,28.571428571428573
unverified_96s_10kwh_1c3c,0.22500000000000003,10.0,9.255102040816327,current,physical_less_permissive,30.0,27.27551020408163,current,physical_less_permissive,28.571428571428573,85.71428571428571,240.0,403.20000000000005,28.571428571428573
unverified_96s_10kwh_1c3c,0.22999999999999998,10.0,9.269387755102041,current,physical_less_permissive,30.0,27.31836734693877,current,physical_less_permissive,28.571428571428573,85.71428571428571,240.0,403.20000000000005,28.571428571428573
unverified_96s_10kwh_1c3c,0.235,10.0,9.283673469387756,current,physical_less_permissive,30.0,27.361224489795916,current,physical_less_permissive,28.571428571428573,85.71428571428571,240.0,403.20000000000005,28.571428571428573
unverified_96s_10kwh_1c3c,0.24,10.0,9.297959183673468,current,physical_less_permissive,30.0,27.404081632653057,current,physical_less_permissive,28.571428571428573,85.71428571428571,240.0,403.20000000000005,28.571428571428573
unverified_96s_10kwh_1c3c,0.245,10.0,9.312244897959184,current,physical_less_permissive,30.0,27.446938775510205,current,physical_less_permissive,28.571428571428573,85.71428571428571,240.0,403.20000000000005,28.571428571428573
unverified_96s_10kwh_1c3c,0.25,10.0,9.326530612244898,current,physical_less_permissive,30.0,27.489795918367346,current,physical_less_permissive,28.571428571428573,85.71428571428571,240.0,403.20000000000005,28.571428571428573
unverified_96s_10kwh_1c3c,0.255,10.0,9.340816326530613,current,physical_less_permissive,30.0,27.532653061224487,current,physical_less_permissive,28.571428571428573,85.71428571428571,240.0,403.20000000000005,28.571428571428573
unverified_96s_10kwh_1c3c,0.26,10.0,9.355102040816327,current,physical_less_permissive,30.0,27.57551020408163,current,physical_less_permissive,28.571428571428573,85.71428571428571,240.0,403.20000000000005,28.571428571428573
unverified_96s_10kwh_1c3c,0.265,10.0,9.369387755102041,current,physical_less_permissive,30.0,27.618367346938772,current,physical_less_permissive,28.571428571428573,85.71428571428571,240.0,403.20000000000005,28.571428571428573
unverified_96s_10kwh_1c3c,0.27,10.0,9.383673469387755,current,physical_less_permissive,30.0,27.661224489795917,current,physical_less_permissive,28.571428571428573,85.71428571428571,240.0,403.20000000000005,28.571428571428573
unverified_96s_10kwh_1c3c,0.275,10.0,9.39795918367347,current,physical_less_permissive,30.0,27.704081632653057,current,physical_less_permissive,28.571428571428573,85.71428571428571,240.0,403.20000000000005,28.571428571428573
unverified_96s_10kwh_1c3c,0.28,10.0,9.412244897959184,current,physical_less_permissive,30.0,27.746938775510202,current,physical_less_permissive,28.571428571428573,85.71428571428571,240.0,403.20000000000005,28.571428571428573
unverified_96s_10kwh_1c3c,0.28500000000000003,10.0,9.426530612244898,current,physical_less_permissive,30.0,27.789795918367346,current,physical_less_permissive,28.571428571428573,85.71428571428571,240.0,403.20000000000005,28.571428571428573
unverified_96s_10kwh_1c3c,0.29,10.0,9.440816326530612,current,physical_less_permissive,30.0,27.832653061224487,current,physical_less_permissive,28.571428571428573,85.71428571428571,240.0,403.20000000000005,28.571428571428573
unverified_96s_10kwh_1c3c,0.295,10.0,9.455102040816328,current,physical_less_permissive,30.0,27.875510204081632,current,physical_less_permissive,28.571428571428573,85.71428571428571,240.0,403.20000000000005,28.571428571428573
unverified_96s_10kwh_1c3c,0.3,10.0,9.46938775510204,current,physical_less_permissive,30.0,27.918367346938773,current,physical_less_permissive,28.571428571428573,85.71428571428571,240.0,403.20000000000005,28.571428571428573
unverified_96s_10kwh_1c3c,0.305,10.0,9.483673469387755,current,physical_less_permissive,30.0,27.961224489795917,current,physical_less_permissive,28.571428571428573,85.71428571428571,240.0,403.20000000000005,28.571428571428573
unverified_96s_10kwh_1c3c,0.31,10.0,9.49795918367347,current,physical_less_permissive,30.0,28.004081632653058,current,physical_less_permissive,28.571428571428573,85.71428571428571,240.0,403.20000000000005,28.571428571428573
unverified_96s_10kwh_1c3c,0.315,10.0,9.512244897959185,current,physical_less_permissive,30.0,28.046938775510203,current,physical_less_permissive,28.571428571428573,85.71428571428571,240.0,403.20000000000005,28.571428571428573
unverified_96s_10kwh_1c3c,0.32,10.0,9.526530612244898,current,physical_less_permissive,30.0,28.089795918367344,current,physical_less_permissive,28.571428571428573,85.71428571428571,240.0,403.20000000000005,28.571428571428573
unverified_96s_10kwh_1c3c,0.325,10.0,9.540816326530612,current,physical_less_permissive,30.0,28.132653061224485,current,physical_less_permissive,28.571428571428573,85.71428571428571,240.0,403.20000000000005,28.571428571428573
unverified_96s_10kwh_1c3c,0.33,10.0,9.555102040816328,current,physical_less_permissive,30.0,28.175510204081633,current,physical_less_permissive,28.571428571428573,85.71428571428571,240.0,403.20000000000005,28.571428571428573
unverified_96s_10kwh_1c3c,0.335,10.0,9.569387755102042,current,physical_less_permissive,30.0,28.218367346938773,current,physical_less_permissive,28.571428571428573,85.71428571428571,240.0,403.20000000000005,28.571428571428573
unverified_96s_10kwh_1c3c,0.33999999999999997,10.0,9.583673469387755,current,physical_less_permissive,30.0,28.261224489795918,current,physical_less_permissive,28.571428571428573,85.71428571428571,240.0,403.20000000000005,28.571428571428573
unverified_96s_10kwh_1c3c,0.345,10.0,9.597959183673469,current,physical_less_permissive,30.0,28.30408163265306,current,physical_less_permissive,28.571428571428573,85.71428571428571,240.0,403.20000000000005,28.571428571428573
unverified_96s_10kwh_1c3c,0.35,10.0,9.612244897959185,current,physical_less_permissive,30.0,28.346938775510203,current,physical_less_permissive,28.571428571428573,85.71428571428571,240.0,403.20000000000005,28.571428571428573
unverified_96s_10kwh_1c3c,0.355,10.0,9.626530612244899,current,physical_less_permissive,30.0,28.389795918367344,current,physical_less_permissive,28.571428571428573,85.71428571428571,240.0,403.20000000000005,28.571428571428573
unverified_96s_10kwh_1c3c,0.36,10.0,9.640816326530611,current,physical_less_permissive,30.0,28.432653061224485,current,physical_less_permissive,28.571428571428573,85.71428571428571,240.0,403.20000000000005,28.571428571428573
unverified_96s_10kwh_1c3c,0.365,10.0,9.655102040816328,current,physical_less_permissive,30.0,28.47551020408163,current,physical_less_permissive,28.571428571428573,85.71428571428571,240.0,403.20000000000005,28.571428571428573
unverified_96s_10kwh_1c3c,0.37,10.0,9.669387755102042,current,physical_less_permissive,30.0,28.51836734693877,current,physical_less_permissive,28.571428571428573,85.71428571428571,240.0,403.20000000000005,28.571428571428573
unverified_96s_10kwh_1c3c,0.375,10.0,9.683673469387756,current,physical_less_permissive,30.0,28.56122448979592,current,physical_less_permissive,28.571428571428573,85.71428571428571,240.0,403.20000000000005,28.571428571428573
unverified_96s_10kwh_1c3c,0.38,10.0,9.697959183673468,current,physical_less_permissive,30.0,28.60408163265306,current,physical_less_permissive,28.571428571428573,85.71428571428571,240.0,403.20000000000005,28.571428571428573
unverified_96s_10kwh_1c3c,0.385,10.0,9.712244897959184,current,physical_less_permissive,30.0,28.646938775510204,current,physical_less_permissive,28.571428571428573,85.71428571428571,240.0,403.20000000000005,28.571428571428573
unverified_96s_10kwh_1c3c,0.39,10.0,9.726530612244899,current,physical_less_permissive,30.0,28.689795918367345,current,physical_less_permissive,28.571428571428573,85.71428571428571,240.0,403.20000000000005,28.571428571428573
unverified_96s_10kwh_1c3c,0.395,10.0,9.740816326530613,current,physical_less_permissive,30.0,28.732653061224486,current,physical_less_permissive,28.571428571428573,85.71428571428571,240.0,403.20000000000005,28.571428571428573
unverified_96s_10kwh_1c3c,0.4,10.0,9.755102040816327,current,physical_less_permissive,30.0,28.77551020408163,current,physical_less_permissive,28.571428571428573,85.71428571428571,240.0,403.20000000000005,28.571428571428573
unverified_96s_10kwh_1c3c,0.40499999999999997,10.0,9.769387755102041,current,physical_less_permissive,30.0,28.81836734693877,current,physical_less_permissive,28.571428571428573,85.71428571428571,240.0,403.20000000000005,28.571428571428573
unverified_96s_10kwh_1c3c,0.41,10.0,9.783673469387756,current,physical_less_permissive,30.0,28.861224489795916,current,physical_less_permissive,28.571428571428573,85.71428571428571,240.0,403.20000000000005,28.571428571428573
unverified_96s_10kwh_1c3c,0.415,10.0,9.797959183673468,current,physical_less_permissive,30.0,28.904081632653057,current,physical_less_permissive,28.571428571428573,85.71428571428571,240.0,403.20000000000005,28.571428571428573
unverified_96s_10kwh_1c3c,0.42,10.0,9.812244897959184,current,physical_less_permissive,30.0,28.946938775510205,current,physical_less_permissive,28.571428571428573,85.71428571428571,240.0,403.20000000000005,28.571428571428573
unverified_96s_10kwh_1c3c,0.425,10.0,9.826530612244898,current,physical_less_permissive,30.0,28.989795918367346,current,physical_less_permissive,28.571428571428573,85.71428571428571,240.0,403.20000000000005,28.571428571428573
unverified_96s_10kwh_1c3c,0.43,10.0,9.840816326530613,current,physical_less_permissive,30.0,29.032653061224487,current,physical_less_permissive,28.571428571428573,85.71428571428571,240.0,403.20000000000005,28.571428571428573
unverified_96s_10kwh_1c3c,0.435,10.0,9.855102040816327,current,physical_less_permissive,30.0,29.07551020408163,current,physical_less_permissive,28.571428571428573,85.71428571428571,240.0,403.20000000000005,28.571428571428573
unverified_96s_10kwh_1c3c,0.44,10.0,9.869387755102041,current,physical_less_permissive,30.0,29.118367346938772,current,physical_less_permissive,28.571428571428573,85.71428571428571,240.0,403.20000000000005,28.571428571428573
unverified_96s_10kwh_1c3c,0.445,10.0,9.883673469387755,current,physical_less_permissive,30.0,29.161224489795917,current,physical_less_permissive,28.571428571428573,85.71428571428571,240.0,403.20000000000005,28.571428571428573
unverified_96s_10kwh_1c3c,0.45,10.0,9.89795918367347,current,physical_less_permissive,30.0,29.204081632653057,current,physical_less_permissive,28.571428571428573,85.71428571428571,240.0,403.20000000000005,28.571428571428573
unverified_96s_10kwh_1c3c,0.455,10.0,9.912244897959184,current,physical_less_permissive,30.0,29.246938775510202,current,physical_less_permissive,28.571428571428573,85.71428571428571,240.0,403.20000000000005,28.571428571428573
unverified_96s_10kwh_1c3c,0.46,10.0,9.926530612244898,current,physical_less_permissive,30.0,29.289795918367346,current,physical_less_permissive,28.571428571428573,85.71428571428571,240.0,403.20000000000005,28.571428571428573
unverified_96s_10kwh_1c3c,0.465,10.0,9.940816326530612,current,physical_less_permissive,30.0,29.332653061224487,current,physical_less_permissive,28.571428571428573,85.71428571428571,240.0,403.20000000000005,28.571428571428573
unverified_96s_10kwh_1c3c,0.47,10.0,9.955102040816328,current,physical_less_permissive,30.0,29.375510204081632,current,physical_less_permissive,28.571428571428573,85.71428571428571,240.0,403.20000000000005,28.571428571428573
unverified_96s_10kwh_1c3c,0.475,10.0,9.96938775510204,current,physical_less_permissive,30.0,29.418367346938773,current,physical_less_permissive,28.571428571428573,85.71428571428571,240.0,403.20000000000005,28.571428571428573
unverified_96s_10kwh_1c3c,0.48,10.0,9.983673469387755,current,physical_less_permissive,30.0,29.461224489795917,current,physical_less_permissive,28.571428571428573,85.71428571428571,240.0,403.20000000000005,28.571428571428573
unverified_96s_10kwh_1c3c,0.485,10.0,9.99795918367347,current,physical_less_permissive,30.0,29.504081632653058,current,physical_less_permissive,28.571428571428573,85.71428571428571,240.0,403.20000000000005,28.571428571428573
unverified_96s_10kwh_1c3c,0.49,10.0,10.012244897959185,current,physical_more_permissive,30.0,29.546938775510203,current,physical_less_permissive,28.571428571428573,85.71428571428571,240.0,403.20000000000005,28.571428571428573
unverified_96s_10kwh_1c3c,0.495,10.0,10.026530612244898,current,physical_more_permissive,30.0,29.589795918367344,current,physical_less_permissive,28.571428571428573,85.71428571428571,240.0,403.20000000000005,28.571428571428573
unverified_96s_10kwh_1c3c,0.5,10.0,10.040816326530612,current,physical_more_permissive,30.0,29.632653061224485,current,physical_less_permissive,28.571428571428573,85.71428571428571,240.0,403.20000000000005,28.571428571428573
unverified_96s_10kwh_1c3c,0.505,10.0,10.055102040816328,current,physical_more_permissive,30.0,29.675510204081633,current,physical_less_permissive,28.571428571428573,85.71428571428571,240.0,403.20000000000005,28.571428571428573
unverified_96s_10kwh_1c3c,0.51,10.0,10.069387755102042,current,physical_more_permissive,30.0,29.718367346938773,current,physical_less_permissive,28.571428571428573,85.71428571428571,240.0,403.20000000000005,28.571428571428573
unverified_96s_10kwh_1c3c,0.515,10.0,10.083673469387755,current,physical_more_permissive,30.0,29.761224489795918,current,physical_less_permissive,28.571428571428573,85.71428571428571,240.0,403.20000000000005,28.571428571428573
unverified_96s_10kwh_1c3c,0.52,10.0,10.097959183673469,current,physical_more_permissive,30.0,29.80408163265306,current,physical_less_permissive,28.571428571428573,85.71428571428571,240.0,403.20000000000005,28.571428571428573
unverified_96s_10kwh_1c3c,0.525,10.0,10.112244897959185,current,physical_more_permissive,30.0,29.846938775510203,current,physical_less_permissive,28.571428571428573,85.71428571428571,240.0,403.20000000000005,28.571428571428573
unverified_96s_10kwh_1c3c,0.53,10.0,10.126530612244899,current,physical_more_permissive,30.0,29.889795918367344,current,physical_less_permissive,28.571428571428573,85.71428571428571,240.0,403.20000000000005,28.571428571428573
unverified_96s_10kwh_1c3c,0.535,10.0,10.140816326530611,current,physical_more_permissive,30.0,29.932653061224485,current,physical_less_permissive,28.571428571428573,85.71428571428571,240.0,403.20000000000005,28.571428571428573
unverified_96s_10kwh_1c3c,0.54,10.0,10.155102040816328,current,physical_more_permissive,30.0,29.97551020408163,current,physical_less_permissive,28.571428571428573,85.71428571428571,240.0,403.20000000000005,28.571428571428573
unverified_96s_10kwh_1c3c,0.545,10.0,10.169387755102042,current,physical_more_permissive,30.0,30.01836734693877,current,physical_more_permissive,28.571428571428573,85.71428571428571,240.0,403.20000000000005,28.571428571428573
unverified_96s_10kwh_1c3c,0.55,10.0,10.183673469387756,current,physical_more_permissive,30.0,30.06122448979592,current,physical_more_permissive,28.571428571428573,85.71428571428571,240.0,403.20000000000005,28.571428571428573
unverified_96s_10kwh_1c3c,0.555,10.0,10.197959183673468,current,physical_more_permissive,30.0,30.10408163265306,current,physical_more_permissive,28.571428571428573,85.71428571428571,240.0,403.20000000000005,28.571428571428573
unverified_96s_10kwh_1c3c,0.56,10.0,10.212244897959184,current,physical_more_permissive,30.0,30.146938775510204,current,physical_more_permissive,28.571428571428573,85.71428571428571,240.0,403.20000000000005,28.571428571428573
unverified_96s_10kwh_1c3c,0.5650000000000001,10.0,10.226530612244899,current,physical_more_permissive,30.0,30.189795918367345,current,physical_more_permissive,28.571428571428573,85.71428571428571,240.0,403.20000000000005,28.571428571428573
unverified_96s_10kwh_1c3c,0.5700000000000001,10.0,10.240816326530613,current,physical_more_permissive,30.0,30.232653061224486,current,physical_more_permissive,28.571428571428573,85.71428571428571,240.0,403.20000000000005,28.571428571428573
unverified_96s_10kwh_1c3c,0.5750000000000001,10.0,10.255102040816327,current,physical_more_permissive,30.0,30.27551020408163,current,physical_more_permissive,28.571428571428573,85.71428571428571,240.0,403.20000000000005,28.571428571428573
unverified_96s_10kwh_1c3c,0.5800000000000001,10.0,10.269387755102041,current,physical_more_permissive,30.0,30.31836734693877,current,physical_more_permissive,28.571428571428573,85.71428571428571,240.0,403.20000000000005,28.571428571428573
unverified_96s_10kwh_1c3c,0.5850000000000001,10.0,10.283673469387756,current,physical_more_permissive,30.0,30.361224489795916,current,physical_more_permissive,28.571428571428573,85.71428571428571,240.0,403.20000000000005,28.571428571428573
unverified_96s_10kwh_1c3c,0.5900000000000001,10.0,10.297959183673468,current,physical_more_permissive,30.0,30.404081632653057,current,physical_more_permissive,28.571428571428573,85.71428571428571,240.0,403.20000000000005,28.571428571428573
unverified_96s_10kwh_1c3c,0.5950000000000001,10.0,10.312244897959184,current,physical_more_permissive,30.0,30.446938775510205,current,physical_more_permissive,28.571428571428573,85.71428571428571,240.0,403.20000000000005,28.571428571428573
unverified_96s_10kwh_1c3c,0.6000000000000001,10.0,10.326530612244898,current,physical_more_permissive,30.0,30.489795918367346,current,physical_more_permissive,28.571428571428573,85.71428571428571,240.0,403.20000000000005,28.571428571428573
unverified_96s_10kwh_1c3c,0.6050000000000001,10.0,10.340816326530613,current,physical_more_permissive,30.0,30.532653061224487,current,physical_more_permissive,28.571428571428573,85.71428571428571,240.0,403.20000000000005,28.571428571428573
unverified_96s_10kwh_1c3c,0.6100000000000001,10.0,10.355102040816327,current,physical_more_permissive,30.0,30.57551020408163,current,physical_more_permissive,28.571428571428573,85.71428571428571,240.0,403.20000000000005,28.571428571428573
unverified_96s_10kwh_1c3c,0.6150000000000001,10.0,10.369387755102041,current,physical_more_permissive,30.0,30.618367346938772,current,physical_more_permissive,28.571428571428573,85.71428571428571,240.0,403.20000000000005,28.571428571428573
unverified_96s_10kwh_1c3c,0.6200000000000001,10.0,10.383673469387755,current,physical_more_permissive,30.0,30.661224489795917,current,physical_more_permissive,28.571428571428573,85.71428571428571,240.0,403.20000000000005,28.571428571428573
unverified_96s_10kwh_1c3c,0.6250000000000001,10.0,10.39795918367347,current,physical_more_permissive,30.0,30.704081632653057,current,physical_more_permissive,28.571428571428573,85.71428571428571,240.0,403.20000000000005,28.571428571428573
unverified_96s_10kwh_1c3c,0.63,10.0,10.412244897959184,current,physical_more_permissive,30.0,30.746938775510202,current,physical_more_permissive,28.571428571428573,85.71428571428571,240.0,403.20000000000005,28.571428571428573
unverified_96s_10kwh_1c3c,0.635,10.0,10.426530612244898,current,physical_more_permissive,30.0,30.789795918367346,current,physical_more_permissive,28.571428571428573,85.71428571428571,240.0,403.20000000000005,28.571428571428573
unverified_96s_10kwh_1c3c,0.64,10.0,10.440816326530612,current,physical_more_permissive,30.0,30.832653061224487,current,physical_more_permissive,28.571428571428573,85.71428571428571,240.0,403.20000000000005,28.571428571428573
unverified_96s_10kwh_1c3c,0.645,10.0,10.455102040816328,current,physical_more_permissive,30.0,30.875510204081632,current,physical_more_permissive,28.571428571428573,85.71428571428571,240.0,403.20000000000005,28.571428571428573
unverified_96s_10kwh_1c3c,0.65,10.0,10.46938775510204,current,physical_more_permissive,30.0,30.918367346938773,current,physical_more_permissive,28.571428571428573,85.71428571428571,240.0,403.20000000000005,28.571428571428573
unverified_96s_10kwh_1c3c,0.655,10.0,10.483673469387755,current,physical_more_permissive,30.0,30.961224489795917,current,physical_more_permissive,28.571428571428573,85.71428571428571,240.0,403.20000000000005,28.571428571428573
unverified_96s_10kwh_1c3c,0.66,10.0,10.49795918367347,current,physical_more_permissive,30.0,31.004081632653058,current,physical_more_permissive,28.571428571428573,85.71428571428571,240.0,403.20000000000005,28.571428571428573
unverified_96s_10kwh_1c3c,0.665,10.0,10.512244897959185,current,physical_more_permissive,30.0,31.046938775510203,current,physical_more_permissive,28.571428571428573,85.71428571428571,240.0,403.20000000000005,28.571428571428573
unverified_96s_10kwh_1c3c,0.67,10.0,10.526530612244898,current,physical_more_permissive,30.0,31.089795918367344,current,physical_more_permissive,28.571428571428573,85.71428571428571,240.0,403.20000000000005,28.571428571428573
unverified_96s_10kwh_1c3c,0.675,10.0,10.540816326530612,current,physical_more_permissive,30.0,31.132653061224485,current,physical_more_permissive,28.571428571428573,85.71428571428571,240.0,403.20000000000005,28.571428571428573
unverified_96s_10kwh_1c3c,0.68,10.0,10.555102040816328,current,physical_more_permissive,30.0,31.175510204081633,current,physical_more_permissive,28.571428571428573,85.71428571428571,240.0,403.20000000000005,28.571428571428573
unverified_96s_10kwh_1c3c,0.685,10.0,10.569387755102042,current,physical_more_permissive,30.0,31.218367346938773,current,physical_more_permissive,28.571428571428573,85.71428571428571,240.0,403.20000000000005,28.571428571428573
unverified_96s_10kwh_1c3c,0.6900000000000001,10.0,10.583673469387755,current,physical_more_permissive,30.0,31.261224489795918,current,physical_more_permissive,28.571428571428573,85.71428571428571,240.0,403.20000000000005,28.571428571428573
unverified_96s_10kwh_1c3c,0.6950000000000001,10.0,10.597959183673469,current,physical_more_permissive,30.0,31.30408163265306,current,physical_more_permissive,28.571428571428573,85.71428571428571,240.0,403.20000000000005,28.571428571428573
unverified_96s_10kwh_1c3c,0.7000000000000001,10.0,10.612244897959185,current,physical_more_permissive,30.0,31.346938775510203,current,physical_more_permissive,28.571428571428573,85.71428571428571,240.0,403.20000000000005,28.571428571428573
unverified_96s_10kwh_1c3c,0.7050000000000001,10.0,10.626530612244899,current,physical_more_permissive,30.0,31.389795918367344,current,physical_more_permissive,28.571428571428573,85.71428571428571,240.0,403.20000000000005,28.571428571428573
unverified_96s_10kwh_1c3c,0.7100000000000001,10.0,10.640816326530611,current,physical_more_permissive,30.0,31.432653061224485,current,physical_more_permissive,28.571428571428573,85.71428571428571,240.0,403.20000000000005,28.571428571428573
unverified_96s_10kwh_1c3c,0.7150000000000001,10.0,10.655102040816328,current,physical_more_permissive,30.0,31.47551020408163,current,physical_more_permissive,28.571428571428573,85.71428571428571,240.0,403.20000000000005,28.571428571428573
unverified_96s_10kwh_1c3c,0.7200000000000001,10.0,10.669387755102042,current,physical_more_permissive,30.0,31.51836734693877,current,physical_more_permissive,28.571428571428573,85.71428571428571,240.0,403.20000000000005,28.571428571428573
unverified_96s_10kwh_1c3c,0.7250000000000001,10.0,10.683673469387756,current,physical_more_permissive,30.0,31.56122448979592,current,physical_more_permissive,28.571428571428573,85.71428571428571,240.0,403.20000000000005,28.571428571428573
unverified_96s_10kwh_1c3c,0.7300000000000001,10.0,10.697959183673468,current,physical_more_permissive,30.0,31.60408163265306,current,physical_more_permissive,28.571428571428573,85.71428571428571,240.0,403.20000000000005,28.571428571428573
unverified_96s_10kwh_1c3c,0.7350000000000001,10.0,10.712244897959184,current,physical_more_permissive,30.0,31.646938775510204,current,physical_more_permissive,28.571428571428573,85.71428571428571,240.0,403.20000000000005,28.571428571428573
unverified_96s_10kwh_1c3c,0.7400000000000001,10.0,10.726530612244899,current,physical_more_permissive,30.0,31.689795918367345,current,physical_more_permissive,28.571428571428573,85.71428571428571,240.0,403.20000000000005,28.571428571428573
unverified_96s_10kwh_1c3c,0.7450000000000001,10.0,10.740816326530613,current,physical_more_permissive,30.0,31.732653061224486,current,physical_more_permissive,28.571428571428573,85.71428571428571,240.0,403.20000000000005,28.571428571428573
unverified_96s_10kwh_1c3c,0.7500000000000001,10.0,10.755102040816327,current,physical_more_permissive,30.0,31.77551020408163,current,physical_more_permissive,28.571428571428573,85.71428571428571,240.0,403.20000000000005,28.571428571428573
unverified_96s_10kwh_1c3c,0.755,10.0,10.769387755102041,current,physical_more_permissive,30.0,31.81836734693877,current,physical_more_permissive,28.571428571428573,85.71428571428571,240.0,403.20000000000005,28.571428571428573
unverified_96s_10kwh_1c3c,0.76,10.0,10.783673469387756,current,physical_more_permissive,30.0,31.861224489795916,current,physical_more_permissive,28.571428571428573,85.71428571428571,240.0,403.20000000000005,28.571428571428573
unverified_96s_10kwh_1c3c,0.765,10.0,10.797959183673468,current,physical_more_permissive,30.0,31.904081632653057,current,physical_more_permissive,28.571428571428573,85.71428571428571,240.0,403.20000000000005,28.571428571428573
unverified_96s_10kwh_1c3c,0.77,10.0,10.812244897959184,current,physical_more_permissive,30.0,31.946938775510205,current,physical_more_permissive,28.571428571428573,85.71428571428571,240.0,403.20000000000005,28.571428571428573
unverified_96s_10kwh_1c3c,0.775,10.0,10.826530612244898,current,physical_more_permissive,30.0,31.989795918367346,current,physical_more_permissive,28.571428571428573,85.71428571428571,240.0,403.20000000000005,28.571428571428573
unverified_96s_10kwh_1c3c,0.78,10.0,10.840816326530613,current,physical_more_permissive,30.0,32.03265306122449,current,physical_more_permissive,28.571428571428573,85.71428571428571,240.0,403.20000000000005,28.571428571428573
unverified_96s_10kwh_1c3c,0.785,10.0,10.855102040816327,current,physical_more_permissive,30.0,32.07551020408163,current,physical_more_permissive,28.571428571428573,85.71428571428571,240.0,403.20000000000005,28.571428571428573
unverified_96s_10kwh_1c3c,0.79,10.0,10.869387755102041,current,physical_more_permissive,30.0,32.118367346938776,current,physical_more_permissive,28.571428571428573,85.71428571428571,240.0,403.20000000000005,28.571428571428573
unverified_96s_10kwh_1c3c,0.795,10.0,10.883673469387755,current,physical_more_permissive,30.0,32.16122448979592,current,physical_more_permissive,28.571428571428573,85.71428571428571,240.0,403.20000000000005,28.571428571428573
unverified_96s_10kwh_1c3c,0.8,10.0,10.89795918367347,current,physical_more_permissive,30.0,32.20408163265306,current,physical_more_permissive,28.571428571428573,85.71428571428571,240.0,403.20000000000005,28.571428571428573
unverified_96s_10kwh_1c3c,0.805,10.0,10.912244897959184,current,physical_more_permissive,30.0,32.2469387755102,current,physical_more_permissive,28.571428571428573,85.71428571428571,240.0,403.20000000000005,28.571428571428573
unverified_96s_10kwh_1c3c,0.81,10.0,10.926530612244898,current,physical_more_permissive,30.0,32.289795918367346,current,physical_more_permissive,28.571428571428573,85.71428571428571,240.0,403.20000000000005,28.571428571428573
unverified_96s_10kwh_1c3c,0.8150000000000001,10.0,10.940816326530612,current,physical_more_permissive,30.0,32.332653061224484,current,physical_more_permissive,28.571428571428573,85.71428571428571,240.0,403.20000000000005,28.571428571428573
unverified_96s_10kwh_1c3c,0.8200000000000001,10.0,10.955102040816328,current,physical_more_permissive,30.0,32.37551020408163,current,physical_more_permissive,28.571428571428573,85.71428571428571,240.0,403.20000000000005,28.571428571428573
unverified_96s_10kwh_1c3c,0.8250000000000001,10.0,10.96938775510204,current,physical_more_permissive,30.0,32.41836734693877,current,physical_more_permissive,28.571428571428573,85.71428571428571,240.0,403.20000000000005,28.571428571428573
unverified_96s_10kwh_1c3c,0.8300000000000001,10.0,10.983673469387755,current,physical_more_permissive,30.0,32.46122448979592,current,physical_more_permissive,28.571428571428573,85.71428571428571,240.0,403.20000000000005,28.571428571428573
unverified_96s_10kwh_1c3c,0.8350000000000001,10.0,10.99795918367347,current,physical_more_permissive,30.0,32.50408163265306,current,physical_more_permissive,28.571428571428573,85.71428571428571,240.0,403.20000000000005,28.571428571428573
unverified_96s_10kwh_1c3c,0.8400000000000001,10.0,11.012244897959185,current,physical_more_permissive,30.0,32.5469387755102,current,physical_more_permissive,28.571428571428573,85.71428571428571,240.0,403.20000000000005,28.571428571428573
unverified_96s_10kwh_1c3c,0.8450000000000001,10.0,11.026530612244898,current,physical_more_permissive,30.0,32.589795918367344,current,physical_more_permissive,28.571428571428573,85.71428571428571,240.0,403.20000000000005,28.571428571428573
unverified_96s_10kwh_1c3c,0.8500000000000001,10.0,11.040816326530612,current,physical_more_permissive,30.0,32.63265306122449,current,physical_more_permissive,28.571428571428573,85.71428571428571,240.0,403.20000000000005,28.571428571428573
unverified_96s_10kwh_1c3c,0.8550000000000001,10.0,11.055102040816328,current,physical_more_permissive,30.0,32.675510204081625,current,physical_more_permissive,28.571428571428573,85.71428571428571,240.0,403.20000000000005,28.571428571428573
unverified_96s_10kwh_1c3c,0.8600000000000001,10.0,11.069387755102042,current,physical_more_permissive,30.0,32.71836734693877,current,physical_more_permissive,28.571428571428573,85.71428571428571,240.0,403.20000000000005,28.571428571428573
unverified_96s_10kwh_1c3c,0.8650000000000001,10.0,11.083673469387755,current,physical_more_permissive,30.0,32.761224489795914,current,physical_more_permissive,28.571428571428573,85.71428571428571,240.0,403.20000000000005,28.571428571428573
unverified_96s_10kwh_1c3c,0.8700000000000001,10.0,11.097959183673469,current,physical_more_permissive,30.0,32.80408163265306,current,physical_more_permissive,28.571428571428573,85.71428571428571,240.0,403.20000000000005,28.571428571428573
unverified_96s_10kwh_1c3c,0.8750000000000001,10.0,11.112244897959185,current,physical_more_permissive,30.0,32.846938775510196,current,physical_more_permissive,28.571428571428573,85.71428571428571,240.0,403.20000000000005,28.571428571428573
unverified_96s_10kwh_1c3c,0.8800000000000001,10.0,11.126530612244899,current,physical_more_permissive,30.0,32.88979591836735,current,physical_more_permissive,28.571428571428573,85.71428571428571,240.0,403.20000000000005,28.571428571428573
unverified_96s_10kwh_1c3c,0.885,10.0,11.140816326530611,current,physical_more_permissive,30.0,32.93265306122449,current,physical_more_permissive,28.571428571428573,85.71428571428571,240.0,403.20000000000005,28.571428571428573
unverified_96s_10kwh_1c3c,0.89,10.0,11.155102040816328,current,physical_more_permissive,30.0,32.97551020408163,current,physical_more_permissive,28.571428571428573,85.71428571428571,240.0,403.20000000000005,28.571428571428573
unverified_96s_10kwh_1c3c,0.895,10.0,11.169387755102042,current,physical_more_permissive,30.0,33.018367346938774,current,physical_more_permissive,28.571428571428573,85.71428571428571,240.0,403.20000000000005,28.571428571428573
unverified_96s_10kwh_1c3c,0.9,10.0,11.183673469387756,current,physical_more_permissive,30.0,33.06122448979592,current,physical_more_permissive,28.571428571428573,85.71428571428571,240.0,403.20000000000005,28.571428571428573
unverified_96s_10kwh_1c3c,0.905,10.0,11.197959183673468,current,physical_more_permissive,30.0,33.10408163265306,current,physical_more_permissive,28.571428571428573,85.71428571428571,240.0,403.20000000000005,28.571428571428573
unverified_96s_10kwh_1c3c,0.91,10.0,11.212244897959184,current,physical_more_permissive,30.0,33.1469387755102,current,physical_more_permissive,28.571428571428573,85.71428571428571,240.0,403.20000000000005,28.571428571428573
unverified_96s_10kwh_1c3c,0.915,10.0,11.226530612244899,current,physical_more_permissive,30.0,33.189795918367345,current,physical_more_permissive,28.571428571428573,85.71428571428571,240.0,403.20000000000005,28.571428571428573
unverified_96s_10kwh_1c3c,0.92,10.0,11.240816326530613,current,physical_more_permissive,30.0,33.23265306122449,current,physical_more_permissive,28.571428571428573,85.71428571428571,240.0,403.20000000000005,28.571428571428573
unverified_96s_10kwh_1c3c,0.925,10.0,11.255102040816327,current,physical_more_permissive,30.0,33.27551020408163,current,physical_more_permissive,28.571428571428573,85.71428571428571,240.0,403.20000000000005,28.571428571428573
unverified_96s_10kwh_1c3c,0.93,10.0,11.269387755102041,current,physical_more_permissive,30.0,33.31836734693877,current,physical_more_permissive,28.571428571428573,85.71428571428571,240.0,403.20000000000005,28.571428571428573
unverified_96s_10kwh_1c3c,0.935,10.0,11.283673469387756,current,physical_more_permissive,30.0,33.361224489795916,current,physical_more_permissive,28.571428571428573,85.71428571428571,240.0,403.20000000000005,28.571428571428573
unverified_96s_10kwh_1c3c,0.9400000000000001,10.0,11.297959183673468,current,physical_more_permissive,30.0,33.40408163265306,current,physical_more_permissive,28.571428571428573,85.71428571428571,240.0,403.20000000000005,28.571428571428573
unverified_96s_10kwh_1c3c,0.9450000000000001,10.0,11.312244897959184,current,physical_more_permissive,30.0,33.4469387755102,current,physical_more_permissive,28.571428571428573,85.71428571428571,240.0,403.20000000000005,28.571428571428573
unverified_96s_10kwh_1c3c,0.9500000000000001,10.0,11.326530612244898,current,physical_more_permissive,30.0,33.48979591836734,current,physical_more_permissive,28.571428571428573,85.71428571428571,240.0,403.20000000000005,28.571428571428573
unverified_96s_10kwh_1c3c,0.9550000000000001,10.0,11.340816326530613,current,physical_more_permissive,30.0,33.53265306122449,current,physical_more_permissive,28.571428571428573,85.71428571428571,240.0,403.20000000000005,28.571428571428573
unverified_96s_10kwh_1c3c,0.9600000000000001,10.0,11.355102040816327,current,physical_more_permissive,30.0,33.575510204081624,current,physical_more_permissive,28.571428571428573,85.71428571428571,240.0,403.20000000000005,28.571428571428573
unverified_96s_10kwh_1c3c,0.9650000000000001,10.0,11.369387755102041,current,physical_more_permissive,30.0,33.618367346938776,current,physical_more_permissive,28.571428571428573,85.71428571428571,240.0,403.20000000000005,28.571428571428573
unverified_96s_10kwh_1c3c,0.9700000000000001,10.0,11.383673469387755,current,physical_more_permissive,30.0,33.66122448979592,current,physical_more_permissive,28.571428571428573,85.71428571428571,240.0,403.20000000000005,28.571428571428573
unverified_96s_10kwh_1c3c,0.9750000000000001,10.0,11.39795918367347,current,physical_more_permissive,30.0,33.704081632653065,current,physical_more_permissive,28.571428571428573,85.71428571428571,240.0,403.20000000000005,28.571428571428573
unverified_96s_10kwh_1c3c,0.9800000000000001,10.0,11.412244897959184,current,physical_more_permissive,30.0,33.7469387755102,current,physical_more_permissive,28.571428571428573,85.71428571428571,240.0,403.20000000000005,28.571428571428573
unverified_96s_10kwh_1c3c,0.9850000000000001,10.0,11.426530612244898,current,physical_more_permissive,30.0,33.789795918367346,current,physical_more_permissive,28.571428571428573,85.71428571428571,240.0,403.20000000000005,28.571428571428573
unverified_96s_10kwh_1c3c,0.9900000000000001,10.0,11.440816326530612,current,physical_more_permissive,30.0,33.83265306122449,current,physical_more_permissive,28.571428571428573,85.71428571428571,240.0,403.20000000000005,28.571428571428573
unverified_96s_10kwh_1c3c,0.9950000000000001,10.0,11.455102040816328,current,physical_more_permissive,30.0,33.87551020408163,current,physical_more_permissive,28.571428571428573,85.71428571428571,240.0,403.20000000000005,28.571428571428573
unverified_96s_10kwh_1c3c,1.0,0.0,0.0,soc_boundary,equal,30.0,33.91836734693877,current,physical_more_permissive,28.571428571428573,85.71428571428571,240.0,403.20000000000005,28.571428571428573
unverified_98s_10kwh_1c3c,0.05,10.0,8.755102040816327,current,physical_less_permissive,0.0,0.0,soc_boundary,equal,28.571428571428573,85.71428571428571,245.0,411.6,28.571428571428573
unverified_98s_10kwh_1c3c,0.055,10.0,8.769387755102041,current,physical_less_permissive,30.0,25.81836734693877,current,physical_less_permissive,28.571428571428573,85.71428571428571,245.0,411.6,28.571428571428573
unverified_98s_10kwh_1c3c,0.060000000000000005,10.0,8.783673469387756,current,physical_less_permissive,30.0,25.861224489795916,current,physical_less_permissive,28.571428571428573,85.71428571428571,245.0,411.6,28.571428571428573
unverified_98s_10kwh_1c3c,0.065,10.0,8.797959183673468,current,physical_less_permissive,30.0,25.904081632653057,current,physical_less_permissive,28.571428571428573,85.71428571428571,245.0,411.6,28.571428571428573
unverified_98s_10kwh_1c3c,0.07,10.0,8.812244897959184,current,physical_less_permissive,30.0,25.946938775510205,current,physical_less_permissive,28.571428571428573,85.71428571428571,245.0,411.6,28.571428571428573
unverified_98s_10kwh_1c3c,0.07500000000000001,10.0,8.826530612244898,current,physical_less_permissive,30.0,25.989795918367346,current,physical_less_permissive,28.571428571428573,85.71428571428571,245.0,411.6,28.571428571428573
unverified_98s_10kwh_1c3c,0.08,10.0,8.840816326530613,current,physical_less_permissive,30.0,26.032653061224487,current,physical_less_permissive,28.571428571428573,85.71428571428571,245.0,411.6,28.571428571428573
unverified_98s_10kwh_1c3c,0.085,10.0,8.855102040816327,current,physical_less_permissive,30.0,26.07551020408163,current,physical_less_permissive,28.571428571428573,85.71428571428571,245.0,411.6,28.571428571428573
unverified_98s_10kwh_1c3c,0.09,10.0,8.869387755102041,current,physical_less_permissive,30.0,26.118367346938772,current,physical_less_permissive,28.571428571428573,85.71428571428571,245.0,411.6,28.571428571428573
unverified_98s_10kwh_1c3c,0.095,10.0,8.883673469387755,current,physical_less_permissive,30.0,26.161224489795917,current,physical_less_permissive,28.571428571428573,85.71428571428571,245.0,411.6,28.571428571428573
unverified_98s_10kwh_1c3c,0.1,10.0,8.89795918367347,current,physical_less_permissive,30.0,26.204081632653057,current,physical_less_permissive,28.571428571428573,85.71428571428571,245.0,411.6,28.571428571428573
unverified_98s_10kwh_1c3c,0.10500000000000001,10.0,8.912244897959184,current,physical_less_permissive,30.0,26.246938775510202,current,physical_less_permissive,28.571428571428573,85.71428571428571,245.0,411.6,28.571428571428573
unverified_98s_10kwh_1c3c,0.11,10.0,8.926530612244898,current,physical_less_permissive,30.0,26.289795918367346,current,physical_less_permissive,28.571428571428573,85.71428571428571,245.0,411.6,28.571428571428573
unverified_98s_10kwh_1c3c,0.115,10.0,8.940816326530612,current,physical_less_permissive,30.0,26.332653061224487,current,physical_less_permissive,28.571428571428573,85.71428571428571,245.0,411.6,28.571428571428573
unverified_98s_10kwh_1c3c,0.12000000000000001,10.0,8.955102040816328,current,physical_less_permissive,30.0,26.375510204081632,current,physical_less_permissive,28.571428571428573,85.71428571428571,245.0,411.6,28.571428571428573
unverified_98s_10kwh_1c3c,0.125,10.0,8.96938775510204,current,physical_less_permissive,30.0,26.418367346938773,current,physical_less_permissive,28.571428571428573,85.71428571428571,245.0,411.6,28.571428571428573
unverified_98s_10kwh_1c3c,0.13,10.0,8.983673469387755,current,physical_less_permissive,30.0,26.461224489795917,current,physical_less_permissive,28.571428571428573,85.71428571428571,245.0,411.6,28.571428571428573
unverified_98s_10kwh_1c3c,0.135,10.0,8.99795918367347,current,physical_less_permissive,30.0,26.504081632653058,current,physical_less_permissive,28.571428571428573,85.71428571428571,245.0,411.6,28.571428571428573
unverified_98s_10kwh_1c3c,0.14,10.0,9.012244897959185,current,physical_less_permissive,30.0,26.546938775510203,current,physical_less_permissive,28.571428571428573,85.71428571428571,245.0,411.6,28.571428571428573
unverified_98s_10kwh_1c3c,0.14500000000000002,10.0,9.026530612244898,current,physical_less_permissive,30.0,26.589795918367344,current,physical_less_permissive,28.571428571428573,85.71428571428571,245.0,411.6,28.571428571428573
unverified_98s_10kwh_1c3c,0.15000000000000002,10.0,9.040816326530612,current,physical_less_permissive,30.0,26.632653061224485,current,physical_less_permissive,28.571428571428573,85.71428571428571,245.0,411.6,28.571428571428573
unverified_98s_10kwh_1c3c,0.155,10.0,9.055102040816328,current,physical_less_permissive,30.0,26.675510204081633,current,physical_less_permissive,28.571428571428573,85.71428571428571,245.0,411.6,28.571428571428573
unverified_98s_10kwh_1c3c,0.16,10.0,9.069387755102042,current,physical_less_permissive,30.0,26.718367346938773,current,physical_less_permissive,28.571428571428573,85.71428571428571,245.0,411.6,28.571428571428573
unverified_98s_10kwh_1c3c,0.165,10.0,9.083673469387755,current,physical_less_permissive,30.0,26.761224489795918,current,physical_less_permissive,28.571428571428573,85.71428571428571,245.0,411.6,28.571428571428573
unverified_98s_10kwh_1c3c,0.16999999999999998,10.0,9.097959183673469,current,physical_less_permissive,30.0,26.80408163265306,current,physical_less_permissive,28.571428571428573,85.71428571428571,245.0,411.6,28.571428571428573
unverified_98s_10kwh_1c3c,0.175,10.0,9.112244897959185,current,physical_less_permissive,30.0,26.846938775510203,current,physical_less_permissive,28.571428571428573,85.71428571428571,245.0,411.6,28.571428571428573
unverified_98s_10kwh_1c3c,0.18,10.0,9.126530612244899,current,physical_less_permissive,30.0,26.889795918367344,current,physical_less_permissive,28.571428571428573,85.71428571428571,245.0,411.6,28.571428571428573
unverified_98s_10kwh_1c3c,0.185,10.0,9.140816326530611,current,physical_less_permissive,30.0,26.932653061224485,current,physical_less_permissive,28.571428571428573,85.71428571428571,245.0,411.6,28.571428571428573
unverified_98s_10kwh_1c3c,0.19,10.0,9.155102040816328,current,physical_less_permissive,30.0,26.97551020408163,current,physical_less_permissive,28.571428571428573,85.71428571428571,245.0,411.6,28.571428571428573
unverified_98s_10kwh_1c3c,0.195,10.0,9.169387755102042,current,physical_less_permissive,30.0,27.01836734693877,current,physical_less_permissive,28.571428571428573,85.71428571428571,245.0,411.6,28.571428571428573
unverified_98s_10kwh_1c3c,0.2,10.0,9.183673469387756,current,physical_less_permissive,30.0,27.06122448979592,current,physical_less_permissive,28.571428571428573,85.71428571428571,245.0,411.6,28.571428571428573
unverified_98s_10kwh_1c3c,0.20500000000000002,10.0,9.197959183673468,current,physical_less_permissive,30.0,27.10408163265306,current,physical_less_permissive,28.571428571428573,85.71428571428571,245.0,411.6,28.571428571428573
unverified_98s_10kwh_1c3c,0.21000000000000002,10.0,9.212244897959184,current,physical_less_permissive,30.0,27.146938775510204,current,physical_less_permissive,28.571428571428573,85.71428571428571,245.0,411.6,28.571428571428573
unverified_98s_10kwh_1c3c,0.21500000000000002,10.0,9.226530612244899,current,physical_less_permissive,30.0,27.189795918367345,current,physical_less_permissive,28.571428571428573,85.71428571428571,245.0,411.6,28.571428571428573
unverified_98s_10kwh_1c3c,0.22000000000000003,10.0,9.240816326530613,current,physical_less_permissive,30.0,27.232653061224486,current,physical_less_permissive,28.571428571428573,85.71428571428571,245.0,411.6,28.571428571428573
unverified_98s_10kwh_1c3c,0.22500000000000003,10.0,9.255102040816327,current,physical_less_permissive,30.0,27.27551020408163,current,physical_less_permissive,28.571428571428573,85.71428571428571,245.0,411.6,28.571428571428573
unverified_98s_10kwh_1c3c,0.22999999999999998,10.0,9.269387755102041,current,physical_less_permissive,30.0,27.31836734693877,current,physical_less_permissive,28.571428571428573,85.71428571428571,245.0,411.6,28.571428571428573
unverified_98s_10kwh_1c3c,0.235,10.0,9.283673469387756,current,physical_less_permissive,30.0,27.361224489795916,current,physical_less_permissive,28.571428571428573,85.71428571428571,245.0,411.6,28.571428571428573
unverified_98s_10kwh_1c3c,0.24,10.0,9.297959183673468,current,physical_less_permissive,30.0,27.404081632653057,current,physical_less_permissive,28.571428571428573,85.71428571428571,245.0,411.6,28.571428571428573
unverified_98s_10kwh_1c3c,0.245,10.0,9.312244897959184,current,physical_less_permissive,30.0,27.446938775510205,current,physical_less_permissive,28.571428571428573,85.71428571428571,245.0,411.6,28.571428571428573
unverified_98s_10kwh_1c3c,0.25,10.0,9.326530612244898,current,physical_less_permissive,30.0,27.489795918367346,current,physical_less_permissive,28.571428571428573,85.71428571428571,245.0,411.6,28.571428571428573
unverified_98s_10kwh_1c3c,0.255,10.0,9.340816326530613,current,physical_less_permissive,30.0,27.532653061224487,current,physical_less_permissive,28.571428571428573,85.71428571428571,245.0,411.6,28.571428571428573
unverified_98s_10kwh_1c3c,0.26,10.0,9.355102040816327,current,physical_less_permissive,30.0,27.57551020408163,current,physical_less_permissive,28.571428571428573,85.71428571428571,245.0,411.6,28.571428571428573
unverified_98s_10kwh_1c3c,0.265,10.0,9.369387755102041,current,physical_less_permissive,30.0,27.618367346938772,current,physical_less_permissive,28.571428571428573,85.71428571428571,245.0,411.6,28.571428571428573
unverified_98s_10kwh_1c3c,0.27,10.0,9.383673469387755,current,physical_less_permissive,30.0,27.661224489795917,current,physical_less_permissive,28.571428571428573,85.71428571428571,245.0,411.6,28.571428571428573
unverified_98s_10kwh_1c3c,0.275,10.0,9.39795918367347,current,physical_less_permissive,30.0,27.704081632653057,current,physical_less_permissive,28.571428571428573,85.71428571428571,245.0,411.6,28.571428571428573
unverified_98s_10kwh_1c3c,0.28,10.0,9.412244897959184,current,physical_less_permissive,30.0,27.746938775510202,current,physical_less_permissive,28.571428571428573,85.71428571428571,245.0,411.6,28.571428571428573
unverified_98s_10kwh_1c3c,0.28500000000000003,10.0,9.426530612244898,current,physical_less_permissive,30.0,27.789795918367346,current,physical_less_permissive,28.571428571428573,85.71428571428571,245.0,411.6,28.571428571428573
unverified_98s_10kwh_1c3c,0.29,10.0,9.440816326530612,current,physical_less_permissive,30.0,27.832653061224487,current,physical_less_permissive,28.571428571428573,85.71428571428571,245.0,411.6,28.571428571428573
unverified_98s_10kwh_1c3c,0.295,10.0,9.455102040816328,current,physical_less_permissive,30.0,27.875510204081632,current,physical_less_permissive,28.571428571428573,85.71428571428571,245.0,411.6,28.571428571428573
unverified_98s_10kwh_1c3c,0.3,10.0,9.46938775510204,current,physical_less_permissive,30.0,27.918367346938773,current,physical_less_permissive,28.571428571428573,85.71428571428571,245.0,411.6,28.571428571428573
unverified_98s_10kwh_1c3c,0.305,10.0,9.483673469387755,current,physical_less_permissive,30.0,27.961224489795917,current,physical_less_permissive,28.571428571428573,85.71428571428571,245.0,411.6,28.571428571428573
unverified_98s_10kwh_1c3c,0.31,10.0,9.49795918367347,current,physical_less_permissive,30.0,28.004081632653058,current,physical_less_permissive,28.571428571428573,85.71428571428571,245.0,411.6,28.571428571428573
unverified_98s_10kwh_1c3c,0.315,10.0,9.512244897959185,current,physical_less_permissive,30.0,28.046938775510203,current,physical_less_permissive,28.571428571428573,85.71428571428571,245.0,411.6,28.571428571428573
unverified_98s_10kwh_1c3c,0.32,10.0,9.526530612244898,current,physical_less_permissive,30.0,28.089795918367344,current,physical_less_permissive,28.571428571428573,85.71428571428571,245.0,411.6,28.571428571428573
unverified_98s_10kwh_1c3c,0.325,10.0,9.540816326530612,current,physical_less_permissive,30.0,28.132653061224485,current,physical_less_permissive,28.571428571428573,85.71428571428571,245.0,411.6,28.571428571428573
unverified_98s_10kwh_1c3c,0.33,10.0,9.555102040816328,current,physical_less_permissive,30.0,28.175510204081633,current,physical_less_permissive,28.571428571428573,85.71428571428571,245.0,411.6,28.571428571428573
unverified_98s_10kwh_1c3c,0.335,10.0,9.569387755102042,current,physical_less_permissive,30.0,28.218367346938773,current,physical_less_permissive,28.571428571428573,85.71428571428571,245.0,411.6,28.571428571428573
unverified_98s_10kwh_1c3c,0.33999999999999997,10.0,9.583673469387755,current,physical_less_permissive,30.0,28.261224489795918,current,physical_less_permissive,28.571428571428573,85.71428571428571,245.0,411.6,28.571428571428573
unverified_98s_10kwh_1c3c,0.345,10.0,9.597959183673469,current,physical_less_permissive,30.0,28.30408163265306,current,physical_less_permissive,28.571428571428573,85.71428571428571,245.0,411.6,28.571428571428573
unverified_98s_10kwh_1c3c,0.35,10.0,9.612244897959185,current,physical_less_permissive,30.0,28.346938775510203,current,physical_less_permissive,28.571428571428573,85.71428571428571,245.0,411.6,28.571428571428573
unverified_98s_10kwh_1c3c,0.355,10.0,9.626530612244899,current,physical_less_permissive,30.0,28.389795918367344,current,physical_less_permissive,28.571428571428573,85.71428571428571,245.0,411.6,28.571428571428573
unverified_98s_10kwh_1c3c,0.36,10.0,9.640816326530611,current,physical_less_permissive,30.0,28.432653061224485,current,physical_less_permissive,28.571428571428573,85.71428571428571,245.0,411.6,28.571428571428573
unverified_98s_10kwh_1c3c,0.365,10.0,9.655102040816328,current,physical_less_permissive,30.0,28.47551020408163,current,physical_less_permissive,28.571428571428573,85.71428571428571,245.0,411.6,28.571428571428573
unverified_98s_10kwh_1c3c,0.37,10.0,9.669387755102042,current,physical_less_permissive,30.0,28.51836734693877,current,physical_less_permissive,28.571428571428573,85.71428571428571,245.0,411.6,28.571428571428573
unverified_98s_10kwh_1c3c,0.375,10.0,9.683673469387756,current,physical_less_permissive,30.0,28.56122448979592,current,physical_less_permissive,28.571428571428573,85.71428571428571,245.0,411.6,28.571428571428573
unverified_98s_10kwh_1c3c,0.38,10.0,9.697959183673468,current,physical_less_permissive,30.0,28.60408163265306,current,physical_less_permissive,28.571428571428573,85.71428571428571,245.0,411.6,28.571428571428573
unverified_98s_10kwh_1c3c,0.385,10.0,9.712244897959184,current,physical_less_permissive,30.0,28.646938775510204,current,physical_less_permissive,28.571428571428573,85.71428571428571,245.0,411.6,28.571428571428573
unverified_98s_10kwh_1c3c,0.39,10.0,9.726530612244899,current,physical_less_permissive,30.0,28.689795918367345,current,physical_less_permissive,28.571428571428573,85.71428571428571,245.0,411.6,28.571428571428573
unverified_98s_10kwh_1c3c,0.395,10.0,9.740816326530613,current,physical_less_permissive,30.0,28.732653061224486,current,physical_less_permissive,28.571428571428573,85.71428571428571,245.0,411.6,28.571428571428573
unverified_98s_10kwh_1c3c,0.4,10.0,9.755102040816327,current,physical_less_permissive,30.0,28.77551020408163,current,physical_less_permissive,28.571428571428573,85.71428571428571,245.0,411.6,28.571428571428573
unverified_98s_10kwh_1c3c,0.40499999999999997,10.0,9.769387755102041,current,physical_less_permissive,30.0,28.81836734693877,current,physical_less_permissive,28.571428571428573,85.71428571428571,245.0,411.6,28.571428571428573
unverified_98s_10kwh_1c3c,0.41,10.0,9.783673469387756,current,physical_less_permissive,30.0,28.861224489795916,current,physical_less_permissive,28.571428571428573,85.71428571428571,245.0,411.6,28.571428571428573
unverified_98s_10kwh_1c3c,0.415,10.0,9.797959183673468,current,physical_less_permissive,30.0,28.904081632653057,current,physical_less_permissive,28.571428571428573,85.71428571428571,245.0,411.6,28.571428571428573
unverified_98s_10kwh_1c3c,0.42,10.0,9.812244897959184,current,physical_less_permissive,30.0,28.946938775510205,current,physical_less_permissive,28.571428571428573,85.71428571428571,245.0,411.6,28.571428571428573
unverified_98s_10kwh_1c3c,0.425,10.0,9.826530612244898,current,physical_less_permissive,30.0,28.989795918367346,current,physical_less_permissive,28.571428571428573,85.71428571428571,245.0,411.6,28.571428571428573
unverified_98s_10kwh_1c3c,0.43,10.0,9.840816326530613,current,physical_less_permissive,30.0,29.032653061224487,current,physical_less_permissive,28.571428571428573,85.71428571428571,245.0,411.6,28.571428571428573
unverified_98s_10kwh_1c3c,0.435,10.0,9.855102040816327,current,physical_less_permissive,30.0,29.07551020408163,current,physical_less_permissive,28.571428571428573,85.71428571428571,245.0,411.6,28.571428571428573
unverified_98s_10kwh_1c3c,0.44,10.0,9.869387755102041,current,physical_less_permissive,30.0,29.118367346938772,current,physical_less_permissive,28.571428571428573,85.71428571428571,245.0,411.6,28.571428571428573
unverified_98s_10kwh_1c3c,0.445,10.0,9.883673469387755,current,physical_less_permissive,30.0,29.161224489795917,current,physical_less_permissive,28.571428571428573,85.71428571428571,245.0,411.6,28.571428571428573
unverified_98s_10kwh_1c3c,0.45,10.0,9.89795918367347,current,physical_less_permissive,30.0,29.204081632653057,current,physical_less_permissive,28.571428571428573,85.71428571428571,245.0,411.6,28.571428571428573
unverified_98s_10kwh_1c3c,0.455,10.0,9.912244897959184,current,physical_less_permissive,30.0,29.246938775510202,current,physical_less_permissive,28.571428571428573,85.71428571428571,245.0,411.6,28.571428571428573
unverified_98s_10kwh_1c3c,0.46,10.0,9.926530612244898,current,physical_less_permissive,30.0,29.289795918367346,current,physical_less_permissive,28.571428571428573,85.71428571428571,245.0,411.6,28.571428571428573
unverified_98s_10kwh_1c3c,0.465,10.0,9.940816326530612,current,physical_less_permissive,30.0,29.332653061224487,current,physical_less_permissive,28.571428571428573,85.71428571428571,245.0,411.6,28.571428571428573
unverified_98s_10kwh_1c3c,0.47,10.0,9.955102040816328,current,physical_less_permissive,30.0,29.375510204081632,current,physical_less_permissive,28.571428571428573,85.71428571428571,245.0,411.6,28.571428571428573
unverified_98s_10kwh_1c3c,0.475,10.0,9.96938775510204,current,physical_less_permissive,30.0,29.418367346938773,current,physical_less_permissive,28.571428571428573,85.71428571428571,245.0,411.6,28.571428571428573
unverified_98s_10kwh_1c3c,0.48,10.0,9.983673469387755,current,physical_less_permissive,30.0,29.461224489795917,current,physical_less_permissive,28.571428571428573,85.71428571428571,245.0,411.6,28.571428571428573
unverified_98s_10kwh_1c3c,0.485,10.0,9.99795918367347,current,physical_less_permissive,30.0,29.504081632653058,current,physical_less_permissive,28.571428571428573,85.71428571428571,245.0,411.6,28.571428571428573
unverified_98s_10kwh_1c3c,0.49,10.0,10.012244897959185,current,physical_more_permissive,30.0,29.546938775510203,current,physical_less_permissive,28.571428571428573,85.71428571428571,245.0,411.6,28.571428571428573
unverified_98s_10kwh_1c3c,0.495,10.0,10.026530612244898,current,physical_more_permissive,30.0,29.589795918367344,current,physical_less_permissive,28.571428571428573,85.71428571428571,245.0,411.6,28.571428571428573
unverified_98s_10kwh_1c3c,0.5,10.0,10.040816326530612,current,physical_more_permissive,30.0,29.632653061224485,current,physical_less_permissive,28.571428571428573,85.71428571428571,245.0,411.6,28.571428571428573
unverified_98s_10kwh_1c3c,0.505,10.0,10.055102040816328,current,physical_more_permissive,30.0,29.675510204081633,current,physical_less_permissive,28.571428571428573,85.71428571428571,245.0,411.6,28.571428571428573
unverified_98s_10kwh_1c3c,0.51,10.0,10.069387755102042,current,physical_more_permissive,30.0,29.718367346938773,current,physical_less_permissive,28.571428571428573,85.71428571428571,245.0,411.6,28.571428571428573
unverified_98s_10kwh_1c3c,0.515,10.0,10.083673469387755,current,physical_more_permissive,30.0,29.761224489795918,current,physical_less_permissive,28.571428571428573,85.71428571428571,245.0,411.6,28.571428571428573
unverified_98s_10kwh_1c3c,0.52,10.0,10.097959183673469,current,physical_more_permissive,30.0,29.80408163265306,current,physical_less_permissive,28.571428571428573,85.71428571428571,245.0,411.6,28.571428571428573
unverified_98s_10kwh_1c3c,0.525,10.0,10.112244897959185,current,physical_more_permissive,30.0,29.846938775510203,current,physical_less_permissive,28.571428571428573,85.71428571428571,245.0,411.6,28.571428571428573
unverified_98s_10kwh_1c3c,0.53,10.0,10.126530612244899,current,physical_more_permissive,30.0,29.889795918367344,current,physical_less_permissive,28.571428571428573,85.71428571428571,245.0,411.6,28.571428571428573
unverified_98s_10kwh_1c3c,0.535,10.0,10.140816326530611,current,physical_more_permissive,30.0,29.932653061224485,current,physical_less_permissive,28.571428571428573,85.71428571428571,245.0,411.6,28.571428571428573
unverified_98s_10kwh_1c3c,0.54,10.0,10.155102040816328,current,physical_more_permissive,30.0,29.97551020408163,current,physical_less_permissive,28.571428571428573,85.71428571428571,245.0,411.6,28.571428571428573
unverified_98s_10kwh_1c3c,0.545,10.0,10.169387755102042,current,physical_more_permissive,30.0,30.01836734693877,current,physical_more_permissive,28.571428571428573,85.71428571428571,245.0,411.6,28.571428571428573
unverified_98s_10kwh_1c3c,0.55,10.0,10.183673469387756,current,physical_more_permissive,30.0,30.06122448979592,current,physical_more_permissive,28.571428571428573,85.71428571428571,245.0,411.6,28.571428571428573
unverified_98s_10kwh_1c3c,0.555,10.0,10.197959183673468,current,physical_more_permissive,30.0,30.10408163265306,current,physical_more_permissive,28.571428571428573,85.71428571428571,245.0,411.6,28.571428571428573
unverified_98s_10kwh_1c3c,0.56,10.0,10.212244897959184,current,physical_more_permissive,30.0,30.146938775510204,current,physical_more_permissive,28.571428571428573,85.71428571428571,245.0,411.6,28.571428571428573
unverified_98s_10kwh_1c3c,0.5650000000000001,10.0,10.226530612244899,current,physical_more_permissive,30.0,30.189795918367345,current,physical_more_permissive,28.571428571428573,85.71428571428571,245.0,411.6,28.571428571428573
unverified_98s_10kwh_1c3c,0.5700000000000001,10.0,10.240816326530613,current,physical_more_permissive,30.0,30.232653061224486,current,physical_more_permissive,28.571428571428573,85.71428571428571,245.0,411.6,28.571428571428573
unverified_98s_10kwh_1c3c,0.5750000000000001,10.0,10.255102040816327,current,physical_more_permissive,30.0,30.27551020408163,current,physical_more_permissive,28.571428571428573,85.71428571428571,245.0,411.6,28.571428571428573
unverified_98s_10kwh_1c3c,0.5800000000000001,10.0,10.269387755102041,current,physical_more_permissive,30.0,30.31836734693877,current,physical_more_permissive,28.571428571428573,85.71428571428571,245.0,411.6,28.571428571428573
unverified_98s_10kwh_1c3c,0.5850000000000001,10.0,10.283673469387756,current,physical_more_permissive,30.0,30.361224489795916,current,physical_more_permissive,28.571428571428573,85.71428571428571,245.0,411.6,28.571428571428573
unverified_98s_10kwh_1c3c,0.5900000000000001,10.0,10.297959183673468,current,physical_more_permissive,30.0,30.404081632653057,current,physical_more_permissive,28.571428571428573,85.71428571428571,245.0,411.6,28.571428571428573
unverified_98s_10kwh_1c3c,0.5950000000000001,10.0,10.312244897959184,current,physical_more_permissive,30.0,30.446938775510205,current,physical_more_permissive,28.571428571428573,85.71428571428571,245.0,411.6,28.571428571428573
unverified_98s_10kwh_1c3c,0.6000000000000001,10.0,10.326530612244898,current,physical_more_permissive,30.0,30.489795918367346,current,physical_more_permissive,28.571428571428573,85.71428571428571,245.0,411.6,28.571428571428573
unverified_98s_10kwh_1c3c,0.6050000000000001,10.0,10.340816326530613,current,physical_more_permissive,30.0,30.532653061224487,current,physical_more_permissive,28.571428571428573,85.71428571428571,245.0,411.6,28.571428571428573
unverified_98s_10kwh_1c3c,0.6100000000000001,10.0,10.355102040816327,current,physical_more_permissive,30.0,30.57551020408163,current,physical_more_permissive,28.571428571428573,85.71428571428571,245.0,411.6,28.571428571428573
unverified_98s_10kwh_1c3c,0.6150000000000001,10.0,10.369387755102041,current,physical_more_permissive,30.0,30.618367346938772,current,physical_more_permissive,28.571428571428573,85.71428571428571,245.0,411.6,28.571428571428573
unverified_98s_10kwh_1c3c,0.6200000000000001,10.0,10.383673469387755,current,physical_more_permissive,30.0,30.661224489795917,current,physical_more_permissive,28.571428571428573,85.71428571428571,245.0,411.6,28.571428571428573
unverified_98s_10kwh_1c3c,0.6250000000000001,10.0,10.39795918367347,current,physical_more_permissive,30.0,30.704081632653057,current,physical_more_permissive,28.571428571428573,85.71428571428571,245.0,411.6,28.571428571428573
unverified_98s_10kwh_1c3c,0.63,10.0,10.412244897959184,current,physical_more_permissive,30.0,30.746938775510202,current,physical_more_permissive,28.571428571428573,85.71428571428571,245.0,411.6,28.571428571428573
unverified_98s_10kwh_1c3c,0.635,10.0,10.426530612244898,current,physical_more_permissive,30.0,30.789795918367346,current,physical_more_permissive,28.571428571428573,85.71428571428571,245.0,411.6,28.571428571428573
unverified_98s_10kwh_1c3c,0.64,10.0,10.440816326530612,current,physical_more_permissive,30.0,30.832653061224487,current,physical_more_permissive,28.571428571428573,85.71428571428571,245.0,411.6,28.571428571428573
unverified_98s_10kwh_1c3c,0.645,10.0,10.455102040816328,current,physical_more_permissive,30.0,30.875510204081632,current,physical_more_permissive,28.571428571428573,85.71428571428571,245.0,411.6,28.571428571428573
unverified_98s_10kwh_1c3c,0.65,10.0,10.46938775510204,current,physical_more_permissive,30.0,30.918367346938773,current,physical_more_permissive,28.571428571428573,85.71428571428571,245.0,411.6,28.571428571428573
unverified_98s_10kwh_1c3c,0.655,10.0,10.483673469387755,current,physical_more_permissive,30.0,30.961224489795917,current,physical_more_permissive,28.571428571428573,85.71428571428571,245.0,411.6,28.571428571428573
unverified_98s_10kwh_1c3c,0.66,10.0,10.49795918367347,current,physical_more_permissive,30.0,31.004081632653058,current,physical_more_permissive,28.571428571428573,85.71428571428571,245.0,411.6,28.571428571428573
unverified_98s_10kwh_1c3c,0.665,10.0,10.512244897959185,current,physical_more_permissive,30.0,31.046938775510203,current,physical_more_permissive,28.571428571428573,85.71428571428571,245.0,411.6,28.571428571428573
unverified_98s_10kwh_1c3c,0.67,10.0,10.526530612244898,current,physical_more_permissive,30.0,31.089795918367344,current,physical_more_permissive,28.571428571428573,85.71428571428571,245.0,411.6,28.571428571428573
unverified_98s_10kwh_1c3c,0.675,10.0,10.540816326530612,current,physical_more_permissive,30.0,31.132653061224485,current,physical_more_permissive,28.571428571428573,85.71428571428571,245.0,411.6,28.571428571428573
unverified_98s_10kwh_1c3c,0.68,10.0,10.555102040816328,current,physical_more_permissive,30.0,31.175510204081633,current,physical_more_permissive,28.571428571428573,85.71428571428571,245.0,411.6,28.571428571428573
unverified_98s_10kwh_1c3c,0.685,10.0,10.569387755102042,current,physical_more_permissive,30.0,31.218367346938773,current,physical_more_permissive,28.571428571428573,85.71428571428571,245.0,411.6,28.571428571428573
unverified_98s_10kwh_1c3c,0.6900000000000001,10.0,10.583673469387755,current,physical_more_permissive,30.0,31.261224489795918,current,physical_more_permissive,28.571428571428573,85.71428571428571,245.0,411.6,28.571428571428573
unverified_98s_10kwh_1c3c,0.6950000000000001,10.0,10.597959183673469,current,physical_more_permissive,30.0,31.30408163265306,current,physical_more_permissive,28.571428571428573,85.71428571428571,245.0,411.6,28.571428571428573
unverified_98s_10kwh_1c3c,0.7000000000000001,10.0,10.612244897959185,current,physical_more_permissive,30.0,31.346938775510203,current,physical_more_permissive,28.571428571428573,85.71428571428571,245.0,411.6,28.571428571428573
unverified_98s_10kwh_1c3c,0.7050000000000001,10.0,10.626530612244899,current,physical_more_permissive,30.0,31.389795918367344,current,physical_more_permissive,28.571428571428573,85.71428571428571,245.0,411.6,28.571428571428573
unverified_98s_10kwh_1c3c,0.7100000000000001,10.0,10.640816326530611,current,physical_more_permissive,30.0,31.432653061224485,current,physical_more_permissive,28.571428571428573,85.71428571428571,245.0,411.6,28.571428571428573
unverified_98s_10kwh_1c3c,0.7150000000000001,10.0,10.655102040816328,current,physical_more_permissive,30.0,31.47551020408163,current,physical_more_permissive,28.571428571428573,85.71428571428571,245.0,411.6,28.571428571428573
unverified_98s_10kwh_1c3c,0.7200000000000001,10.0,10.669387755102042,current,physical_more_permissive,30.0,31.51836734693877,current,physical_more_permissive,28.571428571428573,85.71428571428571,245.0,411.6,28.571428571428573
unverified_98s_10kwh_1c3c,0.7250000000000001,10.0,10.683673469387756,current,physical_more_permissive,30.0,31.56122448979592,current,physical_more_permissive,28.571428571428573,85.71428571428571,245.0,411.6,28.571428571428573
unverified_98s_10kwh_1c3c,0.7300000000000001,10.0,10.697959183673468,current,physical_more_permissive,30.0,31.60408163265306,current,physical_more_permissive,28.571428571428573,85.71428571428571,245.0,411.6,28.571428571428573
unverified_98s_10kwh_1c3c,0.7350000000000001,10.0,10.712244897959184,current,physical_more_permissive,30.0,31.646938775510204,current,physical_more_permissive,28.571428571428573,85.71428571428571,245.0,411.6,28.571428571428573
unverified_98s_10kwh_1c3c,0.7400000000000001,10.0,10.726530612244899,current,physical_more_permissive,30.0,31.689795918367345,current,physical_more_permissive,28.571428571428573,85.71428571428571,245.0,411.6,28.571428571428573
unverified_98s_10kwh_1c3c,0.7450000000000001,10.0,10.740816326530613,current,physical_more_permissive,30.0,31.732653061224486,current,physical_more_permissive,28.571428571428573,85.71428571428571,245.0,411.6,28.571428571428573
unverified_98s_10kwh_1c3c,0.7500000000000001,10.0,10.755102040816327,current,physical_more_permissive,30.0,31.77551020408163,current,physical_more_permissive,28.571428571428573,85.71428571428571,245.0,411.6,28.571428571428573
unverified_98s_10kwh_1c3c,0.755,10.0,10.769387755102041,current,physical_more_permissive,30.0,31.81836734693877,current,physical_more_permissive,28.571428571428573,85.71428571428571,245.0,411.6,28.571428571428573
unverified_98s_10kwh_1c3c,0.76,10.0,10.783673469387756,current,physical_more_permissive,30.0,31.861224489795916,current,physical_more_permissive,28.571428571428573,85.71428571428571,245.0,411.6,28.571428571428573
unverified_98s_10kwh_1c3c,0.765,10.0,10.797959183673468,current,physical_more_permissive,30.0,31.904081632653057,current,physical_more_permissive,28.571428571428573,85.71428571428571,245.0,411.6,28.571428571428573
unverified_98s_10kwh_1c3c,0.77,10.0,10.812244897959184,current,physical_more_permissive,30.0,31.946938775510205,current,physical_more_permissive,28.571428571428573,85.71428571428571,245.0,411.6,28.571428571428573
unverified_98s_10kwh_1c3c,0.775,10.0,10.826530612244898,current,physical_more_permissive,30.0,31.989795918367346,current,physical_more_permissive,28.571428571428573,85.71428571428571,245.0,411.6,28.571428571428573
unverified_98s_10kwh_1c3c,0.78,10.0,10.840816326530613,current,physical_more_permissive,30.0,32.03265306122449,current,physical_more_permissive,28.571428571428573,85.71428571428571,245.0,411.6,28.571428571428573
unverified_98s_10kwh_1c3c,0.785,10.0,10.855102040816327,current,physical_more_permissive,30.0,32.07551020408163,current,physical_more_permissive,28.571428571428573,85.71428571428571,245.0,411.6,28.571428571428573
unverified_98s_10kwh_1c3c,0.79,10.0,10.869387755102041,current,physical_more_permissive,30.0,32.118367346938776,current,physical_more_permissive,28.571428571428573,85.71428571428571,245.0,411.6,28.571428571428573
unverified_98s_10kwh_1c3c,0.795,10.0,10.883673469387755,current,physical_more_permissive,30.0,32.16122448979592,current,physical_more_permissive,28.571428571428573,85.71428571428571,245.0,411.6,28.571428571428573
unverified_98s_10kwh_1c3c,0.8,10.0,10.89795918367347,current,physical_more_permissive,30.0,32.20408163265306,current,physical_more_permissive,28.571428571428573,85.71428571428571,245.0,411.6,28.571428571428573
unverified_98s_10kwh_1c3c,0.805,10.0,10.912244897959184,current,physical_more_permissive,30.0,32.2469387755102,current,physical_more_permissive,28.571428571428573,85.71428571428571,245.0,411.6,28.571428571428573
unverified_98s_10kwh_1c3c,0.81,10.0,10.926530612244898,current,physical_more_permissive,30.0,32.289795918367346,current,physical_more_permissive,28.571428571428573,85.71428571428571,245.0,411.6,28.571428571428573
unverified_98s_10kwh_1c3c,0.8150000000000001,10.0,10.940816326530612,current,physical_more_permissive,30.0,32.332653061224484,current,physical_more_permissive,28.571428571428573,85.71428571428571,245.0,411.6,28.571428571428573
unverified_98s_10kwh_1c3c,0.8200000000000001,10.0,10.955102040816328,current,physical_more_permissive,30.0,32.37551020408163,current,physical_more_permissive,28.571428571428573,85.71428571428571,245.0,411.6,28.571428571428573
unverified_98s_10kwh_1c3c,0.8250000000000001,10.0,10.96938775510204,current,physical_more_permissive,30.0,32.41836734693877,current,physical_more_permissive,28.571428571428573,85.71428571428571,245.0,411.6,28.571428571428573
unverified_98s_10kwh_1c3c,0.8300000000000001,10.0,10.983673469387755,current,physical_more_permissive,30.0,32.46122448979592,current,physical_more_permissive,28.571428571428573,85.71428571428571,245.0,411.6,28.571428571428573
unverified_98s_10kwh_1c3c,0.8350000000000001,10.0,10.99795918367347,current,physical_more_permissive,30.0,32.50408163265306,current,physical_more_permissive,28.571428571428573,85.71428571428571,245.0,411.6,28.571428571428573
unverified_98s_10kwh_1c3c,0.8400000000000001,10.0,11.012244897959185,current,physical_more_permissive,30.0,32.5469387755102,current,physical_more_permissive,28.571428571428573,85.71428571428571,245.0,411.6,28.571428571428573
unverified_98s_10kwh_1c3c,0.8450000000000001,10.0,11.026530612244898,current,physical_more_permissive,30.0,32.589795918367344,current,physical_more_permissive,28.571428571428573,85.71428571428571,245.0,411.6,28.571428571428573
unverified_98s_10kwh_1c3c,0.8500000000000001,10.0,11.040816326530612,current,physical_more_permissive,30.0,32.63265306122449,current,physical_more_permissive,28.571428571428573,85.71428571428571,245.0,411.6,28.571428571428573
unverified_98s_10kwh_1c3c,0.8550000000000001,10.0,11.055102040816328,current,physical_more_permissive,30.0,32.675510204081625,current,physical_more_permissive,28.571428571428573,85.71428571428571,245.0,411.6,28.571428571428573
unverified_98s_10kwh_1c3c,0.8600000000000001,10.0,11.069387755102042,current,physical_more_permissive,30.0,32.71836734693877,current,physical_more_permissive,28.571428571428573,85.71428571428571,245.0,411.6,28.571428571428573
unverified_98s_10kwh_1c3c,0.8650000000000001,10.0,11.083673469387755,current,physical_more_permissive,30.0,32.761224489795914,current,physical_more_permissive,28.571428571428573,85.71428571428571,245.0,411.6,28.571428571428573
unverified_98s_10kwh_1c3c,0.8700000000000001,10.0,11.097959183673469,current,physical_more_permissive,30.0,32.80408163265306,current,physical_more_permissive,28.571428571428573,85.71428571428571,245.0,411.6,28.571428571428573
unverified_98s_10kwh_1c3c,0.8750000000000001,10.0,11.112244897959185,current,physical_more_permissive,30.0,32.846938775510196,current,physical_more_permissive,28.571428571428573,85.71428571428571,245.0,411.6,28.571428571428573
unverified_98s_10kwh_1c3c,0.8800000000000001,10.0,11.126530612244899,current,physical_more_permissive,30.0,32.88979591836735,current,physical_more_permissive,28.571428571428573,85.71428571428571,245.0,411.6,28.571428571428573
unverified_98s_10kwh_1c3c,0.885,10.0,11.140816326530611,current,physical_more_permissive,30.0,32.93265306122449,current,physical_more_permissive,28.571428571428573,85.71428571428571,245.0,411.6,28.571428571428573
unverified_98s_10kwh_1c3c,0.89,10.0,11.155102040816328,current,physical_more_permissive,30.0,32.97551020408163,current,physical_more_permissive,28.571428571428573,85.71428571428571,245.0,411.6,28.571428571428573
unverified_98s_10kwh_1c3c,0.895,10.0,11.169387755102042,current,physical_more_permissive,30.0,33.018367346938774,current,physical_more_permissive,28.571428571428573,85.71428571428571,245.0,411.6,28.571428571428573
unverified_98s_10kwh_1c3c,0.9,10.0,11.183673469387756,current,physical_more_permissive,30.0,33.06122448979592,current,physical_more_permissive,28.571428571428573,85.71428571428571,245.0,411.6,28.571428571428573
unverified_98s_10kwh_1c3c,0.905,10.0,11.197959183673468,current,physical_more_permissive,30.0,33.10408163265306,current,physical_more_permissive,28.571428571428573,85.71428571428571,245.0,411.6,28.571428571428573
unverified_98s_10kwh_1c3c,0.91,10.0,11.212244897959184,current,physical_more_permissive,30.0,33.1469387755102,current,physical_more_permissive,28.571428571428573,85.71428571428571,245.0,411.6,28.571428571428573
unverified_98s_10kwh_1c3c,0.915,10.0,11.226530612244899,current,physical_more_permissive,30.0,33.189795918367345,current,physical_more_permissive,28.571428571428573,85.71428571428571,245.0,411.6,28.571428571428573
unverified_98s_10kwh_1c3c,0.92,10.0,11.240816326530613,current,physical_more_permissive,30.0,33.23265306122449,current,physical_more_permissive,28.571428571428573,85.71428571428571,245.0,411.6,28.571428571428573
unverified_98s_10kwh_1c3c,0.925,10.0,11.255102040816327,current,physical_more_permissive,30.0,33.27551020408163,current,physical_more_permissive,28.571428571428573,85.71428571428571,245.0,411.6,28.571428571428573
unverified_98s_10kwh_1c3c,0.93,10.0,11.269387755102041,current,physical_more_permissive,30.0,33.31836734693877,current,physical_more_permissive,28.571428571428573,85.71428571428571,245.0,411.6,28.571428571428573
unverified_98s_10kwh_1c3c,0.935,10.0,11.283673469387756,current,physical_more_permissive,30.0,33.361224489795916,current,physical_more_permissive,28.571428571428573,85.71428571428571,245.0,411.6,28.571428571428573
unverified_98s_10kwh_1c3c,0.9400000000000001,10.0,11.297959183673468,current,physical_more_permissive,30.0,33.40408163265306,current,physical_more_permissive,28.571428571428573,85.71428571428571,245.0,411.6,28.571428571428573
unverified_98s_10kwh_1c3c,0.9450000000000001,10.0,11.312244897959184,current,physical_more_permissive,30.0,33.4469387755102,current,physical_more_permissive,28.571428571428573,85.71428571428571,245.0,411.6,28.571428571428573
unverified_98s_10kwh_1c3c,0.9500000000000001,10.0,11.326530612244898,current,physical_more_permissive,30.0,33.48979591836734,current,physical_more_permissive,28.571428571428573,85.71428571428571,245.0,411.6,28.571428571428573
unverified_98s_10kwh_1c3c,0.9550000000000001,10.0,11.340816326530613,current,physical_more_permissive,30.0,33.53265306122449,current,physical_more_permissive,28.571428571428573,85.71428571428571,245.0,411.6,28.571428571428573
unverified_98s_10kwh_1c3c,0.9600000000000001,10.0,11.355102040816327,current,physical_more_permissive,30.0,33.575510204081624,current,physical_more_permissive,28.571428571428573,85.71428571428571,245.0,411.6,28.571428571428573
unverified_98s_10kwh_1c3c,0.9650000000000001,10.0,11.369387755102041,current,physical_more_permissive,30.0,33.618367346938776,current,physical_more_permissive,28.571428571428573,85.71428571428571,245.0,411.6,28.571428571428573
unverified_98s_10kwh_1c3c,0.9700000000000001,10.0,11.383673469387755,current,physical_more_permissive,30.0,33.66122448979592,current,physical_more_permissive,28.571428571428573,85.71428571428571,245.0,411.6,28.571428571428573
unverified_98s_10kwh_1c3c,0.9750000000000001,10.0,11.39795918367347,current,physical_more_permissive,30.0,33.704081632653065,current,physical_more_permissive,28.571428571428573,85.71428571428571,245.0,411.6,28.571428571428573
unverified_98s_10kwh_1c3c,0.9800000000000001,10.0,11.412244897959184,current,physical_more_permissive,30.0,33.7469387755102,current,physical_more_permissive,28.571428571428573,85.71428571428571,245.0,411.6,28.571428571428573
unverified_98s_10kwh_1c3c,0.9850000000000001,10.0,11.426530612244898,current,physical_more_permissive,30.0,33.789795918367346,current,physical_more_permissive,28.571428571428573,85.71428571428571,245.0,411.6,28.571428571428573
unverified_98s_10kwh_1c3c,0.9900000000000001,10.0,11.440816326530612,current,physical_more_permissive,30.0,33.83265306122449,current,physical_more_permissive,28.571428571428573,85.71428571428571,245.0,411.6,28.571428571428573
unverified_98s_10kwh_1c3c,0.9950000000000001,10.0,11.455102040816328,current,physical_more_permissive,30.0,33.87551020408163,current,physical_more_permissive,28.571428571428573,85.71428571428571,245.0,411.6,28.571428571428573
unverified_98s_10kwh_1c3c,1.0,0.0,0.0,soc_boundary,equal,30.0,33.91836734693877,current,physical_more_permissive,28.571428571428573,85.71428571428571,245.0,411.6,28.571428571428573
unverified_97s_10kwh_0p5c1c,0.05,10.0,4.367346938775511,current,physical_less_permissive,0.0,0.0,soc_boundary,equal,14.285714285714286,28.571428571428573,242.5,407.40000000000003,28.571428571428573
unverified_97s_10kwh_0p5c1c,0.055,10.0,4.374489795918368,current,physical_less_permissive,30.0,8.687755102040818,current,physical_less_permissive,14.285714285714286,28.571428571428573,242.5,407.40000000000003,28.571428571428573
unverified_97s_10kwh_0p5c1c,0.060000000000000005,10.0,4.381632653061225,current,physical_less_permissive,30.0,8.702040816326532,current,physical_less_permissive,14.285714285714286,28.571428571428573,242.5,407.40000000000003,28.571428571428573
unverified_97s_10kwh_0p5c1c,0.065,10.0,4.3887755102040815,current,physical_less_permissive,30.0,8.716326530612244,current,physical_less_permissive,14.285714285714286,28.571428571428573,242.5,407.40000000000003,28.571428571428573
unverified_97s_10kwh_0p5c1c,0.07,10.0,4.3959183673469395,current,physical_less_permissive,30.0,8.73061224489796,current,physical_less_permissive,14.285714285714286,28.571428571428573,242.5,407.40000000000003,28.571428571428573
unverified_97s_10kwh_0p5c1c,0.07500000000000001,10.0,4.403061224489797,current,physical_less_permissive,30.0,8.744897959183675,current,physical_less_permissive,14.285714285714286,28.571428571428573,242.5,407.40000000000003,28.571428571428573
unverified_97s_10kwh_0p5c1c,0.08,10.0,4.410204081632654,current,physical_less_permissive,30.0,8.759183673469387,current,physical_less_permissive,14.285714285714286,28.571428571428573,242.5,407.40000000000003,28.571428571428573
unverified_97s_10kwh_0p5c1c,0.085,10.0,4.417346938775511,current,physical_less_permissive,30.0,8.773469387755103,current,physical_less_permissive,14.285714285714286,28.571428571428573,242.5,407.40000000000003,28.571428571428573
unverified_97s_10kwh_0p5c1c,0.09,10.0,4.424489795918368,current,physical_less_permissive,30.0,8.787755102040817,current,physical_less_permissive,14.285714285714286,28.571428571428573,242.5,407.40000000000003,28.571428571428573
unverified_97s_10kwh_0p5c1c,0.095,10.0,4.431632653061225,current,physical_less_permissive,30.0,8.802040816326532,current,physical_less_permissive,14.285714285714286,28.571428571428573,242.5,407.40000000000003,28.571428571428573
unverified_97s_10kwh_0p5c1c,0.1,10.0,4.438775510204082,current,physical_less_permissive,30.0,8.816326530612244,current,physical_less_permissive,14.285714285714286,28.571428571428573,242.5,407.40000000000003,28.571428571428573
unverified_97s_10kwh_0p5c1c,0.10500000000000001,10.0,4.445918367346939,current,physical_less_permissive,30.0,8.83061224489796,current,physical_less_permissive,14.285714285714286,28.571428571428573,242.5,407.40000000000003,28.571428571428573
unverified_97s_10kwh_0p5c1c,0.11,10.0,4.4530612244897965,current,physical_less_permissive,30.0,8.844897959183674,current,physical_less_permissive,14.285714285714286,28.571428571428573,242.5,407.40000000000003,28.571428571428573
unverified_97s_10kwh_0p5c1c,0.115,10.0,4.460204081632654,current,physical_less_permissive,30.0,8.859183673469389,current,physical_less_permissive,14.285714285714286,28.571428571428573,242.5,407.40000000000003,28.571428571428573
unverified_97s_10kwh_0p5c1c,0.12000000000000001,10.0,4.467346938775512,current,physical_less_permissive,30.0,8.873469387755103,current,physical_less_permissive,14.285714285714286,28.571428571428573,242.5,407.40000000000003,28.571428571428573
unverified_97s_10kwh_0p5c1c,0.125,10.0,4.474489795918368,current,physical_less_permissive,30.0,8.887755102040817,current,physical_less_permissive,14.285714285714286,28.571428571428573,242.5,407.40000000000003,28.571428571428573
unverified_97s_10kwh_0p5c1c,0.13,10.0,4.481632653061225,current,physical_less_permissive,30.0,8.902040816326531,current,physical_less_permissive,14.285714285714286,28.571428571428573,242.5,407.40000000000003,28.571428571428573
unverified_97s_10kwh_0p5c1c,0.135,10.0,4.488775510204082,current,physical_less_permissive,30.0,8.916326530612245,current,physical_less_permissive,14.285714285714286,28.571428571428573,242.5,407.40000000000003,28.571428571428573
unverified_97s_10kwh_0p5c1c,0.14,10.0,4.49591836734694,current,physical_less_permissive,30.0,8.93061224489796,current,physical_less_permissive,14.285714285714286,28.571428571428573,242.5,407.40000000000003,28.571428571428573
unverified_97s_10kwh_0p5c1c,0.14500000000000002,10.0,4.503061224489796,current,physical_less_permissive,30.0,8.944897959183674,current,physical_less_permissive,14.285714285714286,28.571428571428573,242.5,407.40000000000003,28.571428571428573
unverified_97s_10kwh_0p5c1c,0.15000000000000002,10.0,4.510204081632653,current,physical_less_permissive,30.0,8.959183673469388,current,physical_less_permissive,14.285714285714286,28.571428571428573,242.5,407.40000000000003,28.571428571428573
unverified_97s_10kwh_0p5c1c,0.155,10.0,4.517346938775511,current,physical_less_permissive,30.0,8.973469387755104,current,physical_less_permissive,14.285714285714286,28.571428571428573,242.5,407.40000000000003,28.571428571428573
unverified_97s_10kwh_0p5c1c,0.16,10.0,4.5244897959183685,current,physical_less_permissive,30.0,8.987755102040817,current,physical_less_permissive,14.285714285714286,28.571428571428573,242.5,407.40000000000003,28.571428571428573
unverified_97s_10kwh_0p5c1c,0.165,10.0,4.531632653061225,current,physical_less_permissive,30.0,9.00204081632653,current,physical_less_permissive,14.285714285714286,28.571428571428573,242.5,407.40000000000003,28.571428571428573
unverified_97s_10kwh_0p5c1c,0.16999999999999998,10.0,4.538775510204082,current,physical_less_permissive,30.0,9.016326530612245,current,physical_less_permissive,14.285714285714286,28.571428571428573,242.5,407.40000000000003,28.571428571428573
unverified_97s_10kwh_0p5c1c,0.175,10.0,4.54591836734694,current,physical_less_permissive,30.0,9.030612244897961,current,physical_less_permissive,14.285714285714286,28.571428571428573,242.5,407.40000000000003,28.571428571428573
unverified_97s_10kwh_0p5c1c,0.18,10.0,4.553061224489797,current,physical_less_permissive,30.0,9.044897959183674,current,physical_less_permissive,14.285714285714286,28.571428571428573,242.5,407.40000000000003,28.571428571428573
unverified_97s_10kwh_0p5c1c,0.185,10.0,4.560204081632653,current,physical_less_permissive,30.0,9.059183673469388,current,physical_less_permissive,14.285714285714286,28.571428571428573,242.5,407.40000000000003,28.571428571428573
unverified_97s_10kwh_0p5c1c,0.19,10.0,4.567346938775511,current,physical_less_permissive,30.0,9.073469387755104,current,physical_less_permissive,14.285714285714286,28.571428571428573,242.5,407.40000000000003,28.571428571428573
unverified_97s_10kwh_0p5c1c,0.195,10.0,4.574489795918368,current,physical_less_permissive,30.0,9.087755102040818,current,physical_less_permissive,14.285714285714286,28.571428571428573,242.5,407.40000000000003,28.571428571428573
unverified_97s_10kwh_0p5c1c,0.2,10.0,4.5816326530612255,current,physical_less_permissive,30.0,9.10204081632653,current,physical_less_permissive,14.285714285714286,28.571428571428573,242.5,407.40000000000003,28.571428571428573
unverified_97s_10kwh_0p5c1c,0.20500000000000002,10.0,4.588775510204082,current,physical_less_permissive,30.0,9.116326530612245,current,physical_less_permissive,14.285714285714286,28.571428571428573,242.5,407.40000000000003,28.571428571428573
unverified_97s_10kwh_0p5c1c,0.21000000000000002,10.0,4.59591836734694,current,physical_less_permissive,30.0,9.13061224489796,current,physical_less_permissive,14.285714285714286,28.571428571428573,242.5,407.40000000000003,28.571428571428573
unverified_97s_10kwh_0p5c1c,0.21500000000000002,10.0,4.603061224489797,current,physical_less_permissive,30.0,9.144897959183675,current,physical_less_permissive,14.285714285714286,28.571428571428573,242.5,407.40000000000003,28.571428571428573
unverified_97s_10kwh_0p5c1c,0.22000000000000003,10.0,4.610204081632653,current,physical_less_permissive,30.0,9.159183673469387,current,physical_less_permissive,14.285714285714286,28.571428571428573,242.5,407.40000000000003,28.571428571428573
unverified_97s_10kwh_0p5c1c,0.22500000000000003,10.0,4.617346938775511,current,physical_less_permissive,30.0,9.173469387755103,current,physical_less_permissive,14.285714285714286,28.571428571428573,242.5,407.40000000000003,28.571428571428573
unverified_97s_10kwh_0p5c1c,0.22999999999999998,10.0,4.624489795918368,current,physical_less_permissive,30.0,9.187755102040818,current,physical_less_permissive,14.285714285714286,28.571428571428573,242.5,407.40000000000003,28.571428571428573
unverified_97s_10kwh_0p5c1c,0.235,10.0,4.631632653061225,current,physical_less_permissive,30.0,9.202040816326532,current,physical_less_permissive,14.285714285714286,28.571428571428573,242.5,407.40000000000003,28.571428571428573
unverified_97s_10kwh_0p5c1c,0.24,10.0,4.6387755102040815,current,physical_less_permissive,30.0,9.216326530612244,current,physical_less_permissive,14.285714285714286,28.571428571428573,242.5,407.40000000000003,28.571428571428573
unverified_97s_10kwh_0p5c1c,0.245,10.0,4.6459183673469395,current,physical_less_permissive,30.0,9.23061224489796,current,physical_less_permissive,14.285714285714286,28.571428571428573,242.5,407.40000000000003,28.571428571428573
unverified_97s_10kwh_0p5c1c,0.25,10.0,4.653061224489797,current,physical_less_permissive,30.0,9.244897959183675,current,physical_less_permissive,14.285714285714286,28.571428571428573,242.5,407.40000000000003,28.571428571428573
unverified_97s_10kwh_0p5c1c,0.255,10.0,4.660204081632654,current,physical_less_permissive,30.0,9.259183673469387,current,physical_less_permissive,14.285714285714286,28.571428571428573,242.5,407.40000000000003,28.571428571428573
unverified_97s_10kwh_0p5c1c,0.26,10.0,4.667346938775511,current,physical_less_permissive,30.0,9.273469387755103,current,physical_less_permissive,14.285714285714286,28.571428571428573,242.5,407.40000000000003,28.571428571428573
unverified_97s_10kwh_0p5c1c,0.265,10.0,4.674489795918368,current,physical_less_permissive,30.0,9.287755102040817,current,physical_less_permissive,14.285714285714286,28.571428571428573,242.5,407.40000000000003,28.571428571428573
unverified_97s_10kwh_0p5c1c,0.27,10.0,4.681632653061225,current,physical_less_permissive,30.0,9.302040816326532,current,physical_less_permissive,14.285714285714286,28.571428571428573,242.5,407.40000000000003,28.571428571428573
unverified_97s_10kwh_0p5c1c,0.275,10.0,4.688775510204082,current,physical_less_permissive,30.0,9.316326530612244,current,physical_less_permissive,14.285714285714286,28.571428571428573,242.5,407.40000000000003,28.571428571428573
unverified_97s_10kwh_0p5c1c,0.28,10.0,4.695918367346939,current,physical_less_permissive,30.0,9.33061224489796,current,physical_less_permissive,14.285714285714286,28.571428571428573,242.5,407.40000000000003,28.571428571428573
unverified_97s_10kwh_0p5c1c,0.28500000000000003,10.0,4.7030612244897965,current,physical_less_permissive,30.0,9.344897959183674,current,physical_less_permissive,14.285714285714286,28.571428571428573,242.5,407.40000000000003,28.571428571428573
unverified_97s_10kwh_0p5c1c,0.29,10.0,4.710204081632654,current,physical_less_permissive,30.0,9.359183673469389,current,physical_less_permissive,14.285714285714286,28.571428571428573,242.5,407.40000000000003,28.571428571428573
unverified_97s_10kwh_0p5c1c,0.295,10.0,4.717346938775512,current,physical_less_permissive,30.0,9.373469387755103,current,physical_less_permissive,14.285714285714286,28.571428571428573,242.5,407.40000000000003,28.571428571428573
unverified_97s_10kwh_0p5c1c,0.3,10.0,4.724489795918368,current,physical_less_permissive,30.0,9.387755102040817,current,physical_less_permissive,14.285714285714286,28.571428571428573,242.5,407.40000000000003,28.571428571428573
unverified_97s_10kwh_0p5c1c,0.305,10.0,4.731632653061225,current,physical_less_permissive,30.0,9.402040816326531,current,physical_less_permissive,14.285714285714286,28.571428571428573,242.5,407.40000000000003,28.571428571428573
unverified_97s_10kwh_0p5c1c,0.31,10.0,4.738775510204082,current,physical_less_permissive,30.0,9.416326530612245,current,physical_less_permissive,14.285714285714286,28.571428571428573,242.5,407.40000000000003,28.571428571428573
unverified_97s_10kwh_0p5c1c,0.315,10.0,4.74591836734694,current,physical_less_permissive,30.0,9.43061224489796,current,physical_less_permissive,14.285714285714286,28.571428571428573,242.5,407.40000000000003,28.571428571428573
unverified_97s_10kwh_0p5c1c,0.32,10.0,4.753061224489796,current,physical_less_permissive,30.0,9.444897959183674,current,physical_less_permissive,14.285714285714286,28.571428571428573,242.5,407.40000000000003,28.571428571428573
unverified_97s_10kwh_0p5c1c,0.325,10.0,4.760204081632653,current,physical_less_permissive,30.0,9.459183673469388,current,physical_less_permissive,14.285714285714286,28.571428571428573,242.5,407.40000000000003,28.571428571428573
unverified_97s_10kwh_0p5c1c,0.33,10.0,4.767346938775511,current,physical_less_permissive,30.0,9.473469387755104,current,physical_less_permissive,14.285714285714286,28.571428571428573,242.5,407.40000000000003,28.571428571428573
unverified_97s_10kwh_0p5c1c,0.335,10.0,4.7744897959183685,current,physical_less_permissive,30.0,9.487755102040817,current,physical_less_permissive,14.285714285714286,28.571428571428573,242.5,407.40000000000003,28.571428571428573
unverified_97s_10kwh_0p5c1c,0.33999999999999997,10.0,4.781632653061225,current,physical_less_permissive,30.0,9.50204081632653,current,physical_less_permissive,14.285714285714286,28.571428571428573,242.5,407.40000000000003,28.571428571428573
unverified_97s_10kwh_0p5c1c,0.345,10.0,4.788775510204082,current,physical_less_permissive,30.0,9.516326530612245,current,physical_less_permissive,14.285714285714286,28.571428571428573,242.5,407.40000000000003,28.571428571428573
unverified_97s_10kwh_0p5c1c,0.35,10.0,4.79591836734694,current,physical_less_permissive,30.0,9.530612244897961,current,physical_less_permissive,14.285714285714286,28.571428571428573,242.5,407.40000000000003,28.571428571428573
unverified_97s_10kwh_0p5c1c,0.355,10.0,4.803061224489797,current,physical_less_permissive,30.0,9.544897959183674,current,physical_less_permissive,14.285714285714286,28.571428571428573,242.5,407.40000000000003,28.571428571428573
unverified_97s_10kwh_0p5c1c,0.36,10.0,4.810204081632653,current,physical_less_permissive,30.0,9.559183673469388,current,physical_less_permissive,14.285714285714286,28.571428571428573,242.5,407.40000000000003,28.571428571428573
unverified_97s_10kwh_0p5c1c,0.365,10.0,4.817346938775511,current,physical_less_permissive,30.0,9.573469387755104,current,physical_less_permissive,14.285714285714286,28.571428571428573,242.5,407.40000000000003,28.571428571428573
unverified_97s_10kwh_0p5c1c,0.37,10.0,4.824489795918368,current,physical_less_permissive,30.0,9.587755102040818,current,physical_less_permissive,14.285714285714286,28.571428571428573,242.5,407.40000000000003,28.571428571428573
unverified_97s_10kwh_0p5c1c,0.375,10.0,4.8316326530612255,current,physical_less_permissive,30.0,9.60204081632653,current,physical_less_permissive,14.285714285714286,28.571428571428573,242.5,407.40000000000003,28.571428571428573
unverified_97s_10kwh_0p5c1c,0.38,10.0,4.838775510204082,current,physical_less_permissive,30.0,9.616326530612245,current,physical_less_permissive,14.285714285714286,28.571428571428573,242.5,407.40000000000003,28.571428571428573
unverified_97s_10kwh_0p5c1c,0.385,10.0,4.84591836734694,current,physical_less_permissive,30.0,9.63061224489796,current,physical_less_permissive,14.285714285714286,28.571428571428573,242.5,407.40000000000003,28.571428571428573
unverified_97s_10kwh_0p5c1c,0.39,10.0,4.853061224489797,current,physical_less_permissive,30.0,9.644897959183675,current,physical_less_permissive,14.285714285714286,28.571428571428573,242.5,407.40000000000003,28.571428571428573
unverified_97s_10kwh_0p5c1c,0.395,10.0,4.860204081632653,current,physical_less_permissive,30.0,9.659183673469387,current,physical_less_permissive,14.285714285714286,28.571428571428573,242.5,407.40000000000003,28.571428571428573
unverified_97s_10kwh_0p5c1c,0.4,10.0,4.867346938775511,current,physical_less_permissive,30.0,9.673469387755103,current,physical_less_permissive,14.285714285714286,28.571428571428573,242.5,407.40000000000003,28.571428571428573
unverified_97s_10kwh_0p5c1c,0.40499999999999997,10.0,4.874489795918368,current,physical_less_permissive,30.0,9.687755102040818,current,physical_less_permissive,14.285714285714286,28.571428571428573,242.5,407.40000000000003,28.571428571428573
unverified_97s_10kwh_0p5c1c,0.41,10.0,4.881632653061225,current,physical_less_permissive,30.0,9.702040816326532,current,physical_less_permissive,14.285714285714286,28.571428571428573,242.5,407.40000000000003,28.571428571428573
unverified_97s_10kwh_0p5c1c,0.415,10.0,4.8887755102040815,current,physical_less_permissive,30.0,9.716326530612244,current,physical_less_permissive,14.285714285714286,28.571428571428573,242.5,407.40000000000003,28.571428571428573
unverified_97s_10kwh_0p5c1c,0.42,10.0,4.8959183673469395,current,physical_less_permissive,30.0,9.73061224489796,current,physical_less_permissive,14.285714285714286,28.571428571428573,242.5,407.40000000000003,28.571428571428573
unverified_97s_10kwh_0p5c1c,0.425,10.0,4.903061224489797,current,physical_less_permissive,30.0,9.744897959183675,current,physical_less_permissive,14.285714285714286,28.571428571428573,242.5,407.40000000000003,28.571428571428573
unverified_97s_10kwh_0p5c1c,0.43,10.0,4.910204081632654,current,physical_less_permissive,30.0,9.759183673469387,current,physical_less_permissive,14.285714285714286,28.571428571428573,242.5,407.40000000000003,28.571428571428573
unverified_97s_10kwh_0p5c1c,0.435,10.0,4.917346938775511,current,physical_less_permissive,30.0,9.773469387755103,current,physical_less_permissive,14.285714285714286,28.571428571428573,242.5,407.40000000000003,28.571428571428573
unverified_97s_10kwh_0p5c1c,0.44,10.0,4.924489795918368,current,physical_less_permissive,30.0,9.787755102040817,current,physical_less_permissive,14.285714285714286,28.571428571428573,242.5,407.40000000000003,28.571428571428573
unverified_97s_10kwh_0p5c1c,0.445,10.0,4.931632653061225,current,physical_less_permissive,30.0,9.802040816326532,current,physical_less_permissive,14.285714285714286,28.571428571428573,242.5,407.40000000000003,28.571428571428573
unverified_97s_10kwh_0p5c1c,0.45,10.0,4.938775510204082,current,physical_less_permissive,30.0,9.816326530612244,current,physical_less_permissive,14.285714285714286,28.571428571428573,242.5,407.40000000000003,28.571428571428573
unverified_97s_10kwh_0p5c1c,0.455,10.0,4.945918367346939,current,physical_less_permissive,30.0,9.83061224489796,current,physical_less_permissive,14.285714285714286,28.571428571428573,242.5,407.40000000000003,28.571428571428573
unverified_97s_10kwh_0p5c1c,0.46,10.0,4.9530612244897965,current,physical_less_permissive,30.0,9.844897959183674,current,physical_less_permissive,14.285714285714286,28.571428571428573,242.5,407.40000000000003,28.571428571428573
unverified_97s_10kwh_0p5c1c,0.465,10.0,4.960204081632654,current,physical_less_permissive,30.0,9.859183673469389,current,physical_less_permissive,14.285714285714286,28.571428571428573,242.5,407.40000000000003,28.571428571428573
unverified_97s_10kwh_0p5c1c,0.47,10.0,4.967346938775512,current,physical_less_permissive,30.0,9.873469387755103,current,physical_less_permissive,14.285714285714286,28.571428571428573,242.5,407.40000000000003,28.571428571428573
unverified_97s_10kwh_0p5c1c,0.475,10.0,4.974489795918368,current,physical_less_permissive,30.0,9.887755102040817,current,physical_less_permissive,14.285714285714286,28.571428571428573,242.5,407.40000000000003,28.571428571428573
unverified_97s_10kwh_0p5c1c,0.48,10.0,4.981632653061225,current,physical_less_permissive,30.0,9.902040816326531,current,physical_less_permissive,14.285714285714286,28.571428571428573,242.5,407.40000000000003,28.571428571428573
unverified_97s_10kwh_0p5c1c,0.485,10.0,4.988775510204082,current,physical_less_permissive,30.0,9.916326530612245,current,physical_less_permissive,14.285714285714286,28.571428571428573,242.5,407.40000000000003,28.571428571428573
unverified_97s_10kwh_0p5c1c,0.49,10.0,4.99591836734694,current,physical_less_permissive,30.0,9.93061224489796,current,physical_less_permissive,14.285714285714286,28.571428571428573,242.5,407.40000000000003,28.571428571428573
unverified_97s_10kwh_0p5c1c,0.495,10.0,5.003061224489796,current,physical_less_permissive,30.0,9.944897959183674,current,physical_less_permissive,14.285714285714286,28.571428571428573,242.5,407.40000000000003,28.571428571428573
unverified_97s_10kwh_0p5c1c,0.5,10.0,5.010204081632653,current,physical_less_permissive,30.0,9.959183673469388,current,physical_less_permissive,14.285714285714286,28.571428571428573,242.5,407.40000000000003,28.571428571428573
unverified_97s_10kwh_0p5c1c,0.505,10.0,5.017346938775511,current,physical_less_permissive,30.0,9.973469387755104,current,physical_less_permissive,14.285714285714286,28.571428571428573,242.5,407.40000000000003,28.571428571428573
unverified_97s_10kwh_0p5c1c,0.51,10.0,5.0244897959183685,current,physical_less_permissive,30.0,9.987755102040817,current,physical_less_permissive,14.285714285714286,28.571428571428573,242.5,407.40000000000003,28.571428571428573
unverified_97s_10kwh_0p5c1c,0.515,10.0,5.031632653061225,current,physical_less_permissive,30.0,10.00204081632653,current,physical_less_permissive,14.285714285714286,28.571428571428573,242.5,407.40000000000003,28.571428571428573
unverified_97s_10kwh_0p5c1c,0.52,10.0,5.038775510204082,current,physical_less_permissive,30.0,10.016326530612245,current,physical_less_permissive,14.285714285714286,28.571428571428573,242.5,407.40000000000003,28.571428571428573
unverified_97s_10kwh_0p5c1c,0.525,10.0,5.04591836734694,current,physical_less_permissive,30.0,10.030612244897961,current,physical_less_permissive,14.285714285714286,28.571428571428573,242.5,407.40000000000003,28.571428571428573
unverified_97s_10kwh_0p5c1c,0.53,10.0,5.053061224489797,current,physical_less_permissive,30.0,10.044897959183674,current,physical_less_permissive,14.285714285714286,28.571428571428573,242.5,407.40000000000003,28.571428571428573
unverified_97s_10kwh_0p5c1c,0.535,10.0,5.060204081632653,current,physical_less_permissive,30.0,10.059183673469388,current,physical_less_permissive,14.285714285714286,28.571428571428573,242.5,407.40000000000003,28.571428571428573
unverified_97s_10kwh_0p5c1c,0.54,10.0,5.067346938775511,current,physical_less_permissive,30.0,10.073469387755104,current,physical_less_permissive,14.285714285714286,28.571428571428573,242.5,407.40000000000003,28.571428571428573
unverified_97s_10kwh_0p5c1c,0.545,10.0,5.074489795918368,current,physical_less_permissive,30.0,10.087755102040818,current,physical_less_permissive,14.285714285714286,28.571428571428573,242.5,407.40000000000003,28.571428571428573
unverified_97s_10kwh_0p5c1c,0.55,10.0,5.0816326530612255,current,physical_less_permissive,30.0,10.10204081632653,current,physical_less_permissive,14.285714285714286,28.571428571428573,242.5,407.40000000000003,28.571428571428573
unverified_97s_10kwh_0p5c1c,0.555,10.0,5.088775510204082,current,physical_less_permissive,30.0,10.116326530612245,current,physical_less_permissive,14.285714285714286,28.571428571428573,242.5,407.40000000000003,28.571428571428573
unverified_97s_10kwh_0p5c1c,0.56,10.0,5.09591836734694,current,physical_less_permissive,30.0,10.13061224489796,current,physical_less_permissive,14.285714285714286,28.571428571428573,242.5,407.40000000000003,28.571428571428573
unverified_97s_10kwh_0p5c1c,0.5650000000000001,10.0,5.103061224489797,current,physical_less_permissive,30.0,10.144897959183675,current,physical_less_permissive,14.285714285714286,28.571428571428573,242.5,407.40000000000003,28.571428571428573
unverified_97s_10kwh_0p5c1c,0.5700000000000001,10.0,5.110204081632653,current,physical_less_permissive,30.0,10.159183673469387,current,physical_less_permissive,14.285714285714286,28.571428571428573,242.5,407.40000000000003,28.571428571428573
unverified_97s_10kwh_0p5c1c,0.5750000000000001,10.0,5.117346938775511,current,physical_less_permissive,30.0,10.173469387755103,current,physical_less_permissive,14.285714285714286,28.571428571428573,242.5,407.40000000000003,28.571428571428573
unverified_97s_10kwh_0p5c1c,0.5800000000000001,10.0,5.124489795918368,current,physical_less_permissive,30.0,10.187755102040818,current,physical_less_permissive,14.285714285714286,28.571428571428573,242.5,407.40000000000003,28.571428571428573
unverified_97s_10kwh_0p5c1c,0.5850000000000001,10.0,5.131632653061225,current,physical_less_permissive,30.0,10.202040816326532,current,physical_less_permissive,14.285714285714286,28.571428571428573,242.5,407.40000000000003,28.571428571428573
unverified_97s_10kwh_0p5c1c,0.5900000000000001,10.0,5.1387755102040815,current,physical_less_permissive,30.0,10.216326530612244,current,physical_less_permissive,14.285714285714286,28.571428571428573,242.5,407.40000000000003,28.571428571428573
unverified_97s_10kwh_0p5c1c,0.5950000000000001,10.0,5.1459183673469395,current,physical_less_permissive,30.0,10.23061224489796,current,physical_less_permissive,14.285714285714286,28.571428571428573,242.5,407.40000000000003,28.571428571428573
unverified_97s_10kwh_0p5c1c,0.6000000000000001,10.0,5.153061224489797,current,physical_less_permissive,30.0,10.244897959183675,current,physical_less_permissive,14.285714285714286,28.571428571428573,242.5,407.40000000000003,28.571428571428573
unverified_97s_10kwh_0p5c1c,0.6050000000000001,10.0,5.160204081632654,current,physical_less_permissive,30.0,10.259183673469387,current,physical_less_permissive,14.285714285714286,28.571428571428573,242.5,407.40000000000003,28.571428571428573
unverified_97s_10kwh_0p5c1c,0.6100000000000001,10.0,5.167346938775511,current,physical_less_permissive,30.0,10.273469387755103,current,physical_less_permissive,14.285714285714286,28.571428571428573,242.5,407.40000000000003,28.571428571428573
unverified_97s_10kwh_0p5c1c,0.6150000000000001,10.0,5.174489795918368,current,physical_less_permissive,30.0,10.287755102040817,current,physical_less_permissive,14.285714285714286,28.571428571428573,242.5,407.40000000000003,28.571428571428573
unverified_97s_10kwh_0p5c1c,0.6200000000000001,10.0,5.181632653061225,current,physical_less_permissive,30.0,10.302040816326532,current,physical_less_permissive,14.285714285714286,28.571428571428573,242.5,407.40000000000003,28.571428571428573
unverified_97s_10kwh_0p5c1c,0.6250000000000001,10.0,5.188775510204082,current,physical_less_permissive,30.0,10.316326530612244,current,physical_less_permissive,14.285714285714286,28.571428571428573,242.5,407.40000000000003,28.571428571428573
unverified_97s_10kwh_0p5c1c,0.63,10.0,5.195918367346939,current,physical_less_permissive,30.0,10.33061224489796,current,physical_less_permissive,14.285714285714286,28.571428571428573,242.5,407.40000000000003,28.571428571428573
unverified_97s_10kwh_0p5c1c,0.635,10.0,5.2030612244897965,current,physical_less_permissive,30.0,10.344897959183674,current,physical_less_permissive,14.285714285714286,28.571428571428573,242.5,407.40000000000003,28.571428571428573
unverified_97s_10kwh_0p5c1c,0.64,10.0,5.210204081632654,current,physical_less_permissive,30.0,10.359183673469389,current,physical_less_permissive,14.285714285714286,28.571428571428573,242.5,407.40000000000003,28.571428571428573
unverified_97s_10kwh_0p5c1c,0.645,10.0,5.217346938775512,current,physical_less_permissive,30.0,10.373469387755103,current,physical_less_permissive,14.285714285714286,28.571428571428573,242.5,407.40000000000003,28.571428571428573
unverified_97s_10kwh_0p5c1c,0.65,10.0,5.224489795918368,current,physical_less_permissive,30.0,10.387755102040817,current,physical_less_permissive,14.285714285714286,28.571428571428573,242.5,407.40000000000003,28.571428571428573
unverified_97s_10kwh_0p5c1c,0.655,10.0,5.231632653061225,current,physical_less_permissive,30.0,10.402040816326531,current,physical_less_permissive,14.285714285714286,28.571428571428573,242.5,407.40000000000003,28.571428571428573
unverified_97s_10kwh_0p5c1c,0.66,10.0,5.238775510204082,current,physical_less_permissive,30.0,10.416326530612245,current,physical_less_permissive,14.285714285714286,28.571428571428573,242.5,407.40000000000003,28.571428571428573
unverified_97s_10kwh_0p5c1c,0.665,10.0,5.24591836734694,current,physical_less_permissive,30.0,10.43061224489796,current,physical_less_permissive,14.285714285714286,28.571428571428573,242.5,407.40000000000003,28.571428571428573
unverified_97s_10kwh_0p5c1c,0.67,10.0,5.253061224489796,current,physical_less_permissive,30.0,10.444897959183674,current,physical_less_permissive,14.285714285714286,28.571428571428573,242.5,407.40000000000003,28.571428571428573
unverified_97s_10kwh_0p5c1c,0.675,10.0,5.260204081632653,current,physical_less_permissive,30.0,10.459183673469388,current,physical_less_permissive,14.285714285714286,28.571428571428573,242.5,407.40000000000003,28.571428571428573
unverified_97s_10kwh_0p5c1c,0.68,10.0,5.267346938775511,current,physical_less_permissive,30.0,10.473469387755104,current,physical_less_permissive,14.285714285714286,28.571428571428573,242.5,407.40000000000003,28.571428571428573
unverified_97s_10kwh_0p5c1c,0.685,10.0,5.2744897959183685,current,physical_less_permissive,30.0,10.487755102040817,current,physical_less_permissive,14.285714285714286,28.571428571428573,242.5,407.40000000000003,28.571428571428573
unverified_97s_10kwh_0p5c1c,0.6900000000000001,10.0,5.281632653061225,current,physical_less_permissive,30.0,10.50204081632653,current,physical_less_permissive,14.285714285714286,28.571428571428573,242.5,407.40000000000003,28.571428571428573
unverified_97s_10kwh_0p5c1c,0.6950000000000001,10.0,5.288775510204082,current,physical_less_permissive,30.0,10.516326530612245,current,physical_less_permissive,14.285714285714286,28.571428571428573,242.5,407.40000000000003,28.571428571428573
unverified_97s_10kwh_0p5c1c,0.7000000000000001,10.0,5.29591836734694,current,physical_less_permissive,30.0,10.530612244897961,current,physical_less_permissive,14.285714285714286,28.571428571428573,242.5,407.40000000000003,28.571428571428573
unverified_97s_10kwh_0p5c1c,0.7050000000000001,10.0,5.303061224489797,current,physical_less_permissive,30.0,10.544897959183674,current,physical_less_permissive,14.285714285714286,28.571428571428573,242.5,407.40000000000003,28.571428571428573
unverified_97s_10kwh_0p5c1c,0.7100000000000001,10.0,5.310204081632653,current,physical_less_permissive,30.0,10.559183673469388,current,physical_less_permissive,14.285714285714286,28.571428571428573,242.5,407.40000000000003,28.571428571428573
unverified_97s_10kwh_0p5c1c,0.7150000000000001,10.0,5.317346938775511,current,physical_less_permissive,30.0,10.573469387755104,current,physical_less_permissive,14.285714285714286,28.571428571428573,242.5,407.40000000000003,28.571428571428573
unverified_97s_10kwh_0p5c1c,0.7200000000000001,10.0,5.324489795918368,current,physical_less_permissive,30.0,10.587755102040818,current,physical_less_permissive,14.285714285714286,28.571428571428573,242.5,407.40000000000003,28.571428571428573
unverified_97s_10kwh_0p5c1c,0.7250000000000001,10.0,5.3316326530612255,current,physical_less_permissive,30.0,10.60204081632653,current,physical_less_permissive,14.285714285714286,28.571428571428573,242.5,407.40000000000003,28.571428571428573
unverified_97s_10kwh_0p5c1c,0.7300000000000001,10.0,5.338775510204082,current,physical_less_permissive,30.0,10.616326530612245,current,physical_less_permissive,14.285714285714286,28.571428571428573,242.5,407.40000000000003,28.571428571428573
unverified_97s_10kwh_0p5c1c,0.7350000000000001,10.0,5.34591836734694,current,physical_less_permissive,30.0,10.63061224489796,current,physical_less_permissive,14.285714285714286,28.571428571428573,242.5,407.40000000000003,28.571428571428573
unverified_97s_10kwh_0p5c1c,0.7400000000000001,10.0,5.353061224489797,current,physical_less_permissive,30.0,10.644897959183675,current,physical_less_permissive,14.285714285714286,28.571428571428573,242.5,407.40000000000003,28.571428571428573
unverified_97s_10kwh_0p5c1c,0.7450000000000001,10.0,5.360204081632653,current,physical_less_permissive,30.0,10.659183673469387,current,physical_less_permissive,14.285714285714286,28.571428571428573,242.5,407.40000000000003,28.571428571428573
unverified_97s_10kwh_0p5c1c,0.7500000000000001,10.0,5.367346938775511,current,physical_less_permissive,30.0,10.673469387755103,current,physical_less_permissive,14.285714285714286,28.571428571428573,242.5,407.40000000000003,28.571428571428573
unverified_97s_10kwh_0p5c1c,0.755,10.0,5.374489795918368,current,physical_less_permissive,30.0,10.687755102040818,current,physical_less_permissive,14.285714285714286,28.571428571428573,242.5,407.40000000000003,28.571428571428573
unverified_97s_10kwh_0p5c1c,0.76,10.0,5.381632653061225,current,physical_less_permissive,30.0,10.702040816326532,current,physical_less_permissive,14.285714285714286,28.571428571428573,242.5,407.40000000000003,28.571428571428573
unverified_97s_10kwh_0p5c1c,0.765,10.0,5.3887755102040815,current,physical_less_permissive,30.0,10.716326530612244,current,physical_less_permissive,14.285714285714286,28.571428571428573,242.5,407.40000000000003,28.571428571428573
unverified_97s_10kwh_0p5c1c,0.77,10.0,5.3959183673469395,current,physical_less_permissive,30.0,10.73061224489796,current,physical_less_permissive,14.285714285714286,28.571428571428573,242.5,407.40000000000003,28.571428571428573
unverified_97s_10kwh_0p5c1c,0.775,10.0,5.403061224489797,current,physical_less_permissive,30.0,10.744897959183675,current,physical_less_permissive,14.285714285714286,28.571428571428573,242.5,407.40000000000003,28.571428571428573
unverified_97s_10kwh_0p5c1c,0.78,10.0,5.410204081632654,current,physical_less_permissive,30.0,10.759183673469387,current,physical_less_permissive,14.285714285714286,28.571428571428573,242.5,407.40000000000003,28.571428571428573
unverified_97s_10kwh_0p5c1c,0.785,10.0,5.417346938775511,current,physical_less_permissive,30.0,10.773469387755103,current,physical_less_permissive,14.285714285714286,28.571428571428573,242.5,407.40000000000003,28.571428571428573
unverified_97s_10kwh_0p5c1c,0.79,10.0,5.424489795918368,current,physical_less_permissive,30.0,10.787755102040817,current,physical_less_permissive,14.285714285714286,28.571428571428573,242.5,407.40000000000003,28.571428571428573
unverified_97s_10kwh_0p5c1c,0.795,10.0,5.431632653061225,current,physical_less_permissive,30.0,10.802040816326532,current,physical_less_permissive,14.285714285714286,28.571428571428573,242.5,407.40000000000003,28.571428571428573
unverified_97s_10kwh_0p5c1c,0.8,10.0,5.438775510204082,current,physical_less_permissive,30.0,10.816326530612244,current,physical_less_permissive,14.285714285714286,28.571428571428573,242.5,407.40000000000003,28.571428571428573
unverified_97s_10kwh_0p5c1c,0.805,10.0,5.445918367346939,current,physical_less_permissive,30.0,10.83061224489796,current,physical_less_permissive,14.285714285714286,28.571428571428573,242.5,407.40000000000003,28.571428571428573
unverified_97s_10kwh_0p5c1c,0.81,10.0,5.4530612244897965,current,physical_less_permissive,30.0,10.844897959183674,current,physical_less_permissive,14.285714285714286,28.571428571428573,242.5,407.40000000000003,28.571428571428573
unverified_97s_10kwh_0p5c1c,0.8150000000000001,10.0,5.460204081632654,current,physical_less_permissive,30.0,10.859183673469389,current,physical_less_permissive,14.285714285714286,28.571428571428573,242.5,407.40000000000003,28.571428571428573
unverified_97s_10kwh_0p5c1c,0.8200000000000001,10.0,5.467346938775512,current,physical_less_permissive,30.0,10.873469387755103,current,physical_less_permissive,14.285714285714286,28.571428571428573,242.5,407.40000000000003,28.571428571428573
unverified_97s_10kwh_0p5c1c,0.8250000000000001,10.0,5.474489795918368,current,physical_less_permissive,30.0,10.887755102040817,current,physical_less_permissive,14.285714285714286,28.571428571428573,242.5,407.40000000000003,28.571428571428573
unverified_97s_10kwh_0p5c1c,0.8300000000000001,10.0,5.481632653061225,current,physical_less_permissive,30.0,10.902040816326531,current,physical_less_permissive,14.285714285714286,28.571428571428573,242.5,407.40000000000003,28.571428571428573
unverified_97s_10kwh_0p5c1c,0.8350000000000001,10.0,5.488775510204082,current,physical_less_permissive,30.0,10.916326530612245,current,physical_less_permissive,14.285714285714286,28.571428571428573,242.5,407.40000000000003,28.571428571428573
unverified_97s_10kwh_0p5c1c,0.8400000000000001,10.0,5.49591836734694,current,physical_less_permissive,30.0,10.93061224489796,current,physical_less_permissive,14.285714285714286,28.571428571428573,242.5,407.40000000000003,28.571428571428573
unverified_97s_10kwh_0p5c1c,0.8450000000000001,10.0,5.503061224489796,current,physical_less_permissive,30.0,10.944897959183674,current,physical_less_permissive,14.285714285714286,28.571428571428573,242.5,407.40000000000003,28.571428571428573
unverified_97s_10kwh_0p5c1c,0.8500000000000001,10.0,5.510204081632653,current,physical_less_permissive,30.0,10.959183673469388,current,physical_less_permissive,14.285714285714286,28.571428571428573,242.5,407.40000000000003,28.571428571428573
unverified_97s_10kwh_0p5c1c,0.8550000000000001,10.0,5.517346938775511,current,physical_less_permissive,30.0,10.973469387755104,current,physical_less_permissive,14.285714285714286,28.571428571428573,242.5,407.40000000000003,28.571428571428573
unverified_97s_10kwh_0p5c1c,0.8600000000000001,10.0,5.5244897959183685,current,physical_less_permissive,30.0,10.987755102040817,current,physical_less_permissive,14.285714285714286,28.571428571428573,242.5,407.40000000000003,28.571428571428573
unverified_97s_10kwh_0p5c1c,0.8650000000000001,10.0,5.531632653061225,current,physical_less_permissive,30.0,11.00204081632653,current,physical_less_permissive,14.285714285714286,28.571428571428573,242.5,407.40000000000003,28.571428571428573
unverified_97s_10kwh_0p5c1c,0.8700000000000001,10.0,5.538775510204082,current,physical_less_permissive,30.0,11.016326530612245,current,physical_less_permissive,14.285714285714286,28.571428571428573,242.5,407.40000000000003,28.571428571428573
unverified_97s_10kwh_0p5c1c,0.8750000000000001,10.0,5.54591836734694,current,physical_less_permissive,30.0,11.030612244897961,current,physical_less_permissive,14.285714285714286,28.571428571428573,242.5,407.40000000000003,28.571428571428573
unverified_97s_10kwh_0p5c1c,0.8800000000000001,10.0,5.553061224489797,current,physical_less_permissive,30.0,11.044897959183674,current,physical_less_permissive,14.285714285714286,28.571428571428573,242.5,407.40000000000003,28.571428571428573
unverified_97s_10kwh_0p5c1c,0.885,10.0,5.560204081632653,current,physical_less_permissive,30.0,11.059183673469388,current,physical_less_permissive,14.285714285714286,28.571428571428573,242.5,407.40000000000003,28.571428571428573
unverified_97s_10kwh_0p5c1c,0.89,10.0,5.567346938775511,current,physical_less_permissive,30.0,11.073469387755104,current,physical_less_permissive,14.285714285714286,28.571428571428573,242.5,407.40000000000003,28.571428571428573
unverified_97s_10kwh_0p5c1c,0.895,10.0,5.574489795918368,current,physical_less_permissive,30.0,11.087755102040818,current,physical_less_permissive,14.285714285714286,28.571428571428573,242.5,407.40000000000003,28.571428571428573
unverified_97s_10kwh_0p5c1c,0.9,10.0,5.5816326530612255,current,physical_less_permissive,30.0,11.10204081632653,current,physical_less_permissive,14.285714285714286,28.571428571428573,242.5,407.40000000000003,28.571428571428573
unverified_97s_10kwh_0p5c1c,0.905,10.0,5.588775510204082,current,physical_less_permissive,30.0,11.116326530612245,current,physical_less_permissive,14.285714285714286,28.571428571428573,242.5,407.40000000000003,28.571428571428573
unverified_97s_10kwh_0p5c1c,0.91,10.0,5.59591836734694,current,physical_less_permissive,30.0,11.13061224489796,current,physical_less_permissive,14.285714285714286,28.571428571428573,242.5,407.40000000000003,28.571428571428573
unverified_97s_10kwh_0p5c1c,0.915,10.0,5.603061224489797,current,physical_less_permissive,30.0,11.144897959183675,current,physical_less_permissive,14.285714285714286,28.571428571428573,242.5,407.40000000000003,28.571428571428573
unverified_97s_10kwh_0p5c1c,0.92,10.0,5.610204081632653,current,physical_less_permissive,30.0,11.159183673469387,current,physical_less_permissive,14.285714285714286,28.571428571428573,242.5,407.40000000000003,28.571428571428573
unverified_97s_10kwh_0p5c1c,0.925,10.0,5.617346938775511,current,physical_less_permissive,30.0,11.173469387755103,current,physical_less_permissive,14.285714285714286,28.571428571428573,242.5,407.40000000000003,28.571428571428573
unverified_97s_10kwh_0p5c1c,0.93,10.0,5.624489795918368,current,physical_less_permissive,30.0,11.187755102040818,current,physical_less_permissive,14.285714285714286,28.571428571428573,242.5,407.40000000000003,28.571428571428573
unverified_97s_10kwh_0p5c1c,0.935,10.0,5.631632653061225,current,physical_less_permissive,30.0,11.202040816326532,current,physical_less_permissive,14.285714285714286,28.571428571428573,242.5,407.40000000000003,28.571428571428573
unverified_97s_10kwh_0p5c1c,0.9400000000000001,10.0,5.6387755102040815,current,physical_less_permissive,30.0,11.216326530612244,current,physical_less_permissive,14.285714285714286,28.571428571428573,242.5,407.40000000000003,28.571428571428573
unverified_97s_10kwh_0p5c1c,0.9450000000000001,10.0,5.6459183673469395,current,physical_less_permissive,30.0,11.23061224489796,current,physical_less_permissive,14.285714285714286,28.571428571428573,242.5,407.40000000000003,28.571428571428573
unverified_97s_10kwh_0p5c1c,0.9500000000000001,10.0,5.653061224489797,current,physical_less_permissive,30.0,11.244897959183675,current,physical_less_permissive,14.285714285714286,28.571428571428573,242.5,407.40000000000003,28.571428571428573
unverified_97s_10kwh_0p5c1c,0.9550000000000001,10.0,5.660204081632654,current,physical_less_permissive,30.0,11.259183673469387,current,physical_less_permissive,14.285714285714286,28.571428571428573,242.5,407.40000000000003,28.571428571428573
unverified_97s_10kwh_0p5c1c,0.9600000000000001,10.0,5.667346938775511,current,physical_less_permissive,30.0,11.273469387755103,current,physical_less_permissive,14.285714285714286,28.571428571428573,242.5,407.40000000000003,28.571428571428573
unverified_97s_10kwh_0p5c1c,0.9650000000000001,10.0,5.674489795918368,current,physical_less_permissive,30.0,11.287755102040817,current,physical_less_permissive,14.285714285714286,28.571428571428573,242.5,407.40000000000003,28.571428571428573
unverified_97s_10kwh_0p5c1c,0.9700000000000001,10.0,5.681632653061225,current,physical_less_permissive,30.0,11.302040816326532,current,physical_less_permissive,14.285714285714286,28.571428571428573,242.5,407.40000000000003,28.571428571428573
unverified_97s_10kwh_0p5c1c,0.9750000000000001,10.0,5.688775510204082,current,physical_less_permissive,30.0,11.316326530612244,current,physical_less_permissive,14.285714285714286,28.571428571428573,242.5,407.40000000000003,28.571428571428573
unverified_97s_10kwh_0p5c1c,0.9800000000000001,10.0,5.695918367346939,current,physical_less_permissive,30.0,11.33061224489796,current,physical_less_permissive,14.285714285714286,28.571428571428573,242.5,407.40000000000003,28.571428571428573
unverified_97s_10kwh_0p5c1c,0.9850000000000001,10.0,5.7030612244897965,current,physical_less_permissive,30.0,11.344897959183674,current,physical_less_permissive,14.285714285714286,28.571428571428573,242.5,407.40000000000003,28.571428571428573
unverified_97s_10kwh_0p5c1c,0.9900000000000001,10.0,5.710204081632654,current,physical_less_permissive,30.0,11.359183673469389,current,physical_less_permissive,14.285714285714286,28.571428571428573,242.5,407.40000000000003,28.571428571428573
unverified_97s_10kwh_0p5c1c,0.9950000000000001,10.0,5.717346938775512,current,physical_less_permissive,30.0,11.373469387755103,current,physical_less_permissive,14.285714285714286,28.571428571428573,242.5,407.40000000000003,28.571428571428573
unverified_97s_10kwh_0p5c1c,1.0,0.0,0.0,soc_boundary,equal,30.0,11.387755102040817,current,physical_less_permissive,14.285714285714286,28.571428571428573,242.5,407.40000000000003,28.571428571428573
unverified_97s_10kwh_1c4c,0.05,10.0,8.755102040816327,current,physical_less_permissive,0.0,0.0,soc_boundary,equal,28.571428571428573,114.28571428571429,242.5,407.40000000000003,28.571428571428573
unverified_97s_10kwh_1c4c,0.055,10.0,8.769387755102041,current,physical_less_permissive,30.0,34.26122448979592,current,physical_more_permissive,28.571428571428573,114.28571428571429,242.5,407.40000000000003,28.571428571428573
unverified_97s_10kwh_1c4c,0.060000000000000005,10.0,8.783673469387756,current,physical_less_permissive,30.0,34.31836734693878,current,physical_more_permissive,28.571428571428573,114.28571428571429,242.5,407.40000000000003,28.571428571428573
unverified_97s_10kwh_1c4c,0.065,10.0,8.797959183673468,current,physical_less_permissive,30.0,34.375510204081635,current,physical_more_permissive,28.571428571428573,114.28571428571429,242.5,407.40000000000003,28.571428571428573
unverified_97s_10kwh_1c4c,0.07,10.0,8.812244897959184,current,physical_less_permissive,30.0,34.4326530612245,current,physical_more_permissive,28.571428571428573,114.28571428571429,242.5,407.40000000000003,28.571428571428573
unverified_97s_10kwh_1c4c,0.07500000000000001,10.0,8.826530612244898,current,physical_less_permissive,30.0,34.48979591836735,current,physical_more_permissive,28.571428571428573,114.28571428571429,242.5,407.40000000000003,28.571428571428573
unverified_97s_10kwh_1c4c,0.08,10.0,8.840816326530613,current,physical_less_permissive,30.0,34.546938775510206,current,physical_more_permissive,28.571428571428573,114.28571428571429,242.5,407.40000000000003,28.571428571428573
unverified_97s_10kwh_1c4c,0.085,10.0,8.855102040816327,current,physical_less_permissive,30.0,34.60408163265307,current,physical_more_permissive,28.571428571428573,114.28571428571429,242.5,407.40000000000003,28.571428571428573
unverified_97s_10kwh_1c4c,0.09,10.0,8.869387755102041,current,physical_less_permissive,30.0,34.66122448979593,current,physical_more_permissive,28.571428571428573,114.28571428571429,242.5,407.40000000000003,28.571428571428573
unverified_97s_10kwh_1c4c,0.095,10.0,8.883673469387755,current,physical_less_permissive,30.0,34.71836734693878,current,physical_more_permissive,28.571428571428573,114.28571428571429,242.5,407.40000000000003,28.571428571428573
unverified_97s_10kwh_1c4c,0.1,10.0,8.89795918367347,current,physical_less_permissive,30.0,34.775510204081634,current,physical_more_permissive,28.571428571428573,114.28571428571429,242.5,407.40000000000003,28.571428571428573
unverified_97s_10kwh_1c4c,0.10500000000000001,10.0,8.912244897959184,current,physical_less_permissive,30.0,34.8326530612245,current,physical_more_permissive,28.571428571428573,114.28571428571429,242.5,407.40000000000003,28.571428571428573
unverified_97s_10kwh_1c4c,0.11,10.0,8.926530612244898,current,physical_less_permissive,30.0,34.889795918367355,current,physical_more_permissive,28.571428571428573,114.28571428571429,242.5,407.40000000000003,28.571428571428573
unverified_97s_10kwh_1c4c,0.115,10.0,8.940816326530612,current,physical_less_permissive,30.0,34.946938775510205,current,physical_more_permissive,28.571428571428573,114.28571428571429,242.5,407.40000000000003,28.571428571428573
unverified_97s_10kwh_1c4c,0.12000000000000001,10.0,8.955102040816328,current,physical_less_permissive,30.0,35.00408163265307,current,physical_more_permissive,28.571428571428573,114.28571428571429,242.5,407.40000000000003,28.571428571428573
unverified_97s_10kwh_1c4c,0.125,10.0,8.96938775510204,current,physical_less_permissive,30.0,35.061224489795926,current,physical_more_permissive,28.571428571428573,114.28571428571429,242.5,407.40000000000003,28.571428571428573
unverified_97s_10kwh_1c4c,0.13,10.0,8.983673469387755,current,physical_less_permissive,30.0,35.11836734693878,current,physical_more_permissive,28.571428571428573,114.28571428571429,242.5,407.40000000000003,28.571428571428573
unverified_97s_10kwh_1c4c,0.135,10.0,8.99795918367347,current,physical_less_permissive,30.0,35.17551020408163,current,physical_more_permissive,28.571428571428573,114.28571428571429,242.5,407.40000000000003,28.571428571428573
unverified_97s_10kwh_1c4c,0.14,10.0,9.012244897959185,current,physical_less_permissive,30.0,35.2326530612245,current,physical_more_permissive,28.571428571428573,114.28571428571429,242.5,407.40000000000003,28.571428571428573
unverified_97s_10kwh_1c4c,0.14500000000000002,10.0,9.026530612244898,current,physical_less_permissive,30.0,35.28979591836735,current,physical_more_permissive,28.571428571428573,114.28571428571429,242.5,407.40000000000003,28.571428571428573
unverified_97s_10kwh_1c4c,0.15000000000000002,10.0,9.040816326530612,current,physical_less_permissive,30.0,35.34693877551021,current,physical_more_permissive,28.571428571428573,114.28571428571429,242.5,407.40000000000003,28.571428571428573
unverified_97s_10kwh_1c4c,0.155,10.0,9.055102040816328,current,physical_less_permissive,30.0,35.40408163265307,current,physical_more_permissive,28.571428571428573,114.28571428571429,242.5,407.40000000000003,28.571428571428573
unverified_97s_10kwh_1c4c,0.16,10.0,9.069387755102042,current,physical_less_permissive,30.0,35.461224489795924,current,physical_more_permissive,28.571428571428573,114.28571428571429,242.5,407.40000000000003,28.571428571428573
unverified_97s_10kwh_1c4c,0.165,10.0,9.083673469387755,current,physical_less_permissive,30.0,35.51836734693878,current,physical_more_permissive,28.571428571428573,114.28571428571429,242.5,407.40000000000003,28.571428571428573
unverified_97s_10kwh_1c4c,0.16999999999999998,10.0,9.097959183673469,current,physical_less_permissive,30.0,35.57551020408163,current,physical_more_permissive,28.571428571428573,114.28571428571429,242.5,407.40000000000003,28.571428571428573
unverified_97s_10kwh_1c4c,0.175,10.0,9.112244897959185,current,physical_less_permissive,30.0,35.632653061224495,current,physical_more_permissive,28.571428571428573,114.28571428571429,242.5,407.40000000000003,28.571428571428573
unverified_97s_10kwh_1c4c,0.18,10.0,9.126530612244899,current,physical_less_permissive,30.0,35.68979591836735,current,physical_more_permissive,28.571428571428573,114.28571428571429,242.5,407.40000000000003,28.571428571428573
unverified_97s_10kwh_1c4c,0.185,10.0,9.140816326530611,current,physical_less_permissive,30.0,35.74693877551021,current,physical_more_permissive,28.571428571428573,114.28571428571429,242.5,407.40000000000003,28.571428571428573
unverified_97s_10kwh_1c4c,0.19,10.0,9.155102040816328,current,physical_less_permissive,30.0,35.804081632653066,current,physical_more_permissive,28.571428571428573,114.28571428571429,242.5,407.40000000000003,28.571428571428573
unverified_97s_10kwh_1c4c,0.195,10.0,9.169387755102042,current,physical_less_permissive,30.0,35.86122448979592,current,physical_more_permissive,28.571428571428573,114.28571428571429,242.5,407.40000000000003,28.571428571428573
unverified_97s_10kwh_1c4c,0.2,10.0,9.183673469387756,current,physical_less_permissive,30.0,35.91836734693878,current,physical_more_permissive,28.571428571428573,114.28571428571429,242.5,407.40000000000003,28.571428571428573
unverified_97s_10kwh_1c4c,0.20500000000000002,10.0,9.197959183673468,current,physical_less_permissive,30.0,35.97551020408164,current,physical_more_permissive,28.571428571428573,114.28571428571429,242.5,407.40000000000003,28.571428571428573
unverified_97s_10kwh_1c4c,0.21000000000000002,10.0,9.212244897959184,current,physical_less_permissive,30.0,36.032653061224494,current,physical_more_permissive,28.571428571428573,114.28571428571429,242.5,407.40000000000003,28.571428571428573
unverified_97s_10kwh_1c4c,0.21500000000000002,10.0,9.226530612244899,current,physical_less_permissive,30.0,36.08979591836735,current,physical_more_permissive,28.571428571428573,114.28571428571429,242.5,407.40000000000003,28.571428571428573
unverified_97s_10kwh_1c4c,0.22000000000000003,10.0,9.240816326530613,current,physical_less_permissive,30.0,36.14693877551021,current,physical_more_permissive,28.571428571428573,114.28571428571429,242.5,407.40000000000003,28.571428571428573
unverified_97s_10kwh_1c4c,0.22500000000000003,10.0,9.255102040816327,current,physical_less_permissive,30.0,36.20408163265307,current,physical_more_permissive,28.571428571428573,114.28571428571429,242.5,407.40000000000003,28.571428571428573
unverified_97s_10kwh_1c4c,0.22999999999999998,10.0,9.269387755102041,current,physical_less_permissive,30.0,36.26122448979592,current,physical_more_permissive,28.571428571428573,114.28571428571429,242.5,407.40000000000003,28.571428571428573
unverified_97s_10kwh_1c4c,0.235,10.0,9.283673469387756,current,physical_less_permissive,30.0,36.31836734693878,current,physical_more_permissive,28.571428571428573,114.28571428571429,242.5,407.40000000000003,28.571428571428573
unverified_97s_10kwh_1c4c,0.24,10.0,9.297959183673468,current,physical_less_permissive,30.0,36.375510204081635,current,physical_more_permissive,28.571428571428573,114.28571428571429,242.5,407.40000000000003,28.571428571428573
unverified_97s_10kwh_1c4c,0.245,10.0,9.312244897959184,current,physical_less_permissive,30.0,36.4326530612245,current,physical_more_permissive,28.571428571428573,114.28571428571429,242.5,407.40000000000003,28.571428571428573
unverified_97s_10kwh_1c4c,0.25,10.0,9.326530612244898,current,physical_less_permissive,30.0,36.48979591836735,current,physical_more_permissive,28.571428571428573,114.28571428571429,242.5,407.40000000000003,28.571428571428573
unverified_97s_10kwh_1c4c,0.255,10.0,9.340816326530613,current,physical_less_permissive,30.0,36.546938775510206,current,physical_more_permissive,28.571428571428573,114.28571428571429,242.5,407.40000000000003,28.571428571428573
unverified_97s_10kwh_1c4c,0.26,10.0,9.355102040816327,current,physical_less_permissive,30.0,36.60408163265307,current,physical_more_permissive,28.571428571428573,114.28571428571429,242.5,407.40000000000003,28.571428571428573
unverified_97s_10kwh_1c4c,0.265,10.0,9.369387755102041,current,physical_less_permissive,30.0,36.66122448979593,current,physical_more_permissive,28.571428571428573,114.28571428571429,242.5,407.40000000000003,28.571428571428573
unverified_97s_10kwh_1c4c,0.27,10.0,9.383673469387755,current,physical_less_permissive,30.0,36.71836734693878,current,physical_more_permissive,28.571428571428573,114.28571428571429,242.5,407.40000000000003,28.571428571428573
unverified_97s_10kwh_1c4c,0.275,10.0,9.39795918367347,current,physical_less_permissive,30.0,36.775510204081634,current,physical_more_permissive,28.571428571428573,114.28571428571429,242.5,407.40000000000003,28.571428571428573
unverified_97s_10kwh_1c4c,0.28,10.0,9.412244897959184,current,physical_less_permissive,30.0,36.8326530612245,current,physical_more_permissive,28.571428571428573,114.28571428571429,242.5,407.40000000000003,28.571428571428573
unverified_97s_10kwh_1c4c,0.28500000000000003,10.0,9.426530612244898,current,physical_less_permissive,30.0,36.889795918367355,current,physical_more_permissive,28.571428571428573,114.28571428571429,242.5,407.40000000000003,28.571428571428573
unverified_97s_10kwh_1c4c,0.29,10.0,9.440816326530612,current,physical_less_permissive,30.0,36.946938775510205,current,physical_more_permissive,28.571428571428573,114.28571428571429,242.5,407.40000000000003,28.571428571428573
unverified_97s_10kwh_1c4c,0.295,10.0,9.455102040816328,current,physical_less_permissive,30.0,37.00408163265307,current,physical_more_permissive,28.571428571428573,114.28571428571429,242.5,407.40000000000003,28.571428571428573
unverified_97s_10kwh_1c4c,0.3,10.0,9.46938775510204,current,physical_less_permissive,30.0,37.061224489795926,current,physical_more_permissive,28.571428571428573,114.28571428571429,242.5,407.40000000000003,28.571428571428573
unverified_97s_10kwh_1c4c,0.305,10.0,9.483673469387755,current,physical_less_permissive,30.0,37.11836734693878,current,physical_more_permissive,28.571428571428573,114.28571428571429,242.5,407.40000000000003,28.571428571428573
unverified_97s_10kwh_1c4c,0.31,10.0,9.49795918367347,current,physical_less_permissive,30.0,37.17551020408163,current,physical_more_permissive,28.571428571428573,114.28571428571429,242.5,407.40000000000003,28.571428571428573
unverified_97s_10kwh_1c4c,0.315,10.0,9.512244897959185,current,physical_less_permissive,30.0,37.2326530612245,current,physical_more_permissive,28.571428571428573,114.28571428571429,242.5,407.40000000000003,28.571428571428573
unverified_97s_10kwh_1c4c,0.32,10.0,9.526530612244898,current,physical_less_permissive,30.0,37.28979591836735,current,physical_more_permissive,28.571428571428573,114.28571428571429,242.5,407.40000000000003,28.571428571428573
unverified_97s_10kwh_1c4c,0.325,10.0,9.540816326530612,current,physical_less_permissive,30.0,37.34693877551021,current,physical_more_permissive,28.571428571428573,114.28571428571429,242.5,407.40000000000003,28.571428571428573
unverified_97s_10kwh_1c4c,0.33,10.0,9.555102040816328,current,physical_less_permissive,30.0,37.40408163265307,current,physical_more_permissive,28.571428571428573,114.28571428571429,242.5,407.40000000000003,28.571428571428573
unverified_97s_10kwh_1c4c,0.335,10.0,9.569387755102042,current,physical_less_permissive,30.0,37.461224489795924,current,physical_more_permissive,28.571428571428573,114.28571428571429,242.5,407.40000000000003,28.571428571428573
unverified_97s_10kwh_1c4c,0.33999999999999997,10.0,9.583673469387755,current,physical_less_permissive,30.0,37.51836734693878,current,physical_more_permissive,28.571428571428573,114.28571428571429,242.5,407.40000000000003,28.571428571428573
unverified_97s_10kwh_1c4c,0.345,10.0,9.597959183673469,current,physical_less_permissive,30.0,37.57551020408163,current,physical_more_permissive,28.571428571428573,114.28571428571429,242.5,407.40000000000003,28.571428571428573
unverified_97s_10kwh_1c4c,0.35,10.0,9.612244897959185,current,physical_less_permissive,30.0,37.632653061224495,current,physical_more_permissive,28.571428571428573,114.28571428571429,242.5,407.40000000000003,28.571428571428573
unverified_97s_10kwh_1c4c,0.355,10.0,9.626530612244899,current,physical_less_permissive,30.0,37.68979591836735,current,physical_more_permissive,28.571428571428573,114.28571428571429,242.5,407.40000000000003,28.571428571428573
unverified_97s_10kwh_1c4c,0.36,10.0,9.640816326530611,current,physical_less_permissive,30.0,37.74693877551021,current,physical_more_permissive,28.571428571428573,114.28571428571429,242.5,407.40000000000003,28.571428571428573
unverified_97s_10kwh_1c4c,0.365,10.0,9.655102040816328,current,physical_less_permissive,30.0,37.804081632653066,current,physical_more_permissive,28.571428571428573,114.28571428571429,242.5,407.40000000000003,28.571428571428573
unverified_97s_10kwh_1c4c,0.37,10.0,9.669387755102042,current,physical_less_permissive,30.0,37.86122448979592,current,physical_more_permissive,28.571428571428573,114.28571428571429,242.5,407.40000000000003,28.571428571428573
unverified_97s_10kwh_1c4c,0.375,10.0,9.683673469387756,current,physical_less_permissive,30.0,37.91836734693878,current,physical_more_permissive,28.571428571428573,114.28571428571429,242.5,407.40000000000003,28.571428571428573
unverified_97s_10kwh_1c4c,0.38,10.0,9.697959183673468,current,physical_less_permissive,30.0,37.97551020408164,current,physical_more_permissive,28.571428571428573,114.28571428571429,242.5,407.40000000000003,28.571428571428573
unverified_97s_10kwh_1c4c,0.385,10.0,9.712244897959184,current,physical_less_permissive,30.0,38.032653061224494,current,physical_more_permissive,28.571428571428573,114.28571428571429,242.5,407.40000000000003,28.571428571428573
unverified_97s_10kwh_1c4c,0.39,10.0,9.726530612244899,current,physical_less_permissive,30.0,38.08979591836735,current,physical_more_permissive,28.571428571428573,114.28571428571429,242.5,407.40000000000003,28.571428571428573
unverified_97s_10kwh_1c4c,0.395,10.0,9.740816326530613,current,physical_less_permissive,30.0,38.14693877551021,current,physical_more_permissive,28.571428571428573,114.28571428571429,242.5,407.40000000000003,28.571428571428573
unverified_97s_10kwh_1c4c,0.4,10.0,9.755102040816327,current,physical_less_permissive,30.0,38.20408163265307,current,physical_more_permissive,28.571428571428573,114.28571428571429,242.5,407.40000000000003,28.571428571428573
unverified_97s_10kwh_1c4c,0.40499999999999997,10.0,9.769387755102041,current,physical_less_permissive,30.0,38.26122448979592,current,physical_more_permissive,28.571428571428573,114.28571428571429,242.5,407.40000000000003,28.571428571428573
unverified_97s_10kwh_1c4c,0.41,10.0,9.783673469387756,current,physical_less_permissive,30.0,38.31836734693878,current,physical_more_permissive,28.571428571428573,114.28571428571429,242.5,407.40000000000003,28.571428571428573
unverified_97s_10kwh_1c4c,0.415,10.0,9.797959183673468,current,physical_less_permissive,30.0,38.375510204081635,current,physical_more_permissive,28.571428571428573,114.28571428571429,242.5,407.40000000000003,28.571428571428573
unverified_97s_10kwh_1c4c,0.42,10.0,9.812244897959184,current,physical_less_permissive,30.0,38.4326530612245,current,physical_more_permissive,28.571428571428573,114.28571428571429,242.5,407.40000000000003,28.571428571428573
unverified_97s_10kwh_1c4c,0.425,10.0,9.826530612244898,current,physical_less_permissive,30.0,38.48979591836735,current,physical_more_permissive,28.571428571428573,114.28571428571429,242.5,407.40000000000003,28.571428571428573
unverified_97s_10kwh_1c4c,0.43,10.0,9.840816326530613,current,physical_less_permissive,30.0,38.546938775510206,current,physical_more_permissive,28.571428571428573,114.28571428571429,242.5,407.40000000000003,28.571428571428573
unverified_97s_10kwh_1c4c,0.435,10.0,9.855102040816327,current,physical_less_permissive,30.0,38.60408163265307,current,physical_more_permissive,28.571428571428573,114.28571428571429,242.5,407.40000000000003,28.571428571428573
unverified_97s_10kwh_1c4c,0.44,10.0,9.869387755102041,current,physical_less_permissive,30.0,38.66122448979593,current,physical_more_permissive,28.571428571428573,114.28571428571429,242.5,407.40000000000003,28.571428571428573
unverified_97s_10kwh_1c4c,0.445,10.0,9.883673469387755,current,physical_less_permissive,30.0,38.71836734693878,current,physical_more_permissive,28.571428571428573,114.28571428571429,242.5,407.40000000000003,28.571428571428573
unverified_97s_10kwh_1c4c,0.45,10.0,9.89795918367347,current,physical_less_permissive,30.0,38.775510204081634,current,physical_more_permissive,28.571428571428573,114.28571428571429,242.5,407.40000000000003,28.571428571428573
unverified_97s_10kwh_1c4c,0.455,10.0,9.912244897959184,current,physical_less_permissive,30.0,38.8326530612245,current,physical_more_permissive,28.571428571428573,114.28571428571429,242.5,407.40000000000003,28.571428571428573
unverified_97s_10kwh_1c4c,0.46,10.0,9.926530612244898,current,physical_less_permissive,30.0,38.889795918367355,current,physical_more_permissive,28.571428571428573,114.28571428571429,242.5,407.40000000000003,28.571428571428573
unverified_97s_10kwh_1c4c,0.465,10.0,9.940816326530612,current,physical_less_permissive,30.0,38.946938775510205,current,physical_more_permissive,28.571428571428573,114.28571428571429,242.5,407.40000000000003,28.571428571428573
unverified_97s_10kwh_1c4c,0.47,10.0,9.955102040816328,current,physical_less_permissive,30.0,39.00408163265307,current,physical_more_permissive,28.571428571428573,114.28571428571429,242.5,407.40000000000003,28.571428571428573
unverified_97s_10kwh_1c4c,0.475,10.0,9.96938775510204,current,physical_less_permissive,30.0,39.061224489795926,current,physical_more_permissive,28.571428571428573,114.28571428571429,242.5,407.40000000000003,28.571428571428573
unverified_97s_10kwh_1c4c,0.48,10.0,9.983673469387755,current,physical_less_permissive,30.0,39.11836734693878,current,physical_more_permissive,28.571428571428573,114.28571428571429,242.5,407.40000000000003,28.571428571428573
unverified_97s_10kwh_1c4c,0.485,10.0,9.99795918367347,current,physical_less_permissive,30.0,39.17551020408163,current,physical_more_permissive,28.571428571428573,114.28571428571429,242.5,407.40000000000003,28.571428571428573
unverified_97s_10kwh_1c4c,0.49,10.0,10.012244897959185,current,physical_more_permissive,30.0,39.2326530612245,current,physical_more_permissive,28.571428571428573,114.28571428571429,242.5,407.40000000000003,28.571428571428573
unverified_97s_10kwh_1c4c,0.495,10.0,10.026530612244898,current,physical_more_permissive,30.0,39.28979591836735,current,physical_more_permissive,28.571428571428573,114.28571428571429,242.5,407.40000000000003,28.571428571428573
unverified_97s_10kwh_1c4c,0.5,10.0,10.040816326530612,current,physical_more_permissive,30.0,39.34693877551021,current,physical_more_permissive,28.571428571428573,114.28571428571429,242.5,407.40000000000003,28.571428571428573
unverified_97s_10kwh_1c4c,0.505,10.0,10.055102040816328,current,physical_more_permissive,30.0,39.40408163265307,current,physical_more_permissive,28.571428571428573,114.28571428571429,242.5,407.40000000000003,28.571428571428573
unverified_97s_10kwh_1c4c,0.51,10.0,10.069387755102042,current,physical_more_permissive,30.0,39.461224489795924,current,physical_more_permissive,28.571428571428573,114.28571428571429,242.5,407.40000000000003,28.571428571428573
unverified_97s_10kwh_1c4c,0.515,10.0,10.083673469387755,current,physical_more_permissive,30.0,39.51836734693878,current,physical_more_permissive,28.571428571428573,114.28571428571429,242.5,407.40000000000003,28.571428571428573
unverified_97s_10kwh_1c4c,0.52,10.0,10.097959183673469,current,physical_more_permissive,30.0,39.57551020408163,current,physical_more_permissive,28.571428571428573,114.28571428571429,242.5,407.40000000000003,28.571428571428573
unverified_97s_10kwh_1c4c,0.525,10.0,10.112244897959185,current,physical_more_permissive,30.0,39.632653061224495,current,physical_more_permissive,28.571428571428573,114.28571428571429,242.5,407.40000000000003,28.571428571428573
unverified_97s_10kwh_1c4c,0.53,10.0,10.126530612244899,current,physical_more_permissive,30.0,39.68979591836735,current,physical_more_permissive,28.571428571428573,114.28571428571429,242.5,407.40000000000003,28.571428571428573
unverified_97s_10kwh_1c4c,0.535,10.0,10.140816326530611,current,physical_more_permissive,30.0,39.74693877551021,current,physical_more_permissive,28.571428571428573,114.28571428571429,242.5,407.40000000000003,28.571428571428573
unverified_97s_10kwh_1c4c,0.54,10.0,10.155102040816328,current,physical_more_permissive,30.0,39.804081632653066,current,physical_more_permissive,28.571428571428573,114.28571428571429,242.5,407.40000000000003,28.571428571428573
unverified_97s_10kwh_1c4c,0.545,10.0,10.169387755102042,current,physical_more_permissive,30.0,39.86122448979592,current,physical_more_permissive,28.571428571428573,114.28571428571429,242.5,407.40000000000003,28.571428571428573
unverified_97s_10kwh_1c4c,0.55,10.0,10.183673469387756,current,physical_more_permissive,30.0,39.91836734693878,current,physical_more_permissive,28.571428571428573,114.28571428571429,242.5,407.40000000000003,28.571428571428573
unverified_97s_10kwh_1c4c,0.555,10.0,10.197959183673468,current,physical_more_permissive,30.0,39.97551020408164,current,physical_more_permissive,28.571428571428573,114.28571428571429,242.5,407.40000000000003,28.571428571428573
unverified_97s_10kwh_1c4c,0.56,10.0,10.212244897959184,current,physical_more_permissive,30.0,40.032653061224494,current,physical_more_permissive,28.571428571428573,114.28571428571429,242.5,407.40000000000003,28.571428571428573
unverified_97s_10kwh_1c4c,0.5650000000000001,10.0,10.226530612244899,current,physical_more_permissive,30.0,40.08979591836735,current,physical_more_permissive,28.571428571428573,114.28571428571429,242.5,407.40000000000003,28.571428571428573
unverified_97s_10kwh_1c4c,0.5700000000000001,10.0,10.240816326530613,current,physical_more_permissive,30.0,40.14693877551021,current,physical_more_permissive,28.571428571428573,114.28571428571429,242.5,407.40000000000003,28.571428571428573
unverified_97s_10kwh_1c4c,0.5750000000000001,10.0,10.255102040816327,current,physical_more_permissive,30.0,40.20408163265307,current,physical_more_permissive,28.571428571428573,114.28571428571429,242.5,407.40000000000003,28.571428571428573
unverified_97s_10kwh_1c4c,0.5800000000000001,10.0,10.269387755102041,current,physical_more_permissive,30.0,40.26122448979592,current,physical_more_permissive,28.571428571428573,114.28571428571429,242.5,407.40000000000003,28.571428571428573
unverified_97s_10kwh_1c4c,0.5850000000000001,10.0,10.283673469387756,current,physical_more_permissive,30.0,40.31836734693878,current,physical_more_permissive,28.571428571428573,114.28571428571429,242.5,407.40000000000003,28.571428571428573
unverified_97s_10kwh_1c4c,0.5900000000000001,10.0,10.297959183673468,current,physical_more_permissive,30.0,40.375510204081635,current,physical_more_permissive,28.571428571428573,114.28571428571429,242.5,407.40000000000003,28.571428571428573
unverified_97s_10kwh_1c4c,0.5950000000000001,10.0,10.312244897959184,current,physical_more_permissive,30.0,40.4326530612245,current,physical_more_permissive,28.571428571428573,114.28571428571429,242.5,407.40000000000003,28.571428571428573
unverified_97s_10kwh_1c4c,0.6000000000000001,10.0,10.326530612244898,current,physical_more_permissive,30.0,40.48979591836735,current,physical_more_permissive,28.571428571428573,114.28571428571429,242.5,407.40000000000003,28.571428571428573
unverified_97s_10kwh_1c4c,0.6050000000000001,10.0,10.340816326530613,current,physical_more_permissive,30.0,40.546938775510206,current,physical_more_permissive,28.571428571428573,114.28571428571429,242.5,407.40000000000003,28.571428571428573
unverified_97s_10kwh_1c4c,0.6100000000000001,10.0,10.355102040816327,current,physical_more_permissive,30.0,40.60408163265307,current,physical_more_permissive,28.571428571428573,114.28571428571429,242.5,407.40000000000003,28.571428571428573
unverified_97s_10kwh_1c4c,0.6150000000000001,10.0,10.369387755102041,current,physical_more_permissive,30.0,40.66122448979593,current,physical_more_permissive,28.571428571428573,114.28571428571429,242.5,407.40000000000003,28.571428571428573
unverified_97s_10kwh_1c4c,0.6200000000000001,10.0,10.383673469387755,current,physical_more_permissive,30.0,40.71836734693878,current,physical_more_permissive,28.571428571428573,114.28571428571429,242.5,407.40000000000003,28.571428571428573
unverified_97s_10kwh_1c4c,0.6250000000000001,10.0,10.39795918367347,current,physical_more_permissive,30.0,40.775510204081634,current,physical_more_permissive,28.571428571428573,114.28571428571429,242.5,407.40000000000003,28.571428571428573
unverified_97s_10kwh_1c4c,0.63,10.0,10.412244897959184,current,physical_more_permissive,30.0,40.8326530612245,current,physical_more_permissive,28.571428571428573,114.28571428571429,242.5,407.40000000000003,28.571428571428573
unverified_97s_10kwh_1c4c,0.635,10.0,10.426530612244898,current,physical_more_permissive,30.0,40.889795918367355,current,physical_more_permissive,28.571428571428573,114.28571428571429,242.5,407.40000000000003,28.571428571428573
unverified_97s_10kwh_1c4c,0.64,10.0,10.440816326530612,current,physical_more_permissive,30.0,40.946938775510205,current,physical_more_permissive,28.571428571428573,114.28571428571429,242.5,407.40000000000003,28.571428571428573
unverified_97s_10kwh_1c4c,0.645,10.0,10.455102040816328,current,physical_more_permissive,30.0,41.00408163265307,current,physical_more_permissive,28.571428571428573,114.28571428571429,242.5,407.40000000000003,28.571428571428573
unverified_97s_10kwh_1c4c,0.65,10.0,10.46938775510204,current,physical_more_permissive,30.0,41.061224489795926,current,physical_more_permissive,28.571428571428573,114.28571428571429,242.5,407.40000000000003,28.571428571428573
unverified_97s_10kwh_1c4c,0.655,10.0,10.483673469387755,current,physical_more_permissive,30.0,41.11836734693878,current,physical_more_permissive,28.571428571428573,114.28571428571429,242.5,407.40000000000003,28.571428571428573
unverified_97s_10kwh_1c4c,0.66,10.0,10.49795918367347,current,physical_more_permissive,30.0,41.17551020408163,current,physical_more_permissive,28.571428571428573,114.28571428571429,242.5,407.40000000000003,28.571428571428573
unverified_97s_10kwh_1c4c,0.665,10.0,10.512244897959185,current,physical_more_permissive,30.0,41.2326530612245,current,physical_more_permissive,28.571428571428573,114.28571428571429,242.5,407.40000000000003,28.571428571428573
unverified_97s_10kwh_1c4c,0.67,10.0,10.526530612244898,current,physical_more_permissive,30.0,41.28979591836735,current,physical_more_permissive,28.571428571428573,114.28571428571429,242.5,407.40000000000003,28.571428571428573
unverified_97s_10kwh_1c4c,0.675,10.0,10.540816326530612,current,physical_more_permissive,30.0,41.34693877551021,current,physical_more_permissive,28.571428571428573,114.28571428571429,242.5,407.40000000000003,28.571428571428573
unverified_97s_10kwh_1c4c,0.68,10.0,10.555102040816328,current,physical_more_permissive,30.0,41.40408163265307,current,physical_more_permissive,28.571428571428573,114.28571428571429,242.5,407.40000000000003,28.571428571428573
unverified_97s_10kwh_1c4c,0.685,10.0,10.569387755102042,current,physical_more_permissive,30.0,41.461224489795924,current,physical_more_permissive,28.571428571428573,114.28571428571429,242.5,407.40000000000003,28.571428571428573
unverified_97s_10kwh_1c4c,0.6900000000000001,10.0,10.583673469387755,current,physical_more_permissive,30.0,41.51836734693878,current,physical_more_permissive,28.571428571428573,114.28571428571429,242.5,407.40000000000003,28.571428571428573
unverified_97s_10kwh_1c4c,0.6950000000000001,10.0,10.597959183673469,current,physical_more_permissive,30.0,41.57551020408163,current,physical_more_permissive,28.571428571428573,114.28571428571429,242.5,407.40000000000003,28.571428571428573
unverified_97s_10kwh_1c4c,0.7000000000000001,10.0,10.612244897959185,current,physical_more_permissive,30.0,41.632653061224495,current,physical_more_permissive,28.571428571428573,114.28571428571429,242.5,407.40000000000003,28.571428571428573
unverified_97s_10kwh_1c4c,0.7050000000000001,10.0,10.626530612244899,current,physical_more_permissive,30.0,41.68979591836735,current,physical_more_permissive,28.571428571428573,114.28571428571429,242.5,407.40000000000003,28.571428571428573
unverified_97s_10kwh_1c4c,0.7100000000000001,10.0,10.640816326530611,current,physical_more_permissive,30.0,41.74693877551021,current,physical_more_permissive,28.571428571428573,114.28571428571429,242.5,407.40000000000003,28.571428571428573
unverified_97s_10kwh_1c4c,0.7150000000000001,10.0,10.655102040816328,current,physical_more_permissive,30.0,41.804081632653066,current,physical_more_permissive,28.571428571428573,114.28571428571429,242.5,407.40000000000003,28.571428571428573
unverified_97s_10kwh_1c4c,0.7200000000000001,10.0,10.669387755102042,current,physical_more_permissive,30.0,41.86122448979592,current,physical_more_permissive,28.571428571428573,114.28571428571429,242.5,407.40000000000003,28.571428571428573
unverified_97s_10kwh_1c4c,0.7250000000000001,10.0,10.683673469387756,current,physical_more_permissive,30.0,41.91836734693878,current,physical_more_permissive,28.571428571428573,114.28571428571429,242.5,407.40000000000003,28.571428571428573
unverified_97s_10kwh_1c4c,0.7300000000000001,10.0,10.697959183673468,current,physical_more_permissive,30.0,41.97551020408164,current,physical_more_permissive,28.571428571428573,114.28571428571429,242.5,407.40000000000003,28.571428571428573
unverified_97s_10kwh_1c4c,0.7350000000000001,10.0,10.712244897959184,current,physical_more_permissive,30.0,42.032653061224494,current,physical_more_permissive,28.571428571428573,114.28571428571429,242.5,407.40000000000003,28.571428571428573
unverified_97s_10kwh_1c4c,0.7400000000000001,10.0,10.726530612244899,current,physical_more_permissive,30.0,42.08979591836735,current,physical_more_permissive,28.571428571428573,114.28571428571429,242.5,407.40000000000003,28.571428571428573
unverified_97s_10kwh_1c4c,0.7450000000000001,10.0,10.740816326530613,current,physical_more_permissive,30.0,42.14693877551021,current,physical_more_permissive,28.571428571428573,114.28571428571429,242.5,407.40000000000003,28.571428571428573
unverified_97s_10kwh_1c4c,0.7500000000000001,10.0,10.755102040816327,current,physical_more_permissive,30.0,42.20408163265307,current,physical_more_permissive,28.571428571428573,114.28571428571429,242.5,407.40000000000003,28.571428571428573
unverified_97s_10kwh_1c4c,0.755,10.0,10.769387755102041,current,physical_more_permissive,30.0,42.26122448979592,current,physical_more_permissive,28.571428571428573,114.28571428571429,242.5,407.40000000000003,28.571428571428573
unverified_97s_10kwh_1c4c,0.76,10.0,10.783673469387756,current,physical_more_permissive,30.0,42.31836734693878,current,physical_more_permissive,28.571428571428573,114.28571428571429,242.5,407.40000000000003,28.571428571428573
unverified_97s_10kwh_1c4c,0.765,10.0,10.797959183673468,current,physical_more_permissive,30.0,42.375510204081635,current,physical_more_permissive,28.571428571428573,114.28571428571429,242.5,407.40000000000003,28.571428571428573
unverified_97s_10kwh_1c4c,0.77,10.0,10.812244897959184,current,physical_more_permissive,30.0,42.4326530612245,current,physical_more_permissive,28.571428571428573,114.28571428571429,242.5,407.40000000000003,28.571428571428573
unverified_97s_10kwh_1c4c,0.775,10.0,10.826530612244898,current,physical_more_permissive,30.0,42.48979591836735,current,physical_more_permissive,28.571428571428573,114.28571428571429,242.5,407.40000000000003,28.571428571428573
unverified_97s_10kwh_1c4c,0.78,10.0,10.840816326530613,current,physical_more_permissive,30.0,42.546938775510206,current,physical_more_permissive,28.571428571428573,114.28571428571429,242.5,407.40000000000003,28.571428571428573
unverified_97s_10kwh_1c4c,0.785,10.0,10.855102040816327,current,physical_more_permissive,30.0,42.60408163265307,current,physical_more_permissive,28.571428571428573,114.28571428571429,242.5,407.40000000000003,28.571428571428573
unverified_97s_10kwh_1c4c,0.79,10.0,10.869387755102041,current,physical_more_permissive,30.0,42.66122448979593,current,physical_more_permissive,28.571428571428573,114.28571428571429,242.5,407.40000000000003,28.571428571428573
unverified_97s_10kwh_1c4c,0.795,10.0,10.883673469387755,current,physical_more_permissive,30.0,42.71836734693878,current,physical_more_permissive,28.571428571428573,114.28571428571429,242.5,407.40000000000003,28.571428571428573
unverified_97s_10kwh_1c4c,0.8,10.0,10.89795918367347,current,physical_more_permissive,30.0,42.775510204081634,current,physical_more_permissive,28.571428571428573,114.28571428571429,242.5,407.40000000000003,28.571428571428573
unverified_97s_10kwh_1c4c,0.805,10.0,10.912244897959184,current,physical_more_permissive,30.0,42.8326530612245,current,physical_more_permissive,28.571428571428573,114.28571428571429,242.5,407.40000000000003,28.571428571428573
unverified_97s_10kwh_1c4c,0.81,10.0,10.926530612244898,current,physical_more_permissive,30.0,42.889795918367355,current,physical_more_permissive,28.571428571428573,114.28571428571429,242.5,407.40000000000003,28.571428571428573
unverified_97s_10kwh_1c4c,0.8150000000000001,10.0,10.940816326530612,current,physical_more_permissive,30.0,42.946938775510205,current,physical_more_permissive,28.571428571428573,114.28571428571429,242.5,407.40000000000003,28.571428571428573
unverified_97s_10kwh_1c4c,0.8200000000000001,10.0,10.955102040816328,current,physical_more_permissive,30.0,43.00408163265307,current,physical_more_permissive,28.571428571428573,114.28571428571429,242.5,407.40000000000003,28.571428571428573
unverified_97s_10kwh_1c4c,0.8250000000000001,10.0,10.96938775510204,current,physical_more_permissive,30.0,43.061224489795926,current,physical_more_permissive,28.571428571428573,114.28571428571429,242.5,407.40000000000003,28.571428571428573
unverified_97s_10kwh_1c4c,0.8300000000000001,10.0,10.983673469387755,current,physical_more_permissive,30.0,43.11836734693878,current,physical_more_permissive,28.571428571428573,114.28571428571429,242.5,407.40000000000003,28.571428571428573
unverified_97s_10kwh_1c4c,0.8350000000000001,10.0,10.99795918367347,current,physical_more_permissive,30.0,43.17551020408163,current,physical_more_permissive,28.571428571428573,114.28571428571429,242.5,407.40000000000003,28.571428571428573
unverified_97s_10kwh_1c4c,0.8400000000000001,10.0,11.012244897959185,current,physical_more_permissive,30.0,43.2326530612245,current,physical_more_permissive,28.571428571428573,114.28571428571429,242.5,407.40000000000003,28.571428571428573
unverified_97s_10kwh_1c4c,0.8450000000000001,10.0,11.026530612244898,current,physical_more_permissive,30.0,43.28979591836735,current,physical_more_permissive,28.571428571428573,114.28571428571429,242.5,407.40000000000003,28.571428571428573
unverified_97s_10kwh_1c4c,0.8500000000000001,10.0,11.040816326530612,current,physical_more_permissive,30.0,43.34693877551021,current,physical_more_permissive,28.571428571428573,114.28571428571429,242.5,407.40000000000003,28.571428571428573
unverified_97s_10kwh_1c4c,0.8550000000000001,10.0,11.055102040816328,current,physical_more_permissive,30.0,43.40408163265307,current,physical_more_permissive,28.571428571428573,114.28571428571429,242.5,407.40000000000003,28.571428571428573
unverified_97s_10kwh_1c4c,0.8600000000000001,10.0,11.069387755102042,current,physical_more_permissive,30.0,43.461224489795924,current,physical_more_permissive,28.571428571428573,114.28571428571429,242.5,407.40000000000003,28.571428571428573
unverified_97s_10kwh_1c4c,0.8650000000000001,10.0,11.083673469387755,current,physical_more_permissive,30.0,43.51836734693878,current,physical_more_permissive,28.571428571428573,114.28571428571429,242.5,407.40000000000003,28.571428571428573
unverified_97s_10kwh_1c4c,0.8700000000000001,10.0,11.097959183673469,current,physical_more_permissive,30.0,43.57551020408163,current,physical_more_permissive,28.571428571428573,114.28571428571429,242.5,407.40000000000003,28.571428571428573
unverified_97s_10kwh_1c4c,0.8750000000000001,10.0,11.112244897959185,current,physical_more_permissive,30.0,43.632653061224495,current,physical_more_permissive,28.571428571428573,114.28571428571429,242.5,407.40000000000003,28.571428571428573
unverified_97s_10kwh_1c4c,0.8800000000000001,10.0,11.126530612244899,current,physical_more_permissive,30.0,43.68979591836735,current,physical_more_permissive,28.571428571428573,114.28571428571429,242.5,407.40000000000003,28.571428571428573
unverified_97s_10kwh_1c4c,0.885,10.0,11.140816326530611,current,physical_more_permissive,30.0,43.74693877551021,current,physical_more_permissive,28.571428571428573,114.28571428571429,242.5,407.40000000000003,28.571428571428573
unverified_97s_10kwh_1c4c,0.89,10.0,11.155102040816328,current,physical_more_permissive,30.0,43.804081632653066,current,physical_more_permissive,28.571428571428573,114.28571428571429,242.5,407.40000000000003,28.571428571428573
unverified_97s_10kwh_1c4c,0.895,10.0,11.169387755102042,current,physical_more_permissive,30.0,43.86122448979592,current,physical_more_permissive,28.571428571428573,114.28571428571429,242.5,407.40000000000003,28.571428571428573
unverified_97s_10kwh_1c4c,0.9,10.0,11.183673469387756,current,physical_more_permissive,30.0,43.91836734693878,current,physical_more_permissive,28.571428571428573,114.28571428571429,242.5,407.40000000000003,28.571428571428573
unverified_97s_10kwh_1c4c,0.905,10.0,11.197959183673468,current,physical_more_permissive,30.0,43.97551020408164,current,physical_more_permissive,28.571428571428573,114.28571428571429,242.5,407.40000000000003,28.571428571428573
unverified_97s_10kwh_1c4c,0.91,10.0,11.212244897959184,current,physical_more_permissive,30.0,44.032653061224494,current,physical_more_permissive,28.571428571428573,114.28571428571429,242.5,407.40000000000003,28.571428571428573
unverified_97s_10kwh_1c4c,0.915,10.0,11.226530612244899,current,physical_more_permissive,30.0,44.08979591836735,current,physical_more_permissive,28.571428571428573,114.28571428571429,242.5,407.40000000000003,28.571428571428573
unverified_97s_10kwh_1c4c,0.92,10.0,11.240816326530613,current,physical_more_permissive,30.0,44.14693877551021,current,physical_more_permissive,28.571428571428573,114.28571428571429,242.5,407.40000000000003,28.571428571428573
unverified_97s_10kwh_1c4c,0.925,10.0,11.255102040816327,current,physical_more_permissive,30.0,44.20408163265307,current,physical_more_permissive,28.571428571428573,114.28571428571429,242.5,407.40000000000003,28.571428571428573
unverified_97s_10kwh_1c4c,0.93,10.0,11.269387755102041,current,physical_more_permissive,30.0,44.26122448979592,current,physical_more_permissive,28.571428571428573,114.28571428571429,242.5,407.40000000000003,28.571428571428573
unverified_97s_10kwh_1c4c,0.935,10.0,11.283673469387756,current,physical_more_permissive,30.0,44.31836734693878,current,physical_more_permissive,28.571428571428573,114.28571428571429,242.5,407.40000000000003,28.571428571428573
unverified_97s_10kwh_1c4c,0.9400000000000001,10.0,11.297959183673468,current,physical_more_permissive,30.0,44.375510204081635,current,physical_more_permissive,28.571428571428573,114.28571428571429,242.5,407.40000000000003,28.571428571428573
unverified_97s_10kwh_1c4c,0.9450000000000001,10.0,11.312244897959184,current,physical_more_permissive,30.0,44.4326530612245,current,physical_more_permissive,28.571428571428573,114.28571428571429,242.5,407.40000000000003,28.571428571428573
unverified_97s_10kwh_1c4c,0.9500000000000001,10.0,11.326530612244898,current,physical_more_permissive,30.0,44.48979591836735,current,physical_more_permissive,28.571428571428573,114.28571428571429,242.5,407.40000000000003,28.571428571428573
unverified_97s_10kwh_1c4c,0.9550000000000001,10.0,11.340816326530613,current,physical_more_permissive,30.0,44.546938775510206,current,physical_more_permissive,28.571428571428573,114.28571428571429,242.5,407.40000000000003,28.571428571428573
unverified_97s_10kwh_1c4c,0.9600000000000001,10.0,11.355102040816327,current,physical_more_permissive,30.0,44.60408163265307,current,physical_more_permissive,28.571428571428573,114.28571428571429,242.5,407.40000000000003,28.571428571428573
unverified_97s_10kwh_1c4c,0.9650000000000001,10.0,11.369387755102041,current,physical_more_permissive,30.0,44.66122448979593,current,physical_more_permissive,28.571428571428573,114.28571428571429,242.5,407.40000000000003,28.571428571428573
unverified_97s_10kwh_1c4c,0.9700000000000001,10.0,11.383673469387755,current,physical_more_permissive,30.0,44.71836734693878,current,physical_more_permissive,28.571428571428573,114.28571428571429,242.5,407.40000000000003,28.571428571428573
unverified_97s_10kwh_1c4c,0.9750000000000001,10.0,11.39795918367347,current,physical_more_permissive,30.0,44.775510204081634,current,physical_more_permissive,28.571428571428573,114.28571428571429,242.5,407.40000000000003,28.571428571428573
unverified_97s_10kwh_1c4c,0.9800000000000001,10.0,11.412244897959184,current,physical_more_permissive,30.0,44.8326530612245,current,physical_more_permissive,28.571428571428573,114.28571428571429,242.5,407.40000000000003,28.571428571428573
unverified_97s_10kwh_1c4c,0.9850000000000001,10.0,11.426530612244898,current,physical_more_permissive,30.0,44.889795918367355,current,physical_more_permissive,28.571428571428573,114.28571428571429,242.5,407.40000000000003,28.571428571428573
unverified_97s_10kwh_1c4c,0.9900000000000001,10.0,11.440816326530612,current,physical_more_permissive,30.0,44.946938775510205,current,physical_more_permissive,28.571428571428573,114.28571428571429,242.5,407.40000000000003,28.571428571428573
unverified_97s_10kwh_1c4c,0.9950000000000001,10.0,11.455102040816328,current,physical_more_permissive,30.0,45.00408163265307,current,physical_more_permissive,28.571428571428573,114.28571428571429,242.5,407.40000000000003,28.571428571428573
unverified_97s_10kwh_1c4c,1.0,0.0,0.0,soc_boundary,equal,30.0,45.061224489795926,current,physical_more_permissive,28.571428571428573,114.28571428571429,242.5,407.40000000000003,28.571428571428573
unverified_97s_8kwh_1c3c,0.05,8.0,7.004081632653061,current,physical_less_permissive,0.0,0.0,soc_boundary,equal,22.857142857142858,68.57142857142857,242.5,407.40000000000003,22.857142857142858
unverified_97s_8kwh_1c3c,0.055,8.0,7.015510204081632,current,physical_less_permissive,24.0,20.654693877551022,current,physical_less_permissive,22.857142857142858,68.57142857142857,242.5,407.40000000000003,22.857142857142858
unverified_97s_8kwh_1c3c,0.060000000000000005,8.0,7.026938775510204,current,physical_less_permissive,24.0,20.688979591836734,current,physical_less_permissive,22.857142857142858,68.57142857142857,242.5,407.40000000000003,22.857142857142858
unverified_97s_8kwh_1c3c,0.065,8.0,7.0383673469387755,current,physical_less_permissive,24.0,20.72326530612245,current,physical_less_permissive,22.857142857142858,68.57142857142857,242.5,407.40000000000003,22.857142857142858
unverified_97s_8kwh_1c3c,0.07,8.0,7.049795918367346,current,physical_less_permissive,24.0,20.757551020408165,current,physical_less_permissive,22.857142857142858,68.57142857142857,242.5,407.40000000000003,22.857142857142858
unverified_97s_8kwh_1c3c,0.07500000000000001,8.0,7.061224489795918,current,physical_less_permissive,24.0,20.79183673469388,current,physical_less_permissive,22.857142857142858,68.57142857142857,242.5,407.40000000000003,22.857142857142858
unverified_97s_8kwh_1c3c,0.08,8.0,7.072653061224489,current,physical_less_permissive,24.0,20.826122448979593,current,physical_less_permissive,22.857142857142858,68.57142857142857,242.5,407.40000000000003,22.857142857142858
unverified_97s_8kwh_1c3c,0.085,8.0,7.084081632653061,current,physical_less_permissive,24.0,20.86040816326531,current,physical_less_permissive,22.857142857142858,68.57142857142857,242.5,407.40000000000003,22.857142857142858
unverified_97s_8kwh_1c3c,0.09,8.0,7.0955102040816325,current,physical_less_permissive,24.0,20.89469387755102,current,physical_less_permissive,22.857142857142858,68.57142857142857,242.5,407.40000000000003,22.857142857142858
unverified_97s_8kwh_1c3c,0.095,8.0,7.106938775510204,current,physical_less_permissive,24.0,20.928979591836736,current,physical_less_permissive,22.857142857142858,68.57142857142857,242.5,407.40000000000003,22.857142857142858
unverified_97s_8kwh_1c3c,0.1,8.0,7.118367346938776,current,physical_less_permissive,24.0,20.963265306122448,current,physical_less_permissive,22.857142857142858,68.57142857142857,242.5,407.40000000000003,22.857142857142858
unverified_97s_8kwh_1c3c,0.10500000000000001,8.0,7.129795918367346,current,physical_less_permissive,24.0,20.997551020408167,current,physical_less_permissive,22.857142857142858,68.57142857142857,242.5,407.40000000000003,22.857142857142858
unverified_97s_8kwh_1c3c,0.11,8.0,7.141224489795918,current,physical_less_permissive,24.0,21.03183673469388,current,physical_less_permissive,22.857142857142858,68.57142857142857,242.5,407.40000000000003,22.857142857142858
unverified_97s_8kwh_1c3c,0.115,8.0,7.152653061224489,current,physical_less_permissive,24.0,21.066122448979595,current,physical_less_permissive,22.857142857142858,68.57142857142857,242.5,407.40000000000003,22.857142857142858
unverified_97s_8kwh_1c3c,0.12000000000000001,8.0,7.164081632653061,current,physical_less_permissive,24.0,21.100408163265307,current,physical_less_permissive,22.857142857142858,68.57142857142857,242.5,407.40000000000003,22.857142857142858
unverified_97s_8kwh_1c3c,0.125,8.0,7.1755102040816325,current,physical_less_permissive,24.0,21.134693877551022,current,physical_less_permissive,22.857142857142858,68.57142857142857,242.5,407.40000000000003,22.857142857142858
unverified_97s_8kwh_1c3c,0.13,8.0,7.186938775510204,current,physical_less_permissive,24.0,21.168979591836734,current,physical_less_permissive,22.857142857142858,68.57142857142857,242.5,407.40000000000003,22.857142857142858
unverified_97s_8kwh_1c3c,0.135,8.0,7.198367346938776,current,physical_less_permissive,24.0,21.203265306122447,current,physical_less_permissive,22.857142857142858,68.57142857142857,242.5,407.40000000000003,22.857142857142858
unverified_97s_8kwh_1c3c,0.14,8.0,7.209795918367346,current,physical_less_permissive,24.0,21.237551020408166,current,physical_less_permissive,22.857142857142858,68.57142857142857,242.5,407.40000000000003,22.857142857142858
unverified_97s_8kwh_1c3c,0.14500000000000002,8.0,7.221224489795918,current,physical_less_permissive,24.0,21.271836734693878,current,physical_less_permissive,22.857142857142858,68.57142857142857,242.5,407.40000000000003,22.857142857142858
unverified_97s_8kwh_1c3c,0.15000000000000002,8.0,7.2326530612244895,current,physical_less_permissive,24.0,21.306122448979593,current,physical_less_permissive,22.857142857142858,68.57142857142857,242.5,407.40000000000003,22.857142857142858
unverified_97s_8kwh_1c3c,0.155,8.0,7.244081632653061,current,physical_less_permissive,24.0,21.340408163265305,current,physical_less_permissive,22.857142857142858,68.57142857142857,242.5,407.40000000000003,22.857142857142858
unverified_97s_8kwh_1c3c,0.16,8.0,7.255510204081633,current,physical_less_permissive,24.0,21.37469387755102,current,physical_less_permissive,22.857142857142858,68.57142857142857,242.5,407.40000000000003,22.857142857142858
unverified_97s_8kwh_1c3c,0.165,8.0,7.266938775510204,current,physical_less_permissive,24.0,21.408979591836733,current,physical_less_permissive,22.857142857142858,68.57142857142857,242.5,407.40000000000003,22.857142857142858
unverified_97s_8kwh_1c3c,0.16999999999999998,8.0,7.278367346938776,current,physical_less_permissive,24.0,21.44326530612245,current,physical_less_permissive,22.857142857142858,68.57142857142857,242.5,407.40000000000003,22.857142857142858
unverified_97s_8kwh_1c3c,0.175,8.0,7.289795918367346,current,physical_less_permissive,24.0,21.477551020408164,current,physical_less_permissive,22.857142857142858,68.57142857142857,242.5,407.40000000000003,22.857142857142858
unverified_97s_8kwh_1c3c,0.18,8.0,7.301224489795918,current,physical_less_permissive,24.0,21.51183673469388,current,physical_less_permissive,22.857142857142858,68.57142857142857,242.5,407.40000000000003,22.857142857142858
unverified_97s_8kwh_1c3c,0.185,8.0,7.3126530612244895,current,physical_less_permissive,24.0,21.54612244897959,current,physical_less_permissive,22.857142857142858,68.57142857142857,242.5,407.40000000000003,22.857142857142858
unverified_97s_8kwh_1c3c,0.19,8.0,7.324081632653061,current,physical_less_permissive,24.0,21.580408163265307,current,physical_less_permissive,22.857142857142858,68.57142857142857,242.5,407.40000000000003,22.857142857142858
unverified_97s_8kwh_1c3c,0.195,8.0,7.335510204081633,current,physical_less_permissive,24.0,21.61469387755102,current,physical_less_permissive,22.857142857142858,68.57142857142857,242.5,407.40000000000003,22.857142857142858
unverified_97s_8kwh_1c3c,0.2,8.0,7.346938775510204,current,physical_less_permissive,24.0,21.648979591836735,current,physical_less_permissive,22.857142857142858,68.57142857142857,242.5,407.40000000000003,22.857142857142858
unverified_97s_8kwh_1c3c,0.20500000000000002,8.0,7.358367346938776,current,physical_less_permissive,24.0,21.683265306122447,current,physical_less_permissive,22.857142857142858,68.57142857142857,242.5,407.40000000000003,22.857142857142858
unverified_97s_8kwh_1c3c,0.21000000000000002,8.0,7.3697959183673465,current,physical_less_permissive,24.0,21.717551020408166,current,physical_less_permissive,22.857142857142858,68.57142857142857,242.5,407.40000000000003,22.857142857142858
unverified_97s_8kwh_1c3c,0.21500000000000002,8.0,7.381224489795918,current,physical_less_permissive,24.0,21.751836734693878,current,physical_less_permissive,22.857142857142858,68.57142857142857,242.5,407.40000000000003,22.857142857142858
unverified_97s_8kwh_1c3c,0.22000000000000003,8.0,7.39265306122449,current,physical_less_permissive,24.0,21.786122448979594,current,physical_less_permissive,22.857142857142858,68.57142857142857,242.5,407.40000000000003,22.857142857142858
unverified_97s_8kwh_1c3c,0.22500000000000003,8.0,7.404081632653061,current,physical_less_permissive,24.0,21.820408163265306,current,physical_less_permissive,22.857142857142858,68.57142857142857,242.5,407.40000000000003,22.857142857142858
unverified_97s_8kwh_1c3c,0.22999999999999998,8.0,7.415510204081633,current,physical_less_permissive,24.0,21.85469387755102,current,physical_less_permissive,22.857142857142858,68.57142857142857,242.5,407.40000000000003,22.857142857142858
unverified_97s_8kwh_1c3c,0.235,8.0,7.426938775510204,current,physical_less_permissive,24.0,21.888979591836733,current,physical_less_permissive,22.857142857142858,68.57142857142857,242.5,407.40000000000003,22.857142857142858
unverified_97s_8kwh_1c3c,0.24,8.0,7.438367346938776,current,physical_less_permissive,24.0,21.92326530612245,current,physical_less_permissive,22.857142857142858,68.57142857142857,242.5,407.40000000000003,22.857142857142858
unverified_97s_8kwh_1c3c,0.245,8.0,7.449795918367347,current,physical_less_permissive,24.0,21.957551020408165,current,physical_less_permissive,22.857142857142858,68.57142857142857,242.5,407.40000000000003,22.857142857142858
unverified_97s_8kwh_1c3c,0.25,8.0,7.461224489795918,current,physical_less_permissive,24.0,21.99183673469388,current,physical_less_permissive,22.857142857142858,68.57142857142857,242.5,407.40000000000003,22.857142857142858
unverified_97s_8kwh_1c3c,0.255,8.0,7.47265306122449,current,physical_less_permissive,24.0,22.026122448979592,current,physical_less_permissive,22.857142857142858,68.57142857142857,242.5,407.40000000000003,22.857142857142858
unverified_97s_8kwh_1c3c,0.26,8.0,7.484081632653061,current,physical_less_permissive,24.0,22.060408163265308,current,physical_less_permissive,22.857142857142858,68.57142857142857,242.5,407.40000000000003,22.857142857142858
unverified_97s_8kwh_1c3c,0.265,8.0,7.495510204081633,current,physical_less_permissive,24.0,22.09469387755102,current,physical_less_permissive,22.857142857142858,68.57142857142857,242.5,407.40000000000003,22.857142857142858
unverified_97s_8kwh_1c3c,0.27,8.0,7.506938775510204,current,physical_less_permissive,24.0,22.128979591836735,current,physical_less_permissive,22.857142857142858,68.57142857142857,242.5,407.40000000000003,22.857142857142858
unverified_97s_8kwh_1c3c,0.275,8.0,7.518367346938776,current,physical_less_permissive,24.0,22.163265306122447,current,physical_less_permissive,22.857142857142858,68.57142857142857,242.5,407.40000000000003,22.857142857142858
unverified_97s_8kwh_1c3c,0.28,8.0,7.529795918367347,current,physical_less_permissive,24.0,22.197551020408167,current,physical_less_permissive,22.857142857142858,68.57142857142857,242.5,407.40000000000003,22.857142857142858
unverified_97s_8kwh_1c3c,0.28500000000000003,8.0,7.541224489795918,current,physical_less_permissive,24.0,22.23183673469388,current,physical_less_permissive,22.857142857142858,68.57142857142857,242.5,407.40000000000003,22.857142857142858
unverified_97s_8kwh_1c3c,0.29,8.0,7.55265306122449,current,physical_less_permissive,24.0,22.266122448979594,current,physical_less_permissive,22.857142857142858,68.57142857142857,242.5,407.40000000000003,22.857142857142858
unverified_97s_8kwh_1c3c,0.295,8.0,7.564081632653061,current,physical_less_permissive,24.0,22.300408163265306,current,physical_less_permissive,22.857142857142858,68.57142857142857,242.5,407.40000000000003,22.857142857142858
unverified_97s_8kwh_1c3c,0.3,8.0,7.575510204081633,current,physical_less_permissive,24.0,22.33469387755102,current,physical_less_permissive,22.857142857142858,68.57142857142857,242.5,407.40000000000003,22.857142857142858
unverified_97s_8kwh_1c3c,0.305,8.0,7.5869387755102045,current,physical_less_permissive,24.0,22.368979591836734,current,physical_less_permissive,22.857142857142858,68.57142857142857,242.5,407.40000000000003,22.857142857142858
unverified_97s_8kwh_1c3c,0.31,8.0,7.598367346938776,current,physical_less_permissive,24.0,22.40326530612245,current,physical_less_permissive,22.857142857142858,68.57142857142857,242.5,407.40000000000003,22.857142857142858
unverified_97s_8kwh_1c3c,0.315,8.0,7.609795918367347,current,physical_less_permissive,24.0,22.437551020408165,current,physical_less_permissive,22.857142857142858,68.57142857142857,242.5,407.40000000000003,22.857142857142858
unverified_97s_8kwh_1c3c,0.32,8.0,7.621224489795918,current,physical_less_permissive,24.0,22.47183673469388,current,physical_less_permissive,22.857142857142858,68.57142857142857,242.5,407.40000000000003,22.857142857142858
unverified_97s_8kwh_1c3c,0.325,8.0,7.63265306122449,current,physical_less_permissive,24.0,22.506122448979593,current,physical_less_permissive,22.857142857142858,68.57142857142857,242.5,407.40000000000003,22.857142857142858
unverified_97s_8kwh_1c3c,0.33,8.0,7.644081632653061,current,physical_less_permissive,24.0,22.540408163265308,current,physical_less_permissive,22.857142857142858,68.57142857142857,242.5,407.40000000000003,22.857142857142858
unverified_97s_8kwh_1c3c,0.335,8.0,7.655510204081633,current,physical_less_permissive,24.0,22.57469387755102,current,physical_less_permissive,22.857142857142858,68.57142857142857,242.5,407.40000000000003,22.857142857142858
unverified_97s_8kwh_1c3c,0.33999999999999997,8.0,7.6669387755102045,current,physical_less_permissive,24.0,22.608979591836736,current,physical_less_permissive,22.857142857142858,68.57142857142857,242.5,407.40000000000003,22.857142857142858
unverified_97s_8kwh_1c3c,0.345,8.0,7.678367346938776,current,physical_less_permissive,24.0,22.643265306122448,current,physical_less_permissive,22.857142857142858,68.57142857142857,242.5,407.40000000000003,22.857142857142858
unverified_97s_8kwh_1c3c,0.35,8.0,7.689795918367347,current,physical_less_permissive,24.0,22.677551020408167,current,physical_less_permissive,22.857142857142858,68.57142857142857,242.5,407.40000000000003,22.857142857142858
unverified_97s_8kwh_1c3c,0.355,8.0,7.701224489795918,current,physical_less_permissive,24.0,22.71183673469388,current,physical_less_permissive,22.857142857142858,68.57142857142857,242.5,407.40000000000003,22.857142857142858
unverified_97s_8kwh_1c3c,0.36,8.0,7.71265306122449,current,physical_less_permissive,24.0,22.746122448979595,current,physical_less_permissive,22.857142857142858,68.57142857142857,242.5,407.40000000000003,22.857142857142858
unverified_97s_8kwh_1c3c,0.365,8.0,7.7240816326530615,current,physical_less_permissive,24.0,22.780408163265307,current,physical_less_permissive,22.857142857142858,68.57142857142857,242.5,407.40000000000003,22.857142857142858
unverified_97s_8kwh_1c3c,0.37,8.0,7.735510204081633,current,physical_less_permissive,24.0,22.814693877551022,current,physical_less_permissive,22.857142857142858,68.57142857142857,242.5,407.40000000000003,22.857142857142858
unverified_97s_8kwh_1c3c,0.375,8.0,7.746938775510205,current,physical_less_permissive,24.0,22.848979591836734,current,physical_less_permissive,22.857142857142858,68.57142857142857,242.5,407.40000000000003,22.857142857142858
unverified_97s_8kwh_1c3c,0.38,8.0,7.758367346938776,current,physical_less_permissive,24.0,22.88326530612245,current,physical_less_permissive,22.857142857142858,68.57142857142857,242.5,407.40000000000003,22.857142857142858
unverified_97s_8kwh_1c3c,0.385,8.0,7.769795918367347,current,physical_less_permissive,24.0,22.917551020408165,current,physical_less_permissive,22.857142857142858,68.57142857142857,242.5,407.40000000000003,22.857142857142858
unverified_97s_8kwh_1c3c,0.39,8.0,7.781224489795918,current,physical_less_permissive,24.0,22.95183673469388,current,physical_less_permissive,22.857142857142858,68.57142857142857,242.5,407.40000000000003,22.857142857142858
unverified_97s_8kwh_1c3c,0.395,8.0,7.79265306122449,current,physical_less_permissive,24.0,22.986122448979593,current,physical_less_permissive,22.857142857142858,68.57142857142857,242.5,407.40000000000003,22.857142857142858
unverified_97s_8kwh_1c3c,0.4,8.0,7.8040816326530615,current,physical_less_permissive,24.0,23.02040816326531,current,physical_less_permissive,22.857142857142858,68.57142857142857,242.5,407.40000000000003,22.857142857142858
unverified_97s_8kwh_1c3c,0.40499999999999997,8.0,7.815510204081633,current,physical_less_permissive,24.0,23.05469387755102,current,physical_less_permissive,22.857142857142858,68.57142857142857,242.5,407.40000000000003,22.857142857142858
unverified_97s_8kwh_1c3c,0.41,8.0,7.826938775510205,current,physical_less_permissive,24.0,23.088979591836736,current,physical_less_permissive,22.857142857142858,68.57142857142857,242.5,407.40000000000003,22.857142857142858
unverified_97s_8kwh_1c3c,0.415,8.0,7.838367346938776,current,physical_less_permissive,24.0,23.12326530612245,current,physical_less_permissive,22.857142857142858,68.57142857142857,242.5,407.40000000000003,22.857142857142858
unverified_97s_8kwh_1c3c,0.42,8.0,7.849795918367347,current,physical_less_permissive,24.0,23.157551020408167,current,physical_less_permissive,22.857142857142858,68.57142857142857,242.5,407.40000000000003,22.857142857142858
unverified_97s_8kwh_1c3c,0.425,8.0,7.8612244897959185,current,physical_less_permissive,24.0,23.19183673469388,current,physical_less_permissive,22.857142857142858,68.57142857142857,242.5,407.40000000000003,22.857142857142858
unverified_97s_8kwh_1c3c,0.43,8.0,7.87265306122449,current,physical_less_permissive,24.0,23.22612244897959,current,physical_less_permissive,22.857142857142858,68.57142857142857,242.5,407.40000000000003,22.857142857142858
unverified_97s_8kwh_1c3c,0.435,8.0,7.884081632653062,current,physical_less_permissive,24.0,23.260408163265307,current,physical_less_permissive,22.857142857142858,68.57142857142857,242.5,407.40000000000003,22.857142857142858
unverified_97s_8kwh_1c3c,0.44,8.0,7.895510204081633,current,physical_less_permissive,24.0,23.29469387755102,current,physical_less_permissive,22.857142857142858,68.57142857142857,242.5,407.40000000000003,22.857142857142858
unverified_97s_8kwh_1c3c,0.445,8.0,7.906938775510205,current,physical_less_permissive,24.0,23.328979591836735,current,physical_less_permissive,22.857142857142858,68.57142857142857,242.5,407.40000000000003,22.857142857142858
unverified_97s_8kwh_1c3c,0.45,8.0,7.918367346938776,current,physical_less_permissive,24.0,23.363265306122447,current,physical_less_permissive,22.857142857142858,68.57142857142857,242.5,407.40000000000003,22.857142857142858
unverified_97s_8kwh_1c3c,0.455,8.0,7.929795918367346,current,physical_less_permissive,24.0,23.397551020408166,current,physical_less_permissive,22.857142857142858,68.57142857142857,242.5,407.40000000000003,22.857142857142858
unverified_97s_8kwh_1c3c,0.46,8.0,7.941224489795918,current,physical_less_permissive,24.0,23.431836734693878,current,physical_less_permissive,22.857142857142858,68.57142857142857,242.5,407.40000000000003,22.857142857142858
unverified_97s_8kwh_1c3c,0.465,8.0,7.952653061224489,current,physical_less_permissive,24.0,23.466122448979593,current,physical_less_permissive,22.857142857142858,68.57142857142857,242.5,407.40000000000003,22.857142857142858
unverified_97s_8kwh_1c3c,0.47,8.0,7.964081632653061,current,physical_less_permissive,24.0,23.500408163265305,current,physical_less_permissive,22.857142857142858,68.57142857142857,242.5,407.40000000000003,22.857142857142858
unverified_97s_8kwh_1c3c,0.475,8.0,7.975510204081632,current,physical_less_permissive,24.0,23.53469387755102,current,physical_less_permissive,22.857142857142858,68.57142857142857,242.5,407.40000000000003,22.857142857142858
unverified_97s_8kwh_1c3c,0.48,8.0,7.986938775510204,current,physical_less_permissive,24.0,23.568979591836733,current,physical_less_permissive,22.857142857142858,68.57142857142857,242.5,407.40000000000003,22.857142857142858
unverified_97s_8kwh_1c3c,0.485,8.0,7.9983673469387755,current,physical_less_permissive,24.0,23.60326530612245,current,physical_less_permissive,22.857142857142858,68.57142857142857,242.5,407.40000000000003,22.857142857142858
unverified_97s_8kwh_1c3c,0.49,8.0,8.009795918367347,current,physical_more_permissive,24.0,23.637551020408164,current,physical_less_permissive,22.857142857142858,68.57142857142857,242.5,407.40000000000003,22.857142857142858
unverified_97s_8kwh_1c3c,0.495,8.0,8.021224489795918,current,physical_more_permissive,24.0,23.67183673469388,current,physical_less_permissive,22.857142857142858,68.57142857142857,242.5,407.40000000000003,22.857142857142858
unverified_97s_8kwh_1c3c,0.5,8.0,8.03265306122449,current,physical_more_permissive,24.0,23.706122448979592,current,physical_less_permissive,22.857142857142858,68.57142857142857,242.5,407.40000000000003,22.857142857142858
unverified_97s_8kwh_1c3c,0.505,8.0,8.04408163265306,current,physical_more_permissive,24.0,23.740408163265307,current,physical_less_permissive,22.857142857142858,68.57142857142857,242.5,407.40000000000003,22.857142857142858
unverified_97s_8kwh_1c3c,0.51,8.0,8.055510204081633,current,physical_more_permissive,24.0,23.77469387755102,current,physical_less_permissive,22.857142857142858,68.57142857142857,242.5,407.40000000000003,22.857142857142858
unverified_97s_8kwh_1c3c,0.515,8.0,8.066938775510204,current,physical_more_permissive,24.0,23.808979591836735,current,physical_less_permissive,22.857142857142858,68.57142857142857,242.5,407.40000000000003,22.857142857142858
unverified_97s_8kwh_1c3c,0.52,8.0,8.078367346938776,current,physical_more_permissive,24.0,23.843265306122447,current,physical_less_permissive,22.857142857142858,68.57142857142857,242.5,407.40000000000003,22.857142857142858
unverified_97s_8kwh_1c3c,0.525,8.0,8.089795918367347,current,physical_more_permissive,24.0,23.877551020408166,current,physical_less_permissive,22.857142857142858,68.57142857142857,242.5,407.40000000000003,22.857142857142858
unverified_97s_8kwh_1c3c,0.53,8.0,8.101224489795918,current,physical_more_permissive,24.0,23.91183673469388,current,physical_less_permissive,22.857142857142858,68.57142857142857,242.5,407.40000000000003,22.857142857142858
unverified_97s_8kwh_1c3c,0.535,8.0,8.11265306122449,current,physical_more_permissive,24.0,23.946122448979594,current,physical_less_permissive,22.857142857142858,68.57142857142857,242.5,407.40000000000003,22.857142857142858
unverified_97s_8kwh_1c3c,0.54,8.0,8.124081632653061,current,physical_more_permissive,24.0,23.980408163265306,current,physical_less_permissive,22.857142857142858,68.57142857142857,242.5,407.40000000000003,22.857142857142858
unverified_97s_8kwh_1c3c,0.545,8.0,8.135510204081633,current,physical_more_permissive,24.0,24.01469387755102,current,physical_more_permissive,22.857142857142858,68.57142857142857,242.5,407.40000000000003,22.857142857142858
unverified_97s_8kwh_1c3c,0.55,8.0,8.146938775510204,current,physical_more_permissive,24.0,24.048979591836734,current,physical_more_permissive,22.857142857142858,68.57142857142857,242.5,407.40000000000003,22.857142857142858
unverified_97s_8kwh_1c3c,0.555,8.0,8.158367346938777,current,physical_more_permissive,24.0,24.08326530612245,current,physical_more_permissive,22.857142857142858,68.57142857142857,242.5,407.40000000000003,22.857142857142858
unverified_97s_8kwh_1c3c,0.56,8.0,8.169795918367347,current,physical_more_permissive,24.0,24.117551020408165,current,physical_more_permissive,22.857142857142858,68.57142857142857,242.5,407.40000000000003,22.857142857142858
unverified_97s_8kwh_1c3c,0.5650000000000001,8.0,8.181224489795918,current,physical_more_permissive,24.0,24.15183673469388,current,physical_more_permissive,22.857142857142858,68.57142857142857,242.5,407.40000000000003,22.857142857142858
unverified_97s_8kwh_1c3c,0.5700000000000001,8.0,8.19265306122449,current,physical_more_permissive,24.0,24.186122448979592,current,physical_more_permissive,22.857142857142858,68.57142857142857,242.5,407.40000000000003,22.857142857142858
unverified_97s_8kwh_1c3c,0.5750000000000001,8.0,8.204081632653063,current,physical_more_permissive,24.0,24.220408163265308,current,physical_more_permissive,22.857142857142858,68.57142857142857,242.5,407.40000000000003,22.857142857142858
unverified_97s_8kwh_1c3c,0.5800000000000001,8.0,8.215510204081633,current,physical_more_permissive,24.0,24.25469387755102,current,physical_more_permissive,22.857142857142858,68.57142857142857,242.5,407.40000000000003,22.857142857142858
unverified_97s_8kwh_1c3c,0.5850000000000001,8.0,8.226938775510204,current,physical_more_permissive,24.0,24.288979591836735,current,physical_more_permissive,22.857142857142858,68.57142857142857,242.5,407.40000000000003,22.857142857142858
unverified_97s_8kwh_1c3c,0.5900000000000001,8.0,8.238367346938777,current,physical_more_permissive,24.0,24.323265306122448,current,physical_more_permissive,22.857142857142858,68.57142857142857,242.5,407.40000000000003,22.857142857142858
unverified_97s_8kwh_1c3c,0.5950000000000001,8.0,8.249795918367347,current,physical_more_permissive,24.0,24.357551020408167,current,physical_more_permissive,22.857142857142858,68.57142857142857,242.5,407.40000000000003,22.857142857142858
unverified_97s_8kwh_1c3c,0.6000000000000001,8.0,8.26122448979592,current,physical_more_permissive,24.0,24.39183673469388,current,physical_more_permissive,22.857142857142858,68.57142857142857,242.5,407.40000000000003,22.857142857142858
unverified_97s_8kwh_1c3c,0.6050000000000001,8.0,8.27265306122449,current,physical_more_permissive,24.0,24.426122448979594,current,physical_more_permissive,22.857142857142858,68.57142857142857,242.5,407.40000000000003,22.857142857142858
unverified_97s_8kwh_1c3c,0.6100000000000001,8.0,8.284081632653063,current,physical_more_permissive,24.0,24.460408163265306,current,physical_more_permissive,22.857142857142858,68.57142857142857,242.5,407.40000000000003,22.857142857142858
unverified_97s_8kwh_1c3c,0.6150000000000001,8.0,8.295510204081634,current,physical_more_permissive,24.0,24.494693877551022,current,physical_more_permissive,22.857142857142858,68.57142857142857,242.5,407.40000000000003,22.857142857142858
unverified_97s_8kwh_1c3c,0.6200000000000001,8.0,8.306938775510204,current,physical_more_permissive,24.0,24.528979591836734,current,physical_more_permissive,22.857142857142858,68.57142857142857,242.5,407.40000000000003,22.857142857142858
unverified_97s_8kwh_1c3c,0.6250000000000001,8.0,8.318367346938777,current,physical_more_permissive,24.0,24.56326530612245,current,physical_more_permissive,22.857142857142858,68.57142857142857,242.5,407.40000000000003,22.857142857142858
unverified_97s_8kwh_1c3c,0.63,8.0,8.329795918367347,current,physical_more_permissive,24.0,24.597551020408165,current,physical_more_permissive,22.857142857142858,68.57142857142857,242.5,407.40000000000003,22.857142857142858
unverified_97s_8kwh_1c3c,0.635,8.0,8.34122448979592,current,physical_more_permissive,24.0,24.63183673469388,current,physical_more_permissive,22.857142857142858,68.57142857142857,242.5,407.40000000000003,22.857142857142858
unverified_97s_8kwh_1c3c,0.64,8.0,8.35265306122449,current,physical_more_permissive,24.0,24.666122448979593,current,physical_more_permissive,22.857142857142858,68.57142857142857,242.5,407.40000000000003,22.857142857142858
unverified_97s_8kwh_1c3c,0.645,8.0,8.364081632653063,current,physical_more_permissive,24.0,24.70040816326531,current,physical_more_permissive,22.857142857142858,68.57142857142857,242.5,407.40000000000003,22.857142857142858
unverified_97s_8kwh_1c3c,0.65,8.0,8.375510204081634,current,physical_more_permissive,24.0,24.73469387755102,current,physical_more_permissive,22.857142857142858,68.57142857142857,242.5,407.40000000000003,22.857142857142858
unverified_97s_8kwh_1c3c,0.655,8.0,8.386938775510204,current,physical_more_permissive,24.0,24.768979591836736,current,physical_more_permissive,22.857142857142858,68.57142857142857,242.5,407.40000000000003,22.857142857142858
unverified_97s_8kwh_1c3c,0.66,8.0,8.398367346938777,current,physical_more_permissive,24.0,24.803265306122448,current,physical_more_permissive,22.857142857142858,68.57142857142857,242.5,407.40000000000003,22.857142857142858
unverified_97s_8kwh_1c3c,0.665,8.0,8.409795918367347,current,physical_more_permissive,24.0,24.837551020408167,current,physical_more_permissive,22.857142857142858,68.57142857142857,242.5,407.40000000000003,22.857142857142858
unverified_97s_8kwh_1c3c,0.67,8.0,8.42122448979592,current,physical_more_permissive,24.0,24.87183673469388,current,physical_more_permissive,22.857142857142858,68.57142857142857,242.5,407.40000000000003,22.857142857142858
unverified_97s_8kwh_1c3c,0.675,8.0,8.432653061224489,current,physical_more_permissive,24.0,24.906122448979595,current,physical_more_permissive,22.857142857142858,68.57142857142857,242.5,407.40000000000003,22.857142857142858
unverified_97s_8kwh_1c3c,0.68,8.0,8.444081632653063,current,physical_more_permissive,24.0,24.940408163265307,current,physical_more_permissive,22.857142857142858,68.57142857142857,242.5,407.40000000000003,22.857142857142858
unverified_97s_8kwh_1c3c,0.685,8.0,8.455510204081632,current,physical_more_permissive,24.0,24.974693877551022,current,physical_more_permissive,22.857142857142858,68.57142857142857,242.5,407.40000000000003,22.857142857142858
unverified_97s_8kwh_1c3c,0.6900000000000001,8.0,8.466938775510203,current,physical_more_permissive,24.0,25.008979591836734,current,physical_more_permissive,22.857142857142858,68.57142857142857,242.5,407.40000000000003,22.857142857142858
unverified_97s_8kwh_1c3c,0.6950000000000001,8.0,8.478367346938775,current,physical_more_permissive,24.0,25.04326530612245,current,physical_more_permissive,22.857142857142858,68.57142857142857,242.5,407.40000000000003,22.857142857142858
unverified_97s_8kwh_1c3c,0.7000000000000001,8.0,8.489795918367346,current,physical_more_permissive,24.0,25.077551020408166,current,physical_more_permissive,22.857142857142858,68.57142857142857,242.5,407.40000000000003,22.857142857142858
unverified_97s_8kwh_1c3c,0.7050000000000001,8.0,8.501224489795918,current,physical_more_permissive,24.0,25.11183673469388,current,physical_more_permissive,22.857142857142858,68.57142857142857,242.5,407.40000000000003,22.857142857142858
unverified_97s_8kwh_1c3c,0.7100000000000001,8.0,8.512653061224489,current,physical_more_permissive,24.0,25.146122448979593,current,physical_more_permissive,22.857142857142858,68.57142857142857,242.5,407.40000000000003,22.857142857142858
unverified_97s_8kwh_1c3c,0.7150000000000001,8.0,8.524081632653061,current,physical_more_permissive,24.0,25.180408163265305,current,physical_more_permissive,22.857142857142858,68.57142857142857,242.5,407.40000000000003,22.857142857142858
unverified_97s_8kwh_1c3c,0.7200000000000001,8.0,8.535510204081632,current,physical_more_permissive,24.0,25.21469387755102,current,physical_more_permissive,22.857142857142858,68.57142857142857,242.5,407.40000000000003,22.857142857142858
unverified_97s_8kwh_1c3c,0.7250000000000001,8.0,8.546938775510203,current,physical_more_permissive,24.0,25.248979591836733,current,physical_more_permissive,22.857142857142858,68.57142857142857,242.5,407.40000000000003,22.857142857142858
unverified_97s_8kwh_1c3c,0.7300000000000001,8.0,8.558367346938775,current,physical_more_permissive,24.0,25.28326530612245,current,physical_more_permissive,22.857142857142858,68.57142857142857,242.5,407.40000000000003,22.857142857142858
unverified_97s_8kwh_1c3c,0.7350000000000001,8.0,8.569795918367346,current,physical_more_permissive,24.0,25.317551020408164,current,physical_more_permissive,22.857142857142858,68.57142857142857,242.5,407.40000000000003,22.857142857142858
unverified_97s_8kwh_1c3c,0.7400000000000001,8.0,8.581224489795918,current,physical_more_permissive,24.0,25.35183673469388,current,physical_more_permissive,22.857142857142858,68.57142857142857,242.5,407.40000000000003,22.857142857142858
unverified_97s_8kwh_1c3c,0.7450000000000001,8.0,8.592653061224489,current,physical_more_permissive,24.0,25.38612244897959,current,physical_more_permissive,22.857142857142858,68.57142857142857,242.5,407.40000000000003,22.857142857142858
unverified_97s_8kwh_1c3c,0.7500000000000001,8.0,8.604081632653061,current,physical_more_permissive,24.0,25.420408163265307,current,physical_more_permissive,22.857142857142858,68.57142857142857,242.5,407.40000000000003,22.857142857142858
unverified_97s_8kwh_1c3c,0.755,8.0,8.615510204081632,current,physical_more_permissive,24.0,25.45469387755102,current,physical_more_permissive,22.857142857142858,68.57142857142857,242.5,407.40000000000003,22.857142857142858
unverified_97s_8kwh_1c3c,0.76,8.0,8.626938775510203,current,physical_more_permissive,24.0,25.488979591836735,current,physical_more_permissive,22.857142857142858,68.57142857142857,242.5,407.40000000000003,22.857142857142858
unverified_97s_8kwh_1c3c,0.765,8.0,8.638367346938775,current,physical_more_permissive,24.0,25.523265306122447,current,physical_more_permissive,22.857142857142858,68.57142857142857,242.5,407.40000000000003,22.857142857142858
unverified_97s_8kwh_1c3c,0.77,8.0,8.649795918367346,current,physical_more_permissive,24.0,25.557551020408166,current,physical_more_permissive,22.857142857142858,68.57142857142857,242.5,407.40000000000003,22.857142857142858
unverified_97s_8kwh_1c3c,0.775,8.0,8.661224489795918,current,physical_more_permissive,24.0,25.591836734693878,current,physical_more_permissive,22.857142857142858,68.57142857142857,242.5,407.40000000000003,22.857142857142858
unverified_97s_8kwh_1c3c,0.78,8.0,8.672653061224489,current,physical_more_permissive,24.0,25.626122448979594,current,physical_more_permissive,22.857142857142858,68.57142857142857,242.5,407.40000000000003,22.857142857142858
unverified_97s_8kwh_1c3c,0.785,8.0,8.684081632653061,current,physical_more_permissive,24.0,25.660408163265306,current,physical_more_permissive,22.857142857142858,68.57142857142857,242.5,407.40000000000003,22.857142857142858
unverified_97s_8kwh_1c3c,0.79,8.0,8.695510204081632,current,physical_more_permissive,24.0,25.69469387755102,current,physical_more_permissive,22.857142857142858,68.57142857142857,242.5,407.40000000000003,22.857142857142858
unverified_97s_8kwh_1c3c,0.795,8.0,8.706938775510203,current,physical_more_permissive,24.0,25.728979591836733,current,physical_more_permissive,22.857142857142858,68.57142857142857,242.5,407.40000000000003,22.857142857142858
unverified_97s_8kwh_1c3c,0.8,8.0,8.718367346938775,current,physical_more_permissive,24.0,25.76326530612245,current,physical_more_permissive,22.857142857142858,68.57142857142857,242.5,407.40000000000003,22.857142857142858
unverified_97s_8kwh_1c3c,0.805,8.0,8.729795918367346,current,physical_more_permissive,24.0,25.797551020408164,current,physical_more_permissive,22.857142857142858,68.57142857142857,242.5,407.40000000000003,22.857142857142858
unverified_97s_8kwh_1c3c,0.81,8.0,8.741224489795918,current,physical_more_permissive,24.0,25.83183673469388,current,physical_more_permissive,22.857142857142858,68.57142857142857,242.5,407.40000000000003,22.857142857142858
unverified_97s_8kwh_1c3c,0.8150000000000001,8.0,8.752653061224489,current,physical_more_permissive,24.0,25.866122448979592,current,physical_more_permissive,22.857142857142858,68.57142857142857,242.5,407.40000000000003,22.857142857142858
unverified_97s_8kwh_1c3c,0.8200000000000001,8.0,8.764081632653062,current,physical_more_permissive,24.0,25.900408163265308,current,physical_more_permissive,22.857142857142858,68.57142857142857,242.5,407.40000000000003,22.857142857142858
unverified_97s_8kwh_1c3c,0.8250000000000001,8.0,8.775510204081632,current,physical_more_permissive,24.0,25.93469387755102,current,physical_more_permissive,22.857142857142858,68.57142857142857,242.5,407.40000000000003,22.857142857142858
unverified_97s_8kwh_1c3c,0.8300000000000001,8.0,8.786938775510203,current,physical_more_permissive,24.0,25.968979591836735,current,physical_more_permissive,22.857142857142858,68.57142857142857,242.5,407.40000000000003,22.857142857142858
unverified_97s_8kwh_1c3c,0.8350000000000001,8.0,8.798367346938775,current,physical_more_permissive,24.0,26.003265306122447,current,physical_more_permissive,22.857142857142858,68.57142857142857,242.5,407.40000000000003,22.857142857142858
unverified_97s_8kwh_1c3c,0.8400000000000001,8.0,8.809795918367346,current,physical_more_permissive,24.0,26.037551020408166,current,physical_more_permissive,22.857142857142858,68.57142857142857,242.5,407.40000000000003,22.857142857142858
unverified_97s_8kwh_1c3c,0.8450000000000001,8.0,8.821224489795918,current,physical_more_permissive,24.0,26.07183673469388,current,physical_more_permissive,22.857142857142858,68.57142857142857,242.5,407.40000000000003,22.857142857142858
unverified_97s_8kwh_1c3c,0.8500000000000001,8.0,8.83265306122449,current,physical_more_permissive,24.0,26.106122448979594,current,physical_more_permissive,22.857142857142858,68.57142857142857,242.5,407.40000000000003,22.857142857142858
unverified_97s_8kwh_1c3c,0.8550000000000001,8.0,8.844081632653062,current,physical_more_permissive,24.0,26.140408163265306,current,physical_more_permissive,22.857142857142858,68.57142857142857,242.5,407.40000000000003,22.857142857142858
unverified_97s_8kwh_1c3c,0.8600000000000001,8.0,8.855510204081632,current,physical_more_permissive,24.0,26.17469387755102,current,physical_more_permissive,22.857142857142858,68.57142857142857,242.5,407.40000000000003,22.857142857142858
unverified_97s_8kwh_1c3c,0.8650000000000001,8.0,8.866938775510203,current,physical_more_permissive,24.0,26.208979591836734,current,physical_more_permissive,22.857142857142858,68.57142857142857,242.5,407.40000000000003,22.857142857142858
unverified_97s_8kwh_1c3c,0.8700000000000001,8.0,8.878367346938775,current,physical_more_permissive,24.0,26.24326530612245,current,physical_more_permissive,22.857142857142858,68.57142857142857,242.5,407.40000000000003,22.857142857142858
unverified_97s_8kwh_1c3c,0.8750000000000001,8.0,8.889795918367346,current,physical_more_permissive,24.0,26.27755102040816,current,physical_more_permissive,22.857142857142858,68.57142857142857,242.5,407.40000000000003,22.857142857142858
unverified_97s_8kwh_1c3c,0.8800000000000001,8.0,8.901224489795919,current,physical_more_permissive,24.0,26.31183673469388,current,physical_more_permissive,22.857142857142858,68.57142857142857,242.5,407.40000000000003,22.857142857142858
unverified_97s_8kwh_1c3c,0.885,8.0,8.91265306122449,current,physical_more_permissive,24.0,26.346122448979592,current,physical_more_permissive,22.857142857142858,68.57142857142857,242.5,407.40000000000003,22.857142857142858
unverified_97s_8kwh_1c3c,0.89,8.0,8.924081632653062,current,physical_more_permissive,24.0,26.380408163265308,current,physical_more_permissive,22.857142857142858,68.57142857142857,242.5,407.40000000000003,22.857142857142858
unverified_97s_8kwh_1c3c,0.895,8.0,8.935510204081632,current,physical_more_permissive,24.0,26.41469387755102,current,physical_more_permissive,22.857142857142858,68.57142857142857,242.5,407.40000000000003,22.857142857142858
unverified_97s_8kwh_1c3c,0.9,8.0,8.946938775510203,current,physical_more_permissive,24.0,26.448979591836736,current,physical_more_permissive,22.857142857142858,68.57142857142857,242.5,407.40000000000003,22.857142857142858
unverified_97s_8kwh_1c3c,0.905,8.0,8.958367346938775,current,physical_more_permissive,24.0,26.483265306122448,current,physical_more_permissive,22.857142857142858,68.57142857142857,242.5,407.40000000000003,22.857142857142858
unverified_97s_8kwh_1c3c,0.91,8.0,8.969795918367346,current,physical_more_permissive,24.0,26.517551020408163,current,physical_more_permissive,22.857142857142858,68.57142857142857,242.5,407.40000000000003,22.857142857142858
unverified_97s_8kwh_1c3c,0.915,8.0,8.981224489795919,current,physical_more_permissive,24.0,26.55183673469388,current,physical_more_permissive,22.857142857142858,68.57142857142857,242.5,407.40000000000003,22.857142857142858
unverified_97s_8kwh_1c3c,0.92,8.0,8.99265306122449,current,physical_more_permissive,24.0,26.586122448979594,current,physical_more_permissive,22.857142857142858,68.57142857142857,242.5,407.40000000000003,22.857142857142858
unverified_97s_8kwh_1c3c,0.925,8.0,9.004081632653062,current,physical_more_permissive,24.0,26.620408163265306,current,physical_more_permissive,22.857142857142858,68.57142857142857,242.5,407.40000000000003,22.857142857142858
unverified_97s_8kwh_1c3c,0.93,8.0,9.015510204081632,current,physical_more_permissive,24.0,26.654693877551022,current,physical_more_permissive,22.857142857142858,68.57142857142857,242.5,407.40000000000003,22.857142857142858
unverified_97s_8kwh_1c3c,0.935,8.0,9.026938775510203,current,physical_more_permissive,24.0,26.688979591836734,current,physical_more_permissive,22.857142857142858,68.57142857142857,242.5,407.40000000000003,22.857142857142858
unverified_97s_8kwh_1c3c,0.9400000000000001,8.0,9.038367346938776,current,physical_more_permissive,24.0,26.72326530612245,current,physical_more_permissive,22.857142857142858,68.57142857142857,242.5,407.40000000000003,22.857142857142858
unverified_97s_8kwh_1c3c,0.9450000000000001,8.0,9.049795918367346,current,physical_more_permissive,24.0,26.75755102040816,current,physical_more_permissive,22.857142857142858,68.57142857142857,242.5,407.40000000000003,22.857142857142858
unverified_97s_8kwh_1c3c,0.9500000000000001,8.0,9.061224489795919,current,physical_more_permissive,24.0,26.79183673469388,current,physical_more_permissive,22.857142857142858,68.57142857142857,242.5,407.40000000000003,22.857142857142858
unverified_97s_8kwh_1c3c,0.9550000000000001,8.0,9.07265306122449,current,physical_more_permissive,24.0,26.826122448979593,current,physical_more_permissive,22.857142857142858,68.57142857142857,242.5,407.40000000000003,22.857142857142858
unverified_97s_8kwh_1c3c,0.9600000000000001,8.0,9.084081632653062,current,physical_more_permissive,24.0,26.86040816326531,current,physical_more_permissive,22.857142857142858,68.57142857142857,242.5,407.40000000000003,22.857142857142858
unverified_97s_8kwh_1c3c,0.9650000000000001,8.0,9.095510204081632,current,physical_more_permissive,24.0,26.89469387755102,current,physical_more_permissive,22.857142857142858,68.57142857142857,242.5,407.40000000000003,22.857142857142858
unverified_97s_8kwh_1c3c,0.9700000000000001,8.0,9.106938775510203,current,physical_more_permissive,24.0,26.928979591836736,current,physical_more_permissive,22.857142857142858,68.57142857142857,242.5,407.40000000000003,22.857142857142858
unverified_97s_8kwh_1c3c,0.9750000000000001,8.0,9.118367346938776,current,physical_more_permissive,24.0,26.963265306122448,current,physical_more_permissive,22.857142857142858,68.57142857142857,242.5,407.40000000000003,22.857142857142858
unverified_97s_8kwh_1c3c,0.9800000000000001,8.0,9.129795918367346,current,physical_more_permissive,24.0,26.997551020408164,current,physical_more_permissive,22.857142857142858,68.57142857142857,242.5,407.40000000000003,22.857142857142858
unverified_97s_8kwh_1c3c,0.9850000000000001,8.0,9.141224489795919,current,physical_more_permissive,24.0,27.03183673469388,current,physical_more_permissive,22.857142857142858,68.57142857142857,242.5,407.40000000000003,22.857142857142858
unverified_97s_8kwh_1c3c,0.9900000000000001,8.0,9.15265306122449,current,physical_more_permissive,24.0,27.066122448979595,current,physical_more_permissive,22.857142857142858,68.57142857142857,242.5,407.40000000000003,22.857142857142858
unverified_97s_8kwh_1c3c,0.9950000000000001,8.0,9.164081632653062,current,physical_more_permissive,24.0,27.100408163265307,current,physical_more_permissive,22.857142857142858,68.57142857142857,242.5,407.40000000000003,22.857142857142858
unverified_97s_8kwh_1c3c,1.0,0.0,0.0,soc_boundary,equal,24.0,27.134693877551022,current,physical_more_permissive,22.857142857142858,68.57142857142857,242.5,407.40000000000003,22.857142857142858
unverified_97s_12kwh_1c3c,0.05,12.0,10.50612244897959,current,physical_less_permissive,0.0,0.0,soc_boundary,equal,34.285714285714285,102.85714285714286,242.5,407.40000000000003,34.285714285714285
unverified_97s_12kwh_1c3c,0.055,12.0,10.523265306122449,current,physical_less_permissive,36.0,30.98204081632653,current,physical_less_permissive,34.285714285714285,102.85714285714286,242.5,407.40000000000003,34.285714285714285
unverified_97s_12kwh_1c3c,0.060000000000000005,12.0,10.540408163265305,current,physical_less_permissive,36.0,31.0334693877551,current,physical_less_permissive,34.285714285714285,102.85714285714286,242.5,407.40000000000003,34.285714285714285
unverified_97s_12kwh_1c3c,0.065,12.0,10.557551020408162,current,physical_less_permissive,36.0,31.08489795918367,current,physical_less_permissive,34.285714285714285,102.85714285714286,242.5,407.40000000000003,34.285714285714285
unverified_97s_12kwh_1c3c,0.07,12.0,10.57469387755102,current,physical_less_permissive,36.0,31.136326530612244,current,physical_less_permissive,34.285714285714285,102.85714285714286,242.5,407.40000000000003,34.285714285714285
unverified_97s_12kwh_1c3c,0.07500000000000001,12.0,10.591836734693878,current,physical_less_permissive,36.0,31.187755102040818,current,physical_less_permissive,34.285714285714285,102.85714285714286,242.5,407.40000000000003,34.285714285714285
unverified_97s_12kwh_1c3c,0.08,12.0,10.608979591836734,current,physical_less_permissive,36.0,31.239183673469388,current,physical_less_permissive,34.285714285714285,102.85714285714286,242.5,407.40000000000003,34.285714285714285
unverified_97s_12kwh_1c3c,0.085,12.0,10.626122448979592,current,physical_less_permissive,36.0,31.290612244897957,current,physical_less_permissive,34.285714285714285,102.85714285714286,242.5,407.40000000000003,34.285714285714285
unverified_97s_12kwh_1c3c,0.09,12.0,10.643265306122448,current,physical_less_permissive,36.0,31.34204081632653,current,physical_less_permissive,34.285714285714285,102.85714285714286,242.5,407.40000000000003,34.285714285714285
unverified_97s_12kwh_1c3c,0.095,12.0,10.660408163265306,current,physical_less_permissive,36.0,31.3934693877551,current,physical_less_permissive,34.285714285714285,102.85714285714286,242.5,407.40000000000003,34.285714285714285
unverified_97s_12kwh_1c3c,0.1,12.0,10.677551020408162,current,physical_less_permissive,36.0,31.444897959183674,current,physical_less_permissive,34.285714285714285,102.85714285714286,242.5,407.40000000000003,34.285714285714285
unverified_97s_12kwh_1c3c,0.10500000000000001,12.0,10.694693877551021,current,physical_less_permissive,36.0,31.496326530612244,current,physical_less_permissive,34.285714285714285,102.85714285714286,242.5,407.40000000000003,34.285714285714285
unverified_97s_12kwh_1c3c,0.11,12.0,10.711836734693877,current,physical_less_permissive,36.0,31.547755102040817,current,physical_less_permissive,34.285714285714285,102.85714285714286,242.5,407.40000000000003,34.285714285714285
unverified_97s_12kwh_1c3c,0.115,12.0,10.728979591836735,current,physical_less_permissive,36.0,31.599183673469387,current,physical_less_permissive,34.285714285714285,102.85714285714286,242.5,407.40000000000003,34.285714285714285
unverified_97s_12kwh_1c3c,0.12000000000000001,12.0,10.746122448979591,current,physical_less_permissive,36.0,31.65061224489796,current,physical_less_permissive,34.285714285714285,102.85714285714286,242.5,407.40000000000003,34.285714285714285
unverified_97s_12kwh_1c3c,0.125,12.0,10.763265306122449,current,physical_less_permissive,36.0,31.70204081632653,current,physical_less_permissive,34.285714285714285,102.85714285714286,242.5,407.40000000000003,34.285714285714285
unverified_97s_12kwh_1c3c,0.13,12.0,10.780408163265305,current,physical_less_permissive,36.0,31.7534693877551,current,physical_less_permissive,34.285714285714285,102.85714285714286,242.5,407.40000000000003,34.285714285714285
unverified_97s_12kwh_1c3c,0.135,12.0,10.797551020408163,current,physical_less_permissive,36.0,31.804897959183673,current,physical_less_permissive,34.285714285714285,102.85714285714286,242.5,407.40000000000003,34.285714285714285
unverified_97s_12kwh_1c3c,0.14,12.0,10.81469387755102,current,physical_less_permissive,36.0,31.856326530612243,current,physical_less_permissive,34.285714285714285,102.85714285714286,242.5,407.40000000000003,34.285714285714285
unverified_97s_12kwh_1c3c,0.14500000000000002,12.0,10.831836734693878,current,physical_less_permissive,36.0,31.907755102040817,current,physical_less_permissive,34.285714285714285,102.85714285714286,242.5,407.40000000000003,34.285714285714285
unverified_97s_12kwh_1c3c,0.15000000000000002,12.0,10.848979591836734,current,physical_less_permissive,36.0,31.959183673469386,current,physical_less_permissive,34.285714285714285,102.85714285714286,242.5,407.40000000000003,34.285714285714285
unverified_97s_12kwh_1c3c,0.155,12.0,10.866122448979592,current,physical_less_permissive,36.0,32.010612244897956,current,physical_less_permissive,34.285714285714285,102.85714285714286,242.5,407.40000000000003,34.285714285714285
unverified_97s_12kwh_1c3c,0.16,12.0,10.883265306122448,current,physical_less_permissive,36.0,32.06204081632653,current,physical_less_permissive,34.285714285714285,102.85714285714286,242.5,407.40000000000003,34.285714285714285
unverified_97s_12kwh_1c3c,0.165,12.0,10.900408163265306,current,physical_less_permissive,36.0,32.1134693877551,current,physical_less_permissive,34.285714285714285,102.85714285714286,242.5,407.40000000000003,34.285714285714285
unverified_97s_12kwh_1c3c,0.16999999999999998,12.0,10.917551020408162,current,physical_less_permissive,36.0,32.16489795918367,current,physical_less_permissive,34.285714285714285,102.85714285714286,242.5,407.40000000000003,34.285714285714285
unverified_97s_12kwh_1c3c,0.175,12.0,10.934693877551021,current,physical_less_permissive,36.0,32.21632653061224,current,physical_less_permissive,34.285714285714285,102.85714285714286,242.5,407.40000000000003,34.285714285714285
unverified_97s_12kwh_1c3c,0.18,12.0,10.951836734693877,current,physical_less_permissive,36.0,32.267755102040816,current,physical_less_permissive,34.285714285714285,102.85714285714286,242.5,407.40000000000003,34.285714285714285
unverified_97s_12kwh_1c3c,0.185,12.0,10.968979591836735,current,physical_less_permissive,36.0,32.31918367346939,current,physical_less_permissive,34.285714285714285,102.85714285714286,242.5,407.40000000000003,34.285714285714285
unverified_97s_12kwh_1c3c,0.19,12.0,10.986122448979591,current,physical_less_permissive,36.0,32.370612244897956,current,physical_less_permissive,34.285714285714285,102.85714285714286,242.5,407.40000000000003,34.285714285714285
unverified_97s_12kwh_1c3c,0.195,12.0,11.003265306122449,current,physical_less_permissive,36.0,32.42204081632653,current,physical_less_permissive,34.285714285714285,102.85714285714286,242.5,407.40000000000003,34.285714285714285
unverified_97s_12kwh_1c3c,0.2,12.0,11.020408163265305,current,physical_less_permissive,36.0,32.4734693877551,current,physical_less_permissive,34.285714285714285,102.85714285714286,242.5,407.40000000000003,34.285714285714285
unverified_97s_12kwh_1c3c,0.20500000000000002,12.0,11.037551020408163,current,physical_less_permissive,36.0,32.524897959183676,current,physical_less_permissive,34.285714285714285,102.85714285714286,242.5,407.40000000000003,34.285714285714285
unverified_97s_12kwh_1c3c,0.21000000000000002,12.0,11.05469387755102,current,physical_less_permissive,36.0,32.57632653061224,current,physical_less_permissive,34.285714285714285,102.85714285714286,242.5,407.40000000000003,34.285714285714285
unverified_97s_12kwh_1c3c,0.21500000000000002,12.0,11.071836734693878,current,physical_less_permissive,36.0,32.627755102040815,current,physical_less_permissive,34.285714285714285,102.85714285714286,242.5,407.40000000000003,34.285714285714285
unverified_97s_12kwh_1c3c,0.22000000000000003,12.0,11.088979591836734,current,physical_less_permissive,36.0,32.67918367346939,current,physical_less_permissive,34.285714285714285,102.85714285714286,242.5,407.40000000000003,34.285714285714285
unverified_97s_12kwh_1c3c,0.22500000000000003,12.0,11.106122448979592,current,physical_less_permissive,36.0,32.730612244897955,current,physical_less_permissive,34.285714285714285,102.85714285714286,242.5,407.40000000000003,34.285714285714285
unverified_97s_12kwh_1c3c,0.22999999999999998,12.0,11.123265306122448,current,physical_less_permissive,36.0,32.78204081632653,current,physical_less_permissive,34.285714285714285,102.85714285714286,242.5,407.40000000000003,34.285714285714285
unverified_97s_12kwh_1c3c,0.235,12.0,11.140408163265304,current,physical_less_permissive,36.0,32.8334693877551,current,physical_less_permissive,34.285714285714285,102.85714285714286,242.5,407.40000000000003,34.285714285714285
unverified_97s_12kwh_1c3c,0.24,12.0,11.157551020408162,current,physical_less_permissive,36.0,32.884897959183675,current,physical_less_permissive,34.285714285714285,102.85714285714286,242.5,407.40000000000003,34.285714285714285
unverified_97s_12kwh_1c3c,0.245,12.0,11.17469387755102,current,physical_less_permissive,36.0,32.93632653061224,current,physical_less_permissive,34.285714285714285,102.85714285714286,242.5,407.40000000000003,34.285714285714285
unverified_97s_12kwh_1c3c,0.25,12.0,11.191836734693878,current,physical_less_permissive,36.0,32.987755102040815,current,physical_less_permissive,34.285714285714285,102.85714285714286,242.5,407.40000000000003,34.285714285714285
unverified_97s_12kwh_1c3c,0.255,12.0,11.208979591836734,current,physical_less_permissive,36.0,33.03918367346939,current,physical_less_permissive,34.285714285714285,102.85714285714286,242.5,407.40000000000003,34.285714285714285
unverified_97s_12kwh_1c3c,0.26,12.0,11.226122448979591,current,physical_less_permissive,36.0,33.09061224489796,current,physical_less_permissive,34.285714285714285,102.85714285714286,242.5,407.40000000000003,34.285714285714285
unverified_97s_12kwh_1c3c,0.265,12.0,11.243265306122447,current,physical_less_permissive,36.0,33.14204081632653,current,physical_less_permissive,34.285714285714285,102.85714285714286,242.5,407.40000000000003,34.285714285714285
unverified_97s_12kwh_1c3c,0.27,12.0,11.260408163265305,current,physical_less_permissive,36.0,33.1934693877551,current,physical_less_permissive,34.285714285714285,102.85714285714286,242.5,407.40000000000003,34.285714285714285
unverified_97s_12kwh_1c3c,0.275,12.0,11.277551020408161,current,physical_less_permissive,36.0,33.244897959183675,current,physical_less_permissive,34.285714285714285,102.85714285714286,242.5,407.40000000000003,34.285714285714285
unverified_97s_12kwh_1c3c,0.28,12.0,11.29469387755102,current,physical_less_permissive,36.0,33.29632653061224,current,physical_less_permissive,34.285714285714285,102.85714285714286,242.5,407.40000000000003,34.285714285714285
unverified_97s_12kwh_1c3c,0.28500000000000003,12.0,11.311836734693877,current,physical_less_permissive,36.0,33.347755102040814,current,physical_less_permissive,34.285714285714285,102.85714285714286,242.5,407.40000000000003,34.285714285714285
unverified_97s_12kwh_1c3c,0.29,12.0,11.328979591836735,current,physical_less_permissive,36.0,33.39918367346939,current,physical_less_permissive,34.285714285714285,102.85714285714286,242.5,407.40000000000003,34.285714285714285
unverified_97s_12kwh_1c3c,0.295,12.0,11.34612244897959,current,physical_less_permissive,36.0,33.45061224489796,current,physical_less_permissive,34.285714285714285,102.85714285714286,242.5,407.40000000000003,34.285714285714285
unverified_97s_12kwh_1c3c,0.3,12.0,11.363265306122448,current,physical_less_permissive,36.0,33.502040816326534,current,physical_less_permissive,34.285714285714285,102.85714285714286,242.5,407.40000000000003,34.285714285714285
unverified_97s_12kwh_1c3c,0.305,12.0,11.380408163265304,current,physical_less_permissive,36.0,33.5534693877551,current,physical_less_permissive,34.285714285714285,102.85714285714286,242.5,407.40000000000003,34.285714285714285
unverified_97s_12kwh_1c3c,0.31,12.0,11.397551020408162,current,physical_less_permissive,36.0,33.604897959183674,current,physical_less_permissive,34.285714285714285,102.85714285714286,242.5,407.40000000000003,34.285714285714285
unverified_97s_12kwh_1c3c,0.315,12.0,11.41469387755102,current,physical_less_permissive,36.0,33.65632653061224,current,physical_less_permissive,34.285714285714285,102.85714285714286,242.5,407.40000000000003,34.285714285714285
unverified_97s_12kwh_1c3c,0.32,12.0,11.431836734693878,current,physical_less_permissive,36.0,33.707755102040814,current,physical_less_permissive,34.285714285714285,102.85714285714286,242.5,407.40000000000003,34.285714285714285
unverified_97s_12kwh_1c3c,0.325,12.0,11.448979591836734,current,physical_less_permissive,36.0,33.75918367346939,current,physical_less_permissive,34.285714285714285,102.85714285714286,242.5,407.40000000000003,34.285714285714285
unverified_97s_12kwh_1c3c,0.33,12.0,11.466122448979592,current,physical_less_permissive,36.0,33.81061224489796,current,physical_less_permissive,34.285714285714285,102.85714285714286,242.5,407.40000000000003,34.285714285714285
unverified_97s_12kwh_1c3c,0.335,12.0,11.483265306122448,current,physical_less_permissive,36.0,33.862040816326534,current,physical_less_permissive,34.285714285714285,102.85714285714286,242.5,407.40000000000003,34.285714285714285
unverified_97s_12kwh_1c3c,0.33999999999999997,12.0,11.500408163265305,current,physical_less_permissive,36.0,33.9134693877551,current,physical_less_permissive,34.285714285714285,102.85714285714286,242.5,407.40000000000003,34.285714285714285
unverified_97s_12kwh_1c3c,0.345,12.0,11.517551020408161,current,physical_less_permissive,36.0,33.96489795918367,current,physical_less_permissive,34.285714285714285,102.85714285714286,242.5,407.40000000000003,34.285714285714285
unverified_97s_12kwh_1c3c,0.35,12.0,11.534693877551021,current,physical_less_permissive,36.0,34.01632653061224,current,physical_less_permissive,34.285714285714285,102.85714285714286,242.5,407.40000000000003,34.285714285714285
unverified_97s_12kwh_1c3c,0.355,12.0,11.551836734693877,current,physical_less_permissive,36.0,34.06775510204081,current,physical_less_permissive,34.285714285714285,102.85714285714286,242.5,407.40000000000003,34.285714285714285
unverified_97s_12kwh_1c3c,0.36,12.0,11.568979591836735,current,physical_less_permissive,36.0,34.11918367346939,current,physical_less_permissive,34.285714285714285,102.85714285714286,242.5,407.40000000000003,34.285714285714285
unverified_97s_12kwh_1c3c,0.365,12.0,11.58612244897959,current,physical_less_permissive,36.0,34.17061224489796,current,physical_less_permissive,34.285714285714285,102.85714285714286,242.5,407.40000000000003,34.285714285714285
unverified_97s_12kwh_1c3c,0.37,12.0,11.603265306122449,current,physical_less_permissive,36.0,34.22204081632653,current,physical_less_permissive,34.285714285714285,102.85714285714286,242.5,407.40000000000003,34.285714285714285
unverified_97s_12kwh_1c3c,0.375,12.0,11.620408163265305,current,physical_less_permissive,36.0,34.27346938775511,current,physical_less_permissive,34.285714285714285,102.85714285714286,242.5,407.40000000000003,34.285714285714285
unverified_97s_12kwh_1c3c,0.38,12.0,11.637551020408162,current,physical_less_permissive,36.0,34.32489795918367,current,physical_less_permissive,34.285714285714285,102.85714285714286,242.5,407.40000000000003,34.285714285714285
unverified_97s_12kwh_1c3c,0.385,12.0,11.65469387755102,current,physical_less_permissive,36.0,34.37632653061224,current,physical_less_permissive,34.285714285714285,102.85714285714286,242.5,407.40000000000003,34.285714285714285
unverified_97s_12kwh_1c3c,0.39,12.0,11.671836734693878,current,physical_less_permissive,36.0,34.42775510204081,current,physical_less_permissive,34.285714285714285,102.85714285714286,242.5,407.40000000000003,34.285714285714285
unverified_97s_12kwh_1c3c,0.395,12.0,11.688979591836734,current,physical_less_permissive,36.0,34.479183673469386,current,physical_less_permissive,34.285714285714285,102.85714285714286,242.5,407.40000000000003,34.285714285714285
unverified_97s_12kwh_1c3c,0.4,12.0,11.706122448979592,current,physical_less_permissive,36.0,34.53061224489796,current,physical_less_permissive,34.285714285714285,102.85714285714286,242.5,407.40000000000003,34.285714285714285
unverified_97s_12kwh_1c3c,0.40499999999999997,12.0,11.723265306122448,current,physical_less_permissive,36.0,34.58204081632653,current,physical_less_permissive,34.285714285714285,102.85714285714286,242.5,407.40000000000003,34.285714285714285
unverified_97s_12kwh_1c3c,0.41,12.0,11.740408163265306,current,physical_less_permissive,36.0,34.633469387755106,current,physical_less_permissive,34.285714285714285,102.85714285714286,242.5,407.40000000000003,34.285714285714285
unverified_97s_12kwh_1c3c,0.415,12.0,11.757551020408162,current,physical_less_permissive,36.0,34.68489795918368,current,physical_less_permissive,34.285714285714285,102.85714285714286,242.5,407.40000000000003,34.285714285714285
unverified_97s_12kwh_1c3c,0.42,12.0,11.774693877551021,current,physical_less_permissive,36.0,34.73632653061224,current,physical_less_permissive,34.285714285714285,102.85714285714286,242.5,407.40000000000003,34.285714285714285
unverified_97s_12kwh_1c3c,0.425,12.0,11.791836734693877,current,physical_less_permissive,36.0,34.78775510204081,current,physical_less_permissive,34.285714285714285,102.85714285714286,242.5,407.40000000000003,34.285714285714285
unverified_97s_12kwh_1c3c,0.43,12.0,11.808979591836735,current,physical_less_permissive,36.0,34.839183673469385,current,physical_less_permissive,34.285714285714285,102.85714285714286,242.5,407.40000000000003,34.285714285714285
unverified_97s_12kwh_1c3c,0.435,12.0,11.826122448979591,current,physical_less_permissive,36.0,34.89061224489796,current,physical_less_permissive,34.285714285714285,102.85714285714286,242.5,407.40000000000003,34.285714285714285
unverified_97s_12kwh_1c3c,0.44,12.0,11.843265306122449,current,physical_less_permissive,36.0,34.94204081632653,current,physical_less_permissive,34.285714285714285,102.85714285714286,242.5,407.40000000000003,34.285714285714285
unverified_97s_12kwh_1c3c,0.445,12.0,11.860408163265305,current,physical_less_permissive,36.0,34.993469387755106,current,physical_less_permissive,34.285714285714285,102.85714285714286,242.5,407.40000000000003,34.285714285714285
unverified_97s_12kwh_1c3c,0.45,12.0,11.877551020408163,current,physical_less_permissive,36.0,35.04489795918368,current,physical_less_permissive,34.285714285714285,102.85714285714286,242.5,407.40000000000003,34.285714285714285
unverified_97s_12kwh_1c3c,0.455,12.0,11.89469387755102,current,physical_less_permissive,36.0,35.09632653061224,current,physical_less_permissive,34.285714285714285,102.85714285714286,242.5,407.40000000000003,34.285714285714285
unverified_97s_12kwh_1c3c,0.46,12.0,11.911836734693878,current,physical_less_permissive,36.0,35.14775510204081,current,physical_less_permissive,34.285714285714285,102.85714285714286,242.5,407.40000000000003,34.285714285714285
unverified_97s_12kwh_1c3c,0.465,12.0,11.928979591836734,current,physical_less_permissive,36.0,35.199183673469385,current,physical_less_permissive,34.285714285714285,102.85714285714286,242.5,407.40000000000003,34.285714285714285
unverified_97s_12kwh_1c3c,0.47,12.0,11.946122448979592,current,physical_less_permissive,36.0,35.25061224489796,current,physical_less_permissive,34.285714285714285,102.85714285714286,242.5,407.40000000000003,34.285714285714285
unverified_97s_12kwh_1c3c,0.475,12.0,11.963265306122448,current,physical_less_permissive,36.0,35.30204081632653,current,physical_less_permissive,34.285714285714285,102.85714285714286,242.5,407.40000000000003,34.285714285714285
unverified_97s_12kwh_1c3c,0.48,12.0,11.980408163265306,current,physical_less_permissive,36.0,35.353469387755105,current,physical_less_permissive,34.285714285714285,102.85714285714286,242.5,407.40000000000003,34.285714285714285
unverified_97s_12kwh_1c3c,0.485,12.0,11.997551020408162,current,physical_less_permissive,36.0,35.40489795918368,current,physical_less_permissive,34.285714285714285,102.85714285714286,242.5,407.40000000000003,34.285714285714285
unverified_97s_12kwh_1c3c,0.49,12.0,12.014693877551021,current,physical_more_permissive,36.0,35.456326530612245,current,physical_less_permissive,34.285714285714285,102.85714285714286,242.5,407.40000000000003,34.285714285714285
unverified_97s_12kwh_1c3c,0.495,12.0,12.031836734693877,current,physical_more_permissive,36.0,35.50775510204081,current,physical_less_permissive,34.285714285714285,102.85714285714286,242.5,407.40000000000003,34.285714285714285
unverified_97s_12kwh_1c3c,0.5,12.0,12.048979591836735,current,physical_more_permissive,36.0,35.559183673469384,current,physical_less_permissive,34.285714285714285,102.85714285714286,242.5,407.40000000000003,34.285714285714285
unverified_97s_12kwh_1c3c,0.505,12.0,12.066122448979591,current,physical_more_permissive,36.0,35.61061224489796,current,physical_less_permissive,34.285714285714285,102.85714285714286,242.5,407.40000000000003,34.285714285714285
unverified_97s_12kwh_1c3c,0.51,12.0,12.083265306122449,current,physical_more_permissive,36.0,35.66204081632653,current,physical_less_permissive,34.285714285714285,102.85714285714286,242.5,407.40000000000003,34.285714285714285
unverified_97s_12kwh_1c3c,0.515,12.0,12.100408163265305,current,physical_more_permissive,36.0,35.713469387755104,current,physical_less_permissive,34.285714285714285,102.85714285714286,242.5,407.40000000000003,34.285714285714285
unverified_97s_12kwh_1c3c,0.52,12.0,12.117551020408161,current,physical_more_permissive,36.0,35.76489795918368,current,physical_less_permissive,34.285714285714285,102.85714285714286,242.5,407.40000000000003,34.285714285714285
unverified_97s_12kwh_1c3c,0.525,12.0,12.13469387755102,current,physical_more_permissive,36.0,35.816326530612244,current,physical_less_permissive,34.285714285714285,102.85714285714286,242.5,407.40000000000003,34.285714285714285
unverified_97s_12kwh_1c3c,0.53,12.0,12.151836734693877,current,physical_more_permissive,36.0,35.86775510204081,current,physical_less_permissive,34.285714285714285,102.85714285714286,242.5,407.40000000000003,34.285714285714285
unverified_97s_12kwh_1c3c,0.535,12.0,12.168979591836734,current,physical_more_permissive,36.0,35.919183673469384,current,physical_less_permissive,34.285714285714285,102.85714285714286,242.5,407.40000000000003,34.285714285714285
unverified_97s_12kwh_1c3c,0.54,12.0,12.18612244897959,current,physical_more_permissive,36.0,35.97061224489796,current,physical_less_permissive,34.285714285714285,102.85714285714286,242.5,407.40000000000003,34.285714285714285
unverified_97s_12kwh_1c3c,0.545,12.0,12.203265306122448,current,physical_more_permissive,36.0,36.02204081632653,current,physical_more_permissive,34.285714285714285,102.85714285714286,242.5,407.40000000000003,34.285714285714285
unverified_97s_12kwh_1c3c,0.55,12.0,12.220408163265304,current,physical_more_permissive,36.0,36.073469387755104,current,physical_more_permissive,34.285714285714285,102.85714285714286,242.5,407.40000000000003,34.285714285714285
unverified_97s_12kwh_1c3c,0.555,12.0,12.237551020408162,current,physical_more_permissive,36.0,36.12489795918368,current,physical_more_permissive,34.285714285714285,102.85714285714286,242.5,407.40000000000003,34.285714285714285
unverified_97s_12kwh_1c3c,0.56,12.0,12.25469387755102,current,physical_more_permissive,36.0,36.17632653061224,current,physical_more_permissive,34.285714285714285,102.85714285714286,242.5,407.40000000000003,34.285714285714285
unverified_97s_12kwh_1c3c,0.5650000000000001,12.0,12.271836734693878,current,physical_more_permissive,36.0,36.22775510204082,current,physical_more_permissive,34.285714285714285,102.85714285714286,242.5,407.40000000000003,34.285714285714285
unverified_97s_12kwh_1c3c,0.5700000000000001,12.0,12.288979591836734,current,physical_more_permissive,36.0,36.27918367346938,current,physical_more_permissive,34.285714285714285,102.85714285714286,242.5,407.40000000000003,34.285714285714285
unverified_97s_12kwh_1c3c,0.5750000000000001,12.0,12.306122448979592,current,physical_more_permissive,36.0,36.33061224489796,current,physical_more_permissive,34.285714285714285,102.85714285714286,242.5,407.40000000000003,34.285714285714285
unverified_97s_12kwh_1c3c,0.5800000000000001,12.0,12.323265306122448,current,physical_more_permissive,36.0,36.38204081632653,current,physical_more_permissive,34.285714285714285,102.85714285714286,242.5,407.40000000000003,34.285714285714285
unverified_97s_12kwh_1c3c,0.5850000000000001,12.0,12.340408163265305,current,physical_more_permissive,36.0,36.4334693877551,current,physical_more_permissive,34.285714285714285,102.85714285714286,242.5,407.40000000000003,34.285714285714285
unverified_97s_12kwh_1c3c,0.5900000000000001,12.0,12.357551020408161,current,physical_more_permissive,36.0,36.48489795918368,current,physical_more_permissive,34.285714285714285,102.85714285714286,242.5,407.40000000000003,34.285714285714285
unverified_97s_12kwh_1c3c,0.5950000000000001,12.0,12.374693877551021,current,physical_more_permissive,36.0,36.53632653061224,current,physical_more_permissive,34.285714285714285,102.85714285714286,242.5,407.40000000000003,34.285714285714285
unverified_97s_12kwh_1c3c,0.6000000000000001,12.0,12.391836734693877,current,physical_more_permissive,36.0,36.587755102040816,current,physical_more_permissive,34.285714285714285,102.85714285714286,242.5,407.40000000000003,34.285714285714285
unverified_97s_12kwh_1c3c,0.6050000000000001,12.0,12.408979591836735,current,physical_more_permissive,36.0,36.63918367346939,current,physical_more_permissive,34.285714285714285,102.85714285714286,242.5,407.40000000000003,34.285714285714285
unverified_97s_12kwh_1c3c,0.6100000000000001,12.0,12.42612244897959,current,physical_more_permissive,36.0,36.690612244897956,current,physical_more_permissive,34.285714285714285,102.85714285714286,242.5,407.40000000000003,34.285714285714285
unverified_97s_12kwh_1c3c,0.6150000000000001,12.0,12.443265306122449,current,physical_more_permissive,36.0,36.74204081632653,current,physical_more_permissive,34.285714285714285,102.85714285714286,242.5,407.40000000000003,34.285714285714285
unverified_97s_12kwh_1c3c,0.6200000000000001,12.0,12.460408163265305,current,physical_more_permissive,36.0,36.7934693877551,current,physical_more_permissive,34.285714285714285,102.85714285714286,242.5,407.40000000000003,34.285714285714285
unverified_97s_12kwh_1c3c,0.6250000000000001,12.0,12.477551020408162,current,physical_more_permissive,36.0,36.844897959183676,current,physical_more_permissive,34.285714285714285,102.85714285714286,242.5,407.40000000000003,34.285714285714285
unverified_97s_12kwh_1c3c,0.63,12.0,12.49469387755102,current,physical_more_permissive,36.0,36.89632653061224,current,physical_more_permissive,34.285714285714285,102.85714285714286,242.5,407.40000000000003,34.285714285714285
unverified_97s_12kwh_1c3c,0.635,12.0,12.511836734693878,current,physical_more_permissive,36.0,36.947755102040816,current,physical_more_permissive,34.285714285714285,102.85714285714286,242.5,407.40000000000003,34.285714285714285
unverified_97s_12kwh_1c3c,0.64,12.0,12.528979591836734,current,physical_more_permissive,36.0,36.99918367346939,current,physical_more_permissive,34.285714285714285,102.85714285714286,242.5,407.40000000000003,34.285714285714285
unverified_97s_12kwh_1c3c,0.645,12.0,12.546122448979592,current,physical_more_permissive,36.0,37.050612244897955,current,physical_more_permissive,34.285714285714285,102.85714285714286,242.5,407.40000000000003,34.285714285714285
unverified_97s_12kwh_1c3c,0.65,12.0,12.563265306122448,current,physical_more_permissive,36.0,37.10204081632653,current,physical_more_permissive,34.285714285714285,102.85714285714286,242.5,407.40000000000003,34.285714285714285
unverified_97s_12kwh_1c3c,0.655,12.0,12.580408163265306,current,physical_more_permissive,36.0,37.1534693877551,current,physical_more_permissive,34.285714285714285,102.85714285714286,242.5,407.40000000000003,34.285714285714285
unverified_97s_12kwh_1c3c,0.66,12.0,12.597551020408162,current,physical_more_permissive,36.0,37.204897959183675,current,physical_more_permissive,34.285714285714285,102.85714285714286,242.5,407.40000000000003,34.285714285714285
unverified_97s_12kwh_1c3c,0.665,12.0,12.614693877551021,current,physical_more_permissive,36.0,37.25632653061224,current,physical_more_permissive,34.285714285714285,102.85714285714286,242.5,407.40000000000003,34.285714285714285
unverified_97s_12kwh_1c3c,0.67,12.0,12.631836734693877,current,physical_more_permissive,36.0,37.307755102040815,current,physical_more_permissive,34.285714285714285,102.85714285714286,242.5,407.40000000000003,34.285714285714285
unverified_97s_12kwh_1c3c,0.675,12.0,12.648979591836735,current,physical_more_permissive,36.0,37.35918367346939,current,physical_more_permissive,34.285714285714285,102.85714285714286,242.5,407.40000000000003,34.285714285714285
unverified_97s_12kwh_1c3c,0.68,12.0,12.666122448979591,current,physical_more_permissive,36.0,37.41061224489796,current,physical_more_permissive,34.285714285714285,102.85714285714286,242.5,407.40000000000003,34.285714285714285
unverified_97s_12kwh_1c3c,0.685,12.0,12.683265306122449,current,physical_more_permissive,36.0,37.46204081632653,current,physical_more_permissive,34.285714285714285,102.85714285714286,242.5,407.40000000000003,34.285714285714285
unverified_97s_12kwh_1c3c,0.6900000000000001,12.0,12.700408163265305,current,physical_more_permissive,36.0,37.5134693877551,current,physical_more_permissive,34.285714285714285,102.85714285714286,242.5,407.40000000000003,34.285714285714285
unverified_97s_12kwh_1c3c,0.6950000000000001,12.0,12.717551020408163,current,physical_more_permissive,36.0,37.564897959183675,current,physical_more_permissive,34.285714285714285,102.85714285714286,242.5,407.40000000000003,34.285714285714285
unverified_97s_12kwh_1c3c,0.7000000000000001,12.0,12.73469387755102,current,physical_more_permissive,36.0,37.61632653061224,current,physical_more_permissive,34.285714285714285,102.85714285714286,242.5,407.40000000000003,34.285714285714285
unverified_97s_12kwh_1c3c,0.7050000000000001,12.0,12.751836734693878,current,physical_more_permissive,36.0,37.667755102040815,current,physical_more_permissive,34.285714285714285,102.85714285714286,242.5,407.40000000000003,34.285714285714285
unverified_97s_12kwh_1c3c,0.7100000000000001,12.0,12.768979591836734,current,physical_more_permissive,36.0,37.71918367346939,current,physical_more_permissive,34.285714285714285,102.85714285714286,242.5,407.40000000000003,34.285714285714285
unverified_97s_12kwh_1c3c,0.7150000000000001,12.0,12.786122448979592,current,physical_more_permissive,36.0,37.77061224489796,current,physical_more_permissive,34.285714285714285,102.85714285714286,242.5,407.40000000000003,34.285714285714285
unverified_97s_12kwh_1c3c,0.7200000000000001,12.0,12.803265306122448,current,physical_more_permissive,36.0,37.82204081632653,current,physical_more_permissive,34.285714285714285,102.85714285714286,242.5,407.40000000000003,34.285714285714285
unverified_97s_12kwh_1c3c,0.7250000000000001,12.0,12.820408163265306,current,physical_more_permissive,36.0,37.8734693877551,current,physical_more_permissive,34.285714285714285,102.85714285714286,242.5,407.40000000000003,34.285714285714285
unverified_97s_12kwh_1c3c,0.7300000000000001,12.0,12.837551020408162,current,physical_more_permissive,36.0,37.924897959183674,current,physical_more_permissive,34.285714285714285,102.85714285714286,242.5,407.40000000000003,34.285714285714285
unverified_97s_12kwh_1c3c,0.7350000000000001,12.0,12.854693877551021,current,physical_more_permissive,36.0,37.97632653061224,current,physical_more_permissive,34.285714285714285,102.85714285714286,242.5,407.40000000000003,34.285714285714285
unverified_97s_12kwh_1c3c,0.7400000000000001,12.0,12.871836734693877,current,physical_more_permissive,36.0,38.027755102040814,current,physical_more_permissive,34.285714285714285,102.85714285714286,242.5,407.40000000000003,34.285714285714285
unverified_97s_12kwh_1c3c,0.7450000000000001,12.0,12.888979591836735,current,physical_more_permissive,36.0,38.07918367346939,current,physical_more_permissive,34.285714285714285,102.85714285714286,242.5,407.40000000000003,34.285714285714285
unverified_97s_12kwh_1c3c,0.7500000000000001,12.0,12.906122448979591,current,physical_more_permissive,36.0,38.13061224489796,current,physical_more_permissive,34.285714285714285,102.85714285714286,242.5,407.40000000000003,34.285714285714285
unverified_97s_12kwh_1c3c,0.755,12.0,12.923265306122449,current,physical_more_permissive,36.0,38.182040816326534,current,physical_more_permissive,34.285714285714285,102.85714285714286,242.5,407.40000000000003,34.285714285714285
unverified_97s_12kwh_1c3c,0.76,12.0,12.940408163265305,current,physical_more_permissive,36.0,38.2334693877551,current,physical_more_permissive,34.285714285714285,102.85714285714286,242.5,407.40000000000003,34.285714285714285
unverified_97s_12kwh_1c3c,0.765,12.0,12.957551020408163,current,physical_more_permissive,36.0,38.284897959183674,current,physical_more_permissive,34.285714285714285,102.85714285714286,242.5,407.40000000000003,34.285714285714285
unverified_97s_12kwh_1c3c,0.77,12.0,12.97469387755102,current,physical_more_permissive,36.0,38.33632653061224,current,physical_more_permissive,34.285714285714285,102.85714285714286,242.5,407.40000000000003,34.285714285714285
unverified_97s_12kwh_1c3c,0.775,12.0,12.991836734693878,current,physical_more_permissive,36.0,38.38775510204081,current,physical_more_permissive,34.285714285714285,102.85714285714286,242.5,407.40000000000003,34.285714285714285
unverified_97s_12kwh_1c3c,0.78,12.0,13.008979591836734,current,physical_more_permissive,36.0,38.43918367346939,current,physical_more_permissive,34.285714285714285,102.85714285714286,242.5,407.40000000000003,34.285714285714285
unverified_97s_12kwh_1c3c,0.785,12.0,13.026122448979592,current,physical_more_permissive,36.0,38.49061224489796,current,physical_more_permissive,34.285714285714285,102.85714285714286,242.5,407.40000000000003,34.285714285714285
unverified_97s_12kwh_1c3c,0.79,12.0,13.043265306122448,current,physical_more_permissive,36.0,38.542040816326534,current,physical_more_permissive,34.285714285714285,102.85714285714286,242.5,407.40000000000003,34.285714285714285
unverified_97s_12kwh_1c3c,0.795,12.0,13.060408163265306,current,physical_more_permissive,36.0,38.59346938775511,current,physical_more_permissive,34.285714285714285,102.85714285714286,242.5,407.40000000000003,34.285714285714285
unverified_97s_12kwh_1c3c,0.8,12.0,13.077551020408162,current,physical_more_permissive,36.0,38.64489795918367,current,physical_more_permissive,34.285714285714285,102.85714285714286,242.5,407.40000000000003,34.285714285714285
unverified_97s_12kwh_1c3c,0.805,12.0,13.094693877551022,current,physical_more_permissive,36.0,38.69632653061224,current,physical_more_permissive,34.285714285714285,102.85714285714286,242.5,407.40000000000003,34.285714285714285
unverified_97s_12kwh_1c3c,0.81,12.0,13.111836734693878,current,physical_more_permissive,36.0,38.74775510204081,current,physical_more_permissive,34.285714285714285,102.85714285714286,242.5,407.40000000000003,34.285714285714285
unverified_97s_12kwh_1c3c,0.8150000000000001,12.0,13.128979591836735,current,physical_more_permissive,36.0,38.799183673469386,current,physical_more_permissive,34.285714285714285,102.85714285714286,242.5,407.40000000000003,34.285714285714285
unverified_97s_12kwh_1c3c,0.8200000000000001,12.0,13.146122448979591,current,physical_more_permissive,36.0,38.85061224489796,current,physical_more_permissive,34.285714285714285,102.85714285714286,242.5,407.40000000000003,34.285714285714285
unverified_97s_12kwh_1c3c,0.8250000000000001,12.0,13.163265306122447,current,physical_more_permissive,36.0,38.90204081632653,current,physical_more_permissive,34.285714285714285,102.85714285714286,242.5,407.40000000000003,34.285714285714285
unverified_97s_12kwh_1c3c,0.8300000000000001,12.0,13.180408163265305,current,physical_more_permissive,36.0,38.953469387755106,current,physical_more_permissive,34.285714285714285,102.85714285714286,242.5,407.40000000000003,34.285714285714285
unverified_97s_12kwh_1c3c,0.8350000000000001,12.0,13.197551020408161,current,physical_more_permissive,36.0,39.00489795918367,current,physical_more_permissive,34.285714285714285,102.85714285714286,242.5,407.40000000000003,34.285714285714285
unverified_97s_12kwh_1c3c,0.8400000000000001,12.0,13.21469387755102,current,physical_more_permissive,36.0,39.05632653061224,current,physical_more_permissive,34.285714285714285,102.85714285714286,242.5,407.40000000000003,34.285714285714285
unverified_97s_12kwh_1c3c,0.8450000000000001,12.0,13.231836734693877,current,physical_more_permissive,36.0,39.10775510204081,current,physical_more_permissive,34.285714285714285,102.85714285714286,242.5,407.40000000000003,34.285714285714285
unverified_97s_12kwh_1c3c,0.8500000000000001,12.0,13.248979591836735,current,physical_more_permissive,36.0,39.159183673469386,current,physical_more_permissive,34.285714285714285,102.85714285714286,242.5,407.40000000000003,34.285714285714285
unverified_97s_12kwh_1c3c,0.8550000000000001,12.0,13.26612244897959,current,physical_more_permissive,36.0,39.21061224489796,current,physical_more_permissive,34.285714285714285,102.85714285714286,242.5,407.40000000000003,34.285714285714285
unverified_97s_12kwh_1c3c,0.8600000000000001,12.0,13.283265306122448,current,physical_more_permissive,36.0,39.26204081632653,current,physical_more_permissive,34.285714285714285,102.85714285714286,242.5,407.40000000000003,34.285714285714285
unverified_97s_12kwh_1c3c,0.8650000000000001,12.0,13.300408163265304,current,physical_more_permissive,36.0,39.313469387755106,current,physical_more_permissive,34.285714285714285,102.85714285714286,242.5,407.40000000000003,34.285714285714285
unverified_97s_12kwh_1c3c,0.8700000000000001,12.0,13.317551020408162,current,physical_more_permissive,36.0,39.36489795918368,current,physical_more_permissive,34.285714285714285,102.85714285714286,242.5,407.40000000000003,34.285714285714285
unverified_97s_12kwh_1c3c,0.8750000000000001,12.0,13.334693877551018,current,physical_more_permissive,36.0,39.416326530612245,current,physical_more_permissive,34.285714285714285,102.85714285714286,242.5,407.40000000000003,34.285714285714285
unverified_97s_12kwh_1c3c,0.8800000000000001,12.0,13.351836734693878,current,physical_more_permissive,36.0,39.46775510204081,current,physical_more_permissive,34.285714285714285,102.85714285714286,242.5,407.40000000000003,34.285714285714285
unverified_97s_12kwh_1c3c,0.885,12.0,13.368979591836734,current,physical_more_permissive,36.0,39.519183673469385,current,physical_more_permissive,34.285714285714285,102.85714285714286,242.5,407.40000000000003,34.285714285714285
unverified_97s_12kwh_1c3c,0.89,12.0,13.386122448979592,current,physical_more_permissive,36.0,39.57061224489796,current,physical_more_permissive,34.285714285714285,102.85714285714286,242.5,407.40000000000003,34.285714285714285
unverified_97s_12kwh_1c3c,0.895,12.0,13.403265306122448,current,physical_more_permissive,36.0,39.62204081632653,current,physical_more_permissive,34.285714285714285,102.85714285714286,242.5,407.40000000000003,34.285714285714285
unverified_97s_12kwh_1c3c,0.9,12.0,13.420408163265305,current,physical_more_permissive,36.0,39.673469387755105,current,physical_more_permissive,34.285714285714285,102.85714285714286,242.5,407.40000000000003,34.285714285714285
unverified_97s_12kwh_1c3c,0.905,12.0,13.437551020408161,current,physical_more_permissive,36.0,39.72489795918368,current,physical_more_permissive,34.285714285714285,102.85714285714286,242.5,407.40000000000003,34.285714285714285
unverified_97s_12kwh_1c3c,0.91,12.0,13.45469387755102,current,physical_more_permissive,36.0,39.77632653061225,current,physical_more_permissive,34.285714285714285,102.85714285714286,242.5,407.40000000000003,34.285714285714285
unverified_97s_12kwh_1c3c,0.915,12.0,13.471836734693877,current,physical_more_permissive,36.0,39.82775510204081,current,physical_more_permissive,34.285714285714285,102.85714285714286,242.5,407.40000000000003,34.285714285714285
unverified_97s_12kwh_1c3c,0.92,12.0,13.488979591836735,current,physical_more_permissive,36.0,39.879183673469385,current,physical_more_permissive,34.285714285714285,102.85714285714286,242.5,407.40000000000003,34.285714285714285
unverified_97s_12kwh_1c3c,0.925,12.0,13.50612244897959,current,physical_more_permissive,36.0,39.93061224489796,current,physical_more_permissive,34.285714285714285,102.85714285714286,242.5,407.40000000000003,34.285714285714285
unverified_97s_12kwh_1c3c,0.93,12.0,13.523265306122449,current,physical_more_permissive,36.0,39.98204081632653,current,physical_more_permissive,34.285714285714285,102.85714285714286,242.5,407.40000000000003,34.285714285714285
unverified_97s_12kwh_1c3c,0.935,12.0,13.540408163265305,current,physical_more_permissive,36.0,40.033469387755105,current,physical_more_permissive,34.285714285714285,102.85714285714286,242.5,407.40000000000003,34.285714285714285
unverified_97s_12kwh_1c3c,0.9400000000000001,12.0,13.557551020408162,current,physical_more_permissive,36.0,40.08489795918368,current,physical_more_permissive,34.285714285714285,102.85714285714286,242.5,407.40000000000003,34.285714285714285
unverified_97s_12kwh_1c3c,0.9450000000000001,12.0,13.574693877551018,current,physical_more_permissive,36.0,40.13632653061225,current,physical_more_permissive,34.285714285714285,102.85714285714286,242.5,407.40000000000003,34.285714285714285
unverified_97s_12kwh_1c3c,0.9500000000000001,12.0,13.591836734693878,current,physical_more_permissive,36.0,40.18775510204081,current,physical_more_permissive,34.285714285714285,102.85714285714286,242.5,407.40000000000003,34.285714285714285
unverified_97s_12kwh_1c3c,0.9550000000000001,12.0,13.608979591836734,current,physical_more_permissive,36.0,40.239183673469384,current,physical_more_permissive,34.285714285714285,102.85714285714286,242.5,407.40000000000003,34.285714285714285
unverified_97s_12kwh_1c3c,0.9600000000000001,12.0,13.626122448979592,current,physical_more_permissive,36.0,40.29061224489796,current,physical_more_permissive,34.285714285714285,102.85714285714286,242.5,407.40000000000003,34.285714285714285
unverified_97s_12kwh_1c3c,0.9650000000000001,12.0,13.643265306122448,current,physical_more_permissive,36.0,40.34204081632653,current,physical_more_permissive,34.285714285714285,102.85714285714286,242.5,407.40000000000003,34.285714285714285
unverified_97s_12kwh_1c3c,0.9700000000000001,12.0,13.660408163265306,current,physical_more_permissive,36.0,40.393469387755104,current,physical_more_permissive,34.285714285714285,102.85714285714286,242.5,407.40000000000003,34.285714285714285
unverified_97s_12kwh_1c3c,0.9750000000000001,12.0,13.677551020408162,current,physical_more_permissive,36.0,40.44489795918368,current,physical_more_permissive,34.285714285714285,102.85714285714286,242.5,407.40000000000003,34.285714285714285
unverified_97s_12kwh_1c3c,0.9800000000000001,12.0,13.69469387755102,current,physical_more_permissive,36.0,40.49632653061225,current,physical_more_permissive,34.285714285714285,102.85714285714286,242.5,407.40000000000003,34.285714285714285
unverified_97s_12kwh_1c3c,0.9850000000000001,12.0,13.711836734693877,current,physical_more_permissive,36.0,40.54775510204082,current,physical_more_permissive,34.285714285714285,102.85714285714286,242.5,407.40000000000003,34.285714285714285
unverified_97s_12kwh_1c3c,0.9900000000000001,12.0,13.728979591836735,current,physical_more_permissive,36.0,40.59918367346938,current,physical_more_permissive,34.285714285714285,102.85714285714286,242.5,407.40000000000003,34.285714285714285
unverified_97s_12kwh_1c3c,0.9950000000000001,12.0,13.746122448979591,current,physical_more_permissive,36.0,40.65061224489796,current,physical_more_permissive,34.285714285714285,102.85714285714286,242.5,407.40000000000003,34.285714285714285
unverified_97s_12kwh_1c3c,1.0,0.0,0.0,soc_boundary,equal,36.0,40.70204081632653,current,physical_more_permissive,34.285714285714285,102.85714285714286,242.5,407.40000000000003,34.285714285714285
