altitude_m,mass_kg,demand_bus_kw,minimum_pack_capacity_kwh,minimum_discharge_c_rate
0.0,716.3898016890586,18.829960440291483,6.276653480097161,1.8829960440291482
100.0,716.3898016890586,18.92066679635093,6.306888932116976,1.892066679635093
200.0,716.3898016890586,19.012016890366436,6.337338963455479,1.9012016890366437
300.0,716.3898016890586,19.10401676518714,6.368005588395714,1.910401676518714
400.0,716.3898016890586,19.19667253428952,6.398890844763173,1.9196672534289518
500.0,716.3898016890586,19.28999038276596,6.42999679425532,1.928999038276596
600.0,716.3898016890586,19.38397656832971,6.46132552277657,1.938397656832971
700.0,716.3898016890586,19.478637422336117,6.492879140778705,1.9478637422336118
800.0,716.3898016890586,19.57397935082059,6.524659783606864,1.957397935082059
900.0,716.3898016890586,19.670008835553798,6.556669611851266,1.9670008835553798
1000.0,716.3898016890586,19.766732435114015,6.588910811704672,1.9766732435114016
1100.0,716.3898016890586,19.86415678597735,6.621385595325783,1.986415678597735
1200.0,716.3898016890586,19.962288603625925,6.654096201208642,1.9962288603625926
1300.0,716.3898016890586,20.061134683674446,6.687044894558149,2.0061134683674444
1400.0,716.3898016890586,20.160701903015557,6.720233967671852,2.016070190301556
1500.0,716.3898016890586,20.260997220984198,6.753665740328066,2.0260997220984196
1600.0,716.3898016890586,20.362027680541456,6.787342560180485,2.0362027680541455
1700.0,716.3898016890586,20.46380040947831,6.821266803159436,2.046380040947831
1800.0,716.3898016890586,20.566322621639333,6.855440873879778,2.0566322621639332
1900.0,716.3898016890586,20.66960161816734,6.88986720605578,2.066960161816734
2000.0,716.3898016890586,20.773644788768696,6.924548262922898,2.0773644788768695
2100.0,716.3898016890586,20.878459613000157,6.959486537666719,2.0878459613000158
2200.0,716.3898016890586,20.98405366157759,6.994684553859197,2.098405366157759
2300.0,716.3898016890586,21.090434597706675,7.030144865902225,2.1090434597706675
2400.0,716.3898016890586,21.197610178436513,7.065870059478837,2.1197610178436515
2500.0,716.3898016890586,21.305588256036174,7.101862752012058,2.130558825603617
2600.0,716.3898016890586,21.414376779394903,7.138125593131634,2.14143767793949
2700.0,716.3898016890586,21.523983795446142,7.174661265148714,2.152398379544614
2800.0,716.3898016890586,21.634417450616287,7.2114724835387625,2.1634417450616286
2900.0,716.3898016890586,21.74568599229818,7.248561997432727,2.174568599229818
3000.0,716.3898016890586,21.857797770350185,7.285932590116729,2.1857797770350187
3100.0,716.3898016890586,21.970761238621098,7.323587079540366,2.19707612386211
3200.0,716.3898016890586,22.084584956501722,7.361528318833908,2.2084584956501723
3300.0,716.3898016890586,22.199277590503137,7.3997591968343785,2.2199277590503135
3400.0,716.3898016890586,22.31484791586274,7.438282638620913,2.231484791586274
3500.0,716.3898016890586,22.431304818178276,7.477101606059425,2.2431304818178277
3600.0,716.3898016890586,22.54865729507052,7.5162190983568395,2.2548657295070518
3700.0,716.3898016890586,22.666914457875098,7.555638152625033,2.26669144578751
3800.0,716.3898016890586,22.78608553336416,7.595361844454721,2.278608553336416
3900.0,716.3898016890586,22.90617986549854,7.635393288499514,2.290617986549854
4000.0,716.3898016890586,23.02720691721066,7.675735639070219,2.302720691721066
4100.0,716.3898016890586,23.149176272219428,7.716392090739809,2.3149176272219427
4200.0,716.3898016890586,23.272097636877106,7.757365878959035,2.3272097636877107
4300.0,716.3898016890586,23.39598084204923,7.798660280683077,2.339598084204923
4400.0,716.3898016890586,23.520835845028223,7.8402786150094075,2.3520835845028225
4500.0,716.3898016890586,23.646672731481125,7.882224243827042,2.3646672731481124
4600.0,716.3898016890586,23.773501717432428,7.924500572477476,2.3773501717432426
4700.0,716.3898016890586,23.901333151282675,7.967111050427558,2.3901333151282675
4800.0,716.3898016890586,24.03017751586333,8.010059171954444,2.403017751586333
4900.0,716.3898016890586,24.160045430529003,8.053348476843,2.4160045430529005
5000.0,716.3898016890586,24.290947653287596,8.096982551095865,2.4290947653287596
5100.0,716.3898016890586,24.422895082969244,8.140965027656415,2.4422895082969243
5200.0,716.3898016890586,24.55589876143471,8.185299587144904,2.4555898761434714
5300.0,716.3898016890586,24.689969875824286,8.229989958608096,2.4689969875824285
5400.0,716.3898016890586,24.825119760847937,8.275039920282646,2.4825119760847936
5500.0,716.3898016890586,24.961359901117405,8.320453300372469,2.4961359901117404
5600.0,716.3898016890586,25.09870193352143,8.366233977840476,2.509870193352143
5700.0,716.3898016890586,25.23715764964485,8.41238588321495,2.523715764964485
5800.0,716.3898016890586,25.376738998232412,8.458912999410805,2.537673899823241
5900.0,716.3898016890586,25.51745808769848,8.50581936256616,2.551745808769848
6000.0,716.3898016890586,25.65932718868345,8.553109062894483,2.565932718868345
6100.0,716.3898016890586,25.802358736657744,8.600786245552582,2.5802358736657744
6200.0,716.3898016890586,25.946565334574828,8.648855111524943,2.5946565334574827
6300.0,716.3898016890586,26.09195975557377,8.69731991852459,2.6091959755573773
6400.0,716.3898016890586,26.238554945732865,8.746184981910956,2.6238554945732866
6500.0,716.3898016890586,26.38636402687503,8.79545467562501,2.638636402687503
6600.0,716.3898016890586,26.53540029942645,8.84513343314215,2.653540029942645
6700.0,716.3898016890586,26.685677245329305,8.895225748443101,2.6685677245329305
6800.0,716.3898016890586,26.837208531010035,8.945736177003345,2.6837208531010033
6900.0,716.3898016890586,26.990008010404125,8.996669336801375,2.6990008010404125
7000.0,716.3898016890586,27.144089728038722,9.04802990934624,2.7144089728038723
7100.0,716.3898016890586,27.299467922174447,9.099822640724815,2.7299467922174445
7200.0,716.3898016890586,27.45615702800749,9.152052342669164,2.745615702800749
7300.0,716.3898016890586,27.61417168093358,9.204723893644527,2.761417168093358
7400.0,716.3898016890586,27.773526719874916,9.257842239958306,2.7773526719874915
7500.0,716.3898016890586,27.934237190671674,9.311412396890558,2.7934237190671674
7600.0,716.3898016890586,28.09631834953931,9.365439449846436,2.809631834953931
7700.0,716.3898016890586,28.259785666593434,9.419928555531145,2.8259785666593435
7800.0,716.3898016890586,28.42465482944343,9.47488494314781,2.842465482944343
7900.0,716.3898016890586,28.59094174685644,9.530313915618814,2.859094174685644
8000.0,716.3898016890586,28.75866255249356,9.586220850831188,2.875866255249356
8100.0,716.3898016890586,28.92783360871942,9.642611202906474,2.892783360871942
8200.0,716.3898016890586,29.098471510487222,9.69949050349574,2.909847151048722
8300.0,716.3898016890586,29.27059308930056,9.756864363100187,2.927059308930056
8400.0,716.3898016890586,29.44421541725425,9.814738472418084,2.9444215417254247
8500.0,716.3898016890586,29.61935581115534,9.873118603718448,2.961935581115534
8600.0,716.3898016890586,29.79603183672664,9.932010612242214,2.979603183672664
8700.0,716.3898016890586,29.974261312894555,9.991420437631518,2.9974261312894557
8800.0,716.3898016890586,30.154062316162854,10.051354105387619,3.0154062316162853
8900.0,716.3898016890586,30.33545318507473,10.111817728358243,3.033545318507473
9000.0,716.3898016890586,30.518452524764974,10.172817508254992,3.0518452524764976
9100.0,716.3898016890586,30.70307921160444,10.23435973720148,3.070307921160444
9200.0,716.3898016890586,30.88935239793879,10.29645079931293,3.088935239793879
9300.0,716.3898016890586,31.077291516923946,10.359097172307981,3.1077291516923946
9400.0,716.3898016890586,31.2669162874603,10.422305429153434,3.12669162874603
9500.0,716.3898016890586,31.45824671922803,10.486082239742677,3.145824671922803
9600.0,716.3898016890586,31.651303117826036,10.55043437260868,3.1651303117826037
9700.0,716.3898016890586,31.846106090016733,10.615368696672244,3.1846106090016733
9800.0,716.3898016890586,32.04267654907924,10.680892183026414,3.204267654907924
9900.0,716.3898016890586,32.24103572027378,10.747011906757926,3.224103572027378
10000.0,716.3898016890586,32.441205146419456,10.813735048806485,3.2441205146419456
0.0,722.2983474872032,19.063395030935684,6.354465010311895,1.9063395030935684
100.0,722.2983474872032,19.155225871624957,6.385075290541653,1.9155225871624957
200.0,722.2983474872032,19.247708430675086,6.415902810225028,1.9247708430675086
300.0,722.2983474872032,19.340848825848255,6.446949608616085,1.9340848825848256
400.0,722.2983474872032,19.434653246409546,6.478217748803182,1.9434653246409546
500.0,722.2983474872032,19.529127954127834,6.509709318042611,1.9529127954127834
600.0,722.2983474872032,19.62427928429307,6.54142642809769,1.9624279284293071
700.0,722.2983474872032,19.72011364675028,6.573371215583427,1.9720113646750281
800.0,722.2983474872032,19.816637526950352,6.605545842316784,1.9816637526950351
900.0,722.2983474872032,19.913857487018312,6.637952495672771,1.9913857487018312
1000.0,722.2983474872032,20.011780166838975,6.670593388946325,2.0011780166838973
1100.0,722.2983474872032,20.110412285160695,6.703470761720232,2.0110412285160697
1200.0,722.2983474872032,20.20976064071728,6.736586880239094,2.020976064071728
1300.0,722.2983474872032,20.309832113368515,6.769944037789505,2.0309832113368516
1400.0,722.2983474872032,20.410633665259727,6.803544555086575,2.0410633665259725
1500.0,722.2983474872032,20.51217234200056,6.837390780666854,2.051217234200056
1600.0,722.2983474872032,20.61445527386355,6.871485091287849,2.061445527386355
1700.0,722.2983474872032,20.717489677002714,6.905829892334238,2.0717489677002714
1800.0,722.2983474872032,20.821282854692512,6.940427618230838,2.0821282854692513
1900.0,722.2983474872032,20.925842198587848,6.975280732862616,2.092584219858785
2000.0,722.2983474872032,21.031175190005115,7.010391730001705,2.1031175190005116
2100.0,722.2983474872032,21.137289401224965,7.045763133741655,2.1137289401224963
2200.0,722.2983474872032,21.24419249681724,7.08139749893908,2.1244192496817242
2300.0,722.2983474872032,21.351892234988238,7.117297411662746,2.135189223498824
2400.0,722.2983474872032,21.46039646895099,7.15346548965033,2.146039646895099
2500.0,722.2983474872032,21.569713148318986,7.189904382772995,2.1569713148318987
2600.0,722.2983474872032,21.679850320523663,7.226616773507888,2.1679850320523664
2700.0,722.2983474872032,21.790816132256115,7.263605377418705,2.1790816132256117
2800.0,722.2983474872032,21.902618830933793,7.300872943644598,2.1902618830933793
2900.0,722.2983474872032,22.015266766192298,7.3384222553974325,2.20152667661923
3000.0,722.2983474872032,22.12876839140297,7.376256130467657,2.2128768391402973
3100.0,722.2983474872032,22.243132265216822,7.414377421738941,2.2243132265216823
3200.0,722.2983474872032,22.358367053135172,7.452789017711724,2.2358367053135173
3300.0,722.2983474872032,22.474481529107674,7.491493843035891,2.2474481529107675
3400.0,722.2983474872032,22.591484577158134,7.530494859052712,2.2591484577158134
3500.0,722.2983474872032,22.709385193038877,7.569795064346292,2.2709385193038876
3600.0,722.2983474872032,22.82819248591395,7.609397495304649,2.282819248591395
3700.0,722.2983474872032,22.94791568007199,7.649305226690664,2.294791568007199
3800.0,722.2983474872032,23.06856411666925,7.6895213722230835,2.3068564116669252
3900.0,722.2983474872032,23.19014725550343,7.73004908516781,2.319014725550343
4000.0,722.2983474872032,23.31267467681871,7.77089155893957,2.331267467681871
4100.0,722.2983474872032,23.436156083143135,7.812052027714379,2.3436156083143134
4200.0,722.2983474872032,23.560601301158407,7.853533767052802,2.3560601301158406
4300.0,722.2983474872032,23.686020283603074,7.895340094534358,2.3686020283603075
4400.0,722.2983474872032,23.81242311120989,7.937474370403296,2.381242311120989
4500.0,722.2983474872032,23.939819994677652,7.979939998225884,2.393981999467765
4600.0,722.2983474872032,24.06822127667872,8.022740425559574,2.406822127667872
4700.0,722.2983474872032,24.1976374339025,8.065879144634167,2.41976374339025
4800.0,722.2983474872032,24.32807907913586,8.109359693045286,2.432807907913586
4900.0,722.2983474872032,24.459556963381342,8.153185654460447,2.4459556963381344
5000.0,722.2983474872032,24.592081978013614,8.197360659337871,2.4592081978013614
5100.0,722.2983474872032,24.725665156975342,8.241888385658447,2.472566515697534
5200.0,722.2983474872032,24.86031767901301,8.286772559671004,2.4860317679013013
5300.0,722.2983474872032,24.996050869953624,8.332016956651207,2.4996050869953623
5400.0,722.2983474872032,25.132876205023294,8.37762540167443,2.5132876205023296
5500.0,722.2983474872032,25.27080531120821,8.423601770402737,2.527080531120821
5600.0,722.2983474872032,25.409849969659387,8.469949989886462,2.5409849969659386
5700.0,722.2983474872032,25.55002211814166,8.516674039380552,2.5550022118141658
5800.0,722.2983474872032,25.691333853528082,8.563777951176027,2.569133385352808
5900.0,722.2983474872032,25.833797434340784,8.611265811446929,2.5833797434340786
6000.0,722.2983474872032,25.97742528333898,8.659141761112993,2.597742528333898
6100.0,722.2983474872032,26.122229990155347,8.707409996718448,2.612222999015535
6200.0,722.2983474872032,26.26822431398188,8.756074771327294,2.626822431398188
6300.0,722.2983474872032,26.415421186305963,8.805140395435322,2.6415421186305963
6400.0,722.2983474872032,26.56383371369811,8.85461123789937,2.656383371369811
6500.0,722.2983474872032,26.713475180652207,8.90449172688407,2.671347518065221
6600.0,722.2983474872032,26.864359052479493,8.954786350826497,2.6864359052479494
6700.0,722.2983474872032,27.0164989782575,9.005499659419167,2.70164989782575
6800.0,722.2983474872032,27.169908793835024,9.056636264611674,2.7169908793835025
6900.0,722.2983474872032,27.324602524894498,9.108200841631499,2.73246025248945
7000.0,722.2983474872032,27.480594390072735,9.160198130024245,2.7480594390072737
7100.0,722.2983474872032,27.637898804141738,9.212632934713913,2.7637898804141736
7200.0,722.2983474872032,27.796530381250516,9.265510127083505,2.7796530381250517
7300.0,722.2983474872032,27.956503938229464,9.318834646076487,2.7956503938229464
7400.0,722.2983474872032,28.11783449795856,9.37261149931952,2.8117834497958563
7500.0,722.2983474872032,28.280537292800894,9.426845764266965,2.8280537292800894
7600.0,722.2983474872032,28.444627768102922,9.48154258936764,2.844462776810292
7700.0,722.2983474872032,28.610121585762894,9.536707195254298,2.8610121585762895
7800.0,722.2983474872032,28.777034627869117,9.592344875956373,2.877703462786912
7900.0,722.2983474872032,28.9453830004094,9.648461000136466,2.89453830004094
8000.0,722.2983474872032,29.11518303705343,9.705061012351143,2.911518303705343
8100.0,722.2983474872032,29.286451303009724,9.762150434336574,2.928645130300972
8200.0,722.2983474872032,29.459204598958717,9.819734866319573,2.9459204598958717
8300.0,722.2983474872032,29.633459965063782,9.877819988354593,2.963345996506378
8400.0,722.2983474872032,29.809234685062112,9.93641156168737,2.9809234685062114
8500.0,722.2983474872032,29.986546290436806,9.995515430145602,2.9986546290436804
8600.0,722.2983474872032,30.165412564672554,10.055137521557517,3.0165412564672556
8700.0,722.2983474872032,30.34585154759657,10.115283849198857,3.034585154759657
8800.0,722.2983474872032,30.527881539806636,10.175960513268878,3.0527881539806634
8900.0,722.2983474872032,30.711521107188453,10.23717370239615,3.0711521107188453
9000.0,722.2983474872032,30.89678908552423,10.298929695174744,3.0896789085524228
9100.0,722.2983474872032,31.083704585194777,10.361234861731592,3.108370458519478
9200.0,722.2983474872032,31.272286995976923,10.424095665325641,3.1272286995976923
9300.0,722.2983474872032,31.462555991939016,10.487518663979673,3.1462555991939016
9400.0,722.2983474872032,31.654531536436185,10.551510512145395,3.1654531536436186
9500.0,722.2983474872032,31.848233887208163,10.616077962402722,3.184823388720816
9600.0,722.2983474872032,32.04368360158188,10.681227867193961,3.2043683601581883
9700.0,722.2983474872032,32.240901541781334,10.746967180593778,3.2240901541781333
9800.0,722.2983474872032,32.439908880347105,10.813302960115701,3.2439908880347104
9900.0,722.2983474872032,32.64072710566845,10.880242368556148,3.2640727105668446
10000.0,722.2983474872032,32.84337802763034,10.947792675876778,3.2843378027630337
0.0,728.2068932853477,19.297786355775845,6.432595451925281,1.9297786355775846
100.0,728.2068932853477,19.390746289807375,6.463582096602458,1.9390746289807375
200.0,728.2068932853477,19.484365955312313,6.494788651770771,1.9484365955312313
300.0,728.2068932853477,19.578651545272944,6.526217181757648,1.9578651545272945
400.0,728.2068932853477,19.6736093250536,6.557869775017867,1.96736093250536
500.0,728.2068932853477,19.76924563341386,6.589748544471287,1.9769245633413859
600.0,728.2068932853477,19.865566883538342,6.621855627846114,1.9865566883538341
700.0,728.2068932853477,19.962579564083445,6.654193188027815,1.9962579564083445
800.0,728.2068932853477,20.06029024024101,6.6867634134136695,2.0060290240241008
900.0,728.2068932853477,20.158705554819758,6.7195685182732525,2.0158705554819756
1000.0,728.2068932853477,20.25783222934429,6.752610743114764,2.0257832229344293
1100.0,728.2068932853477,20.357677065172407,6.785892355057469,2.0357677065172406
1200.0,728.2068932853477,20.458246944630787,6.819415648210263,2.0458246944630787
1300.0,728.2068932853477,20.559548832169572,6.853182944056524,2.055954883216957
1400.0,728.2068932853477,20.661589775536193,6.887196591845398,2.066158977553619
1500.0,728.2068932853477,20.764376906968614,6.921458968989538,2.0764376906968613
1600.0,728.2068932853477,20.86791744440862,6.95597248146954,2.0867917444408617
1700.0,728.2068932853477,20.972218692735463,6.990739564245154,2.0972218692735463
1800.0,728.2068932853477,21.07728804502,7.025762681673334,2.107728804502
1900.0,728.2068932853477,21.183132983800217,7.061044327933406,2.1183132983800217
2000.0,728.2068932853477,21.28976108237796,7.096587027459321,2.1289761082377963
2100.0,728.2068932853477,21.397180006137837,7.132393335379279,2.139718000613784
2200.0,728.2068932853477,21.505397513888322,7.168465837962774,2.1505397513888322
2300.0,728.2068932853477,21.61442145922566,7.20480715307522,2.161442145922566
2400.0,728.2068932853477,21.72425979192099,7.24141993064033,2.172425979192099
2500.0,728.2068932853477,21.83492055933116,7.2783068531103865,2.183492055933116
2600.0,728.2068932853477,21.946411907833657,7.3154706359445525,2.194641190783366
2700.0,728.2068932853477,22.05874208428613,7.352914028095377,2.205874208428613
2800.0,728.2068932853477,22.171919437510976,7.390639812503658,2.2171919437510974
2900.0,728.2068932853477,22.28595241980559,7.428650806601863,2.228595241980559
3000.0,728.2068932853477,22.400849588478568,7.46694986282619,2.2400849588478566
3100.0,728.2068932853477,22.516619607412604,7.505539869137535,2.2516619607412602
3200.0,728.2068932853477,22.633271248654516,7.544423749551505,2.2633271248654516
3300.0,728.2068932853477,22.75081339403281,7.583604464677603,2.275081339403281
3400.0,728.2068932853477,22.8692550368036,7.623085012267867,2.28692550368036
3500.0,728.2068932853477,22.988605283325207,7.662868427775069,2.2988605283325207
3600.0,728.2068932853477,23.108873354762142,7.702957784920714,2.310887335476214
3700.0,728.2068932853477,23.230068588819023,7.743356196273008,2.3230068588819024
3800.0,728.2068932853477,23.352200441504976,7.784066813834992,2.3352200441504976
3900.0,728.2068932853477,23.47527848892933,7.82509282964311,2.347527848892933
4000.0,728.2068932853477,23.599312429128815,7.866437476376272,2.3599312429128814
4100.0,728.2068932853477,23.724312083927586,7.908104027975862,2.372431208392759
4200.0,728.2068932853477,23.850287400829934,7.950095800276645,2.3850287400829933
4300.0,728.2068932853477,23.977248454946913,7.992416151648971,2.3977248454946913
4400.0,728.2068932853477,24.105205450957524,8.035068483652507,2.4105205450957525
4500.0,728.2068932853477,24.234168725104816,8.078056241701605,2.4234168725104817
4600.0,728.2068932853477,24.364148747228015,8.121382915742672,2.4364148747228014
4700.0,728.2068932853477,24.49515612283121,8.165052040943737,2.449515612283121
4800.0,728.2068932853477,24.627201595189334,8.209067198396445,2.462720159518933
4900.0,728.2068932853477,24.760296047492368,8.25343201583079,2.476029604749237
5000.0,728.2068932853477,24.894450505028356,8.298150168342785,2.4894450505028356
5100.0,728.2068932853477,25.029676137406312,8.343225379135438,2.502967613740631
5200.0,728.2068932853477,25.1659842608194,8.388661420273133,2.51659842608194
5300.0,728.2068932853477,25.303386340349782,8.434462113449927,2.5303386340349783
5400.0,728.2068932853477,25.441893992315602,8.480631330771867,2.54418939923156
5500.0,728.2068932853477,25.581518986661063,8.527172995553688,2.5581518986661065
5600.0,728.2068932853477,25.72227324939068,8.574091083130225,2.572227324939068
5700.0,728.2068932853477,25.864168865048402,8.6213896216828,2.58641688650484
5800.0,728.2068932853477,26.007218079242715,8.669072693080905,2.6007218079242715
5900.0,728.2068932853477,26.151433301218695,8.717144433739564,2.6151433301218696
6000.0,728.2068932853477,26.29682710647788,8.765609035492627,2.629682710647788
6100.0,728.2068932853477,26.443412239447035,8.814470746482344,2.6443412239447035
6200.0,728.2068932853477,26.59120161619699,8.863733872065664,2.659120161619699
6300.0,728.2068932853477,26.74020832721247,8.91340277573749,2.674020832721247
6400.0,728.2068932853477,26.890445640214,8.963481880071333,2.6890445640214002
6500.0,728.2068932853477,27.0419270030331,9.0139756676777,2.70419270030331
6600.0,728.2068932853477,27.19466604654189,9.06488868218063,2.719466604654189
6700.0,728.2068932853477,27.348676587638213,9.116225529212738,2.734867658763821
6800.0,728.2068932853477,27.50397263228766,9.16799087742922,2.750397263228766
6900.0,728.2068932853477,27.66056837862346,9.220189459541153,2.766056837862346
7000.0,728.2068932853477,27.81847822010571,9.27282607336857,2.781847822010571
7100.0,728.2068932853477,27.977716748741237,9.325905582913746,2.7977716748741237
7200.0,728.2068932853477,28.138298758365305,9.379432919455102,2.8138298758365305
7300.0,728.2068932853477,28.300239247986568,9.43341308266219,2.830023924798657
7400.0,728.2068932853477,28.463553425196746,9.487851141732248,2.846355342519675
7500.0,728.2068932853477,28.628256709646323,9.542752236548774,2.8628256709646323
7600.0,728.2068932853477,28.794364736587877,9.598121578862626,2.879436473658788
7700.0,728.2068932853477,28.961893360488354,9.653964453496117,2.8961893360488355
7800.0,728.2068932853477,29.13085865871208,9.710286219570692,2.9130858658712078
7900.0,728.2068932853477,29.30127693527577,9.76709231175859,2.930127693527577
8000.0,728.2068932853477,29.473164724677495,9.824388241559165,2.9473164724677496
8100.0,728.2068932853477,29.646538795800986,9.88217959860033,2.9646538795800987
8200.0,728.2068932853477,29.821416155897122,9.940472051965708,2.982141615589712
8300.0,728.2068932853477,29.997814054644238,9.99927135154808,2.999781405464424
8400.0,728.2068932853477,30.175749988289283,10.05858332942976,3.017574998828928
8500.0,728.2068932853477,30.35524170387131,10.118413901290436,3.035524170387131
8600.0,728.2068932853477,30.536307203529358,10.178769067843119,3.0536307203529356
8700.0,728.2068932853477,30.718964748896834,10.239654916298944,3.0718964748896833
8800.0,728.2068932853477,30.90323286558397,10.301077621861323,3.090323286558397
8900.0,728.2068932853477,31.089130347750725,10.363043449250242,3.1089130347750724
9000.0,728.2068932853477,31.27667626277208,10.425558754257361,3.127667626277208
9100.0,728.2068932853477,31.46588995599786,10.48862998533262,3.146588995599786
9200.0,728.2068932853477,31.656791055609215,10.552263685203071,3.1656791055609217
9300.0,728.2068932853477,31.849399477574227,10.616466492524742,3.1849399477574227
9400.0,728.2068932853477,32.04373543070473,10.681245143568242,3.204373543070473
9500.0,728.2068932853477,32.23981942181665,10.746606473938883,3.223981942181665
9600.0,728.2068932853477,32.437672260996706,10.812557420332235,3.2437672260996706
9700.0,728.2068932853477,32.63731506697745,10.879105022325817,3.263731506697745
9800.0,728.2068932853477,32.83876927262348,10.946256424207826,3.283876927262348
9900.0,728.2068932853477,33.04205663053158,11.014018876843862,3.304205663053158
10000.0,728.2068932853477,33.24719921874711,11.082399739582371,3.324719921874711
0.0,734.1154390834924,19.533130525453654,6.511043508484551,1.9533130525453655
100.0,734.1154390834924,19.627224142804334,6.542408047601445,1.9627224142804334
200.0,734.1154390834924,19.72198553731578,6.57399517910526,1.972198553731578
300.0,734.1154390834924,19.81742097749616,6.60580699249872,1.9817420977496158
400.0,734.1154390834924,19.91353680511842,6.63784560170614,1.991353680511842
500.0,734.1154390834924,20.01033943624581,6.670113145415271,2.001033943624581
600.0,734.1154390834924,20.107835362274304,6.702611787424768,2.0107835362274304
700.0,734.1154390834924,20.206031150992033,6.7353437169973445,2.0206031150992034
800.0,734.1154390834924,20.30493344765596,6.768311149218653,2.030493344765596
900.0,734.1154390834924,20.404548976086502,6.801516325362168,2.04045489760865
1000.0,734.1154390834924,20.50488453977992,6.834961513259973,2.0504884539779917
1100.0,734.1154390834924,20.605947023039267,6.868649007679756,2.0605947023039266
1200.0,734.1154390834924,20.70774339212393,6.9025811307079765,2.070774339212393
1300.0,734.1154390834924,20.81028069641831,6.936760232139437,2.081028069641831
1400.0,734.1154390834924,20.913566069619886,6.971188689873295,2.0913566069619884
1500.0,734.1154390834924,21.01760673094711,7.005868910315704,2.101760673094711
1600.0,734.1154390834924,21.12240998636744,7.0408033287891465,2.112240998636744
1700.0,734.1154390834924,21.22798322984602,7.075994409948674,2.122798322984602
1800.0,734.1154390834924,21.334333944615157,7.111444648205052,2.1334333944615156
1900.0,734.1154390834924,21.441469704465337,7.147156568155112,2.144146970446534
2000.0,734.1154390834924,21.549398175057853,7.183132725019284,2.1549398175057854
2100.0,734.1154390834924,21.65812711525971,7.21937570508657,2.165812711525971
2200.0,734.1154390834924,21.767664378501138,7.255888126167046,2.1767664378501137
2300.0,734.1154390834924,21.878017914156114,7.292672638052038,2.1878017914156116
2400.0,734.1154390834924,21.98919576894638,7.329731922982127,2.198919576894638
2500.0,734.1154390834924,22.1012060883695,7.367068696123167,2.21012060883695
2600.0,734.1154390834924,22.2140571181513,7.404685706050433,2.22140571181513
2700.0,734.1154390834924,22.327757205723085,7.442585735241028,2.2327757205723087
2800.0,734.1154390834924,22.442314801724493,7.480771600574831,2.2442314801724494
2900.0,734.1154390834924,22.557738461532015,7.519246153844005,2.2557738461532013
3000.0,734.1154390834924,22.674036846814037,7.558012282271346,2.267403684681404
3100.0,734.1154390834924,22.791218727112756,7.5970729090375855,2.2791218727112756
3200.0,734.1154390834924,22.90929298145358,7.63643099381786,2.290929298145358
3300.0,734.1154390834924,23.028268599982436,7.676089533327478,2.3028268599982438
3400.0,734.1154390834924,23.14815468563177,7.716051561877257,2.314815468563177
3500.0,734.1154390834924,23.26896045581554,7.756320151938514,2.326896045581554
3600.0,734.1154390834924,23.39069524415406,7.79689841471802,2.339069524415406
3700.0,734.1154390834924,23.513368502228932,7.837789500742978,2.3513368502228933
3800.0,734.1154390834924,23.63698980136909,7.878996600456364,2.363698980136909
3900.0,734.1154390834924,23.76156883446831,7.92052294482277,2.376156883446831
4000.0,734.1154390834924,23.88711541783474,7.962371805944913,2.388711541783474
4100.0,734.1154390834924,24.013639493073565,8.004546497691189,2.4013639493073566
4200.0,734.1154390834924,24.141151129002854,8.047050376334285,2.4141151129002854
4300.0,734.1154390834924,24.26966052360365,8.089886841201217,2.426966052360365
4400.0,734.1154390834924,24.399178006005048,8.133059335335016,2.439917800600505
4500.0,734.1154390834924,24.52971403850471,8.176571346168236,2.452971403850471
4600.0,734.1154390834924,24.661279218625687,8.220426406208562,2.4661279218625687
4700.0,734.1154390834924,24.793884281210413,8.264628093736805,2.4793884281210414
4800.0,734.1154390834924,24.927540100552317,8.309180033517439,2.492754010055232
4900.0,734.1154390834924,25.062257692566234,8.354085897522078,2.5062257692566234
5000.0,734.1154390834924,25.198048216997947,8.399349405665982,2.5198048216997946
5100.0,734.1154390834924,25.33492297967429,8.444974326558096,2.533492297967429
5200.0,734.1154390834924,25.472893434793896,8.490964478264631,2.5472893434793895
5300.0,734.1154390834924,25.61197118726018,8.537323729086728,2.5611971187260183
5400.0,734.1154390834924,25.75216799505688,8.584055998352293,2.575216799505688
5500.0,734.1154390834924,25.89349577166735,8.63116525722245,2.589349577166735
5600.0,734.1154390834924,26.035966588538457,8.678655529512818,2.6035966588538457
5700.0,734.1154390834924,26.179592677589973,8.726530892529992,2.617959267758997
5800.0,734.1154390834924,26.324386433770453,8.774795477923485,2.6324386433770455
5900.0,734.1154390834924,26.470360417660633,8.823453472553544,2.6470360417660634
6000.0,734.1154390834924,26.617527358125287,8.872509119375096,2.6617527358125286
6100.0,734.1154390834924,26.76590015501452,8.921966718338174,2.676590015501452
6200.0,734.1154390834924,26.91549188191579,8.971830627305264,2.691549188191579
6300.0,734.1154390834924,27.066315788957485,9.022105262985828,2.7066315788957485
6400.0,734.1154390834924,27.218385305665244,9.072795101888415,2.7218385305665245
6500.0,734.1154390834924,27.371714043872228,9.123904681290743,2.737171404387223
6600.0,734.1154390834924,27.526315800684447,9.17543860022815,2.752631580068445
6700.0,734.1154390834924,27.682204561502356,9.227401520500786,2.7682204561502357
6800.0,734.1154390834924,27.839394503099786,9.279798167699928,2.783939450309979
6900.0,734.1154390834924,27.997899996761888,9.332633332253963,2.7997899996761886
7000.0,734.1154390834924,28.1577356114827,9.385911870494233,2.81577356114827
7100.0,734.1154390834924,28.3189161172244,9.439638705741467,2.83189161172244
7200.0,734.1154390834924,28.481456488238905,9.493818829412968,2.8481456488238903
7300.0,734.1154390834924,28.645371906453775,9.548457302151258,2.8645371906453776
7400.0,734.1154390834924,28.810677764923305,9.603559254974435,2.8810677764923307
7500.0,734.1154390834924,28.977389671346806,9.659129890448936,2.8977389671346807
7600.0,734.1154390834924,29.145523451654917,9.715174483884972,2.9145523451654918
7700.0,734.1154390834924,29.31509515366612,9.771698384555373,2.931509515366612
7800.0,734.1154390834924,29.4861210508146,9.8287070169382,2.9486121050814598
7900.0,734.1154390834924,29.658617645951026,9.886205881983676,2.9658617645951026
8000.0,734.1154390834924,29.83260167521824,9.944200558406079,2.983260167521824
8100.0,734.1154390834924,30.008090112003153,10.002696704001051,3.000809011200315
8200.0,734.1154390834924,30.185100170966848,10.061700056988949,3.018510017096685
8300.0,734.1154390834924,30.36364931215432,10.121216437384772,3.0363649312154317
8400.0,734.1154390834924,30.543755245186222,10.181251748395407,3.054375524518622
8500.0,734.1154390834924,30.725435933533763,10.241811977844588,3.0725435933533762
8600.0,734.1154390834924,30.908709598879252,10.302903199626417,3.0908709598879254
8700.0,734.1154390834924,31.093594725563943,10.36453157518798,3.1093594725563944
8800.0,734.1154390834924,31.28011006512526,10.426703355041754,3.128011006512526
8900.0,734.1154390834924,31.46827464092542,10.489424880308473,3.1468274640925418
9000.0,734.1154390834924,31.658107752873576,10.552702584291191,3.1658107752873574
9100.0,734.1154390834924,31.84962898224381,10.61654299408127,3.184962898224381
9200.0,734.1154390834924,32.04285819659073,10.680952732196909,3.2042858196590727
9300.0,734.1154390834924,32.23781555476556,10.745938518255187,3.223781555476556
9400.0,734.1154390834924,32.4345215120346,10.8115071706782,3.24345215120346
9500.0,734.1154390834924,32.632996825302584,10.877665608434194,3.2632996825302585
9600.0,734.1154390834924,32.83326255844348,10.944420852814494,3.283326255844348
9700.0,734.1154390834924,33.03534008774115,11.01178002924705,3.3035340087741147
9800.0,734.1154390834924,33.23925110744251,11.079750369147504,3.323925110744251
9900.0,734.1154390834924,33.44501763542592,11.14833921180864,3.344501763542592
10000.0,734.1154390834924,33.652662018987265,11.217554006329088,3.3652662018987263
0.0,740.023984881637,19.769423697662486,6.589807899220829,1.9769423697662485
100.0,740.023984881637,19.8646555698003,6.6215518566000995,1.9864655569800298
200.0,740.023984881637,19.960563297229704,6.653521099076568,1.9960563297229705
300.0,740.023984881637,20.057153224289284,6.6857177414297615,2.0057153224289284
400.0,740.023984881637,20.154431769468708,6.718143923156236,2.015443176946871
500.0,740.023984881637,20.25240542644664,6.750801808815546,2.025240542644664
600.0,740.023984881637,20.351080765145763,6.783693588381921,2.035108076514576
700.0,740.023984881637,20.450464432805035,6.816821477601678,2.0450464432805036
800.0,740.023984881637,20.550563155069405,6.850187718356469,2.0550563155069406
900.0,740.023984881637,20.65138373709765,6.88379457903255,2.065138373709765
1000.0,740.023984881637,20.752933064688236,6.917644354896079,2.0752933064688235
1100.0,740.023984881637,20.85521810542394,6.951739368474647,2.085521810542394
1200.0,740.023984881637,20.958245909835327,6.986081969945109,2.0958245909835327
1300.0,740.023984881637,21.06202361258349,7.020674537527831,2.106202361258349
1400.0,740.023984881637,21.166558433662594,7.055519477887532,2.1166558433662592
1500.0,740.023984881637,21.271857679622308,7.0906192265407695,2.1271857679622306
1600.0,740.023984881637,21.377928744810703,7.125976248270234,2.1377928744810704
1700.0,740.023984881637,21.484779112638076,7.161593037546026,2.1484779112638077
1800.0,740.023984881637,21.592416356861698,7.1974721189538995,2.1592416356861697
1900.0,740.023984881637,21.700848142892582,7.233616047630861,2.1700848142892584
2000.0,740.023984881637,21.810082229123857,7.270027409707953,2.1810082229123857
2100.0,740.023984881637,21.920126468281897,7.3067088227606325,2.1920126468281897
2200.0,740.023984881637,22.030988808800252,7.3436629362667505,2.203098880880025
2300.0,740.023984881637,22.14267729621681,7.38089243207227,2.214267729621681
2400.0,740.023984881637,22.255200074594914,7.4184000248649715,2.225520007459491
2500.0,740.023984881637,22.368565387968548,7.456188462656183,2.2368565387968546
2600.0,740.023984881637,22.48278158181246,7.4942605272708205,2.248278158181246
2700.0,740.023984881637,22.597857104537248,7.532619034845749,2.2597857104537247
2800.0,740.023984881637,22.71380050901029,7.571266836336764,2.271380050901029
2900.0,740.023984881637,22.830620454102874,7.610206818034292,2.2830620454102872
3000.0,740.023984881637,22.948325706263983,7.649441902087994,2.294832570626398
3100.0,740.023984881637,23.066925141121363,7.688975047040454,2.3066925141121364
3200.0,740.023984881637,23.18642774511039,7.72880924837013,2.318642774511039
3300.0,740.023984881637,23.3068426171312,7.768947539043733,2.33068426171312
3400.0,740.023984881637,23.42817897023484,7.80939299007828,2.342817897023484
3500.0,740.023984881637,23.550446133338745,7.850148711112915,2.3550446133338747
3600.0,740.023984881637,23.67365355297245,7.891217850990817,2.367365355297245
3700.0,740.023984881637,23.79781079505377,7.932603598351257,2.379781079505377
3800.0,740.023984881637,23.922927546696446,7.974309182232148,2.3922927546696444
3900.0,740.023984881637,24.04901361804964,8.016337872683213,2.404901361804964
4000.0,740.023984881637,24.176078944169827,8.058692981389942,2.4176078944169825
4100.0,740.023984881637,24.304133586926238,8.101377862308746,2.4304133586926238
4200.0,740.023984881637,24.43318773693989,8.144395912313296,2.443318773693989
4300.0,740.023984881637,24.563251715557268,8.187750571852423,2.4563251715557266
4400.0,740.023984881637,24.694335976859445,8.231445325619815,2.4694335976859447
4500.0,740.023984881637,24.826451109706923,8.275483703235642,2.4826451109706924
4600.0,740.023984881637,24.959607839821516,8.319869279940505,2.4959607839821514
4700.0,740.023984881637,25.093817031905527,8.364605677301842,2.5093817031905528
4800.0,740.023984881637,25.229089691799196,8.409696563933066,2.5229089691799196
4900.0,740.023984881637,25.365436968677376,8.455145656225792,2.5365436968677377
5000.0,740.023984881637,25.50287015728584,8.50095671909528,2.550287015728584
5100.0,740.023984881637,25.641400700218497,8.547133566739499,2.5641400700218497
5200.0,740.023984881637,25.781040190235966,8.59368006341199,2.5781040190235966
5300.0,740.023984881637,25.921800372626677,8.640600124208893,2.5921800372626675
5400.0,740.023984881637,26.06369314761127,8.687897715870424,2.6063693147611273
5500.0,740.023984881637,26.20673057279102,8.735576857597007,2.620673057279102
5600.0,740.023984881637,26.350924865641655,8.783641621880552,2.6350924865641656
5700.0,740.023984881637,26.49628840605305,8.832096135351017,2.6496288406053052
5800.0,740.023984881637,26.64283373891599,8.880944579638664,2.6642833738915987
5900.0,740.023984881637,26.790573576757147,8.930191192252382,2.6790573576757146
6000.0,740.023984881637,26.939520802422958,8.97984026747432,2.693952080242296
6100.0,740.023984881637,27.08968847181359,9.029896157271198,2.7089688471813593
6200.0,740.023984881637,27.2410898166683,9.080363272222767,2.72410898166683
6300.0,740.023984881637,27.39373824740287,9.131246082467623,2.739373824740287
6400.0,740.023984881637,27.54764735600053,9.182549118666843,2.754764735600053
6500.0,740.023984881637,27.702830918957424,9.234276972985809,2.7702830918957426
6600.0,740.023984881637,27.859302900283772,9.28643430009459,2.7859302900283773
6700.0,740.023984881637,28.017077454562035,9.339025818187345,2.8017077454562034
6800.0,740.023984881637,28.176168930063163,9.392056310021054,2.817616893006316
6900.0,740.023984881637,28.336591871922376,9.445530623974125,2.8336591871922376
7000.0,740.023984881637,28.498361025375512,9.49945367512517,2.849836102537551
7100.0,740.023984881637,28.661491339057626,9.553830446352542,2.8661491339057625
7200.0,740.023984881637,28.82599796836488,9.60866598945496,2.8825997968364883
7300.0,740.023984881637,28.99189627888129,9.663965426293762,2.899189627888129
7400.0,740.023984881637,29.15920184987164,9.719733949957213,2.915920184987164
7500.0,740.023984881637,29.327930477842276,9.775976825947426,2.9327930477842274
7600.0,740.023984881637,29.498098180170857,9.832699393390286,2.9498098180170857
7700.0,740.023984881637,29.66972119880707,9.889907066269023,2.9669721198807073
7800.0,740.023984881637,29.84281600404554,9.947605334681848,2.9842816004045543
7900.0,740.023984881637,30.0173992983727,10.005799766124232,3.00173992983727
8000.0,740.023984881637,30.193488020389267,10.064496006796423,3.0193488020389267
8100.0,740.023984881637,30.371099348810006,10.123699782936669,3.0371099348810007
8200.0,740.023984881637,30.550250706542524,10.183416902180841,3.0550250706542523
8300.0,740.023984881637,30.730959764846787,10.24365325494893,3.073095976484679
8400.0,740.023984881637,30.91324444757752,10.304414815859174,3.0913244447577517
8500.0,740.023984881637,31.09712293551089,10.365707645170296,3.109712293551089
8600.0,740.023984881637,31.28261367075772,10.427537890252573,3.1282613670757717
8700.0,740.023984881637,31.46973536126518,10.489911787088394,3.146973536126518
8800.0,740.023984881637,31.658506985408895,10.552835661802964,3.1658506985408894
8900.0,740.023984881637,31.848947796677557,10.616315932225852,3.1848947796677556
9000.0,740.023984881637,32.04107732845223,10.680359109484078,3.204107732845223
9100.0,740.023984881637,32.23491539888255,10.744971799627516,3.223491539888255
9200.0,740.023984881637,32.43048211586182,10.810160705287274,3.2430482115861823
9300.0,740.023984881637,32.627797882103835,10.875932627367945,3.2627797882103833
9400.0,740.023984881637,32.82688340032318,10.942294466774394,3.282688340032318
9500.0,740.023984881637,33.0277596785218,11.009253226173932,3.3027759678521798
9600.0,740.023984881637,33.23044803538431,11.07681601179477,3.3230448035384312
9700.0,740.023984881637,33.43497010578448,11.144990035261493,3.343497010578448
9800.0,740.023984881637,33.64134784640551,11.213782615468503,3.3641347846405507
9900.0,740.023984881637,33.84960354147702,11.283201180492341,3.3849603541477022
10000.0,740.023984881637,34.05975980863117,11.353253269543723,3.405975980863117
0.0,745.9325306797816,20.00666207620625,6.668887358735417,2.000666207620625
100.0,745.9325306797816,20.103036756312434,6.701012252104145,2.0103036756312433
200.0,745.9325306797816,20.200095402154695,6.733365134051565,2.0200095402154696
300.0,745.9325306797816,20.29784443420538,6.765948144735127,2.029784443420538
400.0,745.9325306797816,20.396290347977757,6.798763449325919,2.039629034797776
500.0,745.9325306797816,20.495439715076373,6.831813238358791,2.0495439715076373
600.0,745.9325306797816,20.59529918426474,6.865099728088246,2.059529918426474
700.0,745.9325306797816,20.695875482550466,6.898625160850155,2.0695875482550465
800.0,745.9325306797816,20.79717541628805,6.93239180542935,2.079717541628805
900.0,745.9325306797816,20.899205872299973,6.966401957433324,2.0899205872299973
1000.0,745.9325306797816,21.00197381901615,7.00065793967205,2.100197381901615
1100.0,745.9325306797816,21.105486307632205,7.035162102544068,2.1105486307632204
1200.0,745.9325306797816,21.209750473286956,7.069916824428986,2.1209750473286957
1300.0,745.9325306797816,21.314773536259345,7.104924512086448,2.1314773536259346
1400.0,745.9325306797816,21.42056280318541,7.140187601061803,2.142056280318541
1500.0,745.9325306797816,21.527125668295344,7.175708556098448,2.1527125668295346
1600.0,745.9325306797816,21.634469614671403,7.211489871557134,2.16344696146714
1700.0,745.9325306797816,21.742602215526798,7.247534071842266,2.1742602215526796
1800.0,745.9325306797816,21.85153113550593,7.28384371183531,2.185153113550593
1900.0,745.9325306797816,21.96126413200677,7.320421377335591,2.1961264132006773
2000.0,745.9325306797816,22.071809056525264,7.357269685508421,2.2071809056525264
2100.0,745.9325306797816,22.18317385602261,7.39439128534087,2.218317385602261
2200.0,745.9325306797816,22.295366574315672,7.431788858105224,2.2295366574315674
2300.0,745.9325306797816,22.40839535349096,7.46946511783032,2.240839535349096
2400.0,745.9325306797816,22.522268435342735,7.507422811780912,2.2522268435342734
2500.0,745.9325306797816,22.63699416283563,7.545664720945211,2.263699416283563
2600.0,745.9325306797816,22.75258098159231,7.58419366053077,2.275258098159231
2700.0,745.9325306797816,22.86903744140655,7.623012480468851,2.286903744140655
2800.0,745.9325306797816,22.98637219778244,7.66212406592748,2.298637219778244
2900.0,745.9325306797816,23.10459401350005,7.701531337833351,2.310459401350005
3000.0,745.9325306797816,23.223711760208094,7.741237253402698,2.3223711760208094
3100.0,745.9325306797816,23.3437344200442,7.7812448066814,2.33437344200442
3200.0,745.9325306797816,23.464671087283417,7.821557029094472,2.3464671087283415
3300.0,745.9325306797816,23.586530970015094,7.862176990005032,2.3586530970015094
3400.0,745.9325306797816,23.709323391849363,7.903107797283121,2.3709323391849364
3500.0,745.9325306797816,23.83305779365316,7.944352597884387,2.3833057793653163
3600.0,745.9325306797816,23.957743735316924,7.985914578438975,2.3957743735316925
3700.0,745.9325306797816,24.083390897552025,8.027796965850674,2.4083390897552026
3800.0,745.9325306797816,24.21000908372018,8.070003027906727,2.421000908372018
3900.0,745.9325306797816,24.337608221694953,8.112536073898317,2.4337608221694955
4000.0,745.9325306797816,24.46619836575616,8.155399455252054,2.446619836575616
4100.0,745.9325306797816,24.59578969851816,8.19859656617272,2.4595789698518162
4200.0,745.9325306797816,24.726392532892163,8.242130844297387,2.4726392532892163
4300.0,745.9325306797816,24.85801731408356,8.286005771361188,2.485801731408356
4400.0,745.9325306797816,24.990674621625185,8.330224873875062,2.4990674621625186
4500.0,745.9325306797816,25.124375171446736,8.374791723815578,2.5124375171446736
4600.0,745.9325306797816,25.259129817981545,8.419709939327182,2.5259129817981547
4700.0,745.9325306797816,25.394949556311232,8.464983185437077,2.539494955631123
4800.0,745.9325306797816,25.531845524349105,8.510615174783036,2.5531845524349106
4900.0,745.9325306797816,25.66982900506308,8.55660966835436,2.566982900506308
5000.0,745.9325306797816,25.80891142873889,8.602970476246297,2.580891142873889
5100.0,745.9325306797816,25.94910437528466,8.64970145842822,2.594910437528466
5200.0,745.9325306797816,26.090419576577226,8.696806525525743,2.6090419576577224
5300.0,745.9325306797816,26.23286891885164,8.744289639617213,2.623286891885164
5400.0,745.9325306797816,26.376464445134367,8.792154815044789,2.637646444513437
5500.0,745.9325306797816,26.521218357721114,8.840406119240372,2.6521218357721112
5600.0,745.9325306797816,26.667143020700603,8.889047673566868,2.6667143020700603
5700.0,745.9325306797816,26.814250962524696,8.938083654174898,2.6814250962524695
5800.0,745.9325306797816,26.962554878626243,8.987518292875414,2.6962554878626244
5900.0,745.9325306797816,27.112067634085637,9.037355878028546,2.7112067634085637
6000.0,745.9325306797816,27.26280226634689,9.087600755448962,2.726280226634689
6100.0,745.9325306797816,27.41477198798451,9.13825732932817,2.7414771987984508
6200.0,745.9325306797816,27.567990189522146,9.189330063174049,2.7567990189522145
6300.0,745.9325306797816,27.722470442304168,9.240823480768055,2.772247044230417
6400.0,745.9325306797816,27.87822650142124,9.292742167140412,2.787822650142124
6500.0,745.9325306797816,28.035272308691134,9.345090769563711,2.8035272308691135
6600.0,745.9325306797816,28.193621995695974,9.397873998565325,2.819362199569597
6700.0,745.9325306797816,28.35328988687696,9.451096628958988,2.8353289886876962
6800.0,745.9325306797816,28.51429050268815,9.50476350089605,2.8514290502688153
6900.0,745.9325306797816,28.676638562810293,9.558879520936765,2.8676638562810295
7000.0,745.9325306797816,28.84034898942599,9.613449663141997,2.8840348989425992
7100.0,745.9325306797816,29.005436910557936,9.668478970185978,2.900543691055794
7200.0,745.9325306797816,29.171917663471095,9.723972554490365,2.9171917663471096
7300.0,745.9325306797816,29.339806798140586,9.779935599380195,2.9339806798140584
7400.0,745.9325306797816,29.50912008078658,9.836373360262193,2.950912008078658
7500.0,745.9325306797816,29.679873497477715,9.893291165825906,2.9679873497477716
7600.0,745.9325306797816,29.85208325780447,9.950694419268157,2.985208325780447
7700.0,745.9325306797816,30.025765798624256,10.008588599541419,3.0025765798624255
7800.0,745.9325306797816,30.20093778787968,10.06697926262656,3.020093778787968
7900.0,745.9325306797816,30.377616128491464,10.125872042830489,3.0377616128491463
8000.0,745.9325306797816,30.555817962328078,10.18527265410936,3.055581796232808
8100.0,745.9325306797816,30.73556067425347,10.245186891417823,3.073556067425347
8200.0,745.9325306797816,30.916861896254776,10.305620632084926,3.0916861896254777
8300.0,745.9325306797816,31.099739511651844,10.366579837217282,3.1099739511651845
8400.0,745.9325306797816,31.284211659390454,10.428070553130151,3.1284211659390455
8500.0,745.9325306797816,31.470296738420945,10.490098912806982,3.1470296738420944
8600.0,745.9325306797816,31.658013412164397,10.552671137388133,3.1658013412164396
8700.0,745.9325306797816,31.847380613068385,10.615793537689461,3.1847380613068386
8800.0,745.9325306797816,32.038417547254106,10.67947251575137,3.2038417547254108
8900.0,745.9325306797816,32.231143699257274,10.743714566419092,3.223114369925727
9000.0,745.9325306797816,32.42557883686476,10.80852627895492,3.2425578836864757
9100.0,745.9325306797816,32.62174301604927,10.873914338683091,3.262174301604927
9200.0,745.9325306797816,32.819656586004285,10.939885528668094,3.2819656586004284
9300.0,745.9325306797816,33.01934019428157,11.00644673142719,3.301934019428157
9400.0,745.9325306797816,33.22081479203385,11.07360493067795,3.322081479203385
9500.0,745.9325306797816,33.42410163936471,11.141367213121569,3.3424101639364707
9600.0,745.9325306797816,33.6292223107887,11.209740770262899,3.36292223107887
9700.0,745.9325306797816,33.836198700803855,11.278732900267952,3.3836198700803854
9800.0,745.9325306797816,34.04505302957946,11.348351009859819,3.4045053029579457
9900.0,745.9325306797816,34.25580784876186,11.418602616253954,3.4255807848761863
10000.0,745.9325306797816,34.46848604740086,11.48949534913362,3.4468486047400857
0.0,751.8410764779262,20.244841910084478,6.748280636694826,2.024484191008448
100.0,751.8410764779262,20.34236393327121,6.780787977757069,2.034236393327121
200.0,751.8410764779262,20.44057806482393,6.813526021607977,2.0440578064823933
300.0,751.8410764779262,20.5394908016509,6.846496933883633,2.05394908016509
400.0,751.8410764779262,20.639108716594638,6.879702905531546,2.0639108716594636
500.0,751.8410764779262,20.73943845949481,6.913146153164937,2.073943845949481
600.0,751.8410764779262,20.840486758268636,6.946828919422878,2.0840486758268635
700.0,751.8410764779262,20.94226042000892,6.980753473336307,2.094226042000892
800.0,751.8410764779262,21.044766332099986,7.014922110699995,2.1044766332099987
900.0,751.8410764779262,21.14801146335214,7.049337154450714,2.114801146335214
1000.0,751.8410764779262,21.25200286515461,7.084000955051536,2.1252002865154607
1100.0,751.8410764779262,21.356747672647693,7.1189158908825645,2.1356747672647693
1200.0,751.8410764779262,21.462253105914222,7.154084368638074,2.146225310591422
1300.0,751.8410764779262,21.56852647119076,7.189508823730254,2.1568526471190763
1400.0,751.8410764779262,21.67557516209903,7.2251917206996765,2.167557516209903
1500.0,751.8410764779262,21.78340666089772,7.261135553632574,2.178340666089772
1600.0,751.8410764779262,21.89202853975539,7.29734284658513,2.189202853975539
1700.0,751.8410764779262,22.001448462044532,7.333816154014844,2.200144846204453
1800.0,751.8410764779262,22.111674183657357,7.370558061219119,2.2111674183657355
1900.0,751.8410764779262,22.222713554343855,7.407571184781285,2.2222713554343856
2000.0,751.8410764779262,22.334574519072245,7.444858173024081,2.2334574519072246
2100.0,751.8410764779262,22.447265119412478,7.482421706470826,2.2447265119412476
2200.0,751.8410764779262,22.560793494943297,7.5202644983144324,2.2560793494943296
2300.0,751.8410764779262,22.675167884682953,7.558389294894318,2.267516788468295
2400.0,751.8410764779262,22.79039662854448,7.596798876181494,2.2790396628544483
2500.0,751.8410764779262,22.906488168815724,7.635496056271908,2.290648816881572
2600.0,751.8410764779262,23.02345105166471,7.674483683888237,2.302345105166471
2700.0,751.8410764779262,23.14129392867073,7.7137646428902436,2.314129392867073
2800.0,751.8410764779262,23.260025558381876,7.753341852793959,2.326002555838188
2900.0,751.8410764779262,23.37965480789934,7.793218269299779,2.3379654807899337
3000.0,751.8410764779262,23.500190654489053,7.833396884829685,2.3500190654489055
3100.0,751.8410764779262,23.62164218722123,7.873880729073743,2.362164218722123
3200.0,751.8410764779262,23.74401860863848,7.91467286954616,2.374401860863848
3300.0,751.8410764779262,23.867329236452715,7.955776412150905,2.3867329236452717
3400.0,751.8410764779262,23.991583505271883,7.997194501757295,2.3991583505271885
3500.0,751.8410764779262,24.116790968356693,8.038930322785564,2.411679096835669
3600.0,751.8410764779262,24.24296129940831,8.08098709980277,2.424296129940831
3700.0,751.8410764779262,24.370104294387247,8.123368098129083,2.4370104294387245
3800.0,751.8410764779262,24.498229873364494,8.166076624454831,2.449822987336449
3900.0,751.8410764779262,24.627348082405188,8.209116027468395,2.4627348082405187
4000.0,751.8410764779262,24.75746909548564,8.252489698495213,2.475746909548564
4100.0,751.8410764779262,24.888603216444487,8.296201072148163,2.4888603216444487
4200.0,751.8410764779262,25.0207608809684,8.340253626989467,2.50207608809684
4300.0,751.8410764779262,25.153952658613225,8.384650886204408,2.5153952658613226
4400.0,751.8410764779262,25.288189254861418,8.429396418287139,2.5288189254861417
4500.0,751.8410764779262,25.423481513216093,8.474493837738697,2.542348151321609
4600.0,751.8410764779262,25.55984041733288,8.519946805777627,2.555984041733288
4700.0,751.8410764779262,25.697277093190152,8.565759031063385,2.5697277093190154
4800.0,751.8410764779262,25.835802811298365,8.611934270432789,2.5835802811298363
4900.0,751.8410764779262,25.97542898894945,8.658476329649817,2.597542898894945
5000.0,751.8410764779262,26.116167192506992,8.705389064168997,2.611616719250699
5100.0,751.8410764779262,26.258029139738234,8.752676379912744,2.6258029139738235
5200.0,751.8410764779262,26.401026702188304,8.800342234062768,2.6401026702188304
5300.0,751.8410764779262,26.545171907598203,8.848390635866068,2.65451719075982
5400.0,751.8410764779262,26.6904769423669,8.896825647455634,2.66904769423669
5500.0,751.8410764779262,26.83695415405882,8.945651384686274,2.683695415405882
5600.0,751.8410764779262,26.984616053957435,8.994872017985811,2.6984616053957433
5700.0,751.8410764779262,27.133475319666157,9.044491773222052,2.713347531966616
5800.0,751.8410764779262,27.2835447977573,9.094514932585767,2.72835447977573
5900.0,751.8410764779262,27.43483750647038,9.144945835490127,2.743483750647038
6000.0,751.8410764779262,27.587366638460534,9.195788879486845,2.7587366638460535
6100.0,751.8410764779262,27.74114556359827,9.247048521199423,2.774114556359827
6200.0,751.8410764779262,27.896187831821823,9.29872927727394,2.789618783182182
6300.0,751.8410764779262,28.052507176042727,9.350835725347576,2.805250717604273
6400.0,751.8410764779262,28.210117515106386,9.403372505035462,2.8210117515106385
6500.0,751.8410764779262,28.369032956808283,9.456344318936095,2.836903295680828
6600.0,751.8410764779262,28.52926780096735,9.509755933655784,2.852926780096735
6700.0,751.8410764779262,28.690836542557687,9.563612180852562,2.8690836542557685
6800.0,751.8410764779262,28.85375387489971,9.617917958299904,2.885375387489971
6900.0,751.8410764779262,29.018034692912348,9.672678230970783,2.901803469291235
7000.0,751.8410764779262,29.18369409642719,9.727898032142397,2.918369409642719
7100.0,751.8410764779262,29.35074739356642,9.783582464522139,2.935074739356642
7200.0,751.8410764779262,29.519210104185547,9.839736701395182,2.9519210104185545
7300.0,751.8410764779262,29.68909796338257,9.896365987794189,2.9689097963382567
7400.0,751.8410764779262,29.860426925074893,9.95347564169163,2.9860426925074894
7500.0,751.8410764779262,30.03321316564572,10.01107105521524,3.003321316564572
7600.0,751.8410764779262,30.207473087661146,10.069157695887048,3.0207473087661145
7700.0,751.8410764779262,30.3832233236598,10.1277411078866,3.03832233236598
7800.0,751.8410764779262,30.560480740016555,10.186826913338852,3.0560480740016556
7900.0,751.8410764779262,30.73926244088187,10.24642081362729,3.073926244088187
8000.0,751.8410764779262,30.919585772198584,10.306528590732862,3.0919585772198586
8100.0,751.8410764779262,31.101468325797914,10.367156108599305,3.110146832579791
8200.0,751.8410764779262,31.284927943576285,10.428309314525428,3.1284927943576286
8300.0,751.8410764779262,31.469982721754892,10.489994240584965,3.146998272175489
8400.0,751.8410764779262,31.656651015224174,10.552217005074725,3.1656651015224173
8500.0,751.8410764779262,31.844951441974434,10.614983813991477,3.1844951441974434
8600.0,751.8410764779262,32.034902887615274,10.678300962538424,3.2034902887615275
8700.0,751.8410764779262,32.226524509985545,10.742174836661848,3.2226524509985546
8800.0,751.8410764779262,32.41983574385581,10.806611914618605,3.241983574385581
8900.0,751.8410764779262,32.614856305725716,10.871618768575239,3.2614856305725715
9000.0,751.8410764779262,32.81160619871814,10.93720206623938,3.2811606198718137
9100.0,751.8410764779262,33.01010571757267,11.003368572524224,3.301010571757267
9200.0,751.8410764779262,33.21037545374044,11.070125151246813,3.321037545374044
9300.0,751.8410764779262,33.41243630058289,11.137478766860964,3.341243630058289
9400.0,751.8410764779262,33.61630945867674,11.20543648622558,3.361630945867674
9500.0,751.8410764779262,33.82201644122767,11.274005480409222,3.382201644122767
9600.0,751.8410764779262,34.02957907959541,11.343193026531802,3.4029579079595407
9700.0,751.8410764779262,34.23901952893254,11.413006509644179,3.423901952893254
9800.0,751.8410764779262,34.450360273940056,11.483453424646685,3.4450360273940057
9900.0,751.8410764779262,34.663624134742236,11.554541378247412,3.4663624134742235
10000.0,751.8410764779262,34.8788342728836,11.6262780909612,3.4878834272883603
0.0,757.7496222760709,20.48395949260257,6.82798649753419,2.048395949260257
100.0,757.7496222760709,20.582633376126367,6.860877792042122,2.0582633376126367
200.0,757.7496222760709,20.682007542704813,6.894002514234938,2.0682007542704812
300.0,757.7496222760709,20.782088565982985,6.927362855327662,2.0782088565982986
400.0,757.7496222760709,20.88288309643712,6.960961032145707,2.088288309643712
500.0,757.7496222760709,20.98439786245002,6.99479928748334,2.098439786245002
600.0,757.7496222760709,21.08663967140425,7.028879890468083,2.108663967140425
700.0,757.7496222760709,21.18961541079312,7.06320513693104,2.118961541079312
800.0,757.7496222760709,21.29333204934982,7.097777349783274,2.1293332049349822
900.0,757.7496222760709,21.397796638195246,7.132598879398415,2.1397796638195246
1000.0,757.7496222760709,21.503016312004576,7.167672104001525,2.1503016312004575
1100.0,757.7496222760709,21.608998290193302,7.202999430064434,2.16089982901933
1200.0,757.7496222760709,21.715749878122704,7.238583292707568,2.1715749878122703
1300.0,757.7496222760709,21.823278468325363,7.274426156108454,2.1823278468325364
1400.0,757.7496222760709,21.931591541751185,7.310530513917062,2.1931591541751185
1500.0,757.7496222760709,22.040696669033938,7.34689888967798,2.204069666903394
1600.0,757.7496222760709,22.15060151177921,7.383533837259737,2.215060151177921
1700.0,757.7496222760709,22.261313823873785,7.4204379412912616,2.2261313823873783
1800.0,757.7496222760709,22.372841452816907,7.457613817605636,2.2372841452816905
1900.0,757.7496222760709,22.485192341074193,7.495064113691398,2.248519234107419
2000.0,757.7496222760709,22.59837452745414,7.53279150915138,2.259837452745414
2100.0,757.7496222760709,22.712396148507978,7.5707987161693255,2.271239614850798
2200.0,757.7496222760709,22.82726543995331,7.609088479984437,2.2827265439953313
2300.0,757.7496222760709,22.942990738121786,7.647663579373929,2.2942990738121787
2400.0,757.7496222760709,23.05958048143153,7.686526827143844,2.305958048143153
2500.0,757.7496222760709,23.17704321188464,7.725681070628213,2.3177043211884643
2600.0,757.7496222760709,23.295387576590354,7.765129192196785,2.3295387576590354
2700.0,757.7496222760709,23.414622329314245,7.804874109771415,2.3414622329314243
2800.0,757.7496222760709,23.53475633205408,7.84491877735136,2.353475633205408
2900.0,757.7496222760709,23.65579855664293,7.885266185547644,2.365579855664293
3000.0,757.7496222760709,23.777758086379755,7.925919362126585,2.3777758086379754
3100.0,757.7496222760709,23.90064411768835,7.966881372562784,2.390064411768835
3200.0,757.7496222760709,24.024465961805202,8.008155320601734,2.4024465961805204
3300.0,757.7496222760709,24.14923304649634,8.049744348832114,2.4149233046496343
3400.0,757.7496222760709,24.274954917804553,8.091651639268184,2.4274954917804554
3500.0,757.7496222760709,24.40164124182683,8.133880413942277,2.440164124182683
3600.0,757.7496222760709,24.529301806523176,8.176433935507726,2.4529301806523174
3700.0,757.7496222760709,24.657946523556976,8.219315507852325,2.4657946523556977
3800.0,757.7496222760709,24.78758543016798,8.26252847672266,2.4787585430167978
3900.0,757.7496222760709,24.91822869107828,8.306076230359427,2.491822869107828
4000.0,757.7496222760709,25.04988660043191,8.34996220014397,2.504988660043191
4100.0,757.7496222760709,25.182569583769066,8.394189861256356,2.5182569583769068
4200.0,757.7496222760709,25.316288200035277,8.438762733345092,2.5316288200035277
4300.0,757.7496222760709,25.45105314362643,8.48368438120881,2.545105314362643
4400.0,757.7496222760709,25.586875246470466,8.528958415490155,2.5586875246470466
4500.0,757.7496222760709,25.72376548014621,8.57458849338207,2.572376548014621
4600.0,757.7496222760709,25.86173495804036,8.620578319346786,2.5861734958040357
4700.0,757.7496222760709,26.000794937543393,8.666931645847798,2.600079493754339
4800.0,757.7496222760709,26.14095682228494,8.713652274094981,2.614095682228494
4900.0,757.7496222760709,26.282232164409837,8.76074405480328,2.6282232164409836
5000.0,757.7496222760709,26.424632666895292,8.808210888965098,2.6424632666895294
5100.0,757.7496222760709,26.568170185910386,8.856056728636796,2.6568170185910387
5200.0,757.7496222760709,26.712856733218484,8.904285577739495,2.671285673321848
5300.0,757.7496222760709,26.858704478623608,8.952901492874537,2.685870447862361
5400.0,757.7496222760709,27.005725752461792,9.00190858415393,2.7005725752461793
5500.0,757.7496222760709,27.153933048138036,9.051311016046013,2.7153933048138037
5600.0,757.7496222760709,27.30333902471013,9.10111300823671,2.730333902471013
5700.0,757.7496222760709,27.45395650952029,9.151318836506762,2.745395650952029
5800.0,757.7496222760709,27.605798500875323,9.201932833625108,2.7605798500875323
5900.0,757.7496222760709,27.758878170776867,9.252959390258956,2.775887817077687
6000.0,757.7496222760709,27.913208867702277,9.304402955900759,2.7913208867702277
6100.0,757.7496222760709,28.068804119437402,9.356268039812468,2.80688041194374
6200.0,757.7496222760709,28.22567763596264,9.408559211987546,2.822567763596264
6300.0,757.7496222760709,28.383843312392855,9.461281104130952,2.8383843312392854
6400.0,757.7496222760709,28.54331523197288,9.514438410657627,2.854331523197288
6500.0,757.7496222760709,28.704107669129378,9.568035889709792,2.8704107669129377
6600.0,757.7496222760709,28.86623509258053,9.622078364193511,2.886623509258053
6700.0,757.7496222760709,29.029712168504673,9.67657072283489,2.9029712168504673
6800.0,757.7496222760709,29.194553763769225,9.731517921256408,2.9194553763769227
6900.0,757.7496222760709,29.360774949221227,9.786924983073742,2.936077494922123
7000.0,757.7496222760709,29.52839100304065,9.84279700101355,2.952839100304065
7100.0,757.7496222760709,29.697417414158306,9.89913913805277,2.9697417414158305
7200.0,757.7496222760709,29.867869885739093,9.955956628579697,2.9867869885739093
7300.0,757.7496222760709,30.03976433873274,10.013254779577581,3.003976433873274
7400.0,757.7496222760709,30.21311691549289,10.071038971830964,3.021311691549289
7500.0,757.7496222760709,30.387943983466634,10.129314661155545,3.0387943983466634
7600.0,757.7496222760709,30.56426213895542,10.188087379651806,3.0564262138955423
7700.0,757.7496222760709,30.742088210949507,10.247362736983169,3.0742088210949507
7800.0,757.7496222760709,30.92143926503734,10.307146421679112,3.092143926503734
7900.0,757.7496222760709,31.10233260739135,10.367444202463783,3.110233260739135
8000.0,757.7496222760709,31.284785788832234,10.428261929610745,3.1284785788832234
8100.0,757.7496222760709,31.468816608973345,10.489605536324449,3.1468816608973347
8200.0,757.7496222760709,31.654443120446793,10.55148104014893,3.1654443120446794
8300.0,757.7496222760709,31.84168363321341,10.61389454440447,3.184168363321341
8400.0,757.7496222760709,32.03055671895843,10.67685223965281,3.203055671895843
8500.0,757.7496222760709,32.22108121557457,10.740360405191524,3.222108121557457
8600.0,757.7496222760709,32.413276231734706,10.804425410578235,3.2413276231734707
8700.0,757.7496222760709,32.60716115155639,10.869053717185464,3.260716115155639
8800.0,757.7496222760709,32.80275563935979,10.934251879786595,3.280275563935979
8900.0,757.7496222760709,33.00007964452171,11.000026548173905,3.3000079644521714
9000.0,757.7496222760709,33.199153406427605,11.066384468809202,3.3199153406427606
9100.0,757.7496222760709,33.39999745952401,11.133332486508003,3.339999745952401
9200.0,757.7496222760709,33.60263263847353,11.200877546157843,3.360263263847353
9300.0,757.7496222760709,33.80708008341504,11.269026694471679,3.3807080083415038
9400.0,757.7496222760709,34.01336124533131,11.337787081777103,3.401336124533131
9500.0,757.7496222760709,34.2214978915266,11.407165963842202,3.42214978915266
9600.0,757.7496222760709,34.43151211121703,11.477170703739011,3.443151211121703
9700.0,757.7496222760709,34.64342632123599,11.54780877374533,3.464342632123599
9800.0,757.7496222760709,34.85726327185766,11.619087757285888,3.485726327185766
9900.0,757.7496222760709,35.07304605274131,11.691015350913771,3.5073046052741312
10000.0,757.7496222760709,35.29079809899905,11.763599366333017,3.5290798098999048
0.0,763.6581680742155,20.724011160506304,6.908003720168768,2.0724011160506306
100.0,763.6581680742155,20.823841403977358,6.941280467992453,2.082384140397736
200.0,763.6581680742155,20.92438013712519,6.9747933790417305,2.092438013712519
300.0,763.6581680742155,21.025634010631475,7.008544670210491,2.1025634010631475
400.0,763.6581680742155,21.127609752909414,7.0425365843031384,2.1127609752909415
500.0,763.6581680742155,21.230314171191786,7.076771390397262,2.1230314171191784
600.0,763.6581680742155,21.333754152636928,7.111251384212309,2.133375415263693
700.0,763.6581680742155,21.437936665452728,7.145978888484243,2.143793666545273
800.0,763.6581680742155,21.54286876003901,7.180956253346337,2.154286876003901
900.0,763.6581680742155,21.64855757014879,7.216185856716263,2.164855757014879
1000.0,763.6581680742155,21.755010314068585,7.251670104689528,2.1755010314068586
1100.0,763.6581680742155,21.862234295818254,7.287411431939418,2.1862234295818253
1200.0,763.6581680742155,21.970236906370655,7.323412302123551,2.1970236906370655
1300.0,763.6581680742155,22.079025624891514,7.359675208297172,2.2079025624891515
1400.0,763.6581680742155,22.188608020000032,7.396202673333344,2.218860802000003
1500.0,763.6581680742155,22.298991751050316,7.432997250350105,2.2298991751050314
1600.0,763.6581680742155,22.41018456943435,7.470061523144783,2.241018456943435
1700.0,763.6581680742155,22.52219431990676,7.507398106635587,2.252219431990676
1800.0,763.6581680742155,22.6350289419317,7.545009647310567,2.26350289419317
1900.0,763.6581680742155,22.748696471052607,7.582898823684203,2.2748696471052607
2000.0,763.6581680742155,22.863205040284818,7.621068346761606,2.286320504028482
2100.0,763.6581680742155,22.978562881531865,7.659520960510622,2.2978562881531865
2200.0,763.6581680742155,23.094778327025807,7.698259442341936,2.309477832702581
2300.0,763.6581680742155,23.2118598107918,7.7372866035972665,2.32118598107918
2400.0,763.6581680742155,23.329815870137864,7.776605290045954,2.332981587013786
2500.0,763.6581680742155,23.44865514716986,7.816218382389953,2.344865514716986
2600.0,763.6581680742155,23.56838639033259,7.85612879677753,2.356838639033259
2700.0,763.6581680742155,23.68901845597705,7.896339485325683,2.368901845597705
2800.0,763.6581680742155,23.810560309954838,7.936853436651613,2.3810560309954836
2900.0,763.6581680742155,23.933021029239978,7.977673676413326,2.3933021029239976
3000.0,763.6581680742155,24.056409803578692,8.018803267859564,2.405640980357869
3100.0,763.6581680742155,24.18073593716773,8.060245312389243,2.4180735937167728
3200.0,763.6581680742155,24.30600885036201,8.102002950120669,2.430600885036201
3300.0,763.6581680742155,24.432238081411636,8.144079360470545,2.4432238081411635
3400.0,763.6581680742155,24.559433288229545,8.186477762743182,2.4559433288229546
3500.0,763.6581680742155,24.687604250189775,8.229201416729925,2.4687604250189774
3600.0,763.6581680742155,24.816760869957495,8.272253623319164,2.4816760869957495
3700.0,763.6581680742155,24.946913175350964,8.315637725116988,2.4946913175350964
3800.0,763.6581680742155,25.078071321236408,8.359357107078802,2.5078071321236406
3900.0,763.6581680742155,25.210245591456378,8.403415197152126,2.521024559145638
4000.0,763.6581680742155,25.343446400792033,8.447815466930678,2.5343446400792033
4100.0,763.6581680742155,25.477684296960565,8.492561432320189,2.5477684296960565
4200.0,763.6581680742155,25.612969962647867,8.537656654215956,2.5612969962647867
4300.0,763.6581680742155,25.74931421757752,8.583104739192507,2.574931421757752
4400.0,763.6581680742155,25.88672802061691,8.628909340205636,2.588672802061691
4500.0,763.6581680742155,26.02522247192086,8.675074157306954,2.602522247192086
4600.0,763.6581680742155,26.16480881511394,8.721602938371314,2.616480881511394
4700.0,763.6581680742155,26.30549843951206,8.768499479837354,2.630549843951206
4800.0,763.6581680742155,26.447302882384076,8.815767627461359,2.6447302882384074
4900.0,763.6581680742155,26.59023383125449,8.86341127708483,2.659023383125449
5000.0,763.6581680742155,26.734303126247767,8.911434375415922,2.6734303126247765
5100.0,763.6581680742155,26.879522762475556,8.959840920825185,2.6879522762475556
5200.0,763.6581680742155,27.025904892467114,9.008634964155705,2.7025904892467114
5300.0,763.6581680742155,27.17346182864451,9.05782060954817,2.7173461828644507
5400.0,763.6581680742155,27.32220604584309,9.10740201528103,2.7322206045843087
5500.0,763.6581680742155,27.472150183878128,9.157383394626043,2.747215018387813
5600.0,763.6581680742155,27.62330705015902,9.207769016719674,2.762330705015902
5700.0,763.6581680742155,27.775689622351674,9.258563207450559,2.7775689622351676
5800.0,763.6581680742155,27.929311051090174,9.309770350363392,2.7929311051090173
5900.0,763.6581680742155,28.08418466273894,9.361394887579648,2.8084184662738942
6000.0,763.6581680742155,28.240323962206208,9.413441320735403,2.8240323962206206
6100.0,763.6581680742155,28.39774263581007,9.46591421193669,2.839774263581007
6200.0,763.6581680742155,28.556454554198243,9.518818184732748,2.8556454554198245
6300.0,763.6581680742155,28.716473775322587,9.572157925107529,2.8716473775322586
6400.0,763.6581680742155,28.877814547469555,9.625938182489852,2.8877814547469556
6500.0,763.6581680742155,29.04049131234794,9.680163770782647,2.904049131234794
6600.0,763.6581680742155,29.204518708234907,9.734839569411635,2.9204518708234906
6700.0,763.6581680742155,29.36991157318187,9.789970524393956,2.936991157318187
6800.0,763.6581680742155,29.53668494828114,9.845561649427047,2.953668494828114
6900.0,763.6581680742155,29.704854080995148,9.901618026998383,2.9704854080995147
7000.0,763.6581680742155,29.874434428548966,9.958144809516321,2.9874434428548966
7100.0,763.6581680742155,30.045441661388278,10.01514722046276,3.0045441661388277
7200.0,763.6581680742155,30.21789166670351,10.072630555567835,3.021789166670351
7300.0,763.6581680742155,30.391800552022083,10.130600184007362,3.039180055202208
7400.0,763.6581680742155,30.56718464887003,10.189061549623343,3.0567184648870027
7500.0,763.6581680742155,30.744060516504632,10.24802017216821,3.074406051650463
7600.0,763.6581680742155,30.922444945719562,10.307481648573187,3.0922444945719563
7700.0,763.6581680742155,31.102354962724103,10.367451654241368,3.11023549627241
7800.0,763.6581680742155,31.283807833098468,10.427935944366157,3.1283807833098467
7900.0,763.6581680742155,31.466821065826217,10.488940355275405,3.1466821065826216
8000.0,763.6581680742155,31.651412417406295,10.550470805802098,3.1651412417406295
8100.0,763.6581680742155,31.8375998960458,10.612533298681933,3.18375998960458
8200.0,763.6581680742155,32.02540176593578,10.675133921978594,3.2025401765935784
8300.0,763.6581680742155,32.21483655161165,10.738278850537215,3.2214836551611645
8400.0,763.6581680742155,32.405923042400346,10.801974347466782,3.2405923042400344
8500.0,763.6581680742155,32.59868029695597,10.866226765651989,3.259868029695597
8600.0,763.6581680742155,32.793127647886095,10.931042549295364,3.2793127647886093
8700.0,763.6581680742155,32.98928470647086,10.996428235490287,3.2989284706470863
8800.0,763.6581680742155,33.18717136747674,11.06239045582558,3.3187171367476744
8900.0,763.6581680742155,33.38680781406747,11.128935938022488,3.3386807814067465
9000.0,763.6581680742155,33.58821452281396,11.196071507604655,3.358821452281396
9100.0,763.6581680742155,33.79141226880613,11.263804089602042,3.3791412268806127
9200.0,763.6581680742155,33.996422130868076,11.332140710289359,3.399642213086808
9300.0,763.6581680742155,34.20326549688014,11.401088498960048,3.4203265496880144
9400.0,763.6581680742155,34.41196406920933,11.470654689736444,3.441196406920933
9500.0,763.6581680742155,34.62253987025109,11.54084662341703,3.462253987025109
9600.0,763.6581680742155,34.8350152480852,11.611671749361733,3.4835015248085197
9700.0,763.6581680742155,35.0494128822481,11.683137627416032,3.50494128822481
9800.0,763.6581680742155,35.265755789624606,11.755251929874868,3.5265755789624604
9900.0,763.6581680742155,35.48406733046184,11.82802244348728,3.548406733046184
10000.0,763.6581680742155,35.7043712145082,11.901457071502733,3.57043712145082
0.0,769.5667138723601,20.96499329314005,6.98833109771335,2.096499329314005
100.0,769.5667138723601,21.06598437872736,7.02199479290912,2.1065984378727363
200.0,769.5667138723601,21.167692192423292,7.055897397474431,2.1167692192423293
300.0,769.5667138723601,21.270123462244694,7.090041154081565,2.127012346224469
400.0,769.5667138723601,21.37328499484386,7.12442833161462,2.137328499484386
500.0,769.5667138723601,21.477183676609155,7.159061225536385,2.1477183676609153
600.0,769.5667138723601,21.58182647478389,7.193942158261297,2.158182647478389
700.0,769.5667138723601,21.687220438603415,7.229073479534471,2.1687220438603414
800.0,769.5667138723601,21.79337270045071,7.264457566816904,2.179337270045071
900.0,769.5667138723601,21.90029047703125,7.300096825677083,2.190029047703125
1000.0,769.5667138723601,22.007981070566924,7.335993690188975,2.200798107056692
1100.0,769.5667138723601,22.11645187000992,7.3721506233366405,2.2116451870009923
1200.0,769.5667138723601,22.2257103522765,7.4085701174255005,2.22257103522765
1300.0,769.5667138723601,22.33576408350135,7.445254694500449,2.233576408350135
1400.0,769.5667138723601,22.446620720312783,7.482206906770927,2.244662072031278
1500.0,769.5667138723601,22.558288011129108,7.519429337043036,2.255828801112911
1600.0,769.5667138723601,22.670773797476727,7.556924599158909,2.267077379747673
1700.0,769.5667138723601,22.78408601533037,7.594695338443457,2.278408601533037
1800.0,769.5667138723601,22.89823269647552,7.632744232158507,2.289823269647552
1900.0,769.5667138723601,23.01322196989421,7.671073989964737,2.301322196989421
2000.0,769.5667138723601,23.129062063173805,7.709687354391268,2.3129062063173804
2100.0,769.5667138723601,23.245761303939723,7.748587101313241,2.3245761303939725
2200.0,769.5667138723601,23.363328121312556,7.787776040437518,2.3363328121312557
2300.0,769.5667138723601,23.48177104738966,7.827257015796554,2.348177104738966
2400.0,769.5667138723601,23.601098718752233,7.867032906250745,2.360109871875223
2500.0,769.5667138723601,23.72131987799797,7.907106625999323,2.372131987799797
2600.0,769.5667138723601,23.842443375299958,7.947481125099986,2.3842443375299958
2700.0,769.5667138723601,23.964478169992272,7.988159389997424,2.396447816999227
2800.0,769.5667138723601,24.08743333218289,8.029144444060963,2.408743333218289
2900.0,769.5667138723601,24.21131804439434,8.070439348131446,2.421131804439434
3000.0,769.5667138723601,24.336141603232665,8.112047201077555,2.4336141603232666
3100.0,769.5667138723601,24.461913421085356,8.153971140361785,2.4461913421085355
3200.0,769.5667138723601,24.588643027848708,8.196214342616235,2.4588643027848707
3300.0,769.5667138723601,24.716340072685124,8.238780024228374,2.4716340072685123
3400.0,769.5667138723601,24.84501432581132,8.281671441937107,2.484501432581132
3500.0,769.5667138723601,24.974675680317453,8.324891893439151,2.4974675680317455
3600.0,769.5667138723601,25.105334154018482,8.368444718006161,2.510533415401848
3700.0,769.5667138723601,25.23699989133776,8.412333297112587,2.523699989133776
3800.0,769.5667138723601,25.3696831652239,8.456561055074634,2.53696831652239
3900.0,769.5667138723601,25.50339437910166,8.501131459700554,2.550339437910166
4000.0,769.5667138723601,25.638144068856924,8.546048022952307,2.5638144068856925
4100.0,769.5667138723601,25.77394290485743,8.591314301619144,2.577394290485743
4200.0,769.5667138723601,25.91080169400909,8.636933898003031,2.591080169400909
4300.0,769.5667138723601,26.048731381848953,8.682910460616318,2.604873138184895
4400.0,769.5667138723601,26.187743054675863,8.729247684891954,2.6187743054675865
4500.0,769.5667138723601,26.327847941719046,8.775949313906349,2.6327847941719047
4600.0,769.5667138723601,26.46905741734574,8.823019139115248,2.646905741734574
4700.0,769.5667138723601,26.611383003308656,8.870461001102885,2.6611383003308657
4800.0,769.5667138723601,26.754836371033857,8.918278790344619,2.675483637103386
4900.0,769.5667138723601,26.899429343950253,8.966476447983418,2.689942934395025
5000.0,769.5667138723601,27.04517389986121,9.015057966620404,2.7045173899861212
5100.0,769.5667138723601,27.192082173359417,9.064027391119806,2.7192082173359418
5200.0,769.5667138723601,27.340166458285736,9.113388819428579,2.7340166458285737
5300.0,769.5667138723601,27.489439210233048,9.163146403411016,2.748943921023305
5400.0,769.5667138723601,27.639913049096073,9.21330434969869,2.763991304909607
5500.0,769.5667138723601,27.79160076166789,9.263866920555964,2.779160076166789
5600.0,769.5667138723601,27.944515304284536,9.314838434761512,2.7944515304284536
5700.0,769.5667138723601,28.09866980551829,9.366223268506097,2.809866980551829
5800.0,769.5667138723601,28.25407756892091,9.41802585630697,2.825407756892091
5900.0,769.5667138723601,28.41075207581794,9.470250691939313,2.841075207581794
6000.0,769.5667138723601,28.56870698815483,9.522902329384943,2.856870698815483
6100.0,769.5667138723601,28.727956151396423,9.575985383798807,2.8727956151396423
6200.0,769.5667138723601,28.888513597480536,9.629504532493511,2.8888513597480534
6300.0,769.5667138723601,29.050393547827145,9.683464515942381,2.9050393547827147
6400.0,769.5667138723601,29.213610416404077,9.737870138801359,2.9213610416404077
6500.0,769.5667138723601,29.378178812850628,9.79272627095021,2.9378178812850626
6600.0,769.5667138723601,29.544113545660228,9.848037848553409,2.9544113545660227
6700.0,769.5667138723601,29.711429625423488,9.903809875141162,2.971142962542349
6800.0,769.5667138723601,29.88014226813301,9.960047422711003,2.988014226813301
6900.0,769.5667138723601,30.05026689855114,10.01675563285038,3.005026689855114
7000.0,769.5667138723601,30.221819153642063,10.073939717880688,3.0221819153642064
7100.0,769.5667138723601,30.3948148860699,10.1316049620233,3.03948148860699
7200.0,769.5667138723601,30.569270167763904,10.189756722587967,3.0569270167763904
7300.0,769.5667138723601,30.74520129355239,10.24840043118413,3.074520129355239
7400.0,769.5667138723601,30.92262478486704,10.30754159495568,3.092262478486704
7500.0,769.5667138723601,31.101557393518835,10.367185797839612,3.1101557393518835
7600.0,769.5667138723601,31.28201610554743,10.427338701849143,3.128201610554743
7700.0,769.5667138723601,31.464018145145676,10.488006048381893,3.146401814514568
7800.0,769.5667138723601,31.6475809786607,10.549193659553566,3.16475809786607
7900.0,769.5667138723601,31.83272231867335,10.610907439557783,3.183272231867335
8000.0,769.5667138723601,32.01946012815798,10.67315337605266,3.201946012815798
8100.0,769.5667138723601,32.20781262472402,10.735937541574673,3.220781262472402
8200.0,769.5667138723601,32.39779828494147,10.79926609498049,3.2397798284941475
8300.0,769.5667138723601,32.589435848752025,10.863145282917342,3.2589435848752024
8400.0,769.5667138723601,32.78274432396792,10.927581441322639,3.278274432396792
8500.0,769.5667138723601,32.97774299086034,10.992580996953448,3.297774299086034
8600.0,769.5667138723601,33.17445140683956,11.05815046894652,3.317445140683956
8700.0,769.5667138723601,33.37288941122883,11.124296470409611,3.337288941122883
8800.0,769.5667138723601,33.573077130134166,11.191025710044721,3.357307713013417
8900.0,769.5667138723601,33.77503498141234,11.258344993804114,3.377503498141234
9000.0,769.5667138723601,33.978783679739166,11.326261226579723,3.3978783679739166
9100.0,769.5667138723601,34.18434424178059,11.394781413926864,3.4184344241780593
9200.0,769.5667138723601,34.39173799146874,11.463912663822912,3.439173799146874
9300.0,769.5667138723601,34.600986565385625,11.533662188461875,3.4600986565385625
9400.0,769.5667138723601,34.81211191825686,11.60403730608562,3.481211191825686
9500.0,769.5667138723601,35.02513632855785,11.675045442852616,3.502513632855785
9600.0,769.5667138723601,35.240082404235444,11.746694134745148,3.5240082404235444
9700.0,769.5667138723601,35.45697308854738,11.818991029515793,3.545697308854738
9800.0,769.5667138723601,35.6758316660225,11.891943888674168,3.56758316660225
9900.0,769.5667138723601,35.89668176854465,11.965560589514885,3.5896681768544654
10000.0,769.5667138723601,36.11954738156295,12.03984912718765,3.611954738156295
0.0,775.4752596705047,21.20690231162739,7.068967437209129,2.120690231162739
100.0,775.4752596705047,21.309058704260064,7.103019568086688,2.130905870426006
200.0,775.4752596705047,21.41194009512054,7.137313365040179,2.141194009512054
300.0,775.4752596705047,21.515553289858325,7.1718510966194415,2.1515553289858325
400.0,775.4752596705047,21.619905173665693,7.2066350578885645,2.1619905173665694
500.0,775.4752596705047,21.72500271239109,7.24166757079703,2.172500271239109
600.0,775.4752596705047,21.83085295367084,7.2769509845569464,2.183085295367084
700.0,775.4752596705047,21.937463028079353,7.312487676026451,2.193746302807935
800.0,775.4752596705047,22.044840150298167,7.3482800500993894,2.204484015029817
900.0,775.4752596705047,22.152991620304203,7.384330540101401,2.21529916203042
1000.0,775.4752596705047,22.261924824577612,7.420641608192537,2.226192482457761
1100.0,775.4752596705047,22.37164723732956,7.45721574577652,2.237164723732956
1200.0,775.4752596705047,22.482166421750293,7.494055473916764,2.2482166421750294
1300.0,775.4752596705047,22.59349003127795,7.531163343759316,2.2593490031277947
1400.0,775.4752596705047,22.705625810888467,7.568541936962823,2.270562581088847
1500.0,775.4752596705047,22.81858159840693,7.606193866135643,2.281858159840693
1600.0,775.4752596705047,22.932365325840856,7.6441217752802855,2.2932365325840856
1700.0,775.4752596705047,23.04698502073587,7.682328340245291,2.3046985020735873
1800.0,775.4752596705047,23.162448807553954,7.720816269184652,2.3162448807553955
1900.0,775.4752596705047,23.278764909075118,7.75958830302504,2.327876490907512
2000.0,775.4752596705047,23.395941647822465,7.7986472159408216,2.3395941647822465
2100.0,775.4752596705047,23.5139874475115,7.837995815837167,2.35139874475115
2200.0,775.4752596705047,23.632910834524,7.877636944841334,2.3632910834524
2300.0,775.4752596705047,23.752720439406737,7.917573479802246,2.3752720439406736
2400.0,775.4752596705047,23.873424998395944,7.957808332798648,2.3873424998395945
2500.0,775.4752596705047,23.99503335496762,7.998344451655874,2.399503335496762
2600.0,775.4752596705047,24.11755446141444,8.03918482047148,2.411755446141444
2700.0,775.4752596705047,24.24099738044969,8.080332460149897,2.424099738044969
2800.0,775.4752596705047,24.365371286838677,8.121790428946225,2.4365371286838675
2900.0,775.4752596705047,24.490685469058413,8.16356182301947,2.449068546905841
3000.0,775.4752596705047,24.61694933098583,8.205649776995276,2.461694933098583
3100.0,775.4752596705047,24.744172393615216,8.248057464538405,2.4744172393615216
3200.0,775.4752596705047,24.872364296805603,8.2907880989352,2.4872364296805602
3300.0,775.4752596705047,25.001534801058302,8.3338449336861,2.5001534801058303
3400.0,775.4752596705047,25.131693789325734,8.377231263108579,2.5131693789325733
3500.0,775.4752596705047,25.26285126885161,8.420950422950536,2.5262851268851607
3600.0,775.4752596705047,25.39501737304353,8.46500579101451,2.539501737304353
3700.0,775.4752596705047,25.528202363378433,8.509400787792812,2.552820236337843
3800.0,775.4752596705047,25.66241663134155,8.55413887711385,2.566241663134155
3900.0,775.4752596705047,25.79767070039972,8.599223566799907,2.579767070039972
4000.0,775.4752596705047,25.933975228009423,8.644658409336474,2.5933975228009425
4100.0,775.4752596705047,26.07134100766068,8.69044700255356,2.607134100766068
4200.0,775.4752596705047,26.20977897095717,8.736592990319057,2.620977897095717
4300.0,775.4752596705047,26.349300189733345,8.783100063244449,2.6349300189733347
4400.0,775.4752596705047,26.48991587820966,8.82997195940322,2.648991587820966
4500.0,775.4752596705047,26.631637395186182,8.87721246506206,2.6631637395186183
4600.0,775.4752596705047,26.774476246275693,8.92482541542523,2.677447624627569
4700.0,775.4752596705047,26.91844408617709,8.972814695392364,2.691844408617709
4800.0,775.4752596705047,27.063552720989666,9.02118424032989,2.7063552720989668
4900.0,775.4752596705047,27.209814110569464,9.069938036856488,2.7209814110569464
5000.0,775.4752596705047,27.357240370928274,9.119080123642759,2.7357240370928273
5100.0,775.4752596705047,27.505843776676354,9.16861459222545,2.7505843776676353
5200.0,775.4752596705047,27.655636763509662,9.218545587836553,2.765563676350966
5300.0,775.4752596705047,27.806631930742572,9.268877310247523,2.780663193074257
5400.0,775.4752596705047,27.95884204388712,9.31961401462904,2.795884204388712
5500.0,775.4752596705047,28.11228003727954,9.370760012426514,2.811228003727954
5600.0,775.4752596705047,28.26695901675526,9.422319672251753,2.8266959016755258
5700.0,775.4752596705047,28.4228922623734,9.474297420791133,2.84228922623734
5800.0,775.4752596705047,28.580093231191555,9.526697743730518,2.8580093231191555
5900.0,775.4752596705047,28.738575560092407,9.579525186697468,2.8738575560092405
6000.0,775.4752596705047,28.898353068662676,9.632784356220892,2.8898353068662677
6100.0,775.4752596705047,29.059439762126008,9.686479920708669,2.9059439762126007
6200.0,775.4752596705047,29.221849834330715,9.740616611443572,2.9221849834330715
6300.0,775.4752596705047,29.38559767079365,9.795199223597884,2.938559767079365
6400.0,775.4752596705047,29.550697851801264,9.850232617267087,2.955069785180126
6500.0,775.4752596705047,29.71716515556926,9.905721718523086,2.971716515556926
6600.0,775.4752596705047,29.88501456146201,9.961671520487338,2.988501456146201
6700.0,775.4752596705047,30.054261253273026,10.018087084424343,3.0054261253273027
6800.0,775.4752596705047,30.22492062256784,10.074973540855947,3.022492062256784
6900.0,775.4752596705047,30.3970082720907,10.132336090696901,3.03970082720907
7000.0,775.4752596705047,30.570540019236212,10.19018000641207,3.057054001923621
7100.0,775.4752596705047,30.745531899587835,10.248510633195945,3.0745531899587837
7200.0,775.4752596705047,30.922000170524154,10.307333390174717,3.0922000170524155
7300.0,775.4752596705047,31.09996131489486,10.36665377163162,3.1099961314894857
7400.0,775.4752596705047,31.27943204476764,10.42647734825588,3.1279432044767637
7500.0,775.4752596705047,31.460429305247775,10.486809768415926,3.1460429305247777
7600.0,775.4752596705047,31.642970278371997,10.547656759457332,3.1642970278371996
7700.0,775.4752596705047,31.82707238707814,10.609024129026047,3.182707238707814
7800.0,775.4752596705047,32.01275329925245,10.670917766417483,3.201275329925245
7900.0,775.4752596705047,32.20003093185617,10.733343643952056,3.2200030931856167
8000.0,775.4752596705047,32.388923455133224,10.796307818377741,3.2388923455133223
8100.0,775.4752596705047,32.579449296900805,10.859816432300269,3.2579449296900806
8200.0,775.4752596705047,32.77162714692472,10.923875715641573,3.277162714692472
8300.0,775.4752596705047,32.96547596138146,10.988491987127153,3.296547596138146
8400.0,775.4752596705047,33.16101496740892,11.053671655802972,3.3161014967408917
8500.0,775.4752596705047,33.358263667747806,11.119421222582602,3.3358263667747807
8600.0,775.4752596705047,33.557241845475694,11.18574728182523,3.3557241845475696
8700.0,775.4752596705047,33.75796956883606,11.252656522945353,3.375796956883606
8800.0,775.4752596705047,33.96046719616428,11.32015573205476,3.396046719616428
8900.0,775.4752596705047,34.164755380912894,11.38825179363763,3.4164755380912895
9000.0,775.4752596705047,34.37085507677839,11.456951692259464,3.437085507677839
9100.0,775.4752596705047,34.57878754293196,11.526262514310654,3.4578787542931964
9200.0,775.4752596705047,34.78857434935646,11.596191449785486,3.478857434935646
9300.0,775.4752596705047,35.00023738229216,11.666745794097388,3.500023738229216
9400.0,775.4752596705047,35.21379884979394,11.737932949931313,3.521379884979394
9500.0,775.4752596705047,35.42928128740213,11.809760429134043,3.5429281287402126
9600.0,775.4752596705047,35.64670756393016,11.882235854643385,3.564670756393016
9700.0,775.4752596705047,35.8661008873714,11.955366962457134,3.58661008873714
9800.0,775.4752596705047,36.08748481092817,12.029161603642722,3.6087484810928165
9900.0,775.4752596705047,36.31088323916579,12.103627746388597,3.631088323916579
10000.0,775.4752596705047,36.53632043429462,12.178773478098208,3.6536320434294622
0.0,781.3838054686494,21.449734678073803,7.1499115593579345,2.14497346780738
100.0,781.3838054686494,21.55306082563843,7.184353608546143,2.155306082563843
200.0,781.3838054686494,21.65712027311646,7.21904009103882,2.165712027311646
300.0,781.3838054686494,21.76191990408636,7.2539733013621195,2.1761919904086358
400.0,781.3838054686494,21.867466682580172,7.289155560860057,2.1867466682580172
500.0,781.3838054686494,21.97376765420969,7.324589218069897,2.197376765420969
600.0,781.3838054686494,22.08082994731111,7.360276649103703,2.208082994731111
700.0,781.3838054686494,22.188660774108413,7.396220258036138,2.2188660774108415
800.0,781.3838054686494,22.29726743189576,7.432422477298587,2.229726743189576
900.0,781.3838054686494,22.406657304239406,7.468885768079802,2.240665730423941
1000.0,781.3838054686494,22.51683786219935,7.505612620733117,2.251683786219935
1100.0,781.3838054686494,22.627816665571157,7.542605555190385,2.2627816665571157
1200.0,781.3838054686494,22.739601364148385,7.579867121382795,2.2739601364148383
1300.0,781.3838054686494,22.85219969900582,7.617399899668606,2.2852199699005817
1400.0,781.3838054686494,22.965619503804284,7.655206501268094,2.296561950380428
1500.0,781.3838054686494,23.079868706116848,7.693289568705616,2.3079868706116846
1600.0,781.3838054686494,23.19495532877751,7.73165177625917,2.319495532877751
1700.0,781.3838054686494,23.310887491252366,7.770295830417456,2.331088749125237
1800.0,781.3838054686494,23.427673411033567,7.809224470344522,2.3427673411033565
1900.0,781.3838054686494,23.54532140505714,7.84844046835238,2.354532140505714
2000.0,781.3838054686494,23.663839891144303,7.8879466303814345,2.3663839891144303
2100.0,781.3838054686494,23.78323738946741,7.927745796489137,2.378323738946741
2200.0,781.3838054686494,23.90352252404067,7.967840841346891,2.390352252404067
2300.0,781.3838054686494,24.024704024236037,8.008234674745346,2.402470402423604
2400.0,781.3838054686494,24.146790726325147,8.048930242108382,2.4146790726325147
2500.0,781.3838054686494,24.269791575047343,8.089930525015781,2.4269791575047344
2600.0,781.3838054686494,24.393715625204713,8.131238541734904,2.4393715625204715
2700.0,781.3838054686494,24.518572043284276,8.172857347761425,2.4518572043284275
2800.0,781.3838054686494,24.64437010910818,8.214790036369394,2.4644370109108182
2900.0,781.3838054686494,24.77111921751236,8.257039739170787,2.477111921751236
3000.0,781.3838054686494,24.89882888005402,8.299609626684672,2.489882888005402
3100.0,781.3838054686494,25.027508726748845,8.342502908916282,2.5027508726748846
3200.0,781.3838054686494,25.157168507838296,8.3857228359461,2.5157168507838295
3300.0,781.3838054686494,25.287818095587593,8.429272698529198,2.528781809558759
3400.0,781.3838054686494,25.41946748611513,8.473155828705044,2.541946748611513
3500.0,781.3838054686494,25.552126801253884,8.517375600417962,2.5552126801253885
3600.0,781.3838054686494,25.68580629044534,8.561935430148447,2.5685806290445337
3700.0,781.3838054686494,25.82051633266679,8.606838777555597,2.582051633266679
3800.0,781.3838054686494,25.9562674383925,8.652089146130834,2.59562674383925
3900.0,781.3838054686494,26.093070251589648,8.697690083863217,2.609307025158965
4000.0,781.3838054686494,26.230935551749273,8.743645183916424,2.6230935551749273
4100.0,781.3838054686494,26.369874255953647,8.789958085317883,2.6369874255953647
4200.0,781.3838054686494,26.509897420980185,8.836632473660062,2.6509897420980186
4300.0,781.3838054686494,26.651016245442797,8.883672081814266,2.66510162454428
4400.0,781.3838054686494,26.793242071971825,8.931080690657275,2.6793242071971823
4500.0,781.3838054686494,26.936586389432744,8.978862129810915,2.6936586389432744
4600.0,781.3838054686494,27.081060835184825,9.027020278394941,2.7081060835184827
4700.0,781.3838054686494,27.2266771973806,9.075559065793533,2.7226677197380598
4800.0,781.3838054686494,27.37344741730662,9.12448247243554,2.737344741730662
4900.0,781.3838054686494,27.521383591766817,9.173794530588939,2.7521383591766817
5000.0,781.3838054686494,27.6704979755089,9.223499325169634,2.7670497975508903
5100.0,781.3838054686494,27.820802983695174,9.273600994565058,2.782080298369517
5200.0,781.3838054686494,27.9723111944181,9.3241037314727,2.7972311194418102
5300.0,781.3838054686494,28.125035351262138,9.375011783754045,2.812503535126214
5400.0,781.3838054686494,28.27898836591248,9.42632945530416,2.827898836591248
5500.0,781.3838054686494,28.434183320811616,9.478061106937206,2.8434183320811615
5600.0,781.3838054686494,28.590633471865047,9.530211157288349,2.859063347186505
5700.0,781.3838054686494,28.748352251196913,9.582784083732305,2.8748352251196914
5800.0,781.3838054686494,28.907353269956584,9.635784423318862,2.8907353269956584
5900.0,781.3838054686494,29.067650321177624,9.689216773725875,2.9067650321177623
6000.0,781.3838054686494,29.229257382689713,9.743085794229904,2.9229257382689715
6100.0,781.3838054686494,29.392188620085104,9.797396206695035,2.9392188620085102
6200.0,781.3838054686494,29.556458389740612,9.852152796580205,2.9556458389740614
6300.0,781.3838054686494,29.722081241896287,9.90736041396543,2.9722081241896285
6400.0,781.3838054686494,29.88907192379203,9.963023974597343,2.988907192379203
6500.0,781.3838054686494,30.05744538286343,10.019148460954478,3.005744538286343
6600.0,781.3838054686494,30.227216769997973,10.075738923332658,3.0227216769997973
6700.0,781.3838054686494,30.39840144285317,10.132800480951056,3.039840144285317
6800.0,781.3838054686494,30.57101496923765,10.190338323079215,3.0571014969237646
6900.0,781.3838054686494,30.745073130556897,10.248357710185632,3.0745073130556895
7000.0,781.3838054686494,30.92059192532463,10.30686397510821,3.0920591925324628
7100.0,781.3838054686494,31.097587572741812,10.365862524247271,3.1097587572741814
7200.0,781.3838054686494,31.27607651634425,10.425358838781417,3.127607651634425
7300.0,781.3838054686494,31.45607542772062,10.485358475906873,3.145607542772062
7400.0,781.3838054686494,31.637601210302293,10.545867070100764,3.1637601210302293
7500.0,781.3838054686494,31.82067100322668,10.606890334408893,3.182067100322668
7600.0,781.3838054686494,32.005302185275625,10.668434061758541,3.2005302185275624
7700.0,781.3838054686494,32.19151237889052,10.730504126296841,3.219151237889052
7800.0,781.3838054686494,32.37931945426607,10.793106484755356,3.237931945426607
7900.0,781.3838054686494,32.56874153352396,10.85624717784132,3.2568741533523964
8000.0,781.3838054686494,32.75979699496885,10.919932331656284,3.2759796994968853
8100.0,781.3838054686494,32.95250447742802,10.984168159142675,3.295250447742802
8200.0,781.3838054686494,33.14688288467686,11.048960961558954,3.3146882884676865
8300.0,781.3838054686494,33.34295138995197,11.11431712998399,3.334295138995197
8400.0,781.3838054686494,33.5407294405541,11.180243146851367,3.3540729440554102
8500.0,781.3838054686494,33.74023676254257,11.24674558751419,3.3740236762542573
8600.0,781.3838054686494,33.941493365523655,11.313831121841218,3.3941493365523656
8700.0,781.3838054686494,34.144519547534834,11.381506515844945,3.4144519547534835
8800.0,781.3838054686494,34.349335900027214,11.449778633342405,3.4349335900027214
8900.0,781.3838054686494,34.55596331294836,11.518654437649452,3.455596331294836
9000.0,781.3838054686494,34.76442297992777,11.588140993309258,3.476442297992777
9100.0,781.3838054686494,34.974736403567505,11.658245467855835,3.4974736403567506
9200.0,781.3838054686494,35.18692540084026,11.72897513361342,3.518692540084026
9300.0,781.3838054686494,35.40101210859758,11.800337369532526,3.5401012108597576
9400.0,781.3838054686494,35.6170189891905,11.8723396630635,3.5617018989190496
9500.0,781.3838054686494,35.83496883620545,11.944989612068483,3.583496883620545
9600.0,781.3838054686494,36.054884780318154,12.018294926772718,3.6054884780318153
9700.0,781.3838054686494,36.276790295268135,12.092263431756045,3.6276790295268135
9800.0,781.3838054686494,36.500709203956646,12.16690306798555,3.6500709203956645
9900.0,781.3838054686494,36.72666568467135,12.24222189489045,3.672666568467135
10000.0,781.3838054686494,36.95468427744016,12.318228092480053,3.6954684277440157
0.0,787.292351266794,21.693486894790414,7.231162298263471,2.1693486894790412
100.0,787.292351266794,21.797987228324786,7.265995742774929,2.1797987228324787
200.0,787.292351266794,21.90322919490497,7.301076398301657,2.190322919490497
300.0,787.292351266794,22.009219756333604,7.336406585444535,2.2009219756333605
400.0,787.292351266794,22.115965955781167,7.371988651927055,2.2115965955781167
500.0,787.292351266794,22.223474918924925,7.407824972974975,2.2223474918924926
600.0,787.292351266794,22.331753855106648,7.443917951702216,2.233175385510665
700.0,787.292351266794,22.440810058509147,7.480270019503049,2.244081005850915
800.0,787.292351266794,22.55065090935217,7.516883636450724,2.2550650909352172
900.0,787.292351266794,22.661283875107948,7.553761291702649,2.2661283875107947
1000.0,787.292351266794,22.77271651173669,7.5909055039122295,2.277271651173669
1100.0,787.292351266794,22.884956464942583,7.628318821647528,2.2884956464942583
1200.0,787.292351266794,22.998011471450518,7.6660038238168395,2.2998011471450517
1300.0,787.292351266794,23.11188936030394,7.703963120101314,2.311188936030394
1400.0,787.292351266794,23.226598054184432,7.74219935139481,2.3226598054184433
1500.0,787.292351266794,23.342145570753086,7.780715190251029,2.334214557075309
1600.0,787.292351266794,23.45854002401441,7.819513341338137,2.345854002401441
1700.0,787.292351266794,23.575789625703127,7.858596541901043,2.3575789625703125
1800.0,787.292351266794,23.693902686694024,7.897967562231341,2.3693902686694024
1900.0,787.292351266794,23.812887618435738,7.937629206145246,2.3812887618435736
2000.0,787.292351266794,23.932752934408644,7.977584311469548,2.3932752934408645
2100.0,787.292351266794,24.0535072516073,8.017835750535767,2.40535072516073
2200.0,787.292351266794,24.175159292048175,8.058386430682726,2.4175159292048174
2300.0,787.292351266794,24.297717884302767,8.099239294767589,2.4297717884302767
2400.0,787.292351266794,24.42119196505704,8.14039732168568,2.442119196505704
2500.0,787.292351266794,24.545590580697297,8.181863526899098,2.4545590580697296
2600.0,787.292351266794,24.670922888923297,8.223640962974432,2.4670922888923297
2700.0,787.292351266794,24.79719816038892,8.26573272012964,2.479719816038892
2800.0,787.292351266794,24.924425780371116,8.308141926790372,2.4924425780371116
2900.0,787.292351266794,25.0526152504676,8.350871750155866,2.50526152504676
3000.0,787.292351266794,25.181776190323774,8.393925396774591,2.5181776190323775
3100.0,787.292351266794,25.31191833938967,8.43730611312989,2.531191833938967
3200.0,787.292351266794,25.443051558707328,8.481017186235777,2.544305155870733
3300.0,787.292351266794,25.5751858327292,8.525061944243067,2.55751858327292
3400.0,787.292351266794,25.708331271168394,8.569443757056131,2.570833127116839
3500.0,787.292351266794,25.842498110881145,8.614166036960382,2.5842498110881147
3600.0,787.292351266794,25.977696717782397,8.659232239260799,2.5977696717782397
3700.0,787.292351266794,26.1139375887949,8.704645862931633,2.61139375887949
3800.0,787.292351266794,26.251231353832676,8.750410451277558,2.6251231353832676
3900.0,787.292351266794,26.38958877781967,8.796529592606557,2.6389588777819672
4000.0,787.292351266794,26.529020762743762,8.843006920914588,2.6529020762743762
4100.0,787.292351266794,26.66953834974767,8.889846116582556,2.666953834974767
4200.0,787.292351266794,26.81115272125667,8.937050907085556,2.681115272125667
4300.0,787.292351266794,26.953875203144392,8.984625067714797,2.6953875203144393
4400.0,787.292351266794,27.097717266937483,9.032572422312494,2.709771726693748
4500.0,787.292351266794,27.242690532059484,9.080896844019827,2.7242690532059486
4600.0,787.292351266794,27.38880676811524,9.129602256038414,2.738880676811524
4700.0,787.292351266794,27.536077897216447,9.178692632405482,2.7536077897216447
4800.0,787.292351266794,27.684515996348985,9.228171998782996,2.7684515996348984
4900.0,787.292351266794,27.83413329978343,9.278044433261144,2.7834133299783432
5000.0,787.292351266794,27.98494220152898,9.328314067176327,2.798494220152898
5100.0,787.292351266794,28.13695525783234,9.378985085944114,2.813695525783234
5200.0,787.292351266794,28.290185189721928,9.43006172990731,2.829018518972193
5300.0,787.292351266794,28.444644885598763,9.481548295199588,2.8444644885598764
5400.0,787.292351266794,28.60034740387488,9.533449134624961,2.860034740387488
5500.0,787.292351266794,28.75730597566008,9.585768658553361,2.875730597566008
5600.0,787.292351266794,28.915534007498394,9.638511335832797,2.8915534007498396
5700.0,787.292351266794,29.075045084154993,9.691681694718332,2.9075045084154993
5800.0,787.292351266794,29.235852971454758,9.745284323818252,2.923585297145476
5900.0,787.292351266794,29.397971619173592,9.799323873057864,2.939797161917359
6000.0,787.292351266794,29.56141516398358,9.853805054661192,2.956141516398358
6100.0,787.292351266794,29.726197932453058,9.90873264415102,2.972619793245306
6200.0,787.292351266794,29.892334444103,9.964111481367667,2.9892334444103
6300.0,787.292351266794,30.059839414520646,10.019946471506882,3.0059839414520644
6400.0,787.292351266794,30.228727758531758,10.076242586177253,3.022872775853176
6500.0,787.292351266794,30.399014593432774,10.133004864477591,3.0399014593432776
6600.0,787.292351266794,30.570715242284084,10.190238414094695,3.0570715242284083
6700.0,787.292351266794,30.74384523726576,10.24794841242192,3.074384523726576
6800.0,787.292351266794,30.918420323097155,10.306140107699052,3.0918420323097155
6900.0,787.292351266794,31.094456460521727,10.364818820173909,3.1094456460521727
7000.0,787.292351266794,31.271969829858435,10.423989943286145,3.1271969829858435
7100.0,787.292351266794,31.45097683462127,10.483658944873756,3.1450976834621267
7200.0,787.292351266794,31.631494105208432,10.543831368402811,3.1631494105208433
7300.0,787.292351266794,31.813538502662517,10.60451283422084,3.1813538502662517
7400.0,787.292351266794,31.99712712250346,10.665709040834487,3.199712712250346
7500.0,787.292351266794,32.182277298635796,10.727425766211931,3.2182277298635795
7600.0,787.292351266794,32.36900660733174,10.78966886911058,3.2369006607331743
7700.0,787.292351266794,32.55733287129203,10.852444290430677,3.2557332871292033
7800.0,787.292351266794,32.74727416378611,10.91575805459537,3.274727416378611
7900.0,787.292351266794,32.9388488128733,10.979616270957768,3.2938848812873305
8000.0,787.292351266794,33.132075405707084,11.044025135235694,3.3132075405707084
8100.0,787.292351266794,33.32697279292415,11.108990930974718,3.3326972792924154
8200.0,787.292351266794,33.523560093120146,11.174520031040048,3.3523560093120146
8300.0,787.292351266794,33.72185669741403,11.240618899138012,3.372185669741403
8400.0,787.292351266794,33.92188227410334,11.30729409136778,3.392188227410334
8500.0,787.292351266794,34.123656773412,11.374552257804,3.4123656773412003
8600.0,787.292351266794,34.327200432333015,11.442400144111005,3.4327200432333016
8700.0,787.292351266794,34.53253377956835,11.510844593189448,3.453253377956835
8800.0,787.292351266794,34.7396776405679,11.579892546855966,3.47396776405679
8900.0,787.292351266794,34.94865314267009,11.649551047556697,3.4948653142670087
9000.0,787.292351266794,35.159481720346285,11.719827240115428,3.5159481720346286
9100.0,787.292351266794,35.37218512055155,11.790728373517183,3.537218512055155
9200.0,787.292351266794,35.58678540818405,11.862261802728016,3.5586785408184047
9300.0,787.292351266794,35.80330497165583,11.934434990551942,3.5803304971655825
9400.0,787.292351266794,36.02176652857744,12.007255509525812,3.602176652857744
9500.0,787.292351266794,36.24219313155884,12.080731043852948,3.6242193131558844
9600.0,787.292351266794,36.464608174130035,12.154869391376678,3.6464608174130033
9700.0,787.292351266794,36.68903539678327,12.229678465594423,3.6689035396783267
9800.0,787.292351266794,36.91549889314044,12.305166297713479,3.691549889314044
9900.0,787.292351266794,37.14402311624835,12.381341038749449,3.714402311624835
10000.0,787.292351266794,37.3746328850048,12.458210961668266,3.73746328850048
0.0,793.2008970649385,21.938155503538223,7.312718501179408,2.1938155503538224
100.0,793.2008970649385,22.04383443742134,7.34794481247378,2.2043834437421337
200.0,793.2008970649385,22.15026336881128,7.383421122937094,2.2150263368811283
300.0,793.2008970649385,22.257449338028938,7.4191497793429795,2.225744933802894
400.0,793.2008970649385,22.36539946768074,7.45513315589358,2.2365399467680738
500.0,793.2008970649385,22.474120963810453,7.491373654603485,2.247412096381045
600.0,793.2008970649385,22.583621117069942,7.527873705689981,2.2583621117069943
700.0,793.2008970649385,22.693907303909,7.5646357679696665,2.2693907303909002
800.0,793.2008970649385,22.804986987784712,7.601662329261571,2.2804986987784712
900.0,793.2008970649385,22.916867720390712,7.638955906796904,2.2916867720390712
1000.0,793.2008970649385,23.02955714290663,7.676519047635543,2.302955714290663
1100.0,793.2008970649385,23.143062987268248,7.714354329089416,2.314306298726825
1200.0,793.2008970649385,23.257393077458595,7.752464359152865,2.3257393077458595
1300.0,793.2008970649385,23.3725553308205,7.790851776940166,2.33725553308205
1400.0,793.2008970649385,23.488557759391007,7.829519253130336,2.348855775939101
1500.0,793.2008970649385,23.605408471257864,7.868469490419288,2.3605408471257863
1600.0,793.2008970649385,23.72311567193889,7.9077052239796295,2.372311567193889
1700.0,793.2008970649385,23.84168766578433,7.947229221928111,2.384168766578433
1800.0,793.2008970649385,23.961132857402603,7.9870442858008674,2.3961132857402605
1900.0,793.2008970649385,24.0814597531104,8.0271532510368,2.40814597531104
2000.0,793.2008970649385,24.20267696240679,8.06755898746893,2.4202676962406793
2100.0,793.2008970649385,24.324793199472573,8.108264399824192,2.4324793199472574
2200.0,793.2008970649385,24.44781728469492,8.14927242823164,2.444781728469492
2300.0,793.2008970649385,24.57175814621782,8.190586048739274,2.457175814621782
2400.0,793.2008970649385,24.69662482151907,8.23220827383969,2.469662482151907
2500.0,793.2008970649385,24.822426459014064,8.274142153004687,2.4822426459014064
2600.0,793.2008970649385,24.949172319687097,8.316390773229033,2.4949172319687096
2700.0,793.2008970649385,25.07687177875053,8.35895725958351,2.507687177875053
2800.0,793.2008970649385,25.20553432733255,8.401844775777517,2.520553432733255
2900.0,793.2008970649385,25.335169574194044,8.445056524731347,2.5335169574194043
3000.0,793.2008970649385,25.465787247474978,8.488595749158327,2.546578724747498
3100.0,793.2008970649385,25.597397196471135,8.532465732157045,2.5597397196471134
3200.0,793.2008970649385,25.730009393441716,8.576669797813905,2.5730009393441717
3300.0,793.2008970649385,25.86363393544814,8.621211311816046,2.586363393544814
3400.0,793.2008970649385,25.998281046225305,8.666093682075102,2.5998281046225307
3500.0,793.2008970649385,26.133961078085168,8.711320359361723,2.6133961078085166
3600.0,793.2008970649385,26.27068451385398,8.756894837951327,2.627068451385398
3700.0,793.2008970649385,26.408461968843362,8.80282065628112,2.640846196884336
3800.0,793.2008970649385,26.547304192856146,8.849101397618716,2.6547304192856145
3900.0,793.2008970649385,26.687222072227787,8.895740690742596,2.6687222072227788
4000.0,793.2008970649385,26.82822663190355,8.942742210634517,2.682822663190355
4100.0,793.2008970649385,26.97032903755296,8.99010967918432,2.697032903755296
4200.0,793.2008970649385,27.113540597721563,9.037846865907188,2.711354059772156
4300.0,793.2008970649385,27.25787276602116,9.08595758867372,2.725787276602116
4400.0,793.2008970649385,27.40333714335925,9.134445714453083,2.7403337143359248
4500.0,793.2008970649385,27.549945480208308,9.183315160069435,2.754994548020831
4600.0,793.2008970649385,27.69770967891593,9.232569892971977,2.769770967891593
4700.0,793.2008970649385,27.846641796056566,9.282213932018855,2.784664179605657
4800.0,793.2008970649385,27.99675404482564,9.332251348275213,2.799675404482564
4900.0,793.2008970649385,28.148058797477145,9.382686265825715,2.8148058797477145
5000.0,793.2008970649385,28.300568587805326,9.433522862601775,2.830056858780533
5100.0,793.2008970649385,28.454296113671717,9.484765371223906,2.8454296113671718
5200.0,793.2008970649385,28.609254239578057,9.536418079859352,2.8609254239578057
5300.0,793.2008970649385,28.76545599928635,9.58848533309545,2.876545599928635
5400.0,793.2008970649385,28.922914598487125,9.640971532829042,2.8922914598487126
5500.0,793.2008970649385,29.081643417516393,9.693881139172131,2.908164341751639
5600.0,793.2008970649385,29.241656014123038,9.747218671374346,2.924165601412304
5700.0,793.2008970649385,29.402966126287158,9.800988708762386,2.9402966126287158
5800.0,793.2008970649385,29.56558767509058,9.85519589169686,2.956558767509058
5900.0,793.2008970649385,29.729534767640896,9.909844922546965,2.9729534767640895
6000.0,793.2008970649385,29.894821700049715,9.964940566683238,2.9894821700049716
6100.0,793.2008970649385,30.06146296046669,10.020487653488898,3.006146296046669
6200.0,793.2008970649385,30.22947323217027,10.07649107739009,3.022947323217027
6300.0,793.2008970649385,30.39886739671651,10.132955798905504,3.039886739671651
6400.0,793.2008970649385,30.56966053714709,10.189886845715696,3.056966053714709
6500.0,793.2008970649385,30.7418679412579,10.247289313752633,3.07418679412579
6600.0,793.2008970649385,30.915505104929505,10.305168368309834,3.0915505104929504
6700.0,793.2008970649385,31.090587735520668,10.363529245173556,3.109058773552067
6800.0,793.2008970649385,31.26713175532655,10.422377251775517,3.1267131755326547
6900.0,793.2008970649385,31.445153305102863,10.481717768367622,3.1445153305102864
7000.0,793.2008970649385,31.62466874765722,10.541556249219074,3.1624668747657223
7100.0,793.2008970649385,31.805694671509645,10.601898223836548,3.1805694671509643
7200.0,793.2008970649385,31.988247894623193,10.66274929820773,3.198824789462319
7300.0,793.2008970649385,32.17234546820666,10.724115156068885,3.2172345468206656
7400.0,793.2008970649385,32.35800468059071,10.786001560196903,3.235800468059071
7500.0,793.2008970649385,32.545243061179214,10.848414353726405,3.254524306117921
7600.0,793.2008970649385,32.73407838447728,10.911359461492426,3.273407838447728
7700.0,793.2008970649385,32.92452867419781,10.97484289139927,3.292452867419781
7800.0,793.2008970649385,33.11661220744846,11.038870735816154,3.3116612207448464
7900.0,793.2008970649385,33.310347519000416,11.103449173000138,3.3310347519000416
8000.0,793.2008970649385,33.50575340564119,11.168584468547062,3.3505753405641188
8100.0,793.2008970649385,33.702848930613165,11.234282976871055,3.3702848930613163
8200.0,793.2008970649385,33.90165342813984,11.30055114271328,3.390165342813984
8300.0,793.2008970649385,34.10218650804169,11.367395502680564,3.410218650804169
8400.0,793.2008970649385,34.30446806044388,11.434822686814627,3.430446806044388
8500.0,793.2008970649385,34.50851826057769,11.502839420192563,3.450851826057769
8600.0,793.2008970649385,34.714357573677724,11.571452524559241,3.4714357573677725
8700.0,793.2008970649385,34.92200675997763,11.640668919992542,3.4922006759977626
8800.0,793.2008970649385,35.1314868798058,11.710495626601933,3.5131486879805798
8900.0,793.2008970649385,35.34281929878399,11.780939766261332,3.534281929878399
9000.0,793.2008970649385,35.55602569313091,11.852008564376971,3.5556025693130913
9100.0,793.2008970649385,35.771128055073234,11.923709351691079,3.5771128055073236
9200.0,793.2008970649385,35.98814869836671,11.996049566122236,3.5988148698366706
9300.0,793.2008970649385,36.20711026392963,12.069036754643209,3.620711026392963
9400.0,793.2008970649385,36.42803572559166,12.142678575197221,3.642803572559166
9500.0,793.2008970649385,36.65094839596023,12.21698279865341,3.665094839596023
9600.0,793.2008970649385,36.875871932407684,12.29195731080256,3.6875871932407684
9700.0,793.2008970649385,37.10283034318195,12.367610114393983,3.710283034318195
9800.0,793.2008970649385,37.33184799364326,12.44394933121442,3.733184799364326
9900.0,793.2008970649385,37.5629496126306,12.520983204210198,3.75629496126306
10000.0,793.2008970649385,37.7961602989601,12.598720099653368,3.7796160298960104
0.0,799.1094428630831,22.183737084792032,7.394579028264011,2.218373708479203
100.0,799.1094428630831,22.290599016930578,7.430199672310192,2.229059901693058
200.0,799.1094428630831,22.398219342248673,7.466073114082891,2.2398219342248673
300.0,799.1094428630831,22.506605179878445,7.502201726626148,2.2506605179878445
400.0,799.1094428630831,22.61576373215868,7.53858791071956,2.261576373215868
500.0,799.1094428630831,22.72570228579952,7.575234095266507,2.2725702285799523
600.0,799.1094428630831,22.836428213066338,7.612142737688779,2.2836428213066338
700.0,799.1094428630831,22.947948972982886,7.6493163243276285,2.2947948972982886
800.0,799.1094428630831,23.06027211255418,7.686757370851393,2.306027211255418
900.0,799.1094428630831,23.173405268009528,7.724468422669843,2.317340526800953
1000.0,799.1094428630831,23.28735616606597,7.762452055355323,2.328735616606597
1100.0,799.1094428630831,23.402132625212648,7.800710875070883,2.3402132625212646
1200.0,799.1094428630831,23.517742557016362,7.839247519005454,2.351774255701636
1300.0,799.1094428630831,23.634193967448784,7.878064655816261,2.363419396744878
1400.0,799.1094428630831,23.751494958235828,7.9171649860786095,2.3751494958235826
1500.0,799.1094428630831,23.869653728229373,7.956551242743124,2.3869653728229374
1600.0,799.1094428630831,23.988678574801984,7.996226191600662,2.3988678574801985
1700.0,799.1094428630831,24.10857789526503,8.036192631755009,2.410857789526503
1800.0,799.1094428630831,24.22936018831037,8.076453396103457,2.422936018831037
1900.0,799.1094428630831,24.351034055476653,8.117011351825552,2.4351034055476655
2000.0,799.1094428630831,24.47360820264001,8.157869400880003,2.447360820264001
2100.0,799.1094428630831,24.597091441530107,8.199030480510036,2.4597091441530106
2200.0,799.1094428630831,24.721492691271894,8.240497563757298,2.4721492691271894
2300.0,799.1094428630831,24.846820979953364,8.282273659984455,2.4846820979953366
2400.0,799.1094428630831,24.973085446220292,8.324361815406764,2.497308544622029
2500.0,799.1094428630831,25.100295340897855,8.366765113632619,2.5100295340897856
2600.0,799.1094428630831,25.228460028640303,8.409486676213435,2.5228460028640303
2700.0,799.1094428630831,25.357588989608622,8.452529663202874,2.535758898960862
2800.0,799.1094428630831,25.487691821177233,8.495897273725744,2.548769182117723
2900.0,799.1094428630831,25.618778239670064,8.539592746556687,2.5618778239670066
3000.0,799.1094428630831,25.75085808212647,8.583619360708823,2.575085808212647
3100.0,799.1094428630831,25.883941308097906,8.627980436032635,2.5883941308097906
3200.0,799.1094428630831,26.018038001475666,8.672679333825222,2.6018038001475667
3300.0,799.1094428630831,26.153158372350443,8.717719457450148,2.6153158372350442
3400.0,799.1094428630831,26.28931275890429,8.763104252968096,2.6289312758904293
3500.0,799.1094428630831,26.426511629335767,8.80883720977859,2.6426511629335767
3600.0,799.1094428630831,26.564765583818662,8.854921861272887,2.656476558381866
3700.0,799.1094428630831,26.70408535649523,8.90136178549841,2.670408535649523
3800.0,799.1094428630831,26.844481817504484,8.948160605834827,2.684448181750448
3900.0,799.1094428630831,26.985965975046426,8.995321991682141,2.6985965975046424
4000.0,799.1094428630831,27.128548977482502,9.042849659160835,2.71285489774825
4100.0,799.1094428630831,27.272242115473723,9.090747371824575,2.727224211547372
4200.0,799.1094428630831,27.41705682415655,9.139018941385517,2.741705682415655
4300.0,799.1094428630831,27.563004685357537,9.187668228452512,2.7563004685357537
4400.0,799.1094428630831,27.710097429847863,9.236699143282621,2.7710097429847864
4500.0,799.1094428630831,27.858346939637954,9.286115646545985,2.7858346939637952
4600.0,799.1094428630831,28.00776525031344,9.33592175010448,2.800776525031344
4700.0,799.1094428630831,28.158364553413307,9.386121517804435,2.815836455341331
4800.0,799.1094428630831,28.310157198850753,9.436719066283585,2.8310157198850754
4900.0,799.1094428630831,28.463155697378077,9.487718565792692,2.8463155697378077
5000.0,799.1094428630831,28.617372723096185,9.539124241032061,2.8617372723096186
5100.0,799.1094428630831,28.772821116009883,9.590940372003294,2.877282111600988
5200.0,799.1094428630831,28.929513884629554,9.643171294876518,2.892951388462955
5300.0,799.1094428630831,29.08746420862064,9.695821402873547,2.908746420862064
5400.0,799.1094428630831,29.246685441501697,9.748895147167232,2.92466854415017
5500.0,799.1094428630831,29.40719111339179,9.802397037797263,2.940719111339179
5600.0,799.1094428630831,29.56899493380888,9.85633164460296,2.956899493380888
5700.0,799.1094428630831,29.732110794519684,9.910703598173228,2.9732110794519686
5800.0,799.1094428630831,29.89655277244235,9.965517590814118,2.989655277244235
5900.0,799.1094428630831,30.062335132603188,10.020778377534397,3.0062335132603186
6000.0,799.1094428630831,30.229472331148344,10.076490777049449,3.0229472331148344
6100.0,799.1094428630831,30.39797901841165,10.132659672803884,3.039797901841165
6200.0,799.1094428630831,30.56787004204013,10.189290014013377,3.056787004204013
6300.0,799.1094428630831,30.739160450177923,10.246386816725975,3.0739160450177923
6400.0,799.1094428630831,30.91186549471036,10.303955164903453,3.0911865494710358
6500.0,799.1094428630831,31.08600063456898,10.362000211522993,3.108600063456898
6600.0,799.1094428630831,31.261581539099378,10.420527179699793,3.126158153909938
6700.0,799.1094428630831,31.438624091492702,10.4795413638309,3.1438624091492704
6800.0,799.1094428630831,31.617144392282547,10.539048130760849,3.1617144392282546
6900.0,799.1094428630831,31.79715876290856,10.59905292096952,3.1797158762908557
7000.0,799.1094428630831,31.978683749347997,10.659561249782666,3.1978683749348
7100.0,799.1094428630831,32.1617361258172,10.720578708605734,3.21617361258172
7200.0,799.1094428630831,32.34633289854402,10.78211096618134,3.234633289854402
7300.0,799.1094428630831,32.53249130961304,10.844163769871015,3.2532491309613043
7400.0,799.1094428630831,32.72022884088513,10.906742946961709,3.272022884088513
7500.0,799.1094428630831,32.909563217992975,10.969854405997658,3.2909563217992974
7600.0,799.1094428630831,33.10051241441427,11.03350413813809,3.310051241441427
7700.0,799.1094428630831,33.29309465562416,11.097698218541387,3.329309465562416
7800.0,799.1094428630831,33.48732842332916,11.162442807776387,3.348732842332916
7900.0,799.1094428630831,33.683232459783625,11.227744153261208,3.3683232459783623
8000.0,799.1094428630831,33.880825772191336,11.293608590730445,3.3880825772191336
8100.0,799.1094428630831,34.080127637193726,11.360042545731242,3.4080127637193725
8200.0,799.1094428630831,34.28115760544674,11.427052535148912,3.4281157605446735
8300.0,799.1094428630831,34.48393550628844,11.494645168762814,3.448393550628844
8400.0,799.1094428630831,34.68848145249938,11.562827150833128,3.4688481452499382
8500.0,799.1094428630831,34.89481584515774,11.631605281719246,3.4894815845157736
8600.0,799.1094428630831,35.10295937859149,11.700986459530498,3.510295937859149
8700.0,799.1094428630831,35.312933045429844,11.770977681809947,3.5312933045429844
8800.0,799.1094428630831,35.524758141756166,11.841586047252056,3.5524758141756165
8900.0,799.1094428630831,35.7384562723647,11.9128187574549,3.5738456272364703
9000.0,799.1094428630831,35.95404935612352,11.98468311870784,3.595404935612352
9100.0,799.1094428630831,36.1715596314462,12.0571865438154,3.61715596314462
9200.0,799.1094428630831,36.39100966187461,12.130336553958204,3.639100966187461
9300.0,799.1094428630831,36.61242234177558,12.204140780591858,3.661242234177558
9400.0,799.1094428630831,36.835820902153934,12.278606967384645,3.6835820902153933
9500.0,799.1094428630831,37.06122891658466,12.353742972194887,3.706122891658466
9600.0,799.1094428630831,37.28867030726709,12.42955676908903,3.728867030726709
9700.0,799.1094428630831,37.51816935120387,12.50605645040129,3.751816935120387
9800.0,799.1094428630831,37.749750686507625,12.583250228835874,3.7749750686507624
9900.0,799.1094428630831,37.98343931883852,12.66114643961284,3.798343931883852
10000.0,799.1094428630831,38.21926062797564,12.739753542658548,3.8219260627975644
0.0,805.0179886612277,22.430228257023472,7.476742752341157,2.2430228257023472
100.0,805.0179886612277,22.538277569034896,7.512759189678299,2.2538277569034895
200.0,805.0179886612277,22.647093700994684,7.549031233664895,2.2647093700994683
300.0,805.0179886612277,22.75668385113811,7.585561283712703,2.275668385113811
400.0,805.0179886612277,22.867055301831613,7.6223517672772045,2.2867055301831614
500.0,805.0179886612277,22.978215420750512,7.659405140250171,2.2978215420750514
600.0,805.0179886612277,23.090171662075957,7.696723887358652,2.3090171662075956
700.0,805.0179886612277,23.20293156771151,7.734310522570503,2.320293156771151
800.0,805.0179886612277,23.31650276851954,7.772167589506513,2.331650276851954
900.0,805.0179886612277,23.43089298557816,7.810297661859387,2.3430892985578162
1000.0,805.0179886612277,23.546110031458635,7.848703343819545,2.3546110031458634
1100.0,805.0179886612277,23.662161811524037,7.887387270508012,2.366216181152404
1200.0,805.0179886612277,23.779056325249314,7.926352108416438,2.3779056325249313
1300.0,805.0179886612277,23.896801667563263,7.965600555854421,2.3896801667563263
1400.0,805.0179886612277,24.015406030212883,8.005135343404294,2.4015406030212882
1500.0,805.0179886612277,24.134877703150323,8.044959234383441,2.413487770315032
1600.0,805.0179886612277,24.255225075943116,8.085075025314373,2.4255225075943114
1700.0,805.0179886612277,24.376456639208072,8.125485546402691,2.437645663920807
1800.0,805.0179886612277,24.498580986068944,8.166193662022982,2.4498580986068945
1900.0,805.0179886612277,24.621606813639076,8.207202271213026,2.4621606813639074
2000.0,805.0179886612277,24.745542924528564,8.248514308176189,2.4745542924528565
2100.0,805.0179886612277,24.870398228377265,8.290132742792421,2.4870398228377266
2200.0,805.0179886612277,24.996181743413597,8.332060581137865,2.49961817434136
2300.0,805.0179886612277,25.122902598039797,8.374300866013266,2.51229025980398
2400.0,805.0179886612277,25.25057003244424,8.416856677481414,2.525057003244424
2500.0,805.0179886612277,25.379193400241277,8.45973113341376,2.5379193400241276
2600.0,805.0179886612277,25.508782170139025,8.502927390046342,2.5508782170139024
2700.0,805.0179886612277,25.639345927635834,8.546448642545277,2.5639345927635833
2800.0,805.0179886612277,25.77089437674587,8.590298125581956,2.5770894376745868
2900.0,805.0179886612277,25.903437341754476,8.63447911391816,2.5903437341754474
3000.0,805.0179886612277,26.03698476900378,8.67899492300126,2.603698476900378
3100.0,805.0179886612277,26.17154672870923,8.723848909569744,2.617154672870923
3200.0,805.0179886612277,26.307133416807762,8.769044472269254,2.630713341680776
3300.0,805.0179886612277,26.443755156837863,8.814585052279288,2.6443755156837865
3400.0,805.0179886612277,26.58142240185276,8.86047413395092,2.658142240185276
3500.0,805.0179886612277,26.72014573636674,8.90671524545558,2.672014573636674
3600.0,805.0179886612277,26.8599358783358,8.953311959445267,2.68599358783358
3700.0,805.0179886612277,27.000803681172968,9.000267893724322,2.700080368117297
3800.0,805.0179886612277,27.14276013579912,9.04758671193304,2.7142760135799118
3900.0,805.0179886612277,27.285816372730192,9.095272124243397,2.7285816372730194
4000.0,805.0179886612277,27.4299836642009,9.143327888066967,2.74299836642009
4100.0,805.0179886612277,27.575273426326717,9.191757808775572,2.7575273426326716
4200.0,805.0179886612277,27.72169722130384,9.240565740434613,2.7721697221303843
4300.0,805.0179886612277,27.86926675964852,9.289755586549507,2.7869266759648523
4400.0,805.0179886612277,28.017993902476597,9.339331300825533,2.80179939024766
4500.0,805.0179886612277,28.16789066382359,9.389296887941198,2.816789066382359
4600.0,805.0179886612277,28.318969213006703,9.439656404335567,2.8318969213006704
4700.0,805.0179886612277,28.471241877029314,9.490413959009771,2.8471241877029314
4800.0,805.0179886612277,28.62472114302879,9.54157371434293,2.862472114302879
4900.0,805.0179886612277,28.77941966076874,9.593139886922913,2.877941966076874
5000.0,805.0179886612277,28.935350245176352,9.645116748392118,2.893535024517635
5100.0,805.0179886612277,29.092525878926175,9.697508626308725,2.9092525878926176
5200.0,805.0179886612277,29.25095971507065,9.75031990502355,2.925095971507065
5300.0,805.0179886612277,29.410665079719045,9.803555026573015,2.9410665079719047
5400.0,805.0179886612277,29.57165547476548,9.857218491588492,2.957165547476548
5500.0,805.0179886612277,29.73394458066684,9.91131486022228,2.973394458066684
5600.0,805.0179886612277,29.89754625927228,9.965848753090759,2.989754625927228
5700.0,805.0179886612277,30.06247455670475,10.020824852234917,3.006247455670475
5800.0,805.0179886612277,30.228743706295877,10.076247902098626,3.0228743706295877
5900.0,805.0179886612277,30.396368131575656,10.132122710525218,3.0396368131575655
6000.0,805.0179886612277,30.565362449317423,10.188454149772474,3.0565362449317424
6100.0,805.0179886612277,30.73574147263996,10.245247157546652,3.073574147263996
6200.0,805.0179886612277,30.90752021416762,10.302506738055873,3.090752021416762
6300.0,805.0179886612277,31.080713889249694,10.36023796308323,3.1080713889249694
6400.0,805.0179886612277,31.255337919240457,10.418445973080152,3.125533791924046
6500.0,805.0179886612277,31.43140793484099,10.47713597828033,3.143140793484099
6600.0,805.0179886612277,31.608939779504418,10.536313259834806,3.1608939779504417
6700.0,805.0179886612277,31.78794951290549,10.595983170968497,3.1787949512905493
6800.0,805.0179886612277,31.968453414476425,10.656151138158808,3.1968453414476423
6900.0,805.0179886612277,32.15046798701001,10.71682266233667,3.215046798701001
7000.0,805.0179886612277,32.334009960331585,10.778003320110528,3.2334009960331587
7100.0,805.0179886612277,32.5190962950416,10.839698765013866,3.25190962950416
7200.0,805.0179886612277,32.70574418632999,10.901914728776662,3.270574418632999
7300.0,805.0179886612277,32.89397106786409,10.964657022621365,3.289397106786409
7400.0,805.0179886612277,33.083794615751785,11.027931538583928,3.3083794615751785
7500.0,805.0179886612277,33.27523275258141,11.09174425086047,3.327523275258141
7600.0,805.0179886612277,33.46830365154012,11.156101217180039,3.3468303651540117
7700.0,805.0179886612277,33.66302574061268,11.221008580204227,3.366302574061268
7800.0,805.0179886612277,33.85941770686221,11.28647256895407,3.385941770686221
7900.0,805.0179886612277,34.05749850079473,11.35249950026491,3.4057498500794727
8000.0,805.0179886612277,34.25728734080963,11.419095780269878,3.4257287340809635
8100.0,805.0179886612277,34.45880371773777,11.486267905912591,3.4458803717737774
8200.0,805.0179886612277,34.66206739946923,11.554022466489743,3.466206739946923
8300.0,805.0179886612277,34.86709843567266,11.62236614522422,3.486709843567266
8400.0,805.0179886612277,35.073917162608694,11.691305720869565,3.5073917162608694
8500.0,805.0179886612277,35.28254420803893,11.76084806934631,3.5282544208038926
8600.0,805.0179886612277,35.49300049623317,11.831000165411057,3.549300049623317
8700.0,805.0179886612277,35.705307253077,11.901769084359001,3.5705307253077003
8800.0,805.0179886612277,35.91948601128195,11.973162003760649,3.5919486011281947
8900.0,805.0179886612277,36.135558615700546,12.045186205233515,3.6135558615700547
9000.0,805.0179886612277,36.35354722874902,12.117849076249675,3.635354722874902
9100.0,805.0179886612277,36.57347433593966,12.191158111979886,3.6573474335939657
9200.0,805.0179886612277,36.79536275152561,12.265120917175203,3.679536275152561
9300.0,805.0179886612277,37.01923562426096,12.339745208086986,3.7019235624260958
9400.0,805.0179886612277,37.24511644327825,12.415038814426083,3.724511644327825
9500.0,805.0179886612277,37.47302904408659,12.491009681362195,3.7473029044086585
9600.0,805.0179886612277,37.70299761469316,12.567665871564387,3.770299761469316
9700.0,805.0179886612277,37.935046701850794,12.645015567283599,3.7935046701850794
9800.0,805.0179886612277,38.169201217434654,12.723067072478218,3.8169201217434656
9900.0,805.0179886612277,38.40548644495151,12.801828814983836,3.8405486444951507
10000.0,805.0179886612277,38.643928046183866,12.881309348727955,3.8643928046183866
0.0,810.9265344593724,22.67762567600249,7.559208558667496,2.267762567600249
100.0,810.9265344593724,22.78686673339465,7.5956222444648835,2.278686673339465
200.0,810.9265344593724,22.896883068485767,7.632294356161922,2.2896883068485767
300.0,810.9265344593724,23.007681958905035,7.669227319635012,2.3007681958905035
400.0,810.9265344593724,23.119270767340854,7.706423589113618,2.3119270767340856
500.0,810.9265344593724,23.231656942731362,7.7438856475771205,2.3231656942731362
600.0,810.9265344593724,23.344848021474643,7.781616007158214,2.3344848021474642
700.0,810.9265344593724,23.458851628658778,7.819617209552926,2.3458851628658777
800.0,810.9265344593724,23.573675479311856,7.857891826437285,2.3573675479311857
900.0,810.9265344593724,23.689327379672694,7.896442459890898,2.3689327379672696
1000.0,810.9265344593724,23.805815228482427,7.935271742827475,2.3805815228482428
1100.0,810.9265344593724,23.923147018297488,7.974382339432496,2.392314701829749
1200.0,810.9265344593724,24.041330836824184,8.013776945608061,2.404133083682418
1300.0,810.9265344593724,24.160374868275458,8.053458289425153,2.4160374868275456
1400.0,810.9265344593724,24.28028739475039,8.093429131583463,2.428028739475039
1500.0,810.9265344593724,24.401076797636314,8.133692265878771,2.4401076797636314
1600.0,810.9265344593724,24.522751559034738,8.174250519678246,2.452275155903474
1700.0,810.9265344593724,24.645320263210913,8.215106754403637,2.4645320263210913
1800.0,810.9265344593724,24.7687915980677,8.256263866022566,2.47687915980677
1900.0,810.9265344593724,24.893174356644487,8.297724785548162,2.4893174356644487
2000.0,810.9265344593724,25.018477438641064,8.33949247954702,2.5018477438641065
2100.0,810.9265344593724,25.14470985196738,8.381569950655793,2.514470985196738
2200.0,810.9265344593724,25.271880714319735,8.423960238106579,2.5271880714319734
2300.0,810.9265344593724,25.39999925478337,8.466666418261124,2.539999925478337
2400.0,810.9265344593724,25.529074815462664,8.509691605154222,2.5529074815462662
2500.0,810.9265344593724,25.659116853138954,8.553038951046318,2.5659116853138952
2600.0,810.9265344593724,25.790134940956875,8.596711646985625,2.5790134940956877
2700.0,810.9265344593724,25.922138770139387,8.640712923379796,2.592213877013939
2800.0,810.9265344593724,26.055138151732482,8.685046050577494,2.605513815173248
2900.0,810.9265344593724,26.18914301837987,8.729714339459957,2.618914301837987
3000.0,810.9265344593724,26.324163426128262,8.774721142042754,2.632416342612826
3100.0,810.9265344593724,26.460209556264015,8.820069852088006,2.6460209556264016
3200.0,810.9265344593724,26.597291717181594,8.865763905727198,2.6597291717181593
3300.0,810.9265344593724,26.735420346284453,8.911806782094818,2.6735420346284453
3400.0,810.9265344593724,26.874606011919255,8.958202003973085,2.6874606011919253
3500.0,810.9265344593724,27.014859415343704,9.0049531384479,2.7014859415343704
3600.0,810.9265344593724,27.15619139272904,9.052063797576347,2.7156191392729037
3700.0,810.9265344593724,27.298612917197556,9.099537639065852,2.7298612917197556
3800.0,810.9265344593724,27.4421351008961,9.147378366965366,2.74421351008961
3900.0,810.9265344593724,27.586769197106157,9.195589732368719,2.7586769197106156
4000.0,810.9265344593724,27.73252660239125,9.244175534130417,2.773252660239125
4100.0,810.9265344593724,27.87941885878249,9.293139619594163,2.787941885878249
4200.0,810.9265344593724,28.027457656002987,9.342485885334328,2.8027457656002985
4300.0,810.9265344593724,28.176654833731817,9.392218277910606,2.817665483373182
4400.0,810.9265344593724,28.327022383908666,9.442340794636221,2.8327022383908664
4500.0,810.9265344593724,28.478572453079614,9.492857484359872,2.8478572453079614
4600.0,810.9265344593724,28.6313173447851,9.5437724482617,2.86313173447851
4700.0,810.9265344593724,28.785269521990937,9.595089840663645,2.8785269521990937
4800.0,810.9265344593724,28.940441609563152,9.646813869854384,2.894044160956315
4900.0,810.9265344593724,29.09684639678775,9.69894879892925,2.909684639678775
5000.0,810.9265344593724,29.254496839935996,9.751498946645333,2.9254496839935995
5100.0,810.9265344593724,29.413406064876717,9.80446868829224,2.941340606487672
5200.0,810.9265344593724,29.57358736973582,9.857862456578607,2.957358736973582
5300.0,810.9265344593724,29.73505422760482,9.91168474253494,2.973505422760482
5400.0,810.9265344593724,29.897820289298885,9.965940096432961,2.9897820289298886
5500.0,810.9265344593724,30.06189938616547,10.020633128721824,3.006189938616547
5600.0,810.9265344593724,30.22730553294503,10.075768510981677,3.0227305532945032
5700.0,810.9265344593724,30.39405293068418,10.131350976894726,3.039405293068418
5800.0,810.9265344593724,30.562155969703156,10.187385323234386,3.0562155969703158
5900.0,810.9265344593724,30.73162923261832,10.243876410872774,3.0731629232618323
6000.0,810.9265344593724,30.90248749742083,10.300829165806944,3.090248749742083
6100.0,810.9265344593724,31.07474574061287,10.35824858020429,3.107474574061287
6200.0,810.9265344593724,31.248419140402696,10.416139713467565,3.1248419140402697
6300.0,810.9265344593724,31.423523079959477,10.474507693319826,3.1423523079959477
6400.0,810.9265344593724,31.600073150729504,10.533357716909835,3.16000731507295
6500.0,810.9265344593724,31.77808515581495,10.592695051938316,3.177808515581495
6600.0,810.9265344593724,31.957575113416542,10.652525037805514,3.1957575113416543
6700.0,810.9265344593724,32.13855926034155,10.712853086780518,3.2138559260341553
6800.0,810.9265344593724,32.32105405557851,10.773684685192835,3.2321054055578506
6900.0,810.9265344593724,32.505076183940126,10.835025394646708,3.2505076183940127
7000.0,810.9265344593724,32.69064255977574,10.89688085325858,3.269064255977574
7100.0,810.9265344593724,32.87777033075519,10.959256776918396,3.287777033075519
7200.0,810.9265344593724,33.06647688172521,11.02215896057507,3.3066476881725206
7300.0,810.9265344593724,33.256779838640284,11.085593279546762,3.3256779838640282
7400.0,810.9265344593724,33.44869707256945,11.149565690856484,3.344869707256945
7500.0,810.9265344593724,33.64224670378081,11.214082234593604,3.364224670378081
7600.0,810.9265344593724,33.837447105905305,11.279149035301769,3.3837447105905305
7700.0,810.9265344593724,34.034316910181786,11.34477230339393,3.4034316910181786
7800.0,810.9265344593724,34.23287500978499,11.410958336594996,3.423287500978499
7900.0,810.9265344593724,34.43314056423829,11.477713521412765,3.443314056423829
8000.0,810.9265344593724,34.63513300391319,11.54504433463773,3.4635133003913188
8100.0,810.9265344593724,34.83887203461742,11.612957344872472,3.483887203461742
8200.0,810.9265344593724,35.044377642273844,11.681459214091282,3.5044377642273843
8300.0,810.9265344593724,35.251670097691836,11.750556699230613,3.5251670097691834
8400.0,810.9265344593724,35.4607699614337,11.820256653811233,3.54607699614337
8500.0,810.9265344593724,35.67169808877792,11.890566029592641,3.567169808877792
8600.0,810.9265344593724,35.88447563478151,11.961491878260503,3.5884475634781507
8700.0,810.9265344593724,36.09912405944402,12.033041353148008,3.609912405944402
8800.0,810.9265344593724,36.3156651329751,12.1052217109917,3.6315665132975097
8900.0,810.9265344593724,36.5341209411682,12.178040313722732,3.6534120941168196
9000.0,810.9265344593724,36.75451389088311,12.25150463029437,3.675451389088311
9100.0,810.9265344593724,36.976866715639304,12.325622238546435,3.6976866715639303
9200.0,810.9265344593724,37.201202481323,12.400400827107667,3.7201202481323
9300.0,810.9265344593724,37.4275445920108,12.475848197336932,3.7427544592010795
9400.0,810.9265344593724,37.65591679591197,12.55197226530399,3.7655916795911972
9500.0,810.9265344593724,37.88634319143282,12.62878106381094,3.788634319143282
9600.0,810.9265344593724,38.11884823336561,12.706282744455203,3.811884823336561
9700.0,810.9265344593724,38.35345673920509,12.784485579735032,3.8353456739205094
9800.0,810.9265344593724,38.59019389559554,12.863397965198514,3.859019389559554
9900.0,810.9265344593724,38.82908526491179,12.943028421637264,3.882908526491179
10000.0,810.9265344593724,39.07015679197666,13.023385597325552,3.9070156791976656
0.0,816.835080257517,22.925926034116692,7.641975344705564,2.292592603411669
100.0,816.835080257517,23.036363186464232,7.678787728821411,2.303636318646423
200.0,816.835080257517,23.147584105129997,7.7158613683766655,2.314758410513
300.0,816.835080257517,23.259596147426944,7.753198715808981,2.325959614742694
400.0,816.835080257517,23.372406756658485,7.790802252219495,2.3372406756658486
500.0,816.835080257517,23.4860234633222,7.828674487774067,2.3486023463322203
600.0,816.835080257517,23.600453886333224,7.8668179621110745,2.3600453886333224
700.0,816.835080257517,23.71570573426771,7.905235244755904,2.371570573426771
800.0,816.835080257517,23.831786806626642,7.943928935542214,2.383178680662664
900.0,816.835080257517,23.948704995120398,7.982901665040132,2.39487049951204
1000.0,816.835080257517,24.066468284974476,8.022156094991493,2.406646828497448
1100.0,816.835080257517,24.185084756256884,8.061694918752295,2.4185084756256883
1200.0,816.835080257517,24.304562585227284,8.101520861742427,2.4304562585227285
1300.0,816.835080257517,24.424910045708703,8.1416366819029,2.4424910045708703
1400.0,816.835080257517,24.546135510482,8.182045170160666,2.4546135510482
1500.0,816.835080257517,24.66824745270346,8.222749150901153,2.4668247452703462
1600.0,816.835080257517,24.791254447346237,8.263751482448745,2.4791254447346236
1700.0,816.835080257517,24.915165172665866,8.305055057555288,2.4915165172665867
1800.0,816.835080257517,25.039988411690224,8.346662803896741,2.5039988411690226
1900.0,816.835080257517,25.165733053734844,8.388577684578282,2.5165733053734844
2000.0,816.835080257517,25.292408095943518,8.43080269864784,2.5292408095943517
2100.0,816.835080257517,25.42002264485504,8.473340881618347,2.5420022644855043
2200.0,816.835080257517,25.548585917996558,8.516195305998853,2.554858591799656
2300.0,816.835080257517,25.678107245503803,8.559369081834602,2.5678107245503803
2400.0,816.835080257517,25.808596071769106,8.602865357256368,2.5808596071769108
2500.0,816.835080257517,25.94006195711739,8.64668731903913,2.594006195711739
2600.0,816.835080257517,26.072514579510905,8.690838193170302,2.6072514579510906
2700.0,816.835080257517,26.205963736283124,8.735321245427707,2.620596373628312
2800.0,816.835080257517,26.340419345902482,8.780139781967494,2.634041934590248
2900.0,816.835080257517,26.475891449766532,8.825297149922177,2.6475891449766533
3000.0,816.835080257517,26.612390214027005,8.870796738009002,2.6612390214027006
3100.0,816.835080257517,26.749925931446516,8.916641977148839,2.6749925931446517
3200.0,816.835080257517,26.88850902328752,8.962836341095839,2.6888509023287517
3300.0,816.835080257517,27.02815004123399,9.009383347077996,2.7028150041233987
3400.0,816.835080257517,27.168859669346844,9.056286556448947,2.7168859669346843
3500.0,816.835080257517,27.31064872605328,9.103549575351094,2.731064872605328
3600.0,816.835080257517,27.45352816617123,9.15117605539041,2.745352816617123
3700.0,816.835080257517,27.59750908296917,9.199169694323057,2.759750908296917
3800.0,816.835080257517,27.742602710262325,9.247534236754108,2.7742602710262325
3900.0,816.835080257517,27.888820424545887,9.296273474848629,2.788882042454589
4000.0,816.835080257517,28.036173747165847,9.345391249055282,2.803617374716585
4100.0,816.835080257517,28.18467434652859,9.394891448842863,2.8184674346528586
4200.0,816.835080257517,28.334334040349532,9.444778013449843,2.8334334040349534
4300.0,816.835080257517,28.485164797942,9.495054932647333,2.8485164797942
4400.0,816.835080257517,28.63717874254706,9.545726247515686,2.8637178742547063
4500.0,816.835080257517,28.79038815370491,9.59679605123497,2.879038815370491
4600.0,816.835080257517,28.944805469669095,9.648268489889698,2.8944805469669097
4700.0,816.835080257517,29.10044328986415,9.700147763288049,2.910044328986415
4800.0,816.835080257517,29.25731437738742,9.752438125795807,2.925731437738742
4900.0,816.835080257517,29.41543166155651,9.805143887185503,2.9415431661556513
5000.0,816.835080257517,29.57480824050266,9.858269413500887,2.9574808240502657
5100.0,816.835080257517,29.73545738381156,9.911819127937187,2.973545738381156
5200.0,816.835080257517,29.897392535212088,9.965797511737362,2.9897392535212086
5300.0,816.835080257517,30.060627315314452,10.020209105104817,3.006062731531445
5400.0,816.835080257517,30.225175524398402,10.0750585081328,3.02251755243984
5500.0,816.835080257517,30.3910511452527,10.1303503817509,3.03910511452527
5600.0,816.835080257517,30.558268346067024,10.186089448689009,3.0558268346067026
5700.0,816.835080257517,30.72684148337719,10.242280494459063,3.0726841483377187
5800.0,816.835080257517,30.89678510506496,10.298928368354987,3.089678510506496
5900.0,816.835080257517,31.068113953413697,10.356037984471232,3.10681139534137
6000.0,816.835080257517,31.240842968220793,10.413614322740264,3.124084296822079
6100.0,816.835080257517,31.41498728996813,10.471662429989378,3.141498728996813
6200.0,816.835080257517,31.590562263052224,10.530187421017407,3.159056226305222
6300.0,816.835080257517,31.767583439074595,10.589194479691532,3.1767583439074594
6400.0,816.835080257517,31.946066580194387,10.648688860064796,3.1946066580194388
6500.0,816.835080257517,32.12602766254404,10.70867588751468,3.212602766254404
6600.0,816.835080257517,32.307482879709724,10.76916095990324,3.2307482879709726
6700.0,816.835080257517,32.490448646277656,10.830149548759218,3.2490448646277654
6800.0,816.835080257517,32.67494160144805,10.891647200482682,3.2674941601448046
6900.0,816.835080257517,32.860978612717865,10.953659537572621,3.2860978612717866
7000.0,816.835080257517,33.04857677963391,11.01619225987797,3.3048576779633914
7100.0,816.835080257517,33.23775343761816,11.07925114587272,3.323775343761816
7200.0,816.835080257517,33.428526161866365,11.142842053955455,3.3428526161866365
7300.0,816.835080257517,33.62091277132193,11.206970923773978,3.362091277132193
7400.0,816.835080257517,33.81493133272664,11.271643777575546,3.381493133272664
7500.0,816.835080257517,34.01060016474981,11.33686672158327,3.401060016474981
7600.0,816.835080257517,34.207937842197744,11.402645947399249,3.420793784219774
7700.0,816.835080257517,34.406963200305206,11.46898773343507,3.4406963200305207
7800.0,816.835080257517,34.60769533911086,11.535898446370288,3.460769533911086
7900.0,816.835080257517,34.81015362791824,11.603384542639413,3.481015362791824
8000.0,816.835080257517,35.01435770984458,11.671452569948194,3.5014357709844584
8100.0,816.835080257517,35.220327506459164,11.740109168819721,3.5220327506459164
8200.0,816.835080257517,35.428083222513386,11.809361074171129,3.5428083222513385
8300.0,816.835080257517,35.637645350764416,11.879215116921472,3.5637645350764418
8400.0,816.835080257517,35.849034676894924,11.949678225631642,3.584903467689492
8500.0,816.835080257517,36.0622722845306,12.020757428176866,3.60622722845306
8600.0,816.835080257517,36.27737956035804,12.09245985345268,3.627737956035804
8700.0,816.835080257517,36.4943781993452,12.164792733115066,3.64943781993452
8800.0,816.835080257517,36.713290210066596,12.237763403355531,3.6713290210066596
8900.0,816.835080257517,36.934137920136095,12.311379306712032,3.6934137920136094
9000.0,816.835080257517,37.15694398174916,12.385647993916386,3.7156943981749158
9100.0,816.835080257517,37.381731377337545,12.460577125779182,3.7381731377337544
9200.0,816.835080257517,37.608523425339015,12.536174475113006,3.7608523425339015
9300.0,816.835080257517,37.8373437860845,12.612447928694834,3.7837343786084503
9400.0,816.835080257517,38.06821646780564,12.689405489268546,3.806821646780564
9500.0,816.835080257517,38.30116583276536,12.767055277588454,3.8301165832765363
9600.0,816.835080257517,38.53621660351475,12.845405534504918,3.8536216603514752
9700.0,816.835080257517,38.773393869278586,12.924464623092861,3.8773393869278587
9800.0,816.835080257517,39.012723092473166,13.004241030824389,3.9012723092473167
9900.0,816.835080257517,39.2542301153591,13.084743371786367,3.92542301153591
10000.0,816.835080257517,39.49794116683258,13.165980388944194,3.9497941166832584
0.0,822.7436260556616,23.175126059707896,7.725042019902632,2.31751260597079
100.0,822.7436260556616,23.286763640825495,7.762254546941832,2.3286763640825496
200.0,822.7436260556616,23.39919350763741,7.79973116921247,2.339919350763741
300.0,822.7436260556616,23.51242309742906,7.837474365809687,2.351242309742906
400.0,822.7436260556616,23.626459934411045,7.875486644803682,2.3626459934411046
500.0,822.7436260556616,23.741311630935847,7.913770543645282,2.3741311630935846
600.0,822.7436260556616,23.85698588873462,7.952328629578207,2.385698588873462
700.0,822.7436260556616,23.973490500174147,7.991163500058049,2.397349050017415
800.0,822.7436260556616,24.090833349534346,8.030277783178116,2.4090833349534346
900.0,822.7436260556616,24.209022414306823,8.069674138102274,2.4209022414306824
1000.0,822.7436260556616,24.328065766514843,8.109355255504948,2.432806576651484
1100.0,822.7436260556616,24.447971574055032,8.149323858018343,2.444797157405503
1200.0,822.7436260556616,24.568748102061317,8.189582700687106,2.4568748102061315
1300.0,822.7436260556616,24.69040371429142,8.230134571430474,2.4690403714291422
1400.0,822.7436260556616,24.8129468745366,8.2709822915122,2.48129468745366
1500.0,822.7436260556616,24.93638614805457,8.31212871601819,2.493638614805457
1600.0,822.7436260556616,25.060730203026655,8.353576734342218,2.5060730203026655
1700.0,822.7436260556616,25.185987812039208,8.395329270679737,2.518598781203921
1800.0,822.7436260556616,25.312167853589795,8.437389284529932,2.5312167853589793
1900.0,822.7436260556616,25.43927931361895,8.479759771206316,2.543927931361895
2000.0,822.7436260556616,25.56733128706753,8.522443762355843,2.556733128706753
2100.0,822.7436260556616,25.696332979460507,8.565444326486835,2.5696332979460506
2200.0,822.7436260556616,25.82629370851762,8.608764569505874,2.582629370851762
2300.0,822.7436260556616,25.957222905791237,8.652407635263746,2.5957222905791237
2400.0,822.7436260556616,26.089130118332243,8.696376706110748,2.6089130118332244
2500.0,822.7436260556616,26.222025010384318,8.740675003461439,2.6222025010384318
2600.0,822.7436260556616,26.355917365107114,8.785305788369039,2.6355917365107113
2700.0,822.7436260556616,26.49081708632908,8.830272362109694,2.649081708632908
2800.0,822.7436260556616,26.626734200330347,8.875578066776782,2.662673420033035
2900.0,822.7436260556616,26.76367885765634,8.921226285885448,2.676367885765634
3000.0,822.7436260556616,26.90166133496275,8.967220444987584,2.690166133496275
3100.0,822.7436260556616,27.04069203689235,9.013564012297449,2.704069203689235
3200.0,822.7436260556616,27.18078149798456,9.060260499328187,2.718078149798456
3300.0,822.7436260556616,27.32194038461796,9.10731346153932,2.732194038461796
3400.0,822.7436260556616,27.46417949698695,9.15472649899565,2.746417949698695
3500.0,822.7436260556616,27.60750977111279,9.202503257037597,2.7607509771112793
3600.0,822.7436260556616,27.75194228089,9.250647426963333,2.775194228089
3700.0,822.7436260556616,27.89748824016855,9.29916274672285,2.789748824016855
3800.0,822.7436260556616,28.04415900487289,9.348053001624296,2.804415900487289
3900.0,822.7436260556616,28.191966075158355,9.397322025052786,2.8191966075158357
4000.0,822.7436260556616,28.340921097605538,9.446973699201846,2.8340921097605536
4100.0,822.7436260556616,28.49103586745397,9.49701195581799,2.849103586745397
4200.0,822.7436260556616,28.642322330875178,9.547440776958393,2.8642322330875176
4300.0,822.7436260556616,28.794792587286416,9.59826419576214,2.8794792587286415
4400.0,822.7436260556616,28.948458891705826,9.649486297235276,2.8948458891705826
4500.0,822.7436260556616,29.103333657149676,9.701111219049892,2.9103333657149677
4600.0,822.7436260556616,29.259429457072716,9.753143152357572,2.9259429457072716
4700.0,822.7436260556616,29.416759027852578,9.805586342617525,2.9416759027852577
4800.0,822.7436260556616,29.57533527131882,9.858445090439607,2.957533527131882
4900.0,822.7436260556616,29.73517125732803,9.911723752442677,2.973517125732803
5000.0,822.7436260556616,29.896280226385397,9.965426742128466,2.9896280226385397
5100.0,822.7436260556616,30.058675592314234,10.01955853077141,3.0058675592314232
5200.0,822.7436260556616,30.22237094497395,10.07412364832465,3.022237094497395
5300.0,822.7436260556616,30.387380053027922,10.12912668434264,3.0387380053027924
5400.0,822.7436260556616,30.55371686676207,10.18457228892069,3.055371686676207
5500.0,822.7436260556616,30.72139552095515,10.240465173651716,3.072139552095515
5600.0,822.7436260556616,30.890430337802094,10.296810112600697,3.0890430337802095
5700.0,822.7436260556616,31.060835829891257,10.353611943297086,3.106083582989126
5800.0,822.7436260556616,31.232626703236843,10.410875567745615,3.123262670323684
5900.0,822.7436260556616,31.405817860367776,10.468605953455926,3.1405817860367775
6000.0,822.7436260556616,31.580424403473874,10.526808134491292,3.1580424403473875
6100.0,822.7436260556616,31.756461637610954,10.585487212536984,3.1756461637610953
6200.0,822.7436260556616,31.93394507396587,10.644648357988624,3.193394507396587
6300.0,822.7436260556616,32.11289043318281,10.704296811060937,3.2112890433182812
6400.0,822.7436260556616,32.29331364875231,10.764437882917436,3.229331364875231
6500.0,822.7436260556616,32.47523087046402,10.82507695682134,3.247523087046402
6600.0,822.7436260556616,32.658658467925015,10.886219489308338,3.2658658467925017
6700.0,822.7436260556616,32.84361303414462,10.947871011381539,3.2843613034144616
6800.0,822.7436260556616,33.030111389187695,11.010037129729232,3.3030111389187695
6900.0,822.7436260556616,33.21817058389736,11.072723527965787,3.321817058389736
7000.0,822.7436260556616,33.407807903688926,11.135935967896309,3.3407807903688926
7100.0,822.7436260556616,33.599040872416765,11.199680290805588,3.3599040872416763
7200.0,822.7436260556616,33.79188725631536,11.263962418771788,3.3791887256315363
7300.0,822.7436260556616,33.98636506801631,11.328788356005438,3.398636506801631
7400.0,822.7436260556616,34.182492570643085,11.394164190214362,3.4182492570643084
7500.0,822.7436260556616,34.380288281985095,11.460096093995032,3.4380288281985094
7600.0,822.7436260556616,34.57977097875295,11.526590326250982,3.4579770978752946
7700.0,822.7436260556616,34.780959700916455,11.593653233638818,3.4780959700916454
7800.0,822.7436260556616,34.98387375612771,11.661291252042568,3.498387375612771
7900.0,822.7436260556616,35.18853272423053,11.729510908076842,3.5188532724230526
8000.0,822.7436260556616,35.39495646185871,11.79831882061957,3.539495646185871
8100.0,822.7436260556616,35.60316510712487,11.867721702374958,3.5603165107124872
8200.0,822.7436260556616,35.813179084401796,11.937726361467265,3.5813179084401794
8300.0,822.7436260556616,36.02501910919864,12.008339703066213,3.6025019109198637
8400.0,822.7436260556616,36.238706193134135,12.079568731044711,3.6238706193134136
8500.0,822.7436260556616,36.454261649008565,12.151420549669522,3.6454261649008566
8600.0,822.7436260556616,36.67170709597733,12.223902365325777,3.667170709597733
8700.0,822.7436260556616,36.89106446482814,12.297021488276046,3.689106446482814
8800.0,822.7436260556616,37.11235600336417,12.370785334454723,3.711235600336417
8900.0,822.7436260556616,37.33560428189573,12.445201427298578,3.7335604281895733
9000.0,822.7436260556616,37.56083219884292,12.520277399614306,3.7560832198842915
9100.0,822.7436260556616,37.78806298645177,12.596020995483924,3.778806298645177
9200.0,822.7436260556616,38.017320216626565,12.672440072208856,3.8017320216626564
9300.0,822.7436260556616,38.24862780688107,12.749542602293689,3.8248627806881066
9400.0,822.7436260556616,38.48201002641137,12.827336675470457,3.8482010026411375
9500.0,822.7436260556616,38.71749150229316,12.905830500764386,3.8717491502293155
9600.0,822.7436260556616,38.95509722580646,12.985032408602153,3.895509722580646
9700.0,822.7436260556616,39.19485255889069,13.064950852963563,3.919485255889069
9800.0,822.7436260556616,39.43678324073325,13.145594413577749,3.943678324073325
9900.0,822.7436260556616,39.680915394494775,13.226971798164925,3.9680915394494773
10000.0,822.7436260556616,39.92727553417406,13.309091844724685,3.9927275534174056
0.0,828.6521718538062,23.4252225164255,7.8084075054751665,2.34252225164255
100.0,828.6521718538062,23.538064844537878,7.846021614845959,2.353806484453788
200.0,828.6521718538062,23.651708008366878,7.883902669455626,2.3651708008366876
300.0,828.6521718538062,23.76615952545806,7.922053175152687,2.376615952545806
400.0,828.6521718538062,23.881427001220224,7.960475667073408,2.3881427001220223
500.0,828.6521718538062,23.997518130155225,7.999172710051742,2.3997518130155227
600.0,828.6521718538062,24.114440697108147,8.038146899036049,2.411444069710815
700.0,828.6521718538062,24.23220257853781,8.077400859512602,2.4232202578537807
800.0,828.6521718538062,24.35081174380802,8.116937247936006,2.435081174380802
900.0,828.6521718538062,24.470276256500235,8.156758752166745,2.4470276256500236
1000.0,828.6521718538062,24.590604275747655,8.196868091915885,2.4590604275747654
1100.0,828.6521718538062,24.711804057591525,8.237268019197176,2.4711804057591524
1200.0,828.6521718538062,24.83388395635967,8.277961318786557,2.4833883956359672
1300.0,828.6521718538062,24.956852426068103,8.318950808689367,2.49568524260681
1400.0,828.6521718538062,25.080718021845815,8.360239340615271,2.5080718021845816
1500.0,828.6521718538062,25.20548940138328,8.401829800461092,2.520548940138328
1600.0,828.6521718538062,25.331175326405276,8.44372510880176,2.5331175326405275
1700.0,828.6521718538062,25.45778466416831,8.485928221389438,2.5457784664168313
1800.0,828.6521718538062,25.585326388983052,8.528442129661018,2.5585326388983054
1900.0,828.6521718538062,25.71380958376264,8.571269861254214,2.571380958376264
2000.0,828.6521718538062,25.84324344159677,8.614414480532256,2.584324344159677
2100.0,828.6521718538062,25.973637267352682,8.65787908911756,2.597363726735268
2200.0,828.6521718538062,26.10500047930313,8.701666826434376,2.610500047930313
2300.0,828.6521718538062,26.237342610781926,8.745780870260642,2.6237342610781926
2400.0,828.6521718538062,26.370673311867808,8.79022443728927,2.6370673311867807
2500.0,828.6521718538062,26.505002351096998,8.835000783699,2.6505002351097
2600.0,828.6521718538062,26.640339617205036,8.880113205735013,2.6640339617205036
2700.0,828.6521718538062,26.77669512089839,8.925565040299462,2.677669512089839
2800.0,828.6521718538062,26.914078996656688,8.97135966555223,2.691407899665669
2900.0,828.6521718538062,27.05250150456591,9.01750050152197,2.705250150456591
3000.0,828.6521718538062,27.19197303218317,9.063991010727724,2.719197303218317
3100.0,828.6521718538062,27.33250409643391,9.110834698811304,2.733250409643391
3200.0,828.6521718538062,27.474105345541957,9.158035115180652,2.747410534554196
3300.0,828.6521718538062,27.616787560993092,9.205595853664365,2.7616787560993092
3400.0,828.6521718538062,27.76056165953296,9.253520553177653,2.776056165953296
3500.0,828.6521718538062,27.90543869519991,9.30181289839997,2.7905438695199907
3600.0,828.6521718538062,28.051429861393355,9.350476620464452,2.8051429861393355
3700.0,828.6521718538062,28.19854649297855,9.399515497659516,2.819854649297855
3800.0,828.6521718538062,28.346800068428433,9.448933356142811,2.8346800068428433
3900.0,828.6521718538062,28.496202212003293,9.498734070667764,2.8496202212003294
4000.0,828.6521718538062,28.646764695968848,9.54892156532295,2.8646764695968847
4100.0,828.6521718538062,28.798499442854006,9.599499814284668,2.8798499442854006
4200.0,828.6521718538062,28.95141852774849,9.65047284258283,2.895141852774849
4300.0,828.6521718538062,29.1055341806415,9.7018447268805,2.9105534180641497
4400.0,828.6521718538062,29.260858788802313,9.753619596267438,2.9260858788802313
4500.0,828.6521718538062,29.417404899203365,9.805801633067789,2.9417404899203365
4600.0,828.6521718538062,29.575185220986985,9.858395073662328,2.9575185220986984
4700.0,828.6521718538062,29.734212627976557,9.91140420932552,2.9734212627976557
4800.0,828.6521718538062,29.894500161232912,9.964833387077638,2.9894500161232913
4900.0,828.6521718538062,30.05606103165717,10.018687010552389,3.005606103165717
5000.0,828.6521718538062,30.218908622640594,10.072969540880198,3.0218908622640592
5100.0,828.6521718538062,30.383056492762996,10.127685497587665,3.0383056492762996
5200.0,828.6521718538062,30.54851837853999,10.18283945951333,3.054851837853999
5300.0,828.6521718538062,30.715308197220686,10.23843606574023,3.0715308197220685
5400.0,828.6521718538062,30.883440049636803,10.2944800165456,3.0883440049636803
5500.0,828.6521718538062,31.052928223103816,10.350976074367939,3.1052928223103815
5600.0,828.6521718538062,31.22378719437591,10.40792906479197,3.1223787194375907
5700.0,828.6521718538062,31.39603163265536,10.465343877551787,3.1396031632655363
5800.0,828.6521718538062,31.569676402657617,10.523225467552539,3.1569676402657616
5900.0,828.6521718538062,31.7447365677336,10.5815788559112,3.17447365677336
6000.0,828.6521718538062,31.92122739304979,10.640409131016597,3.192122739304979
6100.0,828.6521718538062,32.09916434882784,10.69972144960928,3.209916434882784
6200.0,828.6521718538062,32.278563113645,10.759521037881667,3.2278563113645
6300.0,828.6521718538062,32.459439577796225,10.819813192598742,3.2459439577796223
6400.0,828.6521718538062,32.6418098467197,10.880603282239901,3.2641809846719703
6500.0,828.6521718538062,32.82569024448702,10.94189674816234,3.2825690244487022
6600.0,828.6521718538062,33.01109731735932,11.00369910578644,3.301109731735932
6700.0,828.6521718538062,33.1980478374109,11.066015945803633,3.31980478374109
6800.0,828.6521718538062,33.386558806221835,11.128852935407279,3.3386558806221833
6900.0,828.6521718538062,33.57664745864098,11.192215819546993,3.357664745864098
7000.0,828.6521718538062,33.76833126662075,11.256110422206916,3.376833126662075
7100.0,828.6521718538062,33.96162794312577,11.32054264770859,3.396162794312577
7200.0,828.6521718538062,34.15655544611644,11.385518482038814,3.4156555446116443
7300.0,828.6521718538062,34.353131982609256,11.451043994203085,3.4353131982609257
7400.0,828.6521718538062,34.55137601281587,11.517125337605291,3.4551376012815873
7500.0,828.6521718538062,34.75130625436209,11.58376875145403,3.475130625436209
7600.0,828.6521718538062,34.95294168658905,11.65098056219635,3.495294168658905
7700.0,828.6521718538062,35.15630155493814,11.718767184979379,3.515630155493814
7800.0,828.6521718538062,35.36140537542168,11.78713512514056,3.536140537542168
7900.0,828.6521718538062,35.56827293918114,11.856090979727048,3.556827293918114
8000.0,828.6521718538062,35.77692431713503,11.925641439045009,3.5776924317135026
8100.0,828.6521718538062,35.98737986471812,11.995793288239375,3.598737986471812
8200.0,828.6521718538062,36.19966022671472,12.066553408904907,3.619966022671472
8300.0,828.6521718538062,36.413786342187244,12.137928780729082,3.641378634218724
8400.0,828.6521718538062,36.62977944950319,12.20992648316773,3.662977944950319
8500.0,828.6521718538062,36.84766109146184,12.282553697153945,3.684766109146184
8600.0,828.6521718538062,37.06745312052367,12.355817706841224,3.7067453120523672
8700.0,828.6521718538062,37.28917770414445,12.429725901381483,3.728917770414445
8800.0,828.6521718538062,37.512857330216505,12.504285776738834,3.7512857330216507
8900.0,828.6521718538062,37.73851481261974,12.579504937539914,3.773851481261974
9000.0,828.6521718538062,37.96617329688455,12.655391098961516,3.7966173296884547
9100.0,828.6521718538062,38.19585626596985,12.731952088656618,3.819585626596985
9200.0,828.6521718538062,38.42758754615826,12.809195848719419,3.8427587546158257
9300.0,828.6521718538062,38.661391313071526,12.887130437690509,3.8661391313071527
9400.0,828.6521718538062,38.89729209780901,12.965764032603003,3.8897292097809006
9500.0,828.6521718538062,39.13531479321161,13.045104931070538,3.9135314793211613
9600.0,828.6521718538062,39.37548466025506,13.125161553418353,3.9375484660255062
9700.0,828.6521718538062,39.61782733457442,13.20594244485814,3.9617827334574423
9800.0,828.6521718538062,39.86236883312384,13.287456277707946,3.986236883312384
9900.0,828.6521718538062,40.10913556097439,13.36971185365813,4.010913556097439
10000.0,828.6521718538062,40.35815431825305,13.45271810608435,4.035815431825305
0.0,834.5607176519509,23.67621220259588,7.892070734198627,2.367621220259588
100.0,834.5607176519509,23.7902635805049,7.9300878601683,2.37902635805049
200.0,834.5607176519509,23.905124374689596,7.968374791563199,2.3905124374689595
300.0,834.5607176519509,24.020802183242317,8.006934061080772,2.402080218324232
400.0,834.5607176519509,24.137304693060052,8.045768231020018,2.4137304693060053
500.0,834.5607176519509,24.254639681087447,8.084879893695815,2.425463968108745
600.0,834.5607176519509,24.372815015580365,8.124271671860122,2.4372815015580365
700.0,834.5607176519509,24.491838657389984,8.163946219129995,2.4491838657389984
800.0,834.5607176519509,24.611718661267908,8.203906220422637,2.461171866126791
900.0,834.5607176519509,24.732463177192876,8.244154392397625,2.473246317719288
1000.0,834.5607176519509,24.85408045171919,8.284693483906397,2.485408045171919
1100.0,834.5607176519509,24.976578829347478,8.325526276449159,2.4976578829347478
1200.0,834.5607176519509,25.099966753918075,8.366655584639359,2.5099966753918075
1300.0,834.5607176519509,25.22425277002758,8.40808425667586,2.5224252770027578
1400.0,834.5607176519509,25.349445524468987,8.449815174822996,2.5349445524468988
1500.0,834.5607176519509,25.475553767695626,8.491851255898542,2.5475553767695627
1600.0,834.5607176519509,25.602586355309835,8.534195451769945,2.5602586355309835
1700.0,834.5607176519509,25.730552249576412,8.576850749858805,2.573055224957641
1800.0,834.5607176519509,25.85946052096131,8.61982017365377,2.585946052096131
1900.0,834.5607176519509,25.989320349696587,8.663106783232196,2.5989320349696587
2000.0,834.5607176519509,26.120141027371385,8.706713675790462,2.6120141027371386
2100.0,834.5607176519509,26.251931958549974,8.750643986183325,2.6251931958549974
2200.0,834.5607176519509,26.38470266241725,8.794900887472417,2.638470266241725
2300.0,834.5607176519509,26.518462774451983,8.839487591483994,2.6518462774451983
2400.0,834.5607176519509,26.653222048128757,8.884407349376252,2.6653222048128757
2500.0,834.5607176519509,26.788990356648817,8.929663452216273,2.6788990356648816
2600.0,834.5607176519509,26.925777694700614,8.975259231566872,2.6925777694700614
2700.0,834.5607176519509,27.063594180250412,9.02119806008347,2.706359418025041
2800.0,834.5607176519509,27.202450056363766,9.067483352121256,2.7202450056363765
2900.0,834.5607176519509,27.342355693058412,9.114118564352804,2.734235569305841
3000.0,834.5607176519509,27.48332158918901,9.161107196396337,2.748332158918901
3100.0,834.5607176519509,27.62535837436466,9.208452791454887,2.7625358374364657
3200.0,834.5607176519509,27.76847681089963,9.256158936966544,2.776847681089963
3300.0,834.5607176519509,27.912687795798014,9.304229265266004,2.7912687795798012
3400.0,834.5607176519509,28.058002362772996,9.352667454257665,2.8058002362772996
3500.0,834.5607176519509,28.20443168430146,9.401477228100488,2.8204431684301463
3600.0,834.5607176519509,28.351987073714593,9.450662357904864,2.8351987073714593
3700.0,834.5607176519509,28.50067998732513,9.50022666244171,2.8500679987325133
3800.0,834.5607176519509,28.650522026592157,9.550174008864053,2.8650522026592156
3900.0,834.5607176519509,28.801524940324164,9.600508313441388,2.8801524940324166
4000.0,834.5607176519509,28.953700626920902,9.651233542306967,2.8953700626920904
4100.0,834.5607176519509,29.10706113665528,9.702353712218427,2.910706113665528
4200.0,834.5607176519509,29.261618673995635,9.753872891331879,2.9261618673995633
4300.0,834.5607176519509,29.41738559996947,9.805795199989824,2.941738559996947
4400.0,834.5607176519509,29.57437443456952,9.858124811523174,2.957437443456952
4500.0,834.5607176519509,29.732597859202833,9.910865953067612,2.973259785920283
4600.0,834.5607176519509,29.89206871918393,9.964022906394643,2.989206871918393
4700.0,834.5607176519509,30.052800026272838,10.017600008757613,3.0052800026272837
4800.0,834.5607176519509,30.214804961258928,10.071601653752976,3.0214804961258928
4900.0,834.5607176519509,30.378096876591574,10.126032292197191,3.0378096876591574
5000.0,834.5607176519509,30.542689299058495,10.180896433019498,3.0542689299058496
5100.0,834.5607176519509,30.70859593251298,10.236198644170994,3.0708595932512983
5200.0,834.5607176519509,30.875830660650593,10.291943553550198,3.087583066065059
5300.0,834.5607176519509,31.04440754983693,10.348135849945644,3.1044407549836928
5400.0,834.5607176519509,31.214340851987135,10.404780283995711,3.1214340851987137
5500.0,834.5607176519509,31.385645007498212,10.46188166916607,3.1385645007498213
5600.0,834.5607176519509,31.558334648235626,10.519444882745209,3.1558334648235626
5700.0,834.5607176519509,31.732424600574888,10.577474866858296,3.1732424600574887
5800.0,834.5607176519509,31.907929888499552,10.63597662949985,3.1907929888499553
5900.0,834.5607176519509,32.08486573675689,10.69495524558563,3.208486573675689
6000.0,834.5607176519509,32.26324757407207,10.754415858024023,3.2263247574072067
6100.0,834.5607176519509,32.443091036422594,10.814363678807531,3.2443091036422596
6200.0,834.5607176519509,32.624411970373856,10.874803990124619,3.2624411970373854
6300.0,834.5607176519509,32.807226436477514,10.935742145492505,3.2807226436477515
6400.0,834.5607176519509,32.991550712733556,10.997183570911185,3.2991550712733555
6500.0,834.5607176519509,33.17740129811791,11.059133766039302,3.317740129811791
6600.0,834.5607176519509,33.364794916176756,11.121598305392252,3.3364794916176757
6700.0,834.5607176519509,33.553748518688906,11.18458283956297,3.3553748518688904
6800.0,834.5607176519509,33.744279289397916,11.248093096465972,3.3744279289397916
6900.0,834.5607176519509,33.93640464781554,11.31213488260518,3.393640464781554
7000.0,834.5607176519509,34.13014225309757,11.376714084365856,3.4130142253097566
7100.0,834.5607176519509,34.32551000799426,11.44183666933142,3.432551000799426
7200.0,834.5607176519509,34.52252606287668,11.50750868762556,3.4522526062876677
7300.0,834.5607176519509,34.72120881984055,11.573736273280183,3.472120881984055
7400.0,834.5607176519509,34.92157693688953,11.640525645629843,3.492157693688953
7500.0,834.5607176519509,35.12364933219957,11.70788311073319,3.512364933219957
7600.0,834.5607176519509,35.32744518846604,11.775815062822012,3.5327445188466036
7700.0,834.5607176519509,35.53298395733572,11.844327985778575,3.5532983957335724
7800.0,834.5607176519509,35.74028536392543,11.91342845464181,3.574028536392543
7900.0,834.5607176519509,35.94936941142888,11.983123137142961,3.594936941142888
8000.0,834.5607176519509,36.160256385814534,12.053418795271511,3.6160256385814535
8100.0,834.5607176519509,36.37296686061566,12.124322286871887,3.6372966860615663
8200.0,834.5607176519509,36.58752170181519,12.19584056727173,3.6587521701815193
8300.0,834.5607176519509,36.80394207282726,12.267980690942421,3.6803942072827263
8400.0,834.5607176519509,37.02224943957799,12.340749813192664,3.702224943957799
8500.0,834.5607176519509,37.24246557568709,12.414155191895697,3.7242465575687094
8600.0,834.5607176519509,37.46461256775335,12.488204189251116,3.746461256775335
8700.0,834.5607176519509,37.68871282074589,12.562904273581964,3.7688712820745893
8800.0,834.5607176519509,37.91478906350373,12.63826302116791,3.791478906350373
8900.0,834.5607176519509,38.14286435434615,12.714288118115384,3.814286435434615
9000.0,834.5607176519509,38.37296208679653,12.79098736226551,3.8372962086796525
9100.0,834.5607176519509,38.60510599542206,12.868368665140686,3.8605105995422058
9200.0,834.5607176519509,38.839320161792216,12.946440053930738,3.8839320161792217
9300.0,834.5607176519509,39.075629020558594,13.025209673519532,3.9075629020558593
9400.0,834.5607176519509,39.31405736565914,13.104685788553047,3.931405736565914
9500.0,834.5607176519509,39.554630356649284,13.184876785549761,3.9554630356649283
9600.0,834.5607176519509,39.79737352516359,13.265791175054531,3.9797373525163593
9700.0,834.5607176519509,40.04231278151031,13.347437593836771,4.004231278151031
9800.0,834.5607176519509,40.28947442140239,13.42982480713413,4.028947442140239
9900.0,834.5607176519509,40.5388851328282,13.512961710942733,4.0538885132828195
10000.0,834.5607176519509,40.790572003064874,13.596857334354958,4.0790572003064876
0.0,840.4692634500955,23.928091950607545,7.976030650202515,2.3928091950607544
100.0,840.4692634500955,24.043356665856262,8.014452221952087,2.4043356665856264
200.0,840.4692634500955,24.159439408368172,8.053146469456058,2.4159439408368173
300.0,840.4692634500955,24.276347857068032,8.09211595235601,2.427634785706803
400.0,840.4692634500955,24.394089780630015,8.131363260210005,2.4394089780630015
500.0,840.4692634500955,24.51267303873391,8.170891012911303,2.451267303873391
600.0,840.4692634500955,24.63210558334213,8.210701861114044,2.463210558334213
700.0,840.4692634500955,24.752395459997505,8.250798486665834,2.4752395459997505
800.0,840.4692634500955,24.87355080914223,8.29118360304741,2.487355080914223
900.0,840.4692634500955,24.995579867458723,8.331859955819574,2.4995579867458724
1000.0,840.4692634500955,25.11849096923238,8.37283032307746,2.511849096923238
1100.0,840.4692634500955,25.242292547736927,8.414097515912308,2.524229254773693
1200.0,840.4692634500955,25.366993136642623,8.455664378880874,2.536699313664262
1300.0,840.4692634500955,25.49260137144789,8.49753379048263,2.549260137144789
1400.0,840.4692634500955,25.619125990934748,8.539708663644916,2.561912599093475
1500.0,840.4692634500955,25.746575838648393,8.582191946216131,2.5746575838648393
1600.0,840.4692634500955,25.874959864401607,8.624986621467203,2.5874959864401608
1700.0,840.4692634500955,26.004287125804357,8.668095708601452,2.6004287125804355
1800.0,840.4692634500955,26.13456678981892,8.711522263272974,2.613456678981892
1900.0,840.4692634500955,26.265808134341384,8.755269378113795,2.6265808134341384
2000.0,840.4692634500955,26.3980205498096,8.799340183269868,2.63980205498096
2100.0,840.4692634500955,26.531213540838444,8.843737846946148,2.6531213540838445
2200.0,840.4692634500955,26.665396727882825,8.888465575960941,2.6665396727882826
2300.0,840.4692634500955,26.800579848928667,8.933526616309555,2.6800579848928665
2400.0,840.4692634500955,26.93677276121307,8.97892425373769,2.6936772761213073
2500.0,840.4692634500955,27.073985442973466,9.024661814324489,2.7073985442973467
2600.0,840.4692634500955,27.212227995226964,9.070742665075654,2.7212227995226965
2700.0,840.4692634500955,27.351510643579957,9.117170214526652,2.7351510643579955
2800.0,840.4692634500955,27.491843740069022,9.16394791335634,2.7491843740069024
2900.0,840.4692634500955,27.633237765033492,9.211079255011164,2.7633237765033494
3000.0,840.4692634500955,27.77570332902025,9.258567776340083,2.777570332902025
3100.0,840.4692634500955,27.919251174721623,9.306417058240541,2.791925117472162
3200.0,840.4692634500955,28.06389217894699,9.354630726315664,2.806389217894699
3300.0,840.4692634500955,28.209637354628324,9.403212451542775,2.8209637354628323
3400.0,840.4692634500955,28.35649785286119,9.452165950953729,2.835649785286119
3500.0,840.4692634500955,28.504484964981007,9.501494988327002,2.8504484964981005
3600.0,840.4692634500955,28.653610124676018,9.551203374892006,2.8653610124676017
3700.0,840.4692634500955,28.80388491013712,9.601294970045707,2.8803884910137123
3800.0,840.4692634500955,28.9553210462457,9.6517736820819,2.89553210462457
3900.0,840.4692634500955,29.107930406800136,9.70264346893338,2.9107930406800135
4000.0,840.4692634500955,29.26172501678146,9.753908338927154,2.9261725016781464
4100.0,840.4692634500955,29.41671705465963,9.805572351553211,2.9416717054659633
4200.0,840.4692634500955,29.572918854740397,9.857639618246798,2.9572918854740395
4300.0,840.4692634500955,29.730342909554224,9.910114303184741,2.9730342909554226
4400.0,840.4692634500955,29.889001872288006,9.963000624096003,2.9889001872288006
4500.0,840.4692634500955,30.04890855926012,10.016302853086707,3.004890855926012
4600.0,840.4692634500955,30.210075952440167,10.070025317480056,3.0210075952440167
4700.0,840.4692634500955,30.372517202014002,10.124172400671334,3.0372517202014
4800.0,840.4692634500955,30.536245628994998,10.178748542998333,3.0536245628994996
4900.0,840.4692634500955,30.701274727882787,10.233758242627596,3.0701274727882786
5000.0,840.4692634500955,30.86761816937002,10.289206056456672,3.0867618169370017
5100.0,840.4692634500955,31.035289803098635,10.345096601032878,3.1035289803098633
5200.0,840.4692634500955,31.204303660466103,10.4014345534887,3.12043036604661
5300.0,840.4692634500955,31.37467395748329,10.45822465249443,3.137467395748329
5400.0,840.4692634500955,31.546415097684534,10.515471699228177,3.1546415097684535
5500.0,840.4692634500955,31.719541675091243,10.573180558363747,3.1719541675091243
5600.0,840.4692634500955,31.894068477230185,10.631356159076729,3.1894068477230184
5700.0,840.4692634500955,32.07001048820751,10.690003496069169,3.207001048820751
5800.0,840.4692634500955,32.24738289183966,10.749127630613222,3.2247382891839664
5900.0,840.4692634500955,32.4262010748426,10.8087336916142,3.24262010748426
6000.0,840.4692634500955,32.606480630080256,10.868826876693419,3.2606480630080257
6100.0,840.4692634500955,32.78823735987366,10.92941245329122,3.278823735987366
6200.0,840.4692634500955,32.971487279372205,10.990495759790734,3.2971487279372207
6300.0,840.4692634500955,33.15624661998791,11.052082206662638,3.315624661998791
6400.0,840.4692634500955,33.34253183289458,11.114177277631526,3.3342531832894577
6500.0,840.4692634500955,33.53035959259271,11.176786530864236,3.353035959259271
6600.0,840.4692634500955,33.719746800542204,11.239915600180735,3.3719746800542203
6700.0,840.4692634500955,33.910710588863594,11.303570196287865,3.3910710588863595
6800.0,840.4692634500955,34.10326832411001,11.367756108036671,3.410326832411001
6900.0,840.4692634500955,34.29743761111093,11.432479203703643,3.429743761111093
7000.0,840.4692634500955,34.49323629688933,11.497745432296442,3.4493236296889327
7100.0,840.4692634500955,34.69068247465417,11.563560824884723,3.4690682474654166
7200.0,840.4692634500955,34.8897944878695,11.6299314959565,3.4889794487869503
7300.0,840.4692634500955,35.09059093440205,11.696863644800684,3.509059093440205
7400.0,840.4692634500955,35.29309067074892,11.764363556916306,3.529309067074892
7500.0,840.4692634500955,35.497312816347346,11.832437605449115,3.5497312816347346
7600.0,840.4692634500955,35.70327675796814,11.901092252656047,3.570327675796814
7700.0,840.4692634500955,35.91100215419471,11.970334051398238,3.591100215419471
7800.0,840.4692634500955,36.120508939989804,12.040169646663267,3.6120508939989806
7900.0,840.4692634500955,36.33181733135147,12.110605777117158,3.6331817331351473
8000.0,840.4692634500955,36.544947830060735,12.181649276686912,3.6544947830060734
8100.0,840.4692634500955,36.75992122852271,12.253307076174236,3.6759921228522705
8200.0,840.4692634500955,36.9767586147034,12.325586204901134,3.6976758614703398
8300.0,840.4692634500955,37.19548137716425,12.398493792388082,3.719548137716425
8400.0,840.4692634500955,37.41611121019699,12.472037070065662,3.741611121019699
8500.0,840.4692634500955,37.63867011906031,12.546223373020103,3.7638670119060307
8600.0,840.4692634500955,37.86318042532161,12.621060141773869,3.786318042532161
8700.0,840.4692634500955,38.08966477230563,12.696554924101877,3.8089664772305634
8800.0,840.4692634500955,38.318146130652494,12.772715376884165,3.8318146130652493
8900.0,840.4692634500955,38.54864780398775,12.849549267995917,3.854864780398775
9000.0,840.4692634500955,38.78119343470713,12.927064478235708,3.8781193434707126
9100.0,840.4692634500955,39.015807009878415,13.005269003292804,3.9015807009878416
9200.0,840.4692634500955,39.25251286726322,13.084170955754407,3.925251286726322
9300.0,840.4692634500955,39.49133570146156,13.163778567153853,3.949133570146156
9400.0,840.4692634500955,39.73230057018204,13.24410019006068,3.973230057018204
9500.0,840.4692634500955,39.97543290064046,13.325144300213488,3.9975432900640464
9600.0,840.4692634500955,40.22075849609002,13.406919498696674,4.022075849609002
9700.0,840.4692634500955,40.468303542486225,13.489434514162076,4.046830354248622
9800.0,840.4692634500955,40.71809461528933,13.572698205096444,4.071809461528933
9900.0,840.4692634500955,40.97015868640832,13.656719562136105,4.097015868640832
10000.0,840.4692634500955,41.2245231312887,13.741507710429566,4.1224523131288695
0.0,846.37780924824,24.180858626311426,8.060286208770476,2.4180858626311426
100.0,846.37780924824,24.297340951345305,8.099113650448436,2.4297340951345303
200.0,846.37780924824,24.414649944951194,8.138216648317064,2.4414649944951194
300.0,846.37780924824,24.53279336717091,8.17759778905697,2.453279336717091
400.0,846.37780924824,24.651779068743743,8.217259689581248,2.4651779068743744
500.0,846.37780924824,24.771614992375955,8.257204997458652,2.4771614992375954
600.0,846.37780924824,24.89230917403129,8.297436391343764,2.489230917403129
700.0,846.37780924824,25.01386974424241,8.337956581414137,2.501386974424241
800.0,846.37780924824,25.136304929443863,8.378768309814621,2.5136304929443862
900.0,846.37780924824,25.25962305332704,8.419874351109014,2.525962305332704
1000.0,846.37780924824,25.38383253821735,8.461277512739118,2.5383832538217352
1100.0,846.37780924824,25.508941906474206,8.502980635491403,2.5508941906474205
1200.0,846.37780924824,25.634959781914127,8.544986593971375,2.563495978191413
1300.0,846.37780924824,25.761894891257413,8.587298297085804,2.576189489125741
1400.0,846.37780924824,25.88975606559906,8.629918688533019,2.588975606559906
1500.0,846.37780924824,26.018552241903883,8.672850747301295,2.6018552241903885
1600.0,846.37780924824,26.148292464526865,8.716097488175622,2.6148292464526866
1700.0,846.37780924824,26.278985886758925,8.759661962252975,2.6278985886758925
1800.0,846.37780924824,26.410641772398375,8.803547257466125,2.6410641772398376
1900.0,846.37780924824,26.54326949734926,8.84775649911642,2.654326949734926
2000.0,846.37780924824,26.676878551246222,8.892292850415407,2.667687855124622
2100.0,846.37780924824,26.811478539107036,8.93715951303568,2.6811478539107036
2200.0,846.37780924824,26.947079183013173,8.982359727671058,2.6947079183013174
2300.0,846.37780924824,27.083690323818754,9.027896774606251,2.708369032381875
2400.0,846.37780924824,27.22132192288869,9.07377397429623,2.722132192288869
2500.0,846.37780924824,27.35998406386651,9.119994687955502,2.735998406386651
2600.0,846.37780924824,27.499686954472345,9.166562318157448,2.7499686954472344
2700.0,846.37780924824,27.640440928331792,9.21348030944393,2.764044092833179
2800.0,846.37780924824,27.782256446836115,9.260752148945372,2.7782256446836113
2900.0,846.37780924824,27.925144101034725,9.308381367011576,2.7925144101034727
3000.0,846.37780924824,28.06911461356001,9.356371537853336,2.806911461356001
3100.0,846.37780924824,28.2141788405858,9.404726280195266,2.82141788405858
3200.0,846.37780924824,28.36034777381963,9.453449257939877,2.836034777381963
3300.0,846.37780924824,28.50763254252965,9.502544180843216,2.850763254252965
3400.0,846.37780924824,28.656044415607063,9.552014805202354,2.8656044415607065
3500.0,846.37780924824,28.805594803664423,9.601864934554808,2.8805594803664425
3600.0,846.37780924824,28.9562952611708,9.652098420390267,2.89562952611708
3700.0,846.37780924824,29.10815748862442,9.702719162874807,2.910815748862442
3800.0,846.37780924824,29.261193334763554,9.753731111587852,2.9261193334763553
3900.0,846.37780924824,29.415414798816602,9.8051382662722,2.94154147988166
4000.0,846.37780924824,29.57083403279162,9.856944677597207,2.957083403279162
4100.0,846.37780924824,29.72746334380698,9.909154447935661,2.972746334380698
4200.0,846.37780924824,29.885315196463058,9.961771732154352,2.9885315196463056
4300.0,846.37780924824,30.044402215256355,10.014800738418785,3.0044402215256354
4400.0,846.37780924824,30.204737187036883,10.068245729012295,3.0204737187036885
4500.0,846.37780924824,30.36633306350945,10.122111021169816,3.036633306350945
4600.0,846.37780924824,30.52920296377992,10.17640098792664,3.052920296377992
4700.0,846.37780924824,30.693360176947362,10.231120058982453,3.069336017694736
4800.0,846.37780924824,30.858818164742978,10.286272721580993,3.0858818164742976
4900.0,846.37780924824,31.025590564216806,10.341863521405601,3.1025590564216805
5000.0,846.37780924824,31.193691190473157,10.397897063491053,3.119369119047316
5100.0,846.37780924824,31.363134039455993,10.454378013151997,3.136313403945599
5200.0,846.37780924824,31.53393329078479,10.511311096928264,3.153393329078479
5300.0,846.37780924824,31.706103310642586,10.568701103547529,3.1706103310642586
5400.0,846.37780924824,31.879658654716838,10.626552884905612,3.187965865471684
5500.0,846.37780924824,32.05461407119426,10.684871357064752,3.205461407119426
5600.0,846.37780924824,32.230984503811094,10.743661501270365,3.2230984503811095
5700.0,846.37780924824,32.40878509495951,10.802928364986505,3.240878509495951
5800.0,846.37780924824,32.58803118885163,10.862677062950544,3.258803118885163
5900.0,846.37780924824,32.76873833474248,10.922912778247493,3.276873833474248
6000.0,846.37780924824,32.95092229021266,10.98364076340422,3.295092229021266
6100.0,846.37780924824,33.13459902451256,11.044866341504187,3.313459902451256
6200.0,846.37780924824,33.31978472196909,11.10659490732303,3.3319784721969095
6300.0,846.37780924824,33.50649578545635,11.168831928485451,3.350649578545635
6400.0,846.37780924824,33.69474883993167,11.23158294664389,3.369474883993167
6500.0,846.37780924824,33.88456073603825,11.294853578679417,3.3884560736038254
6600.0,846.37780924824,34.07594855377615,11.358649517925384,3.407594855377615
6700.0,846.37780924824,34.268929606242686,11.422976535414229,3.4268929606242686
6800.0,846.37780924824,34.46352144344424,11.487840481148082,3.4463521443444245
6900.0,846.37780924824,34.65974185618056,11.55324728539352,3.465974185618056
7000.0,846.37780924824,34.85760888000337,11.619202960001124,3.485760888000337
7100.0,846.37780924824,35.05714079925094,11.685713599750313,3.505714079925094
7200.0,846.37780924824,35.25835615116026,11.752785383720086,3.5258356151160255
7300.0,846.37780924824,35.4612737300584,11.820424576686134,3.5461273730058402
7400.0,846.37780924824,35.66591259163485,11.88863753054495,3.566591259163485
7500.0,846.37780924824,35.87229205729685,11.957430685765617,3.5872292057296855
7600.0,846.37780924824,36.080431718609205,12.026810572869735,3.6080431718609205
7700.0,846.37780924824,36.29035144182064,12.096783813940213,3.629035144182064
7800.0,846.37780924824,36.50207137247878,12.167357124159594,3.650207137247878
7900.0,846.37780924824,36.715611940135275,12.238537313378425,3.6715611940135275
8000.0,846.37780924824,36.93099386314368,12.31033128771456,3.6930993863143677
8100.0,846.37780924824,37.14823815355166,12.382746051183886,3.714823815355166
8200.0,846.37780924824,37.36736612208995,12.455788707363316,3.7367366122089947
8300.0,846.37780924824,37.588399383260125,12.529466461086708,3.7588399383260125
8400.0,846.37780924824,37.81135986052357,12.603786620174523,3.7811359860523566
8500.0,846.37780924824,38.03626979159366,12.678756597197888,3.803626979159366
8600.0,846.37780924824,38.26315173383381,12.754383911277936,3.8263151733833807
8700.0,846.37780924824,38.492028569763654,12.830676189921219,3.8492028569763654
8800.0,846.37780924824,38.72292351267583,12.907641170891942,3.872292351267583
8900.0,846.37780924824,38.95586011236598,12.985286704121995,3.895586011236598
9000.0,846.37780924824,39.190862260978555,13.063620753659519,3.9190862260978556
9100.0,846.37780924824,39.42795419897097,13.142651399656991,3.9427954198970974
9200.0,846.37780924824,39.66716052119913,13.22238684039971,3.9667160521199127
9300.0,846.37780924824,39.90850618312676,13.302835394375586,3.990850618312676
9400.0,846.37780924824,40.15201650716202,13.384005502387339,4.015201650716202
9500.0,846.37780924824,40.39771718912346,13.46590572970782,4.0397717189123465
9600.0,846.37780924824,40.645634304839454,13.548544768279818,4.064563430483945
9700.0,846.37780924824,40.8957943168833,13.631931438961098,4.08957943168833
9800.0,846.37780924824,41.14822408144768,13.716074693815893,4.114822408144768
9900.0,846.37780924824,41.40295085536188,13.80098361845396,4.140295085536188
10000.0,846.37780924824,41.66000230325456,13.886667434418186,4.166000230325456
0.0,852.2863550463846,24.4345091284358,8.144836376145266,2.4434509128435797
100.0,852.2863550463846,24.552213320761073,8.184071106920358,2.4552213320761074
200.0,852.2863550463846,24.670752853182464,8.223584284394155,2.4670752853182463
300.0,852.2863550463846,24.790135567142467,8.263378522380822,2.479013556714247
400.0,852.2863550463846,24.91036939573246,8.303456465244153,2.491036939573246
500.0,852.2863550463846,25.031462364975486,8.343820788325162,2.5031462364975487
600.0,852.2863550463846,25.153422595130316,8.384474198376772,2.5153422595130315
700.0,852.2863550463846,25.27625830201665,8.42541943400555,2.527625830201665
800.0,852.2863550463846,25.39997779836205,8.466659266120683,2.539997779836205
900.0,852.2863550463846,25.52458949517113,8.508196498390378,2.552458949517113
1000.0,852.2863550463846,25.650101903117147,8.550033967705716,2.565010190311715
1100.0,852.2863550463846,25.776523633956703,8.592174544652234,2.5776523633956705
1200.0,852.2863550463846,25.90386340196777,8.634621133989256,2.590386340196777
1300.0,852.2863550463846,26.03213002541151,8.67737667513717,2.603213002541151
1400.0,852.2863550463846,26.16133242801868,8.720444142672894,2.616133242801868
1500.0,852.2863550463846,26.29147964050034,8.763826546833448,2.629147964050034
1600.0,852.2863550463846,26.4225808020843,8.8075269340281,2.64225808020843
1700.0,852.2863550463846,26.55464516207691,8.851548387358969,2.655464516207691
1800.0,852.2863550463846,26.68768208145119,8.895894027150396,2.668768208145119
1900.0,852.2863550463846,26.821701034461803,8.940567011487268,2.6821701034461802
2000.0,852.2863550463846,26.956711610287044,8.985570536762348,2.6956711610287045
2100.0,852.2863550463846,27.092723514698655,9.030907838232885,2.7092723514698656
2200.0,852.2863550463846,27.229746571760035,9.076582190586679,2.7229746571760036
2300.0,852.2863550463846,27.367790725553142,9.122596908517714,2.736779072555314
2400.0,852.2863550463846,27.506866041934853,9.168955347311618,2.7506866041934854
2500.0,852.2863550463846,27.646982710323304,9.215660903441101,2.7646982710323305
2600.0,852.2863550463846,27.788151045514798,9.2627170151716,2.7788151045514797
2700.0,852.2863550463846,27.930381489531776,9.310127163177258,2.7930381489531775
2800.0,852.2863550463846,28.073684613502625,9.357894871167542,2.8073684613502623
2900.0,852.2863550463846,28.2180711195739,9.406023706524634,2.8218071119573898
3000.0,852.2863550463846,28.36355184285546,9.454517280951821,2.836355184285546
3100.0,852.2863550463846,28.510137753399352,9.503379251133117,2.8510137753399354
3200.0,852.2863550463846,28.65783995821309,9.552613319404363,2.865783995821309
3300.0,852.2863550463846,28.80666970330778,9.602223234435927,2.880666970330778
3400.0,852.2863550463846,28.956638375782155,9.652212791927385,2.8956638375782155
3500.0,852.2863550463846,29.107757505942924,9.702585835314308,2.9107757505942926
3600.0,852.2863550463846,29.260038769462337,9.753346256487445,2.9260038769462335
3700.0,852.2863550463846,29.413493989573603,9.804497996524534,2.9413493989573603
3800.0,852.2863550463846,29.56813513930497,9.856045046434991,2.956813513930497
3900.0,852.2863550463846,29.723974343753426,9.907991447917809,2.9723974343753428
4000.0,852.2863550463846,29.881023882398225,9.960341294132741,2.9881023882398225
4100.0,852.2863550463846,30.039296191455982,10.013098730485327,3.003929619145598
4200.0,852.2863550463846,30.198803866277267,10.066267955425756,3.019880386627727
4300.0,852.2863550463846,30.359559663786072,10.119853221262025,3.0359559663786073
4400.0,852.2863550463846,30.521576504962912,10.173858834987637,3.0521576504962913
4500.0,852.2863550463846,30.684867477372407,10.228289159124136,3.0684867477372406
4600.0,852.2863550463846,30.849445837736155,10.283148612578719,3.0849445837736154
4700.0,852.2863550463846,31.015325014552243,10.338441671517414,3.101532501455224
4800.0,852.2863550463846,31.182518610761647,10.394172870253882,3.118251861076165
4900.0,852.2863550463846,31.35104040646333,10.450346802154444,3.135104040646333
5000.0,852.2863550463846,31.5209043616782,10.5069681205594,3.15209043616782
5100.0,852.2863550463846,31.692124619163767,10.564041539721256,3.1692124619163766
5200.0,852.2863550463846,31.864715507279815,10.621571835759939,3.1864715507279815
5300.0,852.2863550463846,32.03869154290663,10.679563847635544,3.2038691542906634
5400.0,852.2863550463846,32.21406743441681,10.738022478138937,3.221406743441681
5500.0,852.2863550463846,32.39085808470147,10.79695269490049,3.239085808470147
5600.0,852.2863550463846,32.56907859425248,10.856359531417494,3.2569078594252483
5700.0,852.2863550463846,32.748744264301514,10.916248088100504,3.2748744264301513
5800.0,852.2863550463846,32.92987060001723,10.976623533339078,3.2929870600017233
5900.0,852.2863550463846,33.11247331376202,11.037491104587339,3.311247331376202
6000.0,852.2863550463846,33.29656832840914,11.098856109469713,3.3296568328409135
6100.0,852.2863550463846,33.48217178072198,11.160723926907325,3.348217178072198
6200.0,852.2863550463846,33.669300024796556,11.223100008265519,3.3669300024796556
6300.0,852.2863550463846,33.85796963556858,11.28598987852286,3.385796963556858
6400.0,852.2863550463846,34.04819741238656,11.349399137462186,3.4048197412386556
6500.0,852.2863550463846,34.24000038265228,11.413333460884095,3.4240000382652283
6600.0,852.2863550463846,34.433395805530246,11.477798601843416,3.4433395805530247
6700.0,852.2863550463846,34.628401175727404,11.542800391909134,3.4628401175727404
6800.0,852.2863550463846,34.8250342273448,11.608344742448267,3.48250342273448
6900.0,852.2863550463846,35.02331293780276,11.674437645934253,3.5023312937802755
7000.0,852.2863550463846,35.2232555318409,11.741085177280299,3.52232555318409
7100.0,852.2863550463846,35.424880485595196,11.808293495198399,3.5424880485595196
7200.0,852.2863550463846,35.6282065307531,11.876068843584365,3.5628206530753097
7300.0,852.2863550463846,35.83325265878891,11.944417552929636,3.5833252658788908
7400.0,852.2863550463846,36.04003812528105,12.01334604176035,3.604003812528105
7500.0,852.2863550463846,36.24858245431298,12.082860818104328,3.624858245431298
7600.0,852.2863550463846,36.458905442959555,12.152968480986518,3.6458905442959555
7700.0,852.2863550463846,36.671027165860956,12.223675721953652,3.6671027165860957
7800.0,852.2863550463846,36.88496797988602,12.294989326628674,3.688496797988602
7900.0,852.2863550463846,37.10074852888674,12.36691617629558,3.710074852888674
8000.0,852.2863550463846,37.31838974854642,12.439463249515475,3.731838974854642
8100.0,852.2863550463846,37.537912871323314,12.512637623774438,3.7537912871323313
8200.0,852.2863550463846,37.7593394314918,12.586446477163934,3.7759339431491803
8300.0,852.2863550463846,37.98269127028357,12.660897090094522,3.7982691270283566
8400.0,852.2863550463846,38.207990541131046,12.735996847043682,3.8207990541131047
8500.0,852.2863550463846,38.435259715015064,12.811753238338355,3.8435259715015064
8600.0,852.2863550463846,38.664521585919516,12.888173861973172,3.866452158591952
8700.0,852.2863550463846,38.895799276395316,12.965266425465105,3.8895799276395318
8800.0,852.2863550463846,39.12911624323611,13.04303874774537,3.9129116243236113
8900.0,852.2863550463846,39.36449628326838,13.12149876108946,3.936449628326838
9000.0,852.2863550463846,39.601963539258534,13.200654513086178,3.9601963539258533
9100.0,852.2863550463846,39.84154250593968,13.28051416864656,3.984154250593968
9200.0,852.2863550463846,40.0832580361609,13.361086012053633,4.00832580361609
9300.0,852.2863550463846,40.32713534716186,13.442378449053953,4.032713534716185
9400.0,852.2863550463846,40.57320002697573,13.52440000899191,4.057320002697573
9500.0,852.2863550463846,40.82147804096309,13.607159346987698,4.0821478040963095
9600.0,852.2863550463846,41.07199573848052,13.690665246160172,4.107199573848051
9700.0,852.2863550463846,41.32477985968636,13.774926619895453,4.132477985968636
9800.0,852.2863550463846,41.57985754248734,13.859952514162446,4.157985754248734
9900.0,852.2863550463846,41.837256329629284,13.945752109876429,4.183725632962928
10000.0,852.2863550463846,42.09700417593516,14.03233472531172,4.209700417593516
0.0,858.1949008445292,24.689040388015485,8.229680129338496,2.4689040388015484
100.0,858.1949008445292,24.807970690354793,8.269323563451598,2.4807970690354795
200.0,858.1949008445292,24.92774503442468,8.309248344808227,2.492774503442468
300.0,858.1949008445292,25.048371343351,8.349457114450333,2.5048371343351
400.0,858.1949008445292,25.16985763286313,8.389952544287711,2.5169857632863133
500.0,858.1949008445292,25.292212012590223,8.430737337530074,2.5292212012590225
600.0,858.1949008445292,25.415442687378775,8.471814229126258,2.5415442687378773
700.0,858.1949008445292,25.53955795863167,8.513185986210557,2.5539557958631667
800.0,858.1949008445292,25.664566225669123,8.554855408556374,2.5664566225669123
900.0,858.1949008445292,25.790475987112135,8.596825329037378,2.5790475987112136
1000.0,858.1949008445292,25.917295842288606,8.639098614096202,2.591729584228861
1100.0,858.1949008445292,26.045034492662737,8.681678164220912,2.6045034492662738
1200.0,858.1949008445292,26.173700743288034,8.724566914429344,2.6173700743288033
1300.0,858.1949008445292,26.303303504284436,8.767767834761479,2.6303303504284434
1400.0,858.1949008445292,26.433851792340064,8.811283930780021,2.6433851792340066
1500.0,858.1949008445292,26.565354732237804,8.855118244079268,2.6565354732237805
1600.0,858.1949008445292,26.697821558407657,8.899273852802553,2.6697821558407657
1700.0,858.1949008445292,26.831261616504843,8.943753872168282,2.6831261616504842
1800.0,858.1949008445292,26.96568436501451,8.988561455004836,2.696568436501451
1900.0,858.1949008445292,27.101099376883457,9.033699792294486,2.7101099376883457
2000.0,858.1949008445292,27.237516341179212,9.079172113726404,2.7237516341179213
2100.0,858.1949008445292,27.37494506477739,9.12498168825913,2.7374945064777387
2200.0,858.1949008445292,27.513395474077452,9.171131824692484,2.751339547407745
2300.0,858.1949008445292,27.652877616747592,9.217625872249197,2.765287761674759
2400.0,858.1949008445292,27.793401663499495,9.264467221166498,2.7793401663499493
2500.0,858.1949008445292,27.9349779098932,9.311659303297732,2.7934977909893197
2600.0,858.1949008445292,28.07761677817297,9.359205592724324,2.807761677817297
2700.0,858.1949008445292,28.22132881913449,9.407109606378164,2.8221328819134492
2800.0,858.1949008445292,28.366124714024306,9.455374904674768,2.8366124714024306
2900.0,858.1949008445292,28.51201527647189,9.504005092157296,2.8512015276471887
3000.0,858.1949008445292,28.65901145445511,9.553003818151703,2.8659011454455112
3100.0,858.1949008445292,28.807124332299683,9.602374777433228,2.8807124332299683
3200.0,858.1949008445292,28.95636513271346,9.652121710904487,2.895636513271346
3300.0,858.1949008445292,29.106745218855824,9.702248406285275,2.9106745218855825
3400.0,858.1949008445292,29.258276096443552,9.752758698814517,2.9258276096443554
3500.0,858.1949008445292,29.410969415893085,9.803656471964361,2.9410969415893087
3600.0,858.1949008445292,29.564836974500732,9.85494565816691,2.9564836974500732
3700.0,858.1949008445292,29.719890718660864,9.906630239553621,2.971989071866086
3800.0,858.1949008445292,29.876142746123282,9.95871424870776,2.987614274612328
3900.0,858.1949008445292,30.033605308290593,10.011201769430198,3.003360530829059
4000.0,858.1949008445292,30.19229081255587,10.064096937518624,3.0192290812555873
4100.0,858.1949008445292,30.352211824682282,10.117403941560761,3.035221182468228
4200.0,858.1949008445292,30.5133810712246,10.171127023741533,3.05133810712246
4300.0,858.1949008445292,30.675811441994103,10.225270480664701,3.0675811441994103
4400.0,858.1949008445292,30.839515992567566,10.279838664189189,3.0839515992567565
4500.0,858.1949008445292,31.004507946841134,10.334835982280378,3.1004507946841136
4600.0,858.1949008445292,31.170800699630078,10.390266899876693,3.117080069963008
4700.0,858.1949008445292,31.338407819315453,10.446135939771818,3.1338407819315455
4800.0,858.1949008445292,31.50734305053841,10.502447683512804,3.150734305053841
4900.0,858.1949008445292,31.677620316943468,10.55920677231449,3.167762031694347
5000.0,858.1949008445292,31.849253723971373,10.616417907990458,3.1849253723971374
5100.0,858.1949008445292,32.02225756170299,10.674085853900998,3.202225756170299
5200.0,858.1949008445292,32.19664630775485,10.732215435918283,3.2196646307754846
5300.0,858.1949008445292,32.37243463022779,10.790811543409262,3.2372434630227787
5400.0,858.1949008445292,32.549637390709684,10.84987913023656,3.2549637390709685
5500.0,858.1949008445292,32.72826964733324,10.909423215777748,3.272826964733324
5600.0,858.1949008445292,32.908346657890284,10.969448885963429,3.2908346657890286
5700.0,858.1949008445292,33.08988388300354,11.029961294334512,3.308988388300354
5800.0,858.1949008445292,33.272896989357065,11.090965663119022,3.3272896989357066
5900.0,858.1949008445292,33.45740185298698,11.152467284328994,3.3457401852986983
6000.0,858.1949008445292,33.64341456263318,11.214471520877728,3.3643414562633183
6100.0,858.1949008445292,33.8309514231537,11.2769838077179,3.38309514231537
6200.0,858.1949008445292,34.02002895900315,11.340009653001049,3.402002895900315
6300.0,858.1949008445292,34.210663917776316,11.403554639258772,3.4210663917776314
6400.0,858.1949008445292,34.40287327381841,11.467624424606136,3.440287327381841
6500.0,858.1949008445292,34.596674231903584,11.532224743967861,3.4596674231903584
6600.0,858.1949008445292,34.792084230982915,11.597361410327638,3.4792084230982914
6700.0,858.1949008445292,34.98912094800354,11.66304031600118,3.498912094800354
6800.0,858.1949008445292,35.18780230180045,11.729267433933485,3.5187802301800453
6900.0,858.1949008445292,35.388146457062525,11.796048819020841,3.5388146457062524
7000.0,858.1949008445292,35.59017182837428,11.863390609458094,3.559017182837428
7100.0,858.1949008445292,35.793897084335256,11.931299028111752,3.5793897084335256
7200.0,858.1949008445292,35.9993411517586,11.999780383919534,3.59993411517586
7300.0,858.1949008445292,36.20652321995047,12.068841073316824,3.620652321995047
7400.0,858.1949008445292,36.41546274507225,12.138487581690748,3.641546274507225
7500.0,858.1949008445292,36.62617945458736,12.208726484862453,3.6626179454587358
7600.0,858.1949008445292,36.83869335179434,12.279564450598114,3.683869335179434
7700.0,858.1949008445292,37.05302472044841,12.35100824014947,3.705302472044841
7800.0,858.1949008445292,37.269194129473405,12.423064709824468,3.7269194129473404
7900.0,858.1949008445292,37.48722243776575,12.495740812588584,3.7487222437765753
8000.0,858.1949008445292,37.707130799093214,12.569043599697737,3.7707130799093216
8100.0,858.1949008445292,37.928940667089876,12.642980222363292,3.7928940667089877
8200.0,858.1949008445292,38.15267380035004,12.717557933450012,3.815267380035004
8300.0,858.1949008445292,38.3783522676228,12.7927840892076,3.83783522676228
8400.0,858.1949008445292,38.60599845311013,12.868666151036711,3.8605998453110133
8500.0,858.1949008445292,38.8356350618703,12.945211687290099,3.8835635061870297
8600.0,858.1949008445292,39.06728512532931,13.02242837510977,3.9067285125329314
8700.0,858.1949008445292,39.300972006902846,13.10032400230095,3.930097200690285
8800.0,858.1949008445292,39.536719407731034,13.178906469243678,3.9536719407731034
8900.0,858.1949008445292,39.77455137252901,13.258183790843004,3.977455137252901
9000.0,858.1949008445292,40.01449229555532,13.33816409851844,4.001449229555532
9100.0,858.1949008445292,40.256566926701744,13.418855642233915,4.025656692670174
9200.0,858.1949008445292,40.50080037770638,13.500266792568794,4.0500800377706385
9300.0,858.1949008445292,40.74721812849379,13.582406042831265,4.074721812849379
9400.0,858.1949008445292,40.99584603364449,13.66528201121483,4.099584603364449
9500.0,858.1949008445292,41.246710328997025,13.748903442999008,4.124671032899703
9600.0,858.1949008445292,41.499837638385955,13.833279212795318,4.149983763838596
9700.0,858.1949008445292,41.75525498051857,13.918418326839523,4.175525498051857
9800.0,858.1949008445292,42.01298977599379,14.004329925331263,4.201298977599379
9900.0,858.1949008445292,42.27306985446683,14.091023284822278,4.227306985446683
10000.0,858.1949008445292,42.53552346196257,14.17850782065419,4.2535523461962566
0.0,864.1034466426739,24.94444936783481,8.314816455944937,2.494444936783481
100.0,864.1034466426739,25.064610008280123,8.354870002760041,2.506461000828012
200.0,864.1034466426739,25.185623422097024,8.395207807365674,2.5185623422097025
300.0,864.1034466426739,25.307497614376363,8.435832538125455,2.530749761437636
400.0,864.1034466426739,25.430240683770524,8.476746894590175,2.5430240683770524
500.0,864.1034466426739,25.553860823803053,8.51795360793435,2.555386082380305
600.0,864.1034466426739,25.678366324199878,8.55945544139996,2.5678366324199877
700.0,864.1034466426739,25.80376557224217,8.60125519074739,2.580376557224217
800.0,864.1034466426739,25.9300670541414,8.6433556847138,2.59300670541414
900.0,864.1034466426739,26.057279356437117,8.68575978547904,2.6057279356437117
1000.0,864.1034466426739,26.18541116741756,8.728470389139186,2.618541116741756
1100.0,864.1034466426739,26.314471278563868,8.771490426187956,2.631447127856387
1200.0,864.1034466426739,26.444468586018143,8.814822862006048,2.6444468586018144
1300.0,864.1034466426739,26.57541209207583,8.85847069735861,2.657541209207583
1400.0,864.1034466426739,26.707310906702975,8.902436968900991,2.6707310906702975
1500.0,864.1034466426739,26.840174249078693,8.946724749692898,2.684017424907869
1600.0,864.1034466426739,26.974011449163445,8.991337149721149,2.6974011449163444
1700.0,864.1034466426739,27.108831949293624,9.036277316431208,2.7108831949293624
1800.0,864.1034466426739,27.2446453058027,9.081548435267566,2.7244645305802697
1900.0,864.1034466426739,27.381461190669942,9.127153730223315,2.738146119066994
2000.0,864.1034466426739,27.519289393196654,9.173096464398885,2.7519289393196655
2100.0,864.1034466426739,27.658139821710872,9.21937994057029,2.765813982171087
2200.0,864.1034466426739,27.798022505301024,9.266007501767008,2.7798022505301025
2300.0,864.1034466426739,27.938947595578796,9.312982531859598,2.7938947595578796
2400.0,864.1034466426739,28.080925368472215,9.360308456157405,2.8080925368472216
2500.0,864.1034466426739,28.223966226049253,9.407988742016418,2.8223966226049253
2600.0,864.1034466426739,28.368080698372648,9.45602689945755,2.836808069837265
2700.0,864.1034466426739,28.51327944538645,9.504426481795482,2.851327944538645
2800.0,864.1034466426739,28.659573258835046,9.553191086278348,2.8659573258835045
2900.0,864.1034466426739,28.806973064215306,9.602324354738435,2.8806973064215304
3000.0,864.1034466426739,28.955489922762286,9.651829974254095,2.8955489922762285
3100.0,864.1034466426739,29.105135033469455,9.701711677823152,2.9105135033469454
3200.0,864.1034466426739,29.25591973514395,9.751973245047983,2.925591973514395
3300.0,864.1034466426739,29.40785550849746,9.802618502832486,2.940785550849746
3400.0,864.1034466426739,29.560953978273755,9.853651326091251,2.9560953978273754
3500.0,864.1034466426739,29.71522691541328,9.905075638471093,2.971522691541328
3600.0,864.1034466426739,29.870686239255775,9.956895413085258,2.9870686239255777
3700.0,864.1034466426739,30.027344019781456,10.009114673260486,3.0027344019781457
3800.0,864.1034466426739,30.185212479891796,10.061737493297265,3.0185212479891796
3900.0,864.1034466426739,30.344303997730567,10.114767999243522,3.034430399773057
4000.0,864.1034466426739,30.50463110904576,10.16821036968192,3.050463110904576
4100.0,864.1034466426739,30.66620650959379,10.222068836531262,3.0666206509593787
4200.0,864.1034466426739,30.829043057586087,10.27634768586203,3.0829043057586087
4300.0,864.1034466426739,30.993153776179472,10.331051258726491,3.0993153776179474
4400.0,864.1034466426739,31.158551856011133,10.38618395200371,3.1158551856011134
4500.0,864.1034466426739,31.325250657778856,10.44175021925962,3.1325250657778856
4600.0,864.1034466426739,31.493263714867755,10.497754571622584,3.1493263714867754
4700.0,864.1034466426739,31.662604736024242,10.554201578674748,3.1662604736024242
4800.0,864.1034466426739,31.833287608078273,10.611095869359424,3.1833287608078273
4900.0,864.1034466426739,32.005326398714956,10.668442132904985,3.2005326398714957
5000.0,864.1034466426739,32.178735359296304,10.726245119765435,3.2178735359296304
5100.0,864.1034466426739,32.35352892773456,10.784509642578186,3.235352892773456
5200.0,864.1034466426739,32.5297217314177,10.843240577139234,3.25297217314177
5300.0,864.1034466426739,32.707328590188574,10.90244286339619,3.2707328590188576
5400.0,864.1034466426739,32.886364519378716,10.962121506459573,3.2886364519378715
5500.0,864.1034466426739,33.06684473289772,11.022281577632574,3.306684473289772
5600.0,864.1034466426739,33.24878464637982,11.082928215459939,3.324878464637982
5700.0,864.1034466426739,33.43219988038837,11.144066626796123,3.343219988038837
5800.0,864.1034466426739,33.61710626367987,11.205702087893291,3.3617106263679872
5900.0,864.1034466426739,33.80351983652857,11.267839945509524,3.380351983652857
6000.0,864.1034466426739,33.991456854112926,11.330485618037642,3.3991456854112925
6100.0,864.1034466426739,34.1809337899653,11.3936445966551,3.41809337899653
6200.0,864.1034466426739,34.371967339486375,11.457322446495459,3.4371967339486376
6300.0,864.1034466426739,34.564574423525364,11.521524807841788,3.4564574423525363
6400.0,864.1034466426739,34.75877219202768,11.586257397342559,3.4758772192027676
6500.0,864.1034466426739,34.95457802775147,11.651526009250489,3.495457802775147
6600.0,864.1034466426739,35.15200955005434,11.71733651668478,3.515200955005434
6700.0,864.1034466426739,35.35108461875207,11.783694872917357,3.5351084618752067
6800.0,864.1034466426739,35.55182133805063,11.850607112683543,3.555182133805063
6900.0,864.1034466426739,35.754238060553234,11.918079353517745,3.5754238060553236
7000.0,864.1034466426739,35.9583533913439,11.986117797114632,3.59583533913439
7100.0,864.1034466426739,36.16418619214951,12.054728730716503,3.616418619214951
7200.0,864.1034466426739,36.37175558558171,12.123918528527236,3.637175558558171
7300.0,864.1034466426739,36.58108095946072,12.193693653153574,3.658108095946072
7400.0,864.1034466426739,36.792181971222604,12.264060657074202,3.6792181971222604
7500.0,864.1034466426739,37.00507855241204,12.335026184137346,3.7005078552412036
7600.0,864.1034466426739,37.219790913262386,12.406596971087462,3.7219790913262387
7700.0,864.1034466426739,37.436339547365066,12.478779849121688,3.7436339547365067
7800.0,864.1034466426739,37.654745236430074,12.55158174547669,3.7654745236430074
7900.0,864.1034466426739,37.875029055139905,12.625009685046635,3.7875029055139904
8000.0,864.1034466426739,38.09721237609875,12.699070792032918,3.8097212376098755
8100.0,864.1034466426739,38.32131687487931,12.773772291626436,3.832131687487931
8200.0,864.1034466426739,38.547364535169265,12.849121511723089,3.8547364535169266
8300.0,864.1034466426739,38.77537765401969,12.92512588467323,3.877537765401969
8400.0,864.1034466426739,39.00537884719795,13.001792949065985,3.900537884719795
8500.0,864.1034466426739,39.237391054646885,13.079130351548962,3.9237391054646884
8600.0,864.1034466426739,39.471437546053416,13.157145848684472,3.9471437546053414
8700.0,864.1034466426739,39.70754192652854,13.235847308842848,3.970754192652854
8800.0,864.1034466426739,39.945728142401556,13.315242714133852,3.9945728142401555
8900.0,864.1034466426739,40.18602048713099,13.395340162376996,4.018602048713099
9000.0,864.1034466426739,40.428443607334835,13.476147869111612,4.042844360733484
9100.0,864.1034466426739,40.67302250894335,13.557674169647782,4.067302250894334
9200.0,864.1034466426739,40.91978256347645,13.639927521158818,4.0919782563476454
9300.0,864.1034466426739,41.16874951444939,13.722916504816462,4.116874951444939
9400.0,864.1034466426739,41.41994948390925,13.80664982796975,4.141994948390925
9500.0,864.1034466426739,41.6734089791052,13.891136326368398,4.1673408979105195
9600.0,864.1034466426739,41.92915489929633,13.976384966432109,4.192915489929633
9700.0,864.1034466426739,42.18721454269932,14.062404847566441,4.218721454269932
9800.0,864.1034466426739,42.447615613580226,14.149205204526742,4.244761561358023
9900.0,864.1034466426739,42.710386229492954,14.236795409830984,4.271038622949296
10000.0,864.1034466426739,42.97555492866853,14.325184976222843,4.297555492866853
0.0,870.0119924408185,25.2007330618839,8.4002443539613,2.5200733061883898
100.0,870.0119924408185,25.32212825404686,8.44070941801562,2.532212825404686
200.0,870.0119924408185,25.444384981126166,8.48146166037539,2.5444384981126165
300.0,870.0119924408185,25.567511330458395,8.522503776819464,2.5567511330458395
400.0,870.0119924408185,25.691515483902936,8.563838494634313,2.569151548390294
500.0,870.0119924408185,25.816405719165047,8.605468573055015,2.5816405719165045
600.0,870.0119924408185,25.942190411140754,8.647396803713585,2.5942190411140755
700.0,870.0119924408185,26.06887803328364,8.689626011094546,2.606887803328364
800.0,870.0119924408185,26.196477158994043,8.732159052998014,2.6196477158994043
900.0,870.0119924408185,26.324996463031116,8.774998821010373,2.6324996463031116
1000.0,870.0119924408185,26.454444722948104,8.818148240982701,2.6454444722948103
1100.0,870.0119924408185,26.584830820551414,8.861610273517138,2.6584830820551413
1200.0,870.0119924408185,26.71616374338366,8.90538791446122,2.671616374338366
1300.0,870.0119924408185,26.84845258623148,8.949484195410493,2.684845258623148
1400.0,870.0119924408185,26.98170655265832,8.99390218421944,2.698170655265832
1500.0,870.0119924408185,27.11593495656279,9.03864498552093,2.711593495656279
1600.0,870.0119924408185,27.25114722376299,9.08371574125433,2.7251147223762993
1700.0,870.0119924408185,27.387352893607584,9.129117631202528,2.7387352893607586
1800.0,870.0119924408185,27.524561620613483,9.174853873537828,2.7524561620613484
1900.0,870.0119924408185,27.66278317613159,9.220927725377196,2.766278317613159
2000.0,870.0119924408185,27.802027450040224,9.267342483346741,2.7802027450040225
2100.0,870.0119924408185,27.94230445246735,9.314101484155783,2.7942304452467353
2200.0,870.0119924408185,28.08362431554203,9.361208105180676,2.808362431554203
2300.0,870.0119924408185,28.225997295175365,9.408665765058455,2.8225997295175365
2400.0,870.0119924408185,28.369433772872146,9.456477924290715,2.8369433772872146
2500.0,870.0119924408185,28.51394425757301,9.504648085857669,2.851394425757301
2600.0,870.0119924408185,28.65953938752843,9.55317979584281,2.8659539387528428
2700.0,870.0119924408185,28.806229932204594,9.602076644068198,2.8806229932204594
2800.0,870.0119924408185,28.954026794222205,9.651342264740736,2.8954026794222205
2900.0,870.0119924408185,29.102941011328607,9.700980337109536,2.9102941011328607
3000.0,870.0119924408185,29.252983758403968,9.750994586134656,2.9252983758403968
3100.0,870.0119924408185,29.404166349502177,9.801388783167392,2.9404166349502177
3200.0,870.0119924408185,29.5565002399273,9.852166746642434,2.95565002399273
3300.0,870.0119924408185,29.709997028345885,9.903332342781962,2.9709997028345887
3400.0,870.0119924408185,29.864668458936386,9.954889486312128,2.9864668458936388
3500.0,870.0119924408185,30.020526423575976,10.006842141191992,3.0020526423575977
3600.0,870.0119924408185,30.1775829640658,10.059194321355266,3.01775829640658
3700.0,870.0119924408185,30.335850274395185,10.111950091465062,3.0335850274395186
3800.0,870.0119924408185,30.495340703045873,10.165113567681958,3.0495340703045875
3900.0,870.0119924408185,30.656066755336873,10.218688918445624,3.0656066755336875
4000.0,870.0119924408185,30.818041095810678,10.272680365270226,3.0818041095810678
4100.0,870.0119924408185,30.981276550662137,10.327092183554045,3.0981276550662136
4200.0,870.0119924408185,31.14578611021025,10.381928703403416,3.1145786110210247
4300.0,870.0119924408185,31.31158293141403,10.437194310471343,3.131158293141403
4400.0,870.0119924408185,31.478680340433637,10.492893446811212,3.1478680340433636
4500.0,870.0119924408185,31.647091835237017,10.549030611745673,3.164709183523702
4600.0,870.0119924408185,31.81683108825368,10.605610362751227,3.181683108825368
4700.0,870.0119924408185,31.987911949076143,10.662637316358714,3.1987911949076144
4800.0,870.0119924408185,32.160348447210104,10.720116149070035,3.2160348447210105
4900.0,870.0119924408185,32.334154794874564,10.77805159829152,3.2334154794874563
5000.0,870.0119924408185,32.50934538985254,10.83644846328418,3.250934538985254
5100.0,870.0119924408185,32.68593481839399,10.89531160613133,3.2685934818393987
5200.0,870.0119924408185,32.863937858171205,10.954645952723736,3.2863937858171206
5300.0,870.0119924408185,33.04336948128878,11.014456493762927,3.304336948128878
5400.0,870.0119924408185,33.22424485734839,11.074748285782796,3.322424485734839
5500.0,870.0119924408185,33.406579356570056,11.13552645219002,3.3406579356570054
5600.0,870.0119924408185,33.59038855297094,11.196796184323647,3.3590388552970945
5700.0,870.0119924408185,33.775688227602885,11.258562742534295,3.3775688227602885
5800.0,870.0119924408185,33.96249437184979,11.320831457283264,3.3962494371849794
5900.0,870.0119924408185,34.15082319078655,11.383607730262183,3.4150823190786546
6000.0,870.0119924408185,34.340691106600204,11.446897035533402,3.4340691106600203
6100.0,870.0119924408185,34.5321147620751,11.510704920691701,3.4532114762075103
6200.0,870.0119924408185,34.72511102414342,11.575037008047808,3.4725111024143422
6300.0,870.0119924408185,34.919696987502206,11.639898995834068,3.4919696987502205
6400.0,870.0119924408185,35.115889978298426,11.70529665943281,3.5115889978298425
6500.0,870.0119924408185,35.31370755788375,11.771235852627917,3.5313707557883753
6600.0,870.0119924408185,35.513167526640245,11.837722508880082,3.5513167526640244
6700.0,870.0119924408185,35.71428792787856,11.904762642626187,3.571428792787856
6800.0,870.0119924408185,35.9170870518105,11.972362350603499,3.5917087051810497
6900.0,870.0119924408185,36.12158343959717,12.040527813199056,3.6121583439597167
7000.0,870.0119924408185,36.327795887474515,12.109265295824839,3.6327795887474514
7100.0,870.0119924408185,36.53574345095814,12.17858115031938,3.6535743450958136
7200.0,870.0119924408185,36.7454454491288,12.248481816376268,3.67454454491288
7300.0,870.0119924408185,36.95692146900064,12.318973823000213,3.695692146900064
7400.0,870.0119924408185,37.17019136997366,12.390063789991219,3.717019136997366
7500.0,870.0119924408185,37.38527528837279,12.461758429457596,3.738527528837279
7600.0,870.0119924408185,37.6021936420749,12.5340645473583,3.76021936420749
7700.0,870.0119924408185,37.820967135226205,12.606989045075402,3.7820967135226207
7800.0,870.0119924408185,38.041616763051685,12.680538921017229,3.8041616763051684
7900.0,870.0119924408185,38.26416381675885,12.75472127225295,3.826416381675885
8000.0,870.0119924408185,38.48862988853778,12.82954329617926,3.848862988853778
8100.0,870.0119924408185,38.715036876659894,12.905012292219965,3.8715036876659896
8200.0,870.0119924408185,38.943406990677175,12.981135663559058,3.8943406990677176
8300.0,870.0119924408185,39.17376275672455,13.057920918908183,3.917376275672455
8400.0,870.0119924408185,39.40612702292776,13.135375674309254,3.940612702292776
8500.0,870.0119924408185,39.6405229649187,13.2135076549729,3.9640522964918703
8600.0,870.0119924408185,39.87697409146117,13.292324697153724,3.9876974091461173
8700.0,870.0119924408185,40.115504250189296,13.3718347500631,4.01155042501893
8800.0,870.0119924408185,40.356137633461195,13.452045877820398,4.035613763346119
8900.0,870.0119924408185,40.598898784330636,13.532966261443546,4.059889878433063
9000.0,870.0119924408185,40.84381260263941,13.614604200879803,4.084381260263941
9100.0,870.0119924408185,41.09090435123309,13.696968117077697,4.109090435123309
9200.0,870.0119924408185,41.34019966230311,13.780066554101035,4.13401996623031
9300.0,870.0119924408185,41.591724543858156,13.863908181286051,4.159172454385816
9400.0,870.0119924408185,41.845505386327815,13.948501795442604,4.184550538632782
9500.0,870.0119924408185,42.101568969301496,14.0338563231005,4.210156896930149
9600.0,870.0119924408185,42.35994246840598,14.119980822801994,4.235994246840598
9700.0,870.0119924408185,42.620653462324725,14.206884487441576,4.262065346232473
9800.0,870.0119924408185,42.88372993996227,14.294576646654091,4.288372993996227
9900.0,870.0119924408185,43.149200307757305,14.383066769252435,4.31492003077573
10000.0,870.0119924408185,43.41709339714766,14.472364465715886,4.341709339714766
0.0,875.9205382389631,25.457888494827984,8.485962831609328,2.5457888494827983
100.0,875.9205382389631,25.58052243798763,8.526840812662543,2.558052243798763
200.0,875.9205382389631,25.704026707410453,8.568008902470151,2.5704026707410454
300.0,875.9205382389631,25.828409472958494,8.609469824319499,2.5828409472958493
400.0,875.9205382389631,25.953678999981165,8.651226333327054,2.5953678999981165
500.0,875.9205382389631,26.079843650651767,8.693281216883923,2.607984365065177
600.0,875.9205382389631,26.206911885326143,8.735637295108715,2.6206911885326143
700.0,875.9205382389631,26.334892263923404,8.778297421307801,2.6334892263923404
800.0,875.9205382389631,26.463793447329298,8.8212644824431,2.64637934473293
900.0,875.9205382389631,26.59362419882269,8.864541399607562,2.6593624198822687
1000.0,875.9205382389631,26.724393385525463,8.908131128508488,2.6724393385525462
1100.0,875.9205382389631,26.85610997987649,8.95203665995883,2.685610997987649
1200.0,875.9205382389631,26.988783061129844,8.996261020376615,2.6988783061129844
1300.0,875.9205382389631,27.12242181687791,9.040807272292637,2.712242181687791
1400.0,875.9205382389631,27.257035544599955,9.085678514866652,2.7257035544599955
1500.0,875.9205382389631,27.392633653236203,9.130877884412067,2.7392633653236205
1600.0,875.9205382389631,27.529225664788527,9.176408554929509,2.7529225664788526
1700.0,875.9205382389631,27.666821215947767,9.222273738649255,2.7666821215947768
1800.0,875.9205382389631,27.805430059748293,9.268476686582764,2.7805430059748293
1900.0,875.9205382389631,27.945062067250642,9.315020689083548,2.7945062067250643
2000.0,875.9205382389631,28.085727229252257,9.361909076417419,2.8085727229252258
2100.0,875.9205382389631,28.227435658027293,9.409145219342431,2.822743565802729
2200.0,875.9205382389631,28.370197589095913,9.456732529698638,2.8370197589095913
2300.0,875.9205382389631,28.514023383023478,9.504674461007825,2.8514023383023477
2400.0,875.9205382389631,28.65892352725057,9.552974509083523,2.865892352725057
2500.0,875.9205382389631,28.804908637954046,9.601636212651348,2.8804908637954045
2600.0,875.9205382389631,28.95198946194013,9.650663153980043,2.895198946194013
2700.0,875.9205382389631,29.10017687856968,9.700058959523227,2.910017687856968
2800.0,875.9205382389631,29.24948190171683,9.749827300572276,2.924948190171683
2900.0,875.9205382389631,29.39991568176125,9.799971893920416,2.939991568176125
3000.0,875.9205382389631,29.55148950761473,9.850496502538244,2.955148950761473
3100.0,875.9205382389631,29.704214808782996,9.901404936260999,2.9704214808783
3200.0,875.9205382389631,29.85810315746329,9.952701052487763,2.985810315746329
3300.0,875.9205382389631,30.013166270678234,10.004388756892745,3.0013166270678235
3400.0,875.9205382389631,30.169416012447225,10.056472004149075,3.0169416012447225
3500.0,875.9205382389631,30.326864395995514,10.108954798665172,3.0326864395995514
3600.0,875.9205382389631,30.48552358600221,10.16184119533407,3.048552358600221
3700.0,875.9205382389631,30.64540590088756,10.215135300295854,3.064540590088756
3800.0,875.9205382389631,30.80652381514073,10.268841271713576,3.080652381514073
3900.0,875.9205382389631,30.968889961688532,10.322963320562843,3.096888996168853
4000.0,875.9205382389631,31.132517134306077,10.37750571143536,3.113251713430608
4100.0,875.9205382389631,31.297418290070322,10.432472763356774,3.129741829007032
4200.0,875.9205382389631,31.463606551857186,10.487868850619062,3.1463606551857186
4300.0,875.9205382389631,31.63109521088301,10.54369840362767,3.163109521088301
4400.0,875.9205382389631,31.79989772929188,10.599965909763961,3.179989772929188
4500.0,875.9205382389631,31.970027742788854,10.656675914262951,3.1970027742788854
4600.0,875.9205382389631,32.141499063320765,10.713833021106922,3.2141499063320764
4700.0,875.9205382389631,32.31432568180533,10.77144189393511,3.2314325681805327
4800.0,875.9205382389631,32.48852177090929,10.829507256969762,3.248852177090929
4900.0,875.9205382389631,32.664101687877164,10.888033895959055,3.2664101687877163
5000.0,875.9205382389631,32.84107997741104,10.947026659137014,3.284107997741104
5100.0,875.9205382389631,33.019471374603086,11.006490458201029,3.3019471374603087
5200.0,875.9205382389631,33.19929080792121,11.06643026930707,3.3199290807921207
5300.0,875.9205382389631,33.38055340224953,11.126851134083177,3.3380553402249533
5400.0,875.9205382389631,33.56327448198473,11.187758160661575,3.356327448198473
5500.0,875.9205382389631,33.74746957418886,11.24915652472962,3.3747469574188864
5600.0,875.9205382389631,33.9331544118008,11.311051470600267,3.39331544118008
5700.0,875.9205382389631,34.12034493690672,11.373448312302239,3.4120344936906717
5800.0,875.9205382389631,34.309057304071125,11.436352434690376,3.4309057304071127
5900.0,875.9205382389631,34.499307883730104,11.499769294576701,3.4499307883730106
6000.0,875.9205382389631,34.69111326564735,11.56370442188245,3.469111326564735
6100.0,875.9205382389631,34.884490262434916,11.628163420811639,3.4884490262434915
6200.0,875.9205382389631,35.07945591313996,11.693151971046653,3.507945591313996
6300.0,875.9205382389631,35.276027486898606,11.758675828966203,3.5276027486898607
6400.0,875.9205382389631,35.474222486658824,11.824740828886275,3.5474222486658826
6500.0,875.9205382389631,35.674058652973244,11.891352884324414,3.5674058652973244
6600.0,875.9205382389631,35.87555396786409,11.958517989288032,3.587555396786409
6700.0,875.9205382389631,36.07872665876111,12.026242219587038,3.607872665876111
6800.0,875.9205382389631,36.28359520251456,12.09453173417152,3.6283595202514562
6900.0,875.9205382389631,36.49017832948487,12.163392776494957,3.649017832948487
7000.0,875.9205382389631,36.69849502771011,12.23283167590337,3.6698495027710107
7100.0,875.9205382389631,36.908564547153745,12.302854849051249,3.6908564547153744
7200.0,875.9205382389631,37.120406404033936,12.373468801344645,3.7120406404033934
7300.0,875.9205382389631,37.33404038523626,12.444680128412086,3.733404038523626
7400.0,875.9205382389631,37.54948655281167,12.516495517603891,3.7549486552811673
7500.0,875.9205382389631,37.76676524856189,12.58892174952063,3.776676524856189
7600.0,875.9205382389631,37.98589709871363,12.66196569957121,3.798589709871363
7700.0,875.9205382389631,38.20690301868402,12.735634339561338,3.8206903018684018
7800.0,875.9205382389631,38.429804217939314,12.809934739313105,3.842980421793931
7900.0,875.9205382389631,38.65462220494851,12.88487406831617,3.8654622204948508
8000.0,875.9205382389631,38.8813787922346,12.960459597411534,3.8881378792234598
8100.0,875.9205382389631,39.11009610152511,13.036698700508369,3.9110096101525107
8200.0,875.9205382389631,39.340796569004624,13.113598856334875,3.9340796569004626
8300.0,875.9205382389631,39.57350295067113,13.19116765022371,3.957350295067113
8400.0,875.9205382389631,39.80823832779915,13.26941277593305,3.9808238327799153
8500.0,875.9205382389631,40.04502611251129,13.348342037503762,4.004502611251128
8600.0,875.9205382389631,40.28389005346146,13.42796335115382,4.028389005346146
8700.0,875.9205382389631,40.52485424163181,13.508284747210602,4.052485424163181
8800.0,875.9205382389631,40.76794311624611,13.589314372082036,4.076794311624611
8900.0,875.9205382389631,41.013181470802465,13.671060490267488,4.101318147080247
9000.0,875.9205382389631,41.2605944592277,13.753531486409232,4.1260594459227695
9100.0,875.9205382389631,41.51020760215665,13.83673586738555,4.151020760215665
9200.0,875.9205382389631,41.76204679333887,13.92068226444629,4.176204679333887
9300.0,875.9205382389631,42.01613830617617,14.005379435392056,4.2016138306176165
9400.0,875.9205382389631,42.27250880039358,14.09083626679786,4.2272508800393584
9500.0,875.9205382389631,42.53118532884702,14.177061776282342,4.253118532884702
9600.0,875.9205382389631,42.792195344471104,14.264065114823701,4.27921953444711
9700.0,875.9205382389631,43.05556670736997,14.351855569123323,4.305556670736997
9800.0,875.9205382389631,43.32132769205492,14.440442564018307,4.332132769205492
9900.0,875.9205382389631,43.58950699483199,14.529835664943997,4.3589506994831995
10000.0,875.9205382389631,43.86013374134317,14.620044580447724,4.386013374134317
0.0,881.8290840371077,25.715912721489083,8.571970907163028,2.5715912721489085
100.0,881.8290840371077,25.8397896007372,8.613263200245733,2.5839789600737197
200.0,881.8290840371077,25.96454562729666,8.65484854243222,2.596454562729666
300.0,881.8290840371077,26.090189053833814,8.696729684611272,2.6090189053833814
400.0,881.8290840371077,26.21672822947014,8.73890940982338,2.621672822947014
500.0,881.8290840371077,26.344171601132384,8.781390533710795,2.6344171601132382
600.0,881.8290840371077,26.47252771492492,8.824175904974974,2.647252771492492
700.0,881.8290840371077,26.60180521752452,8.867268405841507,2.6601805217524523
800.0,881.8290840371077,26.732012857597887,8.910670952532628,2.673201285759789
900.0,881.8290840371077,26.863159487242676,8.954386495747558,2.6863159487242676
1000.0,881.8290840371077,26.995254063452006,8.998418021150668,2.6995254063452006
1100.0,881.8290840371077,27.128305649603426,9.042768549867809,2.712830564960343
1200.0,881.8290840371077,27.262323416972283,9.08744113899076,2.7262323416972283
1300.0,881.8290840371077,27.39731664627031,9.132438882090103,2.7397316646270307
1400.0,881.8290840371077,27.533294729209807,9.177764909736602,2.7533294729209805
1500.0,881.8290840371077,27.67026717009379,9.223422390031264,2.767026717009379
1600.0,881.8290840371077,27.808243587432795,9.269414529144266,2.7808243587432795
1700.0,881.8290840371077,27.94723371558875,9.315744571862917,2.794723371558875
1800.0,881.8290840371077,28.087247406446295,9.362415802148766,2.8087247406446294
1900.0,881.8290840371077,28.22829463111249,9.409431543704164,2.822829463111249
2000.0,881.8290840371077,28.37038548164483,9.456795160548277,2.8370385481644833
2100.0,881.8290840371077,28.513530172808757,9.50451005760292,2.851353017280876
2200.0,881.8290840371077,28.65773904386489,9.552579681288297,2.865773904386489
2300.0,881.8290840371077,28.803022560386363,9.601007520128787,2.8803022560386364
2400.0,881.8290840371077,28.949391316107487,9.649797105369162,2.894939131610749
2500.0,881.8290840371077,29.096856034803636,9.698952011601213,2.9096856034803635
2600.0,881.8290840371077,29.245427572203486,9.748475857401163,2.9245427572203484
2700.0,881.8290840371077,29.395116917933894,9.798372305977965,2.9395116917933892
2800.0,881.8290840371077,29.545935197498288,9.848645065832763,2.954593519749829
2900.0,881.8290840371077,29.697893674289155,9.899297891429718,2.9697893674289153
3000.0,881.8290840371077,29.851003751635208,9.950334583878403,2.985100375163521
3100.0,881.8290840371077,30.005276974884037,10.001758991628012,3.000527697488404
3200.0,881.8290840371077,30.160725033520965,10.053575011173654,3.0160725033520963
3300.0,881.8290840371077,30.317359763324585,10.105786587774862,3.0317359763324587
3400.0,881.8290840371077,30.475193148560077,10.158397716186693,3.047519314856008
3500.0,881.8290840371077,30.634237324210776,10.211412441403592,3.063423732421078
3600.0,881.8290840371077,30.794504578248883,10.264834859416295,3.0794504578248882
3700.0,881.8290840371077,30.956007353945964,10.318669117981988,3.0956007353945965
3800.0,881.8290840371077,31.118758252224286,10.372919417408095,3.1118758252224286
3900.0,881.8290840371077,31.28277003404964,10.42759001134988,3.128277003404964
4000.0,881.8290840371077,31.44805562286631,10.482685207622103,3.144805562286631
4100.0,881.8290840371077,31.61462810707558,10.538209369025193,3.1614628107075577
4200.0,881.8290840371077,31.782500742558092,10.594166914186031,3.1782500742558093
4300.0,881.8290840371077,31.951686955241158,10.65056231841372,3.195168695524116
4400.0,881.8290840371077,32.12220034371216,10.707400114570719,3.212220034371216
4500.0,881.8290840371077,32.2940546818786,10.764684893959533,3.22940546818786
4600.0,881.8290840371077,32.46726392167604,10.822421307225348,3.2467263921676044
4700.0,881.8290840371077,32.64184219582483,10.880614065274942,3.264184219582483
4800.0,881.8290840371077,32.81780382063641,10.939267940212138,3.2817803820636415
4900.0,881.8290840371077,32.995163298870814,10.998387766290271,3.2995163298870813
5000.0,881.8290840371077,33.173935322645534,11.057978440881845,3.3173935322645534
5100.0,881.8290840371077,33.354134776397835,11.118044925465945,3.3354134776397837
5200.0,881.8290840371077,33.535776739900655,11.178592246633551,3.3535776739900656
5300.0,881.8290840371077,33.718876491333894,11.239625497111298,3.3718876491333893
5400.0,881.8290840371077,33.903449510412095,11.301149836804031,3.3903449510412096
5500.0,881.8290840371077,34.0895114815693,11.363170493856435,3.4089511481569303
5600.0,881.8290840371077,34.27707829720299,11.42569276573433,3.427707829720299
5700.0,881.8290840371077,34.46616606097771,11.488722020325904,3.446616606097771
5800.0,881.8290840371077,34.656791091189916,11.552263697063305,3.465679109118992
5900.0,881.8290840371077,34.848969924195536,11.616323308065178,3.4848969924195536
6000.0,881.8290840371077,35.04271931790106,11.680906439300353,3.504271931790106
6100.0,881.8290840371077,35.238056255320004,11.746018751773335,3.5238056255320003
6200.0,881.8290840371077,35.43499794819598,11.811665982731993,3.543499794819598
6300.0,881.8290840371077,35.63356184069359,11.877853946897863,3.5633561840693586
6400.0,881.8290840371077,35.83376561315903,11.944588537719676,3.583376561315903
6500.0,881.8290840371077,36.0356271859514,12.011875728650466,3.60356271859514
6600.0,881.8290840371077,36.23916472334672,12.079721574448905,3.6239164723346717
6700.0,881.8290840371077,36.444396637515844,12.148132212505281,3.6444396637515846
6800.0,881.8290840371077,36.65134159257812,12.217113864192706,3.665134159257812
6900.0,881.8290840371077,36.86001850873243,12.286672836244144,3.686001850873243
7000.0,881.8290840371077,37.07044656646695,12.35681552215565,3.707044656646695
7100.0,881.8290840371077,37.28264521085001,12.42754840361667,3.728264521085001
7200.0,881.8290840371077,37.49663415590318,12.498878051967727,3.749663415590318
7300.0,881.8290840371077,37.7124333890587,12.570811129686234,3.77124333890587
7400.0,881.8290840371077,37.930063175703204,12.643354391901068,3.7930063175703204
7500.0,881.8290840371077,38.14954406380933,12.716514687936444,3.814954406380933
7600.0,881.8290840371077,38.37089688865752,12.79029896288584,3.8370896888657517
7700.0,881.8290840371077,38.594142777649665,12.864714259216555,3.8594142777649667
7800.0,881.8290840371077,38.819303155217085,12.939767718405696,3.8819303155217084
7900.0,881.8290840371077,39.04639974782428,13.015466582608093,3.904639974782428
8000.0,881.8290840371077,39.275454589071494,13.091818196357165,3.9275454589071495
8100.0,881.8290840371077,39.50649002489733,13.16883000829911,3.950649002489733
8200.0,881.8290840371077,39.73952871888468,13.246509572961559,3.973952871888468
8300.0,881.8290840371077,39.97459365767115,13.32486455255705,3.997459365767115
8400.0,881.8290840371077,40.2117081564677,13.403902718822566,4.02117081564677
8500.0,881.8290840371077,40.450895864686686,13.483631954895563,4.045089586468668
8600.0,881.8290840371077,40.692180771682544,13.564060257227515,4.069218077168254
8700.0,881.8290840371077,40.9355872126076,13.645195737535866,4.09355872126076
8800.0,881.8290840371077,41.18113987438535,13.727046624795117,4.1181139874385355
8900.0,881.8290840371077,41.428863801804326,13.809621267268108,4.142886380180433
9000.0,881.8290840371077,41.67878440373479,13.892928134578263,4.167878440373479
9100.0,881.8290840371077,41.93092745947177,13.976975819823922,4.193092745947177
9200.0,881.8290840371077,42.18531912520666,14.061773041735554,4.218531912520666
9300.0,881.8290840371077,42.44198594063099,14.147328646876998,4.244198594063099
9400.0,881.8290840371077,42.700954835675034,14.233651611891679,4.270095483567504
9500.0,881.8290840371077,42.96225313738446,14.32075104579482,4.296225313738446
9600.0,881.8290840371077,43.225908576938565,14.408636192312855,4.322590857693856
9700.0,881.8290840371077,43.491949296813004,14.497316432271,4.349194929681301
9800.0,881.8290840371077,43.760403858090676,14.586801286030225,4.376040385809068
9900.0,881.8290840371077,44.03130124792433,14.677100415974778,4.403130124792433
10000.0,881.8290840371077,44.30467088715408,14.768223629051361,4.4304670887154085
0.0,887.7376298352524,25.9748028263402,8.658267608780067,2.5974802826340198
100.0,887.7376298352524,26.099926812724053,8.69997560424135,2.6099926812724052
200.0,887.7376298352524,26.22593879706913,8.741979599023043,2.622593879706913
300.0,887.7376298352524,26.352847115123932,8.784282371707977,2.6352847115123934
400.0,887.7376298352524,26.48066020006316,8.826886733354387,2.6480660200063157
500.0,887.7376298352524,26.60938658385138,8.86979552795046,2.6609386583851378
600.0,887.7376298352524,26.73903489862927,8.913011632876424,2.6739034898629273
700.0,887.7376298352524,26.869613878122397,8.956537959374133,2.68696138781224
800.0,887.7376298352524,27.00113235907301,9.000377453024337,2.7001132359073012
900.0,887.7376298352524,27.13359928269558,9.044533094231861,2.713359928269558
1000.0,887.7376298352524,27.26702369615609,9.089007898718696,2.726702369615609
1100.0,887.7376298352524,27.40141475407593,9.13380491802531,2.740141475407593
1200.0,887.7376298352524,27.536781720060514,9.17892724002017,2.7536781720060515
1300.0,887.7376298352524,27.6731339682534,9.2243779894178,2.76731339682534
1400.0,887.7376298352524,27.810480984916197,9.2701603283054,2.7810480984916195
1500.0,887.7376298352524,27.948832370034676,9.316277456678225,2.7948832370034675
1600.0,887.7376298352524,28.088197838951924,9.362732612983974,2.8088197838951925
1700.0,887.7376298352524,28.228587224028736,9.409529074676245,2.8228587224028736
1800.0,887.7376298352524,28.37001047633173,9.456670158777243,2.837001047633173
1900.0,887.7376298352524,28.512477667350208,9.504159222450069,2.8512477667350207
2000.0,887.7376298352524,28.65599899074156,9.551999663580519,2.865599899074156
2100.0,887.7376298352524,28.800584764106443,9.600194921368814,2.8800584764106443
2200.0,887.7376298352524,28.946245430794033,9.648748476931344,2.894624543079403
2300.0,887.7376298352524,29.092991561737666,9.697663853912555,2.9092991561737667
2400.0,887.7376298352524,29.240833857322066,9.746944619107355,2.9240833857322066
2500.0,887.7376298352524,29.38978314928219,9.796594383094064,2.938978314928219
2600.0,887.7376298352524,29.539850402634727,9.846616800878243,2.953985040263473
2700.0,887.7376298352524,29.69104671764252,9.897015572547508,2.969104671764252
2800.0,887.7376298352524,29.843383331812912,9.947794443937637,2.984338333181291
2900.0,887.7376298352524,29.996871621930474,9.998957207310157,2.999687162193047
3000.0,887.7376298352524,30.151523106124777,10.050507702041592,3.0151523106124776
3100.0,887.7376298352524,30.30734944597402,10.102449815324674,3.030734944597402
3200.0,887.7376298352524,30.464362448645225,10.154787482881742,3.0464362448645224
3300.0,887.7376298352524,30.62257406907144,10.20752468969048,3.062257406907144
3400.0,887.7376298352524,30.7819964121672,10.2606654707224,3.07819964121672
3500.0,887.7376298352524,30.94264173508248,10.314213911694159,3.0942641735082477
3600.0,887.7376298352524,31.104522449496322,10.368174149832107,3.110452244949632
3700.0,887.7376298352524,31.26765112395059,10.422550374650196,3.126765112395059
3800.0,887.7376298352524,31.43204048622498,10.477346828741661,3.143204048622498
3900.0,887.7376298352524,31.59770342575387,10.532567808584623,3.159770342575387
4000.0,887.7376298352524,31.764652996085893,10.588217665361965,3.1764652996085894
4100.0,887.7376298352524,31.93290241738736,10.644300805795787,3.193290241738736
4200.0,887.7376298352524,32.10246507898998,10.70082169299666,3.210246507898998
4300.0,887.7376298352524,32.273354541984055,10.757784847328018,3.2273354541984056
4400.0,887.7376298352524,32.445584541858196,10.815194847286065,3.2445584541858197
4500.0,887.7376298352524,32.619168991186115,10.873056330395372,3.2619168991186114
4600.0,887.7376298352524,32.794121982361865,10.931373994120621,3.2794121982361863
4700.0,887.7376298352524,32.97045779038426,10.990152596794752,3.297045779038426
4800.0,887.7376298352524,33.148190875691554,11.049396958563852,3.3148190875691554
4900.0,887.7376298352524,33.32733588704756,11.109111962349187,3.3327335887047562
5000.0,887.7376298352524,33.50790766447989,11.16930255482663,3.3507907664479886
5100.0,887.7376298352524,33.689921242272106,11.229973747424035,3.3689921242272107
5200.0,887.7376298352524,33.87339185200987,11.291130617336622,3.387339185200987
5300.0,887.7376298352524,34.05833492568332,11.352778308561106,3.405833492568332
5400.0,887.7376298352524,34.24476609884609,11.414922032948697,3.4244766098846093
5500.0,887.7376298352524,34.43270121383231,11.477567071277436,3.443270121383231
5600.0,887.7376298352524,34.622156323033174,11.540718774344391,3.4622156323033173
5700.0,887.7376298352524,34.81314769223384,11.604382564077946,3.481314769223384
5800.0,887.7376298352524,35.00569180401213,11.66856393467071,3.500569180401213
5900.0,887.7376298352524,35.199805361200625,11.733268453733542,3.5199805361200625
6000.0,887.7376298352524,35.39550529041288,11.79850176347096,3.539550529041288
6100.0,887.7376298352524,35.5928087456357,11.864269581878567,3.5592808745635702
6200.0,887.7376298352524,35.79173311188867,11.93057770396289,3.5791733111888666
6300.0,887.7376298352524,35.99229600895225,11.997432002984084,3.5992296008952254
6400.0,887.7376298352524,36.19451529516619,12.064838431722064,3.619451529516619
6500.0,887.7376298352524,36.39840907129942,12.132803023766472,3.639840907129942
6600.0,887.7376298352524,36.60399568449338,12.201331894831126,3.660399568449338
6700.0,887.7376298352524,36.81129373227998,12.270431244093325,3.6811293732279977
6800.0,887.7376298352524,37.02032206667607,12.340107355558692,3.7020322066676075
6900.0,887.7376298352524,37.23109979835609,12.410366599452031,3.723109979835609
7000.0,887.7376298352524,37.44364630090417,12.481215433634723,3.744364630090417
7100.0,887.7376298352524,37.65798121514818,12.552660405049394,3.7657981215148184
7200.0,887.7376298352524,37.874124453576876,12.624708151192293,3.7874124453576874
7300.0,887.7376298352524,38.09209620484224,12.69736540161408,3.809209620484224
7400.0,887.7376298352524,38.31191693834884,12.770638979449613,3.831191693834884
7500.0,887.7376298352524,38.53360740893217,12.84453580297739,3.853360740893217
7600.0,887.7376298352524,38.75718866162792,12.919062887209307,3.875718866162792
7700.0,887.7376298352524,38.98268203653413,12.994227345511376,3.898268203653413
7800.0,887.7376298352524,39.21010917376852,13.070036391256174,3.921010917376852
7900.0,887.7376298352524,39.439492018522714,13.14649733950757,3.9439492018522713
8000.0,887.7376298352524,39.670852826216034,13.223617608738678,3.9670852826216034
8100.0,887.7376298352524,39.904214167750666,13.301404722583555,3.9904214167750665
8200.0,887.7376298352524,40.139598934870776,13.379866311623593,4.013959893487078
8300.0,887.7376298352524,40.37703034562768,13.459010115209226,4.037703034562768
8400.0,887.7376298352524,40.616531949953796,13.538843983317932,4.06165319499538
8500.0,887.7376298352524,40.85812763534747,13.619375878449157,4.085812763534747
8600.0,887.7376298352524,41.10184163267147,13.700613877557158,4.110184163267148
8700.0,887.7376298352524,41.34769852206767,13.782566174022556,4.134769852206767
8800.0,887.7376298352524,41.595723238990544,13.865241079663514,4.159572323899054
8900.0,887.7376298352524,41.845941080362245,13.948647026787414,4.184594108036224
9000.0,887.7376298352524,42.09837771085211,14.032792570284037,4.209837771085211
9100.0,887.7376298352524,42.35305916928333,14.11768638976111,4.235305916928333
9200.0,887.7376298352524,42.610011875169846,14.203337291723281,4.261001187516984
9300.0,887.7376298352524,42.86926263538652,14.289754211795506,4.286926263538652
9400.0,887.7376298352524,43.13083865097562,14.376946216991874,4.313083865097562
9500.0,887.7376298352524,43.3947675240927,14.4649225080309,4.33947675240927
9600.0,887.7376298352524,43.66107726509549,14.553692421698498,4.366107726509549
9700.0,887.7376298352524,43.9297962997787,14.643265433259566,4.39297962997787
9800.0,887.7376298352524,44.20095347675855,14.733651158919516,4.420095347675855
9900.0,887.7376298352524,44.474578075010484,14.824859358336829,4.447457807501048
10000.0,887.7376298352524,44.750699811563386,14.916899937187795,4.475069981156339
0.0,893.646175633397,26.23455592301089,8.744851974336964,2.623455592301089
100.0,893.646175633397,26.360931173673762,8.786977057891255,2.636093117367376
200.0,893.646175633397,26.488203302450746,8.829401100816915,2.6488203302450746
300.0,893.646175633397,26.616380728449446,8.872126909483148,2.6616380728449447
400.0,893.646175633397,26.74547196917795,8.915157323059317,2.674547196917795
500.0,893.646175633397,26.875485641922147,8.958495213974048,2.6875485641922148
600.0,893.646175633397,27.006430465145822,9.002143488381941,2.7006430465145823
700.0,893.646175633397,27.138315259913465,9.046105086637821,2.7138315259913464
800.0,893.646175633397,27.271148951336514,9.090382983778838,2.7271148951336515
900.0,893.646175633397,27.404940570043294,9.134980190014431,2.7404940570043292
1000.0,893.646175633397,27.539699253673223,9.179899751224408,2.7539699253673224
1100.0,893.646175633397,27.6754342483957,9.225144749465233,2.76754342483957
1200.0,893.646175633397,27.81215491045399,9.270718303484664,2.781215491045399
1300.0,893.646175633397,27.94987070773493,9.316623569244976,2.794987070773493
1400.0,893.646175633397,28.088591221364577,9.36286374045486,2.808859122136458
1500.0,893.646175633397,28.22832614733045,9.40944204911015,2.822832614733045
1600.0,893.646175633397,28.369085298130948,9.45636176604365,2.836908529813095
1700.0,893.646175633397,28.510878604452408,9.503626201484137,2.851087860445241
1800.0,893.646175633397,28.653716116874058,9.551238705624685,2.8653716116874057
1900.0,893.646175633397,28.797608007602026,9.599202669200675,2.8797608007602027
2000.0,893.646175633397,28.942564572232293,9.647521524077431,2.8942564572232294
2100.0,893.646175633397,29.08859623154354,9.696198743847846,2.908859623154354
2200.0,893.646175633397,29.23571353332046,9.745237844440153,2.923571353332046
2300.0,893.646175633397,29.38392715420779,9.79464238473593,2.938392715420779
2400.0,893.646175633397,29.53324790159618,9.844415967198726,2.953324790159618
2500.0,893.646175633397,29.683686715540063,9.894562238513354,2.968368671554006
2600.0,893.646175633397,29.835254670708416,9.945084890236139,2.9835254670708418
2700.0,893.646175633397,29.987962978368905,9.995987659456302,2.9987962978368907
2800.0,893.646175633397,30.14182298840611,10.047274329468703,3.014182298840611
2900.0,893.646175633397,30.296846191374687,10.098948730458229,3.029684619137469
3000.0,893.646175633397,30.45304422058775,10.151014740195917,3.045304422058775
3100.0,893.646175633397,30.610428854241547,10.203476284747182,3.061042885424155
3200.0,893.646175633397,30.769012017577072,10.256337339192358,3.0769012017577073
3300.0,893.646175633397,30.928805785079035,10.309601928359678,3.0928805785079034
3400.0,893.646175633397,31.089822382713493,10.363274127571165,3.1089822382713495
3500.0,893.646175633397,31.2520741902043,10.417358063401434,3.12520741902043
3600.0,893.646175633397,31.41557374334971,10.471857914449904,3.141557374334971
3700.0,893.646175633397,31.580333736379483,10.526777912126494,3.1580333736379482
3800.0,893.646175633397,31.746367024353546,10.582122341451182,3.174636702435355
3900.0,893.646175633397,31.913686625603177,10.637895541867726,3.1913686625603175
4000.0,893.646175633397,32.08230572421503,10.694101908071678,3.2082305724215034
4100.0,893.646175633397,32.252237672559666,10.750745890853223,3.2252237672559665
4200.0,893.646175633397,32.42349599386471,10.807831997954905,3.242349599386471
4300.0,893.646175633397,32.59609438483402,10.865364794944673,3.259609438483402
4400.0,893.646175633397,32.77004671831376,10.923348906104586,3.2770046718313757
4500.0,893.646175633397,32.945367046006126,10.981789015335375,3.2945367046006124
4600.0,893.646175633397,33.12206960123182,11.040689867077274,3.312206960123182
4700.0,893.646175633397,33.30016880174247,11.10005626724749,3.3300168801742474
4800.0,893.646175633397,33.479679252583516,11.159893084194506,3.3479679252583514
4900.0,893.646175633397,33.66061574900926,11.220205249669753,3.366061574900926
5000.0,893.646175633397,33.8429932794505,11.280997759816835,3.38429932794505
5100.0,893.646175633397,34.02682702853656,11.342275676178852,3.4026827028536557
5200.0,893.646175633397,34.21213238017192,11.404044126723974,3.4212132380171925
5300.0,893.646175633397,34.39892492066965,11.466308306889884,3.439892492066965
5400.0,893.646175633397,34.58722044194195,11.529073480647318,3.4587220441941953
5500.0,893.646175633397,34.77703494474941,11.592344981583137,3.477703494474941
5600.0,893.646175633397,34.96838464201026,11.656128214003418,3.4968384642010255
5700.0,893.646175633397,35.16128596217066,11.720428654056887,3.516128596217066
5800.0,893.646175633397,35.35575555263745,11.785251850879149,3.535575555263745
5900.0,893.646175633397,35.55181028327478,11.85060342775826,3.5551810283274783
6000.0,893.646175633397,35.74946724996567,11.91648908332189,3.574946724996567
6100.0,893.646175633397,35.94874377824012,11.982914592746708,3.594874377824012
6200.0,893.646175633397,36.14965742697131,12.049885808990437,3.614965742697131
6300.0,893.646175633397,36.35222599214094,12.117408664046978,3.6352225992140936
6400.0,893.646175633397,36.55646751067562,12.185489170225205,3.655646751067562
6500.0,893.646175633397,36.76240026435552,12.25413342145184,3.676240026435552
6600.0,893.646175633397,36.9700427837971,12.323347594599033,3.6970042783797097
6700.0,893.646175633397,37.17941385251118,12.39313795083706,3.7179413852511183
6800.0,893.646175633397,37.390532511038494,12.463510837012832,3.7390532511038495
6900.0,893.646175633397,37.603418061163914,12.534472687054638,3.7603418061163913
7000.0,893.646175633397,37.81809007021123,12.606030023403742,3.7818090070211228
7100.0,893.646175633397,38.03456837542038,12.67818945847346,3.8034568375420377
7200.0,893.646175633397,38.252873088408926,12.75095769613631,3.8252873088408927
7300.0,893.646175633397,38.4730245997193,12.824341533239767,3.8473024599719303
7400.0,893.646175633397,38.69504358345411,12.89834786115137,3.8695043583454107
7500.0,893.646175633397,38.91895100200126,12.972983667333752,3.891895100200126
7600.0,893.646175633397,39.14476811085088,13.048256036950294,3.9144768110850885
7700.0,893.646175633397,39.37251646350621,13.12417215450207,3.937251646350621
7800.0,893.646175633397,39.6022179164903,13.200739305496766,3.9602217916490297
7900.0,893.646175633397,39.83389463445102,13.27796487815034,3.983389463445102
8000.0,893.646175633397,40.06756909536622,13.355856365122072,4.006756909536621
8100.0,893.646175633397,40.30326409585149,13.43442136528383,4.0303264095851485
8200.0,893.646175633397,40.541002756572915,13.513667585524304,4.054100275657292
8300.0,893.646175633397,40.780808527766865,13.593602842588956,4.0780808527766865
8400.0,893.646175633397,41.02270519486967,13.674235064956557,4.102270519486967
8500.0,893.646175633397,41.26671688425933,13.75557229475311,4.126671688425933
8600.0,893.646175633397,41.51286806911196,13.837622689703986,4.151286806911196
8700.0,893.646175633397,41.761183575375654,13.920394525125218,4.1761183575375656
8800.0,893.646175633397,42.01168858786428,14.00389619595476,4.201168858786428
8900.0,893.646175633397,42.264408656474174,14.088136218824724,4.226440865647417
9000.0,893.646175633397,42.519369702526355,14.173123234175451,4.251936970252635
9100.0,893.646175633397,42.776598025237334,14.258866008412445,4.277659802523734
9200.0,893.646175633397,43.03612030832134,14.345373436107112,4.3036120308321335
9300.0,893.646175633397,43.29796362672721,14.432654542242403,4.329796362672721
9400.0,893.646175633397,43.56215545351298,14.520718484504327,4.356215545351298
9500.0,893.646175633397,43.8287236668611,14.609574555620368,4.38287236668611
9600.0,893.646175633397,44.09769655723836,14.69923218574612,4.409769655723836
9700.0,893.646175633397,44.36910283470298,14.789700944900993,4.436910283470298
9800.0,893.646175633397,44.64297163636293,14.88099054545431,4.464297163636293
9900.0,893.646175633397,44.919332533989156,14.973110844663053,4.491933253398916
10000.0,893.646175633397,45.198215541786624,15.066071847262208,4.519821554178662
0.0,899.5547214315416,26.495169153804664,8.831723051268222,2.6495169153804663
100.0,899.5547214315416,26.622799812123915,8.874266604041305,2.6622799812123916
200.0,899.5547214315416,26.75133625811549,8.917112086038497,2.675133625811549
300.0,899.5547214315416,26.880786994522122,8.960262331507375,2.688078699452212
400.0,899.5547214315416,27.01116062346456,9.00372020782152,2.701116062346456
500.0,899.5547214315416,27.142465847832533,9.047488615944177,2.714246584783253
600.0,899.5547214315416,27.274711472698737,9.09157049089958,2.7274711472698736
700.0,899.5547214315416,27.407906406755885,9.135968802251961,2.7407906406755886
800.0,899.5547214315416,27.542059663777124,9.180686554592375,2.7542059663777123
900.0,899.5547214315416,27.677180364100785,9.225726788033596,2.7677180364100784
1000.0,899.5547214315416,27.813277736139298,9.2710925787131,2.78132777361393
1100.0,899.5547214315416,27.950361117913182,9.316787039304394,2.795036111791318
1200.0,899.5547214315416,28.08843995861037,9.362813319536789,2.8088439958610367
1300.0,899.5547214315416,28.22752382017133,9.409174606723777,2.822752382017133
1400.0,899.5547214315416,28.367622378900755,9.455874126300252,2.8367622378900754
1500.0,899.5547214315416,28.508745427105765,9.502915142368588,2.8508745427105766
1600.0,899.5547214315416,28.650902874761822,9.55030095825394,2.8650902874761823
1700.0,899.5547214315416,28.79410475120636,9.598034917068786,2.8794104751206357
1800.0,899.5547214315416,28.938361206860733,9.646120402286911,2.8938361206860734
1900.0,899.5547214315416,29.08368251498147,9.694560838327156,2.908368251498147
2000.0,899.5547214315416,29.23007907344063,9.743359691146877,2.923007907344063
2100.0,899.5547214315416,29.377561406536604,9.792520468845535,2.9377561406536605
2200.0,899.5547214315416,29.526140166835415,9.842046722278472,2.9526140166835413
2300.0,899.5547214315416,29.67582613704325,9.891942045681082,2.967582613704325
2400.0,899.5547214315416,29.82663023191103,9.942210077303676,2.982663023191103
2500.0,899.5547214315416,29.97856350017134,9.992854500057113,2.997856350017134
2600.0,899.5547214315416,30.131637126508558,10.04387904216952,3.0131637126508557
2700.0,899.5547214315416,30.28586243356272,10.09528747785424,3.028586243356272
2800.0,899.5547214315416,30.441250883967793,10.147083627989264,3.0441250883967794
2900.0,899.5547214315416,30.59781408242523,10.19927136080841,3.059781408242523
3000.0,899.5547214315416,30.755563777813094,10.251854592604365,3.0755563777813095
3100.0,899.5547214315416,30.91451186533187,10.304837288443958,3.0914511865331873
3200.0,899.5547214315416,31.074670388687494,10.35822346289583,3.1074670388687493
3300.0,899.5547214315416,31.236051542312246,10.412017180770748,3.1236051542312246
3400.0,899.5547214315416,31.3986676736245,10.466222557874834,3.13986676736245
3500.0,899.5547214315416,31.5625312853279,10.520843761775966,3.15625312853279
3600.0,899.5547214315416,31.72765503775093,10.575885012583644,3.1727655037750933
3700.0,899.5547214315416,31.894051751227387,10.631350583742462,3.189405175122739
3800.0,899.5547214315416,32.06173440851897,10.687244802839658,3.2061734408518974
3900.0,899.5547214315416,32.230716157280646,10.743572052426883,3.2230716157280646
4000.0,899.5547214315416,32.40101031256933,10.800336770856445,3.240101031256933
4100.0,899.5547214315416,32.57263035939762,10.857543453132541,3.2572630359397623
4200.0,899.5547214315416,32.74558995533246,10.915196651777487,3.2745589955332464
4300.0,899.5547214315416,32.9199029331403,10.973300977713434,3.29199029331403
4400.0,899.5547214315416,33.095583303479735,11.031861101159912,3.3095583303479734
4500.0,899.5547214315416,33.27264525764207,11.090881752547356,3.327264525764207
4600.0,899.5547214315416,33.451103170341405,11.150367723447134,3.3451103170341403
4700.0,899.5547214315416,33.63097160255481,11.21032386751827,3.3630971602554807
4800.0,899.5547214315416,33.8122653044138,11.270755101471266,3.38122653044138
4900.0,899.5547214315416,33.99499921814824,11.331666406049413,3.3994999218148236
5000.0,899.5547214315416,34.179188481083514,11.393062827027839,3.4179188481083513
5100.0,899.5547214315416,34.36484842869257,11.454949476230857,3.4364848428692567
5200.0,899.5547214315416,34.55199459770312,11.517331532567708,3.455199459770312
5300.0,899.5547214315416,34.74064272926212,11.580214243087374,3.474064272926212
5400.0,899.5547214315416,34.93080877215815,11.643602924052717,3.493080877215815
5500.0,899.5547214315416,35.122508886102814,11.70750296203427,3.5122508886102812
5600.0,899.5547214315416,35.315759445072956,11.771919815024319,3.5315759445072956
5700.0,899.5547214315416,35.51057704071441,11.83685901357147,3.551057704071441
5800.0,899.5547214315416,35.70697848580879,11.902326161936264,3.570697848580879
5900.0,899.5547214315416,35.90498081780496,11.968326939268321,3.5904980817804963
6000.0,899.5547214315416,36.10460130241584,12.034867100805279,3.6104601302415835
6100.0,899.5547214315416,36.30585743728273,12.101952479094244,3.630585743728273
6200.0,899.5547214315416,36.50876695570809,12.16958898523603,3.650876695570809
6300.0,899.5547214315416,36.71334783045828,12.237782610152761,3.671334783045828
6400.0,899.5547214315416,36.91961827763821,12.306539425879402,3.6919618277638206
6500.0,899.5547214315416,37.12759676063866,12.375865586879554,3.712759676063866
6600.0,899.5547214315416,37.33730199415859,12.445767331386195,3.7337301994158585
6700.0,899.5547214315416,37.54875294830364,12.516250982767879,3.754875294830364
6800.0,899.5547214315416,37.76196885276266,12.587322950920885,3.7761968852762657
6900.0,899.5547214315416,37.976969201063824,12.65898973368794,3.7976969201063824
7000.0,899.5547214315416,38.19377375491208,12.731257918304026,3.819377375491208
7100.0,899.5547214315416,38.41240254860989,12.804134182869964,3.841240254860989
7200.0,899.5547214315416,38.632875893562954,12.877625297854317,3.8632875893562955
7300.0,899.5547214315416,38.855214382872695,12.951738127624232,3.8855214382872694
7400.0,899.5547214315416,39.079438896017585,13.026479632005861,3.9079438896017584
7500.0,899.5547214315416,39.30557060362521,13.101856867875071,3.9305570603625215
7600.0,899.5547214315416,39.5336309723371,13.177876990779033,3.95336309723371
7700.0,899.5547214315416,39.76364176976819,13.254547256589397,3.976364176976819
7800.0,899.5547214315416,39.99562506956366,13.331875023187886,3.999562506956366
7900.0,899.5547214315416,40.22960325655418,13.409867752184725,4.022960325655418
8000.0,899.5547214315416,40.46559903201311,13.488533010671036,4.046559903201311
8100.0,899.5547214315416,40.70363541901695,13.56787847300565,4.070363541901695
8200.0,899.5547214315416,40.94373576791169,13.64791192263723,4.094373576791169
8300.0,899.5547214315416,41.18592376188757,13.728641253962524,4.118592376188757
8400.0,899.5547214315416,41.43022342266472,13.810074474221572,4.143022342266471
8500.0,899.5547214315416,41.676659116291766,13.89221970543059,4.167665911629177
8600.0,899.5547214315416,41.92525555906057,13.975085186353523,4.192525555906057
8700.0,899.5547214315416,42.1760378235394,14.058679274513134,4.21760378235394
8800.0,899.5547214315416,42.429031344727235,14.143010448242412,4.242903134472724
8900.0,899.5547214315416,42.68426192633229,14.22808730877743,4.268426192633229
9000.0,899.5547214315416,42.94175574717712,14.313918582392374,4.294175574717712
9100.0,899.5547214315416,43.201539367733815,14.400513122577939,4.320153936773382
9200.0,899.5547214315416,43.463639736791755,14.487879912263919,4.346363973679176
9300.0,899.5547214315416,43.728084198261456,14.576028066087153,4.372808419826145
9400.0,899.5547214315416,43.99490049811739,14.664966832705796,4.399490049811739
9500.0,899.5547214315416,44.264116791483005,14.754705597161001,4.4264116791483
9600.0,899.5547214315416,44.535761649861655,14.845253883287219,4.453576164986165
9700.0,899.5547214315416,44.80986406851637,14.936621356172123,4.4809864068516365
9800.0,899.5547214315416,45.0864534740022,15.0288178246674,4.50864534740022
9900.0,899.5547214315416,45.36555973185511,15.121853243951703,4.536555973185511
10000.0,899.5547214315416,45.64721315444019,15.215737718146729,4.564721315444019
0.0,905.4632672296862,26.756639689227264,8.918879896409088,2.675663968922726
100.0,905.4632672296862,26.885529884950238,8.961843294983412,2.6885529884950237
200.0,905.4632672296862,27.01533480721232,9.005111602404106,2.701533480721232
300.0,905.4632672296862,27.146063042666515,9.048687680888838,2.7146063042666517
400.0,905.4632672296862,27.27772327832456,9.092574426108188,2.727772327832456
500.0,905.4632672296862,27.410324302961634,9.136774767653877,2.7410324302961633
600.0,905.4632672296862,27.543875008544273,9.181291669514758,2.754387500854427
700.0,905.4632672296862,27.678384391681597,9.226128130560532,2.76783843916816
800.0,905.4632672296862,27.8138615551002,9.2712871850334,2.78138615551002
900.0,905.4632672296862,27.950315709143492,9.316771903047831,2.7950315709143494
1000.0,905.4632672296862,28.087756173295507,9.362585391098502,2.808775617329551
1100.0,905.4632672296862,28.226192377730083,9.408730792576694,2.8226192377730084
1200.0,905.4632672296862,28.365633864885496,9.455211288295166,2.8365633864885496
1300.0,905.4632672296862,28.506090291065316,9.502030097021771,2.850609029106532
1400.0,905.4632672296862,28.6475714280659,9.549190476021966,2.8647571428065897
1500.0,905.4632672296862,28.790087164830865,9.596695721610288,2.8790087164830864
1600.0,905.4632672296862,28.933647509133372,9.644549169711125,2.8933647509133373
1700.0,905.4632672296862,29.078262589286478,9.692754196428826,2.907826258928648
1800.0,905.4632672296862,29.223942655882126,9.741314218627375,2.9223942655882125
1900.0,905.4632672296862,29.3706980835596,9.790232694519867,2.93706980835596
2000.0,905.4632672296862,29.518539372803545,9.839513124267848,2.9518539372803545
2100.0,905.4632672296862,29.667477151772534,9.889159050590845,2.966747715177253
2200.0,905.4632672296862,29.817522178158658,9.93917405938622,2.981752217815866
2300.0,905.4632672296862,29.96868534107842,9.989561780359473,2.996868534107842
2400.0,905.4632672296862,30.12097766299621,10.040325887665404,3.012097766299621
2500.0,905.4632672296862,30.27441030168023,10.091470100560077,3.0274410301680232
2600.0,905.4632672296862,30.428994552192194,10.142998184064064,3.0428994552192195
2700.0,905.4632672296862,30.584741848910845,10.194913949636948,3.0584741848910846
2800.0,905.4632672296862,30.741663767590456,10.247221255863485,3.0741663767590457
2900.0,905.4632672296862,30.89977202745477,10.29992400915159,3.089977202745477
3000.0,905.4632672296862,31.05907849332696,10.353026164442321,3.105907849332696
3100.0,905.4632672296862,31.21959517779662,10.406531725932206,3.121959517779662
3200.0,905.4632672296862,31.381334243424366,10.460444747808122,3.1381334243424366
3300.0,905.4632672296862,31.544308004984558,10.514769334994853,3.1544308004984556
3400.0,905.4632672296862,31.708528931747473,10.569509643915824,3.1708528931747475
3500.0,905.4632672296862,31.87400964980108,10.624669883267027,3.187400964980108
3600.0,905.4632672296862,32.04076294441372,10.680254314804573,3.2040762944413723
3700.0,905.4632672296862,32.20880176243809,10.73626725414603,3.220880176243809
3800.0,905.4632672296862,32.37813921475773,10.79271307158591,3.237813921475773
3900.0,905.4632672296862,32.548788578776694,10.849596192925565,3.2548788578776695
4000.0,905.4632672296862,32.72076330095303,10.906921100317676,3.2720763300953033
4100.0,905.4632672296862,32.894076999377695,10.964692333125898,3.2894076999377697
4200.0,905.4632672296862,33.06874346639884,11.022914488799614,3.3068743466398844
4300.0,905.4632672296862,33.24477667129314,11.08159222376438,3.324477667129314
4400.0,905.4632672296862,33.422190762984904,11.140730254328302,3.3422190762984902
4500.0,905.4632672296862,33.60100007281382,11.200333357604606,3.360100007281382
4600.0,905.4632672296862,33.78121911735244,11.260406372450815,3.3781219117352443
4700.0,905.4632672296862,33.962862601274466,11.320954200424822,3.3962862601274466
4800.0,905.4632672296862,34.145945420274714,11.381981806758239,3.4145945420274715
4900.0,905.4632672296862,34.33048266404212,11.443494221347374,3.4330482664042123
5000.0,905.4632672296862,34.516489619286496,11.505496539762165,3.4516489619286497
5100.0,905.4632672296862,34.703981772820576,11.567993924273525,3.470398177282058
5200.0,905.4632672296862,34.892974814698,11.630991604899334,3.4892974814698
5300.0,905.4632672296862,35.083484641409,11.694494880469668,3.5083484641409
5400.0,905.4632672296862,35.27552735913457,11.758509119711524,3.5275527359134573
5500.0,905.4632672296862,35.46911928706022,11.823039762353405,3.5469119287060216
5600.0,905.4632672296862,35.66427696075121,11.888092320250403,3.566427696075121
5700.0,905.4632672296862,35.86101713558989,11.953672378529964,3.586101713558989
5800.0,905.4632672296862,36.05935679027669,12.019785596758895,3.605935679027669
5900.0,905.4632672296862,36.25931313039642,12.08643771013214,3.6259313130396422
6000.0,905.4632672296862,36.460903592050656,12.153634530683552,3.6460903592050657
6100.0,905.4632672296862,36.66414584555809,12.221381948519364,3.6664145845558087
6200.0,905.4632672296862,36.86905779922425,12.28968593307475,3.686905779922425
6300.0,905.4632672296862,37.0756576031818,12.358552534393935,3.70756576031818
6400.0,905.4632672296862,37.28396365330327,12.427987884434422,3.728396365330327
6500.0,905.4632672296862,37.493994595187466,12.497998198395821,3.7493994595187465
6600.0,905.4632672296862,37.70576932822148,12.568589776073827,3.7705769328221477
6700.0,905.4632672296862,37.91930700971955,12.63976900323985,3.7919307009719554
6800.0,905.4632672296862,38.13462705914084,12.711542353046946,3.813462705914084
6900.0,905.4632672296862,38.351749162387605,12.783916387462535,3.8351749162387607
7000.0,905.4632672296862,38.57069327618535,12.85689775872845,3.857069327618535
7100.0,905.4632672296862,38.79147963254733,12.930493210849109,3.879147963254733
7200.0,905.4632672296862,39.01412874332459,13.004709581108196,3.901412874332459
7300.0,905.4632672296862,39.238661404843896,13.079553801614631,3.9238661404843898
7400.0,905.4632672296862,39.46509870263517,13.155032900878389,3.9465098702635166
7500.0,905.4632672296862,39.693462016250706,13.231154005416903,3.9693462016250707
7600.0,905.4632672296862,39.92377302417797,13.307924341392656,3.992377302417797
7700.0,905.4632672296862,40.15605370884808,13.385351236282693,4.015605370884808
7800.0,905.4632672296862,40.39032636174237,13.463442120580789,4.039032636174237
7900.0,905.4632672296862,40.62661358859878,13.542204529532926,4.062661358859878
8000.0,905.4632672296862,40.86493831472071,13.621646104906903,4.086493831472071
8100.0,905.4632672296862,41.10532379039043,13.70177459679681,4.110532379039043
8200.0,905.4632672296862,41.34779359638945,13.782597865463151,4.134779359638945
8300.0,905.4632672296862,41.59237164962823,13.864123883209409,4.159237164962823
8400.0,905.4632672296862,41.83908220888788,13.94636073629596,4.183908220888788
8500.0,905.4632672296862,42.087949880676156,14.029316626892053,4.208794988067615
8600.0,905.4632672296862,42.338999625200366,14.112999875066789,4.233899962520036
8700.0,905.4632672296862,42.59225676246024,14.197418920820079,4.259225676246023
8800.0,905.4632672296862,42.84774697846287,14.28258232615429,4.284774697846287
8900.0,905.4632672296862,43.10549633156324,14.368498777187746,4.310549633156324
9000.0,905.4632672296862,43.36553125893256,14.455177086310854,4.336553125893256
9100.0,905.4632672296862,43.62787858315793,14.542626194385976,4.362787858315793
9200.0,905.4632672296862,43.89256551897578,14.630855172991927,4.389256551897578
9300.0,905.4632672296862,44.159619680143145,14.719873226714382,4.415961968014314
9400.0,905.4632672296862,44.42906908644871,14.809689695482904,4.442906908644871
9500.0,905.4632672296862,44.700942170867904,14.900314056955969,4.470094217086791
9600.0,905.4632672296862,44.97526778686516,14.991755928955053,4.497526778686516
9700.0,905.4632672296862,45.25207521584645,15.084025071948817,4.525207521584646
9800.0,905.4632672296862,45.53139417476616,15.177131391588722,4.553139417476617
9900.0,905.4632672296862,45.81325482389155,15.271084941297183,4.581325482389155
10000.0,905.4632672296862,46.09768777472874,15.36589592490958,4.609768777472874
0.0,911.3718130278307,27.01896472752587,9.006321575841957,2.701896472752587
100.0,911.3718130278307,27.14911857690349,9.049706192301164,2.714911857690349
200.0,911.3718130278307,27.28019612089981,9.093398706966603,2.728019612089981
300.0,911.3718130278307,27.412206030352333,9.137402010117444,2.7412206030352335
400.0,911.3718130278307,27.545157077441214,9.181719025813738,2.7545157077441216
500.0,911.3718130278307,27.679058137107727,9.226352712369243,2.767905813710773
600.0,911.3718130278307,27.813918188496256,9.271306062832085,2.7813918188496256
700.0,911.3718130278307,27.949746316419656,9.316582105473218,2.7949746316419657
800.0,911.3718130278307,28.086551712848646,9.362183904282881,2.8086551712848644
900.0,911.3718130278307,28.224343678425868,9.408114559475289,2.822434367842587
1000.0,911.3718130278307,28.363131624004602,9.454377208001533,2.8363131624004603
1100.0,911.3718130278307,28.50292507221313,9.500975024071044,2.850292507221313
1200.0,911.3718130278307,28.643733659044862,9.547911219681621,2.8643733659044863
1300.0,911.3718130278307,28.785567135474814,9.595189045158271,2.878556713547481
1400.0,911.3718130278307,28.928435369103127,9.642811789701042,2.8928435369103127
1500.0,911.3718130278307,29.072348345825706,9.690782781941902,2.9072348345825705
1600.0,911.3718130278307,29.217316171532996,9.739105390510998,2.9217316171532994
1700.0,911.3718130278307,29.363349073837185,9.787783024612395,2.9363349073837184
1800.0,911.3718130278307,29.510457403828113,9.836819134609371,2.951045740382811
1900.0,911.3718130278307,29.658651637859197,9.886217212619732,2.96586516378592
2000.0,911.3718130278307,29.80794237936297,9.93598079312099,2.980794237936297
2100.0,911.3718130278307,29.95834036069766,9.986113453565887,2.995834036069766
2200.0,911.3718130278307,30.10985644502492,10.036618815008307,3.010985644502492
2300.0,911.3718130278307,30.262501628219397,10.087500542739798,3.0262501628219396
2400.0,911.3718130278307,30.41628704081088,10.138762346936959,3.041628704081088
2500.0,911.3718130278307,30.571223949959602,10.190407983319867,3.05712239499596
2600.0,911.3718130278307,30.72732376146527,10.242441253821758,3.072732376146527
2700.0,911.3718130278307,30.88459802181057,10.29486600727019,3.088459802181057
2800.0,911.3718130278307,31.04305842023972,10.347686140079906,3.104305842023972
2900.0,911.3718130278307,31.20271679087302,10.400905596957672,3.1202716790873017
3000.0,911.3718130278307,31.363585114857685,10.454528371619228,3.1363585114857684
3100.0,911.3718130278307,31.525675522556053,10.508558507518684,3.152567552255605
3200.0,911.3718130278307,31.68900029577181,10.563000098590603,3.168900029577181
3300.0,911.3718130278307,31.853571870014743,10.617857290004915,3.1853571870014745
3400.0,911.3718130278307,32.01940283680522,10.673134278935073,3.201940283680522
3500.0,911.3718130278307,32.186505946018755,10.728835315339586,3.2186505946018755
3600.0,911.3718130278307,32.35489410827186,10.784964702757286,3.235489410827186
3700.0,911.3718130278307,32.52458039734962,10.841526799116538,3.252458039734962
3800.0,911.3718130278307,32.695578052676105,10.898526017558702,3.2695578052676106
3900.0,911.3718130278307,32.8679004818285,10.955966827276166,3.28679004818285
4000.0,911.3718130278307,33.041561263095424,11.013853754365142,3.3041561263095423
4100.0,911.3718130278307,33.216574148081065,11.072191382693688,3.3216574148081066
4200.0,911.3718130278307,33.39295306435529,11.130984354785097,3.339295306435529
4300.0,911.3718130278307,33.57071211815109,11.19023737271703,3.3570712118151094
4400.0,911.3718130278307,33.74986559711041,11.249955199036803,3.374986559711041
4500.0,911.3718130278307,33.930427973078935,11.310142657692978,3.3930427973078934
4600.0,911.3718130278307,34.11241390495131,11.37080463498377,3.411241390495131
4700.0,911.3718130278307,34.29583824156747,11.431946080522492,3.4295838241567473
4800.0,911.3718130278307,34.48071602466126,11.49357200822042,3.4480716024661264
4900.0,911.3718130278307,34.667062491862595,11.555687497287531,3.4667062491862595
5000.0,911.3718130278307,34.85489307975387,11.618297693251291,3.4854893079753873
5100.0,911.3718130278307,35.0442234269822,11.681407808994066,3.50442234269822
5200.0,911.3718130278307,35.23506937742828,11.745023125809427,3.523506937742828
5300.0,911.3718130278307,35.42744698343328,11.80914899447776,3.542744698343328
5400.0,911.3718130278307,35.62137250908492,11.873790836361641,3.562137250908492
5500.0,911.3718130278307,35.816862433563855,11.938954144521285,3.5816862433563856
5600.0,911.3718130278307,36.01393345455181,12.004644484850603,3.601393345455181
5700.0,911.3718130278307,36.21260249170275,12.070867497234248,3.6212602491702746
5800.0,911.3718130278307,36.41288669017817,12.137628896726056,3.641288669017817
5900.0,911.3718130278307,36.61480342424831,12.204934474749436,3.661480342424831
6000.0,911.3718130278307,36.81837030096019,12.272790100320064,3.681837030096019
6100.0,911.3718130278307,37.023605163874294,12.341201721291432,3.7023605163874294
6200.0,911.3718130278307,37.23052609687109,12.410175365623695,3.723052609687109
6300.0,911.3718130278307,37.439151428029184,12.479717142676394,3.7439151428029183
6400.0,911.3718130278307,37.64949973357625,12.549833244525416,3.764949973357625
6500.0,911.3718130278307,37.86158984191461,12.620529947304869,3.7861589841914607
6600.0,911.3718130278307,38.07544083772297,12.691813612574323,3.807544083772297
6700.0,911.3718130278307,38.291072066136046,12.763690688712016,3.8291072066136045
6800.0,911.3718130278307,38.50850313700349,12.836167712334495,3.8508503137003487
6900.0,911.3718130278307,38.7277539292303,12.909251309743434,3.8727753929230304
7000.0,911.3718130278307,38.948844595199915,12.982948198399972,3.8948844595199916
7100.0,911.3718130278307,39.1717955652825,13.0572651884275,3.91717955652825
7200.0,911.3718130278307,39.39662755242954,13.13220918414318,3.939662755242954
7300.0,911.3718130278307,39.62336155685724,13.20778718561908,3.962336155685724
7400.0,911.3718130278307,39.85201887082039,13.284006290273462,3.985201887082039
7500.0,911.3718130278307,40.082621083478784,13.360873694492929,4.008262108347878
7600.0,911.3718130278307,40.31519008585814,13.438396695286047,4.031519008585814
7700.0,911.3718130278307,40.54974807590777,13.516582691969257,4.054974807590777
7800.0,911.3718130278307,40.786317563657136,13.595439187885711,4.078631756365714
7900.0,911.3718130278307,41.02492137647331,13.67497379215777,4.102492137647331
8000.0,911.3718130278307,41.26558266442189,13.755194221473964,4.126558266442189
8100.0,911.3718130278307,41.508324905733474,13.836108301911159,4.150832490573348
8200.0,911.3718130278307,41.75317191237817,13.917723970792723,4.175317191237817
8300.0,911.3718130278307,42.000147835750404,14.000049278583468,4.200014783575041
8400.0,911.3718130278307,42.249277172467124,14.083092390822374,4.224927717246713
8500.0,911.3718130278307,42.500584770280895,14.166861590093632,4.250058477028089
8600.0,911.3718130278307,42.75409583411173,14.251365278037243,4.275409583411173
8700.0,911.3718130278307,43.009835932199366,14.336611977399789,4.300983593219937
8800.0,911.3718130278307,43.267831002379374,14.422610334126459,4.326783100237938
8900.0,911.3718130278307,43.528107358485684,14.509369119495227,4.352810735848569
9000.0,911.3718130278307,43.79069169688246,14.596897232294154,4.379069169688246
9100.0,911.3718130278307,44.05561110312835,14.685203701042782,4.405561110312835
9200.0,911.3718130278307,44.32289305877614,14.774297686258713,4.432289305877614
9300.0,911.3718130278307,44.592565448311106,14.864188482770368,4.459256544831111
9400.0,911.3718130278307,44.86465656623103,14.954885522077008,4.4864656566231025
9500.0,911.3718130278307,45.13919512427138,15.046398374757127,4.5139195124271385
9600.0,911.3718130278307,45.41621025877913,15.138736752926377,4.541621025877913
9700.0,911.3718130278307,45.695731538238384,15.231910512746127,4.569573153823838
9800.0,911.3718130278307,45.97778897095177,15.325929656983924,4.597778897095177
9900.0,911.3718130278307,46.26241301288117,15.420804337627056,4.6262413012881165
10000.0,911.3718130278307,46.549634575651254,15.516544858550418,4.654963457565126
0.0,917.2803588259754,27.282141494238687,9.094047164746229,2.7282141494238688
100.0,917.2803588259754,27.413563100156942,9.137854366718981,2.741356310015694
200.0,917.2803588259754,27.545917397891436,9.181972465963812,2.7545917397891437
300.0,917.2803588259754,27.679213142737513,9.226404380912504,2.7679213142737513
400.0,917.2803588259754,27.81345919232026,9.271153064106754,2.781345919232026
500.0,917.2803588259754,27.948664508026855,9.316221502675619,2.7948664508026857
600.0,917.2803588259754,28.08483815646253,9.361612718820844,2.808483815646253
700.0,917.2803588259754,28.221989310930287,9.407329770310096,2.8221989310930287
800.0,917.2803588259754,28.36012725293474,9.453375750978246,2.836012725293474
900.0,917.2803588259754,28.499261373710922,9.499753791236975,2.8499261373710922
1000.0,917.2803588259754,28.639401175778023,9.546467058592674,2.863940117577802
1100.0,917.2803588259754,28.780556274518993,9.593518758172998,2.878055627451899
1200.0,917.2803588259754,28.922736399786093,9.640912133262031,2.892273639978609
1300.0,917.2803588259754,29.065951397533194,9.688650465844399,2.9065951397533194
1400.0,917.2803588259754,29.210211231475274,9.736737077158425,2.9210211231475274
1500.0,917.2803588259754,29.355525984775294,9.78517532825843,2.9355525984775293
1600.0,917.2803588259754,29.501905861759603,9.833968620586534,2.9501905861759603
1700.0,917.2803588259754,29.64936118966187,9.883120396553958,2.964936118966187
1800.0,917.2803588259754,29.79790242039618,9.93263414013206,2.979790242039618
1900.0,917.2803588259754,29.947540132360302,9.982513377453435,2.9947540132360304
2000.0,917.2803588259754,30.098285032268937,10.032761677422979,3.0098285032268937
2100.0,917.2803588259754,30.250147957018253,10.083382652339418,3.0250147957018254
2200.0,917.2803588259754,30.40313987558197,10.134379958527324,3.0403139875581973
2300.0,917.2803588259754,30.557271890939425,10.185757296979808,3.0557271890939424
2400.0,917.2803588259754,30.71255524203676,10.237518414012253,3.071255524203676
2500.0,917.2803588259754,30.86900130578135,10.289667101927117,3.086900130578135
2600.0,917.2803588259754,31.0266215990705,10.342207199690167,3.10266215990705
2700.0,917.2803588259754,31.185427780854763,10.395142593618255,3.118542778085476
2800.0,917.2803588259754,31.345431654236826,10.448477218078942,3.1345431654236826
2900.0,917.2803588259754,31.506645168606596,10.502215056202198,3.1506645168606595
3000.0,917.2803588259754,31.669080421812996,10.556360140604331,3.1669080421812996
3100.0,917.2803588259754,31.832749662373523,10.610916554124508,3.1832749662373523
3200.0,917.2803588259754,31.9976652917221,10.665888430574034,3.19976652917221
3300.0,917.2803588259754,32.16383986649592,10.72127995549864,3.216383986649592
3400.0,917.2803588259754,32.33128610086236,10.77709536695412,3.2331286100862355
3500.0,917.2803588259754,32.50001686888644,10.83333895629548,3.250001686888644
3600.0,917.2803588259754,32.67004520693982,10.89001506897994,3.2670045206939817
3700.0,917.2803588259754,32.84138431615207,10.947128105384024,3.284138431615207
3800.0,917.2803588259754,33.014047564905184,11.004682521635061,3.3014047564905185
3900.0,917.2803588259754,33.1880484913721,11.062682830457367,3.31880484913721
4000.0,917.2803588259754,33.36340080610004,11.121133602033346,3.336340080610004
4100.0,917.2803588259754,33.54011839463995,11.180039464879982,3.3540118394639946
4200.0,917.2803588259754,33.718215320222434,11.239405106740811,3.3718215320222433
4300.0,917.2803588259754,33.897705826481484,11.299235275493828,3.3897705826481483
4400.0,917.2803588259754,34.07860434022704,11.359534780075679,3.407860434022704
4500.0,917.2803588259754,34.26092547426704,11.420308491422347,3.426092547426704
4600.0,917.2803588259754,34.44468403028029,11.481561343426764,3.4444684030280293
4700.0,917.2803588259754,34.62989500174104,11.54329833391368,3.4629895001741042
4800.0,917.2803588259754,34.81657357689635,11.605524525632118,3.4816573576896355
4900.0,917.2803588259754,35.00473514179744,11.668245047265813,3.500473514179744
5000.0,917.2803588259754,35.19439528338587,11.731465094461958,3.5194395283385873
5100.0,917.2803588259754,35.3855697926362,11.795189930878733,3.53855697926362
5200.0,917.2803588259754,35.578274667755565,11.859424889251855,3.5578274667755565
5300.0,917.2803588259754,35.772526117442105,11.924175372480702,3.5772526117442105
5400.0,917.2803588259754,35.96834056420301,11.989446854734338,3.596834056420301
5500.0,917.2803588259754,36.16573464773347,12.055244882577824,3.616573464773347
5600.0,917.2803588259754,36.36472522835815,12.121575076119383,3.6364725228358146
5700.0,917.2803588259754,36.56532939053591,12.188443130178635,3.656532939053591
5800.0,917.2803588259754,36.7675644464298,12.255854815476601,3.6767564446429803
5900.0,917.2803588259754,36.971447939543225,12.323815979847742,3.6971447939543225
6000.0,917.2803588259754,37.17699764842368,12.39233254947456,3.7176997648423677
6100.0,917.2803588259754,37.38423159043584,12.46141053014528,3.7384231590435837
6200.0,917.2803588259754,37.593168025605316,12.531056008535105,3.7593168025605315
6300.0,917.2803588259754,37.803825460534306,12.601275153511436,3.7803825460534304
6400.0,917.2803588259754,38.01622265239124,12.672074217463747,3.801622265239124
6500.0,917.2803588259754,38.23037861297548,12.743459537658493,3.8230378612975477
6600.0,917.2803588259754,38.44631261285907,12.815437537619689,3.844631261285907
6700.0,917.2803588259754,38.66404418560687,12.888014728535623,3.8664044185606867
6800.0,917.2803588259754,38.88359313207729,12.96119771069243,3.8883593132077285
6900.0,917.2803588259754,39.104979524804676,13.034993174934892,3.9104979524804677
7000.0,917.2803588259754,39.328223712465736,13.109407904155246,3.9328223712465737
7100.0,917.2803588259754,39.553346324431466,13.18444877481049,3.9553346324431464
7200.0,917.2803588259754,39.78036827540677,13.260122758468924,3.9780368275406772
7300.0,917.2803588259754,40.00931077015935,13.33643692338645,4.000931077015935
7400.0,917.2803588259754,40.240195308340056,13.413398436113352,4.024019530834005
7500.0,917.2803588259754,40.473043689396704,13.491014563132234,4.04730436893967
7600.0,917.2803588259754,40.70787801758337,13.569292672527789,4.070787801758337
7700.0,917.2803588259754,40.94472070706726,13.648240235689087,4.094472070706726
7800.0,917.2803588259754,41.18359448713563,13.72786482904521,4.118359448713563
7900.0,917.2803588259754,41.42452240750424,13.808174135834747,4.1424522407504245
8000.0,917.2803588259754,41.66752784373069,13.88917594791023,4.1667527843730685
8100.0,917.2803588259754,41.912634502733965,13.970878167577988,4.1912634502733965
8200.0,917.2803588259754,42.159866428423385,14.053288809474461,4.2159866428423385
8300.0,917.2803588259754,42.409248007438784,14.136416002479594,4.240924800743878
8400.0,917.2803588259754,42.66080397500503,14.220267991668344,4.266080397500503
8500.0,917.2803588259754,42.914559420902926,14.304853140300976,4.291455942090293
8600.0,917.2803588259754,43.17053979555961,14.390179931853204,4.317053979555961
8700.0,917.2803588259754,43.42877091626088,14.47625697208696,4.342877091626088
8800.0,917.2803588259754,43.6892789734884,14.563092991162799,4.36892789734884
8900.0,917.2803588259754,43.95209053738461,14.65069684579487,4.395209053738461
9000.0,917.2803588259754,44.21723256434812,14.739077521449374,4.421723256434812
9100.0,917.2803588259754,44.484732403763026,14.828244134587676,4.448473240376303
9200.0,917.2803588259754,44.75461780486468,14.918205934954893,4.475461780486468
9300.0,917.2803588259754,45.02691692374568,15.008972307915228,4.502691692374568
9400.0,917.2803588259754,45.30165833050488,15.10055277683496,4.5301658330504875
9500.0,917.2803588259754,45.57887101654279,15.192957005514264,4.557887101654279
9600.0,917.2803588259754,45.85858440200744,15.286194800669145,4.585858440200743
9700.0,917.2803588259754,46.14082834339312,15.380276114464372,4.614082834339312
9800.0,917.2803588259754,46.425633141296764,15.475211047098922,4.642563314129676
9900.0,917.2803588259754,46.713029548334866,15.571009849444955,4.671302954833487
10000.0,917.2803588259754,47.0030487772251,15.667682925741701,4.700304877722511
0.0,923.18890462412,27.546167241754773,9.18205574725159,2.7546167241754773
100.0,923.18890462412,27.67886069386405,9.226286897954683,2.767886069386405
200.0,923.18890462412,27.812495864011133,9.270831954670378,2.7812495864011133
300.0,923.18890462412,27.947081592221643,9.31569386407388,2.7947081592221643
400.0,923.18890462412,28.082626821841256,9.360875607280418,2.8082626821841257
500.0,923.18890462412,28.219140600981895,9.406380200327298,2.8219140600981896
600.0,923.18890462412,28.3566320839918,9.452210694663934,2.83566320839918
700.0,923.18890462412,28.49511053294957,9.498370177649857,2.849511053294957
800.0,923.18890462412,28.634585319182527,9.544861773060843,2.8634585319182526
900.0,923.18890462412,28.775065924810377,9.59168864160346,2.877506592481038
1000.0,923.18890462412,28.91656194431391,9.63885398143797,2.8916561944313908
1100.0,923.18890462412,29.05908308612993,9.686361028709976,2.905908308612993
1200.0,923.18890462412,29.202639174272363,9.734213058090788,2.9202639174272362
1300.0,923.18890462412,29.34724014998031,9.78241338332677,2.934724014998031
1400.0,923.18890462412,29.49289607339363,9.830965357797878,2.949289607339363
1500.0,923.18890462412,29.639617125256144,9.879872375085382,2.9639617125256144
1600.0,923.18890462412,29.787413608647626,9.929137869549209,2.9787413608647624
1700.0,923.18890462412,29.936295950744615,9.978765316914872,2.9936295950744616
1800.0,923.18890462412,30.086274704610673,10.028758234870224,3.008627470461067
1900.0,923.18890462412,30.237360551017108,10.07912018367237,3.0237360551017107
2000.0,923.18890462412,30.38956430029397,10.129854766764657,3.0389564300293967
2100.0,923.18890462412,30.5428968942126,10.1809656314042,3.05428968942126
2200.0,923.18890462412,30.697369407900087,10.232456469300029,3.069736940790009
2300.0,923.18890462412,30.852993051786033,10.28433101726201,3.0852993051786033
2400.0,923.18890462412,31.00977917358262,10.336593057860872,3.1009779173582617
2500.0,923.18890462412,31.167739260298415,10.389246420099472,3.1167739260298415
2600.0,923.18890462412,31.326884940286707,10.44229498009557,3.132688494028671
2700.0,923.18890462412,31.487227985328737,10.495742661776246,3.148722798532874
2800.0,923.18890462412,31.648780312752944,10.549593437584315,3.164878031275294
2900.0,923.18890462412,31.811553987590692,10.603851329196898,3.1811553987590693
3000.0,923.18890462412,31.975561224769095,10.658520408256365,3.1975561224769096
3100.0,923.18890462412,32.14081439134194,10.71360479711398,3.214081439134194
3200.0,923.18890462412,32.30732600875931,10.769108669586437,3.230732600875931
3300.0,923.18890462412,32.47510875517655,10.825036251725516,3.247510875517655
3400.0,923.18890462412,32.64417546780371,10.881391822601238,3.264417546780371
3500.0,923.18890462412,32.814539145295896,10.938179715098633,3.28145391452959
3600.0,923.18890462412,32.98621295018563,10.995404316728544,3.298621295018563
3700.0,923.18890462412,33.159210211357774,11.053070070452591,3.3159210211357775
3800.0,923.18890462412,33.33354442656821,11.111181475522736,3.333354442656821
3900.0,923.18890462412,33.50922926500694,11.169743088335645,3.3509229265006937
4000.0,923.18890462412,33.686278569906435,11.228759523302145,3.3686278569906434
4100.0,923.18890462412,33.8647063611965,11.288235453732165,3.3864706361196495
4200.0,923.18890462412,34.044526838206096,11.348175612735366,3.4044526838206095
4300.0,923.18890462412,34.22575438241346,11.408584794137822,3.4225754382413465
4400.0,923.18890462412,34.40840356024551,11.46946785341517,3.440840356024551
4500.0,923.18890462412,34.592489125927116,11.530829708642372,3.4592489125927117
4600.0,923.18890462412,34.778026024381845,11.592675341460614,3.4778026024381843
4700.0,923.18890462412,34.965029394184874,11.655009798061625,3.4965029394184874
4800.0,923.18890462412,35.15351457056909,11.717838190189696,3.5153514570569087
4900.0,923.18890462412,35.343497088485805,11.781165696161935,3.5343497088485805
5000.0,923.18890462412,35.53499268572084,11.844997561906945,3.5534992685720836
5100.0,923.18890462412,35.728017306067514,11.909339102022505,3.572801730606751
5200.0,923.18890462412,35.9225871025573,11.974195700852434,3.59225871025573
5300.0,923.18890462412,36.118718440749674,12.039572813583225,3.6118718440749675
5400.0,923.18890462412,36.31642790208234,12.10547596736078,3.6316427902082338
5500.0,923.18890462412,36.51573228728289,12.171910762427629,3.6515732287282887
5600.0,923.18890462412,36.71664861984344,12.238882873281147,3.671664861984344
5700.0,923.18890462412,36.91919414955958,12.306398049853193,3.691919414955958
5800.0,923.18890462412,37.12338635613454,12.374462118711513,3.712338635613454
5900.0,923.18890462412,37.3292429528508,12.443080984283599,3.7329242952850796
6000.0,923.18890462412,37.53678189030959,12.512260630103198,3.753678189030959
6100.0,923.18890462412,37.74602136024052,12.582007120080172,3.774602136024052
6200.0,923.18890462412,37.956979799382474,12.652326599794158,3.7956979799382475
6300.0,923.18890462412,38.169675893437194,12.723225297812398,3.8169675893437196
6400.0,923.18890462412,38.38412858109758,12.794709527032525,3.838412858109758
6500.0,923.18890462412,38.60035705815163,12.866785686050543,3.860035705815163
6600.0,923.18890462412,38.818380781664324,12.939460260554775,3.8818380781664326
6700.0,923.18890462412,39.03821947423866,13.01273982474622,3.903821947423866
6800.0,923.18890462412,39.25989312835786,13.086631042785953,3.925989312835786
6900.0,923.18890462412,39.48342201081034,13.161140670270113,3.948342201081034
7000.0,923.18890462412,39.70882666719918,13.23627555573306,3.9708826667199184
7100.0,923.18890462412,39.936127926538326,13.312042642179442,3.9936127926538325
7200.0,923.18890462412,40.16534690593685,13.388448968645617,4.016534690593685
7300.0,923.18890462412,40.39650501537378,13.46550167179126,4.039650501537379
7400.0,923.18890462412,40.62962396256507,13.54320798752169,4.062962396256507
7500.0,923.18890462412,40.864725757924965,13.621575252641655,4.086472575792497
7600.0,923.18890462412,41.10183271962373,13.700610906541243,4.110183271962373
7700.0,923.18890462412,41.340967478744034,13.780322492914678,4.134096747874404
7800.0,923.18890462412,41.582152984538105,13.860717661512702,4.15821529845381
7900.0,923.18890462412,41.825412509787746,13.941804169929249,4.182541250978774
8000.0,923.18890462412,42.070769656269896,14.023589885423299,4.20707696562699
8100.0,923.18890462412,42.318248360329775,14.106082786776591,4.2318248360329775
8200.0,923.18890462412,42.56787289856409,14.18929096618803,4.256787289856409
8300.0,923.18890462412,42.81966789361684,14.273222631205613,4.281966789361684
8400.0,923.18890462412,43.07365832009067,14.35788610669689,4.307365832009067
8500.0,923.18890462412,43.32986951057534,14.443289836858447,4.332986951057534
8600.0,923.18890462412,43.588327161797054,14.529442387265684,4.358832716179705
8700.0,923.18890462412,43.84905734089114,14.616352446963715,4.384905734089115
8800.0,923.18890462412,44.11208649180035,14.704028830600116,4.411208649180034
8900.0,923.18890462412,44.377441441802375,14.792480480600792,4.437744144180238
9000.0,923.18890462412,44.645149408169196,14.881716469389731,4.46451494081692
9100.0,923.18890462412,44.9152380049614,14.9717460016538,4.49152380049614
9200.0,923.18890462412,45.18773524996047,15.062578416653489,4.518773524996047
9300.0,923.18890462412,45.462669571742445,15.154223190580815,4.546266957174245
9400.0,923.18890462412,45.74006981689628,15.246689938965426,4.574006981689628
9500.0,923.18890462412,46.019965257389806,15.339988419129936,4.601996525738981
9600.0,923.18890462412,46.302385598087525,15.434128532695842,4.6302385598087525
9700.0,923.18890462412,46.58736098442309,15.529120328141031,4.65873609844231
9800.0,923.18890462412,46.87492201023056,15.624974003410188,4.687492201023057
9900.0,923.18890462412,47.16509972573809,15.721699908579362,4.716509972573808
10000.0,923.18890462412,47.45792564572762,15.819308548575874,4.745792564572762
0.0,929.0974504222646,27.811039248883713,9.27034641629457,2.781103924888371
100.0,929.0974504222646,27.94500862372607,9.315002874575358,2.7945008623726073
200.0,929.0974504222646,28.079928771758798,9.359976257252933,2.80799287717588
300.0,929.0974504222646,28.21580861800937,9.405269539336457,2.821580861800937
400.0,929.0974504222646,28.352657191818782,9.450885730606261,2.835265719181878
500.0,929.0974504222646,28.490483628301714,9.496827876100571,2.8490483628301715
600.0,929.0974504222646,28.629297169830625,9.543099056610208,2.8629297169830625
700.0,929.0974504222646,28.769107167544256,9.589702389181419,2.8769107167544257
800.0,929.0974504222646,28.909923082880567,9.636641027626856,2.8909923082880566
900.0,929.0974504222646,29.051754489135178,9.683918163045059,2.9051754489135178
1000.0,929.0974504222646,29.194611073045284,9.731537024348428,2.9194611073045285
1100.0,929.0974504222646,29.338502636399802,9.779500878799935,2.93385026363998
1200.0,929.0974504222646,29.483439097676115,9.827813032558705,2.9483439097676114
1300.0,929.0974504222646,29.62943049370398,9.87647683123466,2.9629430493703977
1400.0,929.0974504222646,29.77648698135718,9.925495660452393,2.977648698135718
1500.0,929.0974504222646,29.92461883927317,9.974872946424389,2.9924618839273167
1600.0,929.0974504222646,30.07383646960168,10.024612156533893,3.007383646960168
1700.0,929.0974504222646,30.224150399782452,10.074716799927485,3.0224150399782452
1800.0,929.0974504222646,30.37557128435275,10.125190428117582,3.037557128435275
1900.0,929.0974504222646,30.528109906785527,10.176036635595176,3.0528109906785525
2000.0,929.0974504222646,30.68177718135829,10.227259060452763,3.068177718135829
2100.0,929.0974504222646,30.83658415505372,10.278861385017906,3.083658415505372
2200.0,929.0974504222646,30.992542009492528,10.33084733649751,3.099254200949253
2300.0,929.0974504222646,31.149662062898923,10.383220687632974,3.114966206289892
2400.0,929.0974504222646,31.307955772099795,10.435985257366598,3.1307955772099794
2500.0,929.0974504222646,31.467434734557827,10.489144911519276,3.146743473455783
2600.0,929.0974504222646,31.62811069043947,10.542703563479824,3.162811069043947
2700.0,929.0974504222646,31.789995524718336,10.596665174906112,3.1789995524718337
2800.0,929.0974504222646,31.95310126931473,10.651033756438244,3.195310126931473
2900.0,929.0974504222646,32.11744010527213,10.705813368424044,3.2117440105272133
3000.0,929.0974504222646,32.283024364971084,10.761008121657028,3.2283024364971085
3100.0,929.0974504222646,32.449866534381606,10.816622178127203,3.2449866534381604
3200.0,929.0974504222646,32.61797925535463,10.872659751784878,3.2617979255354634
3300.0,929.0974504222646,32.78737532795316,10.929125109317718,3.278737532795316
3400.0,929.0974504222646,32.958067712824274,10.986022570941424,3.2958067712824275
3500.0,929.0974504222646,33.130069533612534,11.043356511204179,3.3130069533612536
3600.0,929.0974504222646,33.30339407941564,11.101131359805214,3.330339407941564
3700.0,929.0974504222646,33.47805480728325,11.15935160242775,3.347805480728325
3800.0,929.0974504222646,33.65406534475981,11.218021781586602,3.365406534475981
3900.0,929.0974504222646,33.831439492472356,11.277146497490785,3.3831439492472355
4000.0,929.0974504222646,34.01019122676386,11.336730408921285,3.4010191226763857
4100.0,929.0974504222646,34.19033470237369,11.396778234124563,3.419033470237369
4200.0,929.0974504222646,34.37188425516543,11.457294751721811,3.4371884255165432
4300.0,929.0974504222646,34.55485440490336,11.518284801634453,3.455485440490336
4400.0,929.0974504222646,34.73925985807884,11.57975328602628,3.4739259858078837
4500.0,929.0974504222646,34.92511551078699,11.641705170262329,3.4925115510786986
4600.0,929.0974504222646,35.11243645165528,11.704145483885092,3.5112436451655276
4700.0,929.0974504222646,35.30123796482486,11.767079321608286,3.530123796482486
4800.0,929.0974504222646,35.49153553298556,11.83051184432852,3.549153553298556
4900.0,929.0974504222646,35.68334484046608,11.894448280155359,3.568334484046608
5000.0,929.0974504222646,35.87668177637995,11.958893925459982,3.587668177637995
5100.0,929.0974504222646,36.071562437829115,12.023854145943039,3.6071562437829114
5200.0,929.0974504222646,36.26800313316558,12.08933437772186,3.626800313316558
5300.0,929.0974504222646,36.46602038531294,12.155340128437645,3.646602038531294
5400.0,929.0974504222646,36.665630935148855,12.221876978382952,3.6665630935148856
5500.0,929.0974504222646,36.866851744949386,12.288950581649795,3.6866851744949387
5600.0,929.0974504222646,37.06970000189722,12.356566667299072,3.7069700001897217
5700.0,929.0974504222646,37.27419312165446,12.424731040551487,3.727419312165446
5800.0,929.0974504222646,37.48034875200163,12.493449584000544,3.748034875200163
5900.0,929.0974504222646,37.68818477654444,12.562728258848146,3.768818477654444
6000.0,929.0974504222646,37.89771931848931,12.632573106163102,3.789771931848931
6100.0,929.0974504222646,38.108970744489675,12.702990248163225,3.8108970744489676
6200.0,929.0974504222646,38.32195766856404,12.773985889521347,3.8321957668564037
6300.0,929.0974504222646,38.53669895608785,12.84556631869595,3.8536698956087845
6400.0,929.0974504222646,38.75321372786019,12.91773790928673,3.8753213727860194
6500.0,929.0974504222646,38.97152136424749,12.99050712141583,3.8971521364247486
6600.0,929.0974504222646,39.19164150940539,13.063880503135131,3.9191641509405395
6700.0,929.0974504222646,39.41359407558094,13.137864691860313,3.9413594075580938
6800.0,929.0974504222646,39.63739924749639,13.21246641583213,3.963739924749639
6900.0,929.0974504222646,39.86307748681681,13.287692495605604,3.986307748681681
7000.0,929.0974504222646,40.09064953670292,13.36354984556764,4.009064953670292
7100.0,929.0974504222646,40.32013642645137,13.44004547548379,4.032013642645137
7200.0,929.0974504222646,40.55155947622428,13.517186492074758,4.055155947622428
7300.0,929.0974504222646,40.784940301869725,13.594980100623241,4.078494030186972
7400.0,929.0974504222646,41.020300819835654,13.673433606611885,4.102030081983566
7500.0,929.0974504222646,41.25766325217891,13.75255441739297,4.12576632521789
7600.0,929.0974504222646,41.49705013167162,13.832350043890541,4.1497050131671624
7700.0,929.0974504222646,41.73848430700714,13.912828102335714,4.173848430700714
7800.0,929.0974504222646,41.981988948107734,13.993996316035911,4.198198894810774
7900.0,929.0974504222646,42.22758755153621,14.075862517178736,4.222758755153621
8000.0,929.0974504222646,42.47530394601401,14.158434648671337,4.247530394601401
8100.0,929.0974504222646,42.725162298047785,14.241720766015929,4.272516229804778
8200.0,929.0974504222646,42.97718711766755,14.325729039222516,4.297718711766755
8300.0,929.0974504222646,43.231403264277965,14.410467754759322,4.323140326427796
8400.0,929.0974504222646,43.48783595262661,14.495945317542203,4.3487835952626614
8500.0,929.0974504222646,43.74651075889042,14.582170252963474,4.374651075889043
8600.0,929.0974504222646,44.007453626884285,14.669151208961429,4.400745362688428
8700.0,929.0974504222646,44.270690874393715,14.756896958131238,4.427069087439372
8800.0,929.0974504222646,44.53624919963498,14.845416399878326,4.453624919963498
8900.0,929.0974504222646,44.804155687845274,14.93471856261509,4.480415568784528
9000.0,929.0974504222646,45.074437818006054,15.024812606002017,4.507443781800605
9100.0,929.0974504222646,45.347123469702765,15.115707823234255,4.534712346970276
9200.0,929.0974504222646,45.622240930123674,15.207413643374558,4.562224093012367
9300.0,929.0974504222646,45.89981890120176,15.29993963373392,4.5899818901201765
9400.0,929.0974504222646,46.17988650690224,15.393295502300747,4.617988650690224
9500.0,929.0974504222646,46.46247330065951,15.487491100219836,4.646247330065951
9600.0,929.0974504222646,46.747609272967175,15.582536424322392,4.674760927296718
9700.0,929.0974504222646,47.03532485912433,15.67844161970811,4.703532485912433
9800.0,929.0974504222646,47.32565094714206,15.775216982380686,4.7325650947142055
9900.0,929.0974504222646,47.61861888581406,15.87287296193802,4.7618618885814055
10000.0,929.0974504222646,47.91426049295479,15.971420164318262,4.791426049295479
0.0,935.0059962204093,28.076754820434854,9.358918273478285,2.8076754820434853
100.0,935.0059962204093,28.21200418156927,9.404001393856424,2.821200418156927
200.0,935.0059962204093,28.34821339988548,9.449404466628494,2.8348213399885482
300.0,935.0059962204093,28.485391485683504,9.495130495227835,2.84853914856835
400.0,935.0059962204093,28.62354755457358,9.541182518191194,2.862354755457358
500.0,935.0059962204093,28.76269082895016,9.587563609650052,2.876269082895016
600.0,935.0059962204093,28.902830639490325,9.634276879830109,2.8902830639490324
700.0,935.0059962204093,29.043976426676558,9.681325475558852,2.904397642667656
800.0,935.0059962204093,29.18613774234445,9.728712580781483,2.918613774234445
900.0,935.0059962204093,29.329324251255947,9.776441417085316,2.932932425125595
1000.0,935.0059962204093,29.47354573269843,9.82451524423281,2.947354573269843
1100.0,935.0059962204093,29.61881208211023,9.87293736070341,2.961881208211023
1200.0,935.0059962204093,29.76513331273306,9.921711104244354,2.976513331273306
1300.0,935.0059962204093,29.912519557291755,9.970839852430585,2.9912519557291755
1400.0,935.0059962204093,30.06098106970212,10.02032702323404,3.006098106970212
1500.0,935.0059962204093,30.210528226807,10.070176075602333,3.0210528226807
1600.0,935.0059962204093,30.361171530141593,10.120390510047198,3.0361171530141595
1700.0,935.0059962204093,30.512921607728174,10.170973869242724,3.0512921607728174
1800.0,935.0059962204093,30.665789215900862,10.221929738633621,3.0665789215900863
1900.0,935.0059962204093,30.81978524116137,10.27326174705379,3.081978524116137
2000.0,935.0059962204093,30.974920702065695,10.324973567355231,3.0974920702065694
2100.0,935.0059962204093,31.131206751142933,10.377068917047644,3.1131206751142932
2200.0,935.0059962204093,31.288654676846576,10.429551558948859,3.1288654676846575
2300.0,935.0059962204093,31.447275905538785,10.482425301846261,3.1447275905538783
2400.0,935.0059962204093,31.607082003508623,10.53569400116954,3.160708200350862
2500.0,935.0059962204093,31.768084679024636,10.58936155967488,3.1768084679024637
2600.0,935.0059962204093,31.93029578442262,10.643431928140872,3.1930295784422618
2700.0,935.0059962204093,32.09372731822899,10.697909106076331,3.2093727318228993
2800.0,935.0059962204093,32.2583914273209,10.7527971424403,3.2258391427320903
2900.0,935.0059962204093,32.4243004091234,10.808100136374465,3.24243004091234
3000.0,935.0059962204093,32.591466713844554,10.863822237948185,3.2591466713844555
3100.0,935.0059962204093,32.75990294674932,10.91996764891644,3.275990294674932
3200.0,935.0059962204093,32.929621870472936,10.976540623490978,3.2929621870472934
3300.0,935.0059962204093,33.100636407374296,11.033545469124766,3.3100636407374298
3400.0,935.0059962204093,33.27295964193066,11.090986547310221,3.327295964193066
3500.0,935.0059962204093,33.44660482317408,11.14886827439136,3.3446604823174075
3600.0,935.0059962204093,33.62158536717055,11.207195122390184,3.3621585367170552
3700.0,935.0059962204093,33.797914859542715,11.265971619847571,3.3797914859542715
3800.0,935.0059962204093,33.9756070580369,11.325202352678966,3.39756070580369
3900.0,935.0059962204093,34.15467589513577,11.384891965045256,3.4154675895135767
4000.0,935.0059962204093,34.33513548071676,11.44504516023892,3.4335135480716756
4100.0,935.0059962204093,34.51700010475814,11.505666701586046,3.4517000104758138
4200.0,935.0059962204093,34.70028424009291,11.566761413364304,3.4700284240092913
4300.0,935.0059962204093,34.885002545211854,11.628334181737285,3.4885002545211856
4400.0,935.0059962204093,35.07116986711684,11.690389955705614,3.5071169867116843
4500.0,935.0059962204093,35.25880124422505,11.752933748075016,3.5258801244225046
4600.0,935.0059962204093,35.44791190932553,11.815970636441845,3.5447911909325533
4700.0,935.0059962204093,35.638517292589015,11.879505764196338,3.5638517292589014
4800.0,935.0059962204093,35.83063302463192,11.943544341543975,3.5830633024631924
4900.0,935.0059962204093,36.02427493963602,12.00809164654534,3.602427493963602
5000.0,935.0059962204093,36.21945907852452,12.073153026174841,3.621945907852452
5100.0,935.0059962204093,36.41620169219625,12.138733897398751,3.6416201692196255
5200.0,935.0059962204093,36.61451924481842,12.204839748272805,3.6614519244818418
5300.0,935.0059962204093,36.81442841717993,12.271476139059978,3.681442841717993
5400.0,935.0059962204093,37.01594611010612,12.338648703368706,3.701594611010612
5500.0,935.0059962204093,37.219089447936106,12.406363149312035,3.7219089447936105
5600.0,935.0059962204093,37.4238757820644,12.474625260688134,3.74238757820644
5700.0,935.0059962204093,37.63032269454792,12.54344089818264,3.763032269454792
5800.0,935.0059962204093,37.838448001779724,12.612816000593241,3.7838448001779725
5900.0,935.0059962204093,38.048269758231214,12.68275658607707,3.8048269758231212
6000.0,935.0059962204093,38.25980626026376,12.753268753421253,3.825980626026376
6100.0,935.0059962204093,38.47307605001162,12.824358683337207,3.847307605001162
6200.0,935.0059962204093,38.68809791933767,12.896032639779223,3.868809791933767
6300.0,935.0059962204093,38.90489091386312,12.968296971287707,3.890489091386312
6400.0,935.0059962204093,39.123474337073326,13.041158112357776,3.9123474337073327
6500.0,935.0059962204093,39.34386775450092,13.11462258483364,3.934386775450092
6600.0,935.0059962204093,39.56609099798815,13.188696999329382,3.956609099798815
6700.0,935.0059962204093,39.790164170029975,13.263388056676659,3.9790164170029976
6800.0,935.0059962204093,40.01610764819998,13.338702549399992,4.001610764819998
6900.0,935.0059962204093,40.243942089660536,13.414647363220178,4.024394208966053
7000.0,935.0059962204093,40.47368843575912,13.491229478586375,4.047368843575912
7100.0,935.0059962204093,40.7053679167131,13.5684559722377,4.07053679167131
7200.0,935.0059962204093,40.93900205638415,13.646334018794716,4.093900205638414
7300.0,935.0059962204093,41.174612677145156,13.724870892381718,4.117461267714516
7400.0,935.0059962204093,41.41222190484078,13.804073968280258,4.141222190484077
7500.0,935.0059962204093,41.65185217384452,13.88395072461484,4.165185217384452
7600.0,935.0059962204093,41.89352623221382,13.964508744071274,4.1893526232213825
7700.0,935.0059962204093,42.13726714694577,14.045755715648589,4.213726714694577
7800.0,935.0059962204093,42.383098309335494,14.127699436445164,4.23830983093355
7900.0,935.0059962204093,42.6310434404395,14.210347813479833,4.26310434404395
8000.0,935.0059962204093,42.88112659664641,14.293708865548803,4.288112659664641
8100.0,935.0059962204093,43.133372175357444,14.377790725119148,4.313337217535745
8200.0,935.0059962204093,43.38780492077929,14.462601640259763,4.3387804920779285
8300.0,935.0059962204093,43.64444992983134,14.548149976610446,4.364444992983134
8400.0,935.0059962204093,43.90333265817091,14.634444219390303,4.390333265817091
8500.0,935.0059962204093,44.164478926337935,14.721492975445978,4.416447892633793
8600.0,935.0059962204093,44.427914926022794,14.80930497534093,4.44279149260228
8700.0,935.0059962204093,44.69366722645959,14.89788907548653,4.469366722645959
8800.0,935.0059962204093,44.96176278094785,14.98725426031595,4.496176278094785
8900.0,935.0059962204093,45.232228933505816,15.07740964450194,4.523222893350582
9000.0,935.0059962204093,45.50509342565794,15.168364475219313,4.550509342565794
9100.0,935.0059962204093,45.7803844033601,15.260128134453367,4.578038440336011
9200.0,935.0059962204093,46.05813042406548,15.35271014135516,4.605813042406548
9300.0,935.0059962204093,46.338360463934485,15.446120154644829,4.633836046393449
9400.0,935.0059962204093,46.62110392519204,15.540367975064013,4.662110392519204
9500.0,935.0059962204093,46.90639064363546,15.635463547878487,4.6906390643635465
9600.0,935.0059962204093,47.194250896297184,15.731416965432395,4.719425089629718
9700.0,935.0059962204093,47.48471540926486,15.828238469754952,4.748471540926486
9800.0,935.0059962204093,47.777815365663535,15.925938455221178,4.777781536566353
9900.0,935.0059962204093,48.073582413803315,16.02452747126777,4.8073582413803315
10000.0,935.0059962204093,48.372048675496245,16.124016225165416,4.837204867549625
0.0,940.9145420185539,28.343311286805925,9.447770428935309,2.8343311286805926
100.0,940.9145420185539,28.479844684931564,9.493281561643855,2.8479844684931566
200.0,940.9145420185539,28.617347052977987,9.539115684325996,2.8617347052977986
300.0,940.9145420185539,28.75582748678766,9.58527582892922,2.8755827486787657
400.0,940.9145420185539,28.895295188513025,9.631765062837674,2.8895295188513024
500.0,940.9145420185539,29.035759468104573,9.678586489368191,2.903575946810457
600.0,940.9145420185539,29.177229744823414,9.72574324827447,2.9177229744823414
700.0,940.9145420185539,29.319715548778543,9.773238516259514,2.931971554877854
800.0,940.9145420185539,29.463226522489233,9.821075507496412,2.946322652248923
900.0,940.9145420185539,29.60777242247323,9.869257474157743,2.960777242247323
1000.0,940.9145420185539,29.75336312086096,9.917787706953654,2.975336312086096
1100.0,940.9145420185539,29.900008607036597,9.966669535678866,2.9900008607036597
1200.0,940.9145420185539,30.047718989306027,10.015906329768676,3.0047718989306027
1300.0,940.9145420185539,30.196504496592638,10.065501498864213,3.019650449659264
1400.0,940.9145420185539,30.346375480161377,10.115458493387125,3.034637548016138
1500.0,940.9145420185539,30.497342415371264,10.165780805123754,3.0497342415371262
1600.0,940.9145420185539,30.649415903457484,10.216471967819162,3.0649415903457484
1700.0,940.9145420185539,30.802606673343146,10.267535557781049,3.0802606673343145
1800.0,940.9145420185539,30.95692558348138,10.318975194493794,3.095692558348138
1900.0,940.9145420185539,31.112383623728704,10.370794541242901,3.1112383623728705
2000.0,940.9145420185539,31.26899191724962,10.422997305749872,3.126899191724962
2100.0,940.9145420185539,31.426761722453644,10.475587240817882,3.1426761722453644
2200.0,940.9145420185539,31.585704434965145,10.528568144988382,3.1585704434965143
2300.0,940.9145420185539,31.745831589626437,10.581943863208812,3.1745831589626436
2400.0,940.9145420185539,31.90715486253518,10.635718287511727,3.190715486253518
2500.0,940.9145420185539,32.06968607311646,10.689895357705486,3.2069686073116457
2600.0,940.9145420185539,32.23343718623035,10.744479062076783,3.2233437186230347
2700.0,940.9145420185539,32.398420314315466,10.799473438105155,3.2398420314315466
2800.0,940.9145420185539,32.56464771956957,10.854882573189856,3.2564647719569573
2900.0,940.9145420185539,32.73213181616761,10.910710605389204,3.273213181616761
3000.0,940.9145420185539,32.90088517251803,10.966961724172677,3.290088517251803
3100.0,940.9145420185539,33.07092051355832,11.023640171186107,3.307092051355832
3200.0,940.9145420185539,33.242250723090194,11.080750241030065,3.3242250723090194
3300.0,940.9145420185539,33.414888846155485,11.138296282051828,3.3414888846155484
3400.0,940.9145420185539,33.5888480914535,11.196282697151167,3.35888480914535
3500.0,940.9145420185539,33.7641418338006,11.2547139446002,3.37641418338006
3600.0,940.9145420185539,33.94078361663289,11.31359453887763,3.394078361663289
3700.0,940.9145420185539,34.11878715455284,11.372929051517614,3.411878715455284
3800.0,940.9145420185539,34.29816633592077,11.43272211197359,3.429816633592077
3900.0,940.9145420185539,34.47893522549221,11.492978408497402,3.447893522549221
4000.0,940.9145420185539,34.661108067101644,11.553702689033882,3.4661108067101645
4100.0,940.9145420185539,34.84469928639423,11.61489976213141,3.484469928639423
4200.0,940.9145420185539,35.02972349360587,11.676574497868623,3.5029723493605873
4300.0,940.9145420185539,35.21619548639284,11.738731828797613,3.521619548639284
4400.0,940.9145420185539,35.404130252712186,11.801376750904062,3.5404130252712185
4500.0,940.9145420185539,35.59354297375355,11.864514324584517,3.559354297375355
4600.0,940.9145420185539,35.7844490269238,11.928149675641267,3.57844490269238
4700.0,940.9145420185539,35.976863988885356,11.992287996295119,3.5976863988885355
4800.0,940.9145420185539,36.17080363864935,12.056934546216452,3.617080363864935
4900.0,940.9145420185539,36.366283960724886,12.122094653574962,3.6366283960724886
5000.0,940.9145420185539,36.56332114832527,12.187773716108424,3.6563321148325274
5100.0,940.9145420185539,36.761931606632906,12.253977202210969,3.6761931606632907
5200.0,940.9145420185539,36.962131956123315,12.320710652041106,3.6962131956123314
5300.0,940.9145420185539,37.16393903595029,12.387979678650098,3.716393903595029
5400.0,940.9145420185539,37.36736990739306,12.45578996913102,3.736736990739306
5500.0,940.9145420185539,37.57244185736662,12.524147285788873,3.757244185736662
5600.0,940.9145420185539,37.779172401996995,12.593057467332331,3.7779172401996997
5700.0,940.9145420185539,37.9875792902625,12.662526430087501,3.7987579290262503
5800.0,940.9145420185539,38.19768050770233,12.73256016923411,3.819768050770233
5900.0,940.9145420185539,38.40949428019433,12.803164760064776,3.840949428019433
6000.0,940.9145420185539,38.623039077802716,12.874346359267571,3.8623039077802717
6100.0,940.9145420185539,38.83833361869803,12.946111206232677,3.883833361869803
6200.0,940.9145420185539,39.05539687315018,13.018465624383394,3.905539687315018
6300.0,940.9145420185539,39.27424806759668,13.091416022532227,3.927424806759668
6400.0,940.9145420185539,39.49490668878726,13.16496889626242,3.949490668878726
6500.0,940.9145420185539,39.71739248800671,13.23913082933557,3.971739248800671
6600.0,940.9145420185539,39.94172548537783,13.313908495125943,3.994172548537783
6700.0,940.9145420185539,40.16792597424563,13.389308658081875,4.016792597424563
6800.0,940.9145420185539,40.39601452564527,13.46533817521509,4.039601452564527
6900.0,940.9145420185539,40.62601199285512,13.542003997618373,4.0626011992855116
7000.0,940.9145420185539,40.85793951603665,13.619313172012218,4.085793951603665
7100.0,940.9145420185539,41.09181852696368,13.697272842321226,4.109181852696368
7200.0,940.9145420185539,41.327670753842206,13.775890251280735,4.132767075384221
7300.0,940.9145420185539,41.565518226223375,13.855172742074458,4.156551822622338
7400.0,940.9145420185539,41.80538328001132,13.935127760003773,4.180538328001132
7500.0,940.9145420185539,42.047288562568085,14.015762854189362,4.204728856256809
7600.0,940.9145420185539,42.29125703791772,14.097085679305906,4.229125703791771
7700.0,940.9145420185539,42.53731199205189,14.17910399735063,4.253731199205189
7800.0,940.9145420185539,42.78547703833916,14.261825679446387,4.278547703833916
7900.0,940.9145420185539,43.03577612304013,14.345258707680044,4.303577612304013
8000.0,940.9145420185539,43.288233530931166,14.429411176977055,4.328823353093116
8100.0,940.9145420185539,43.54287389103876,14.51429129701292,4.354287389103876
8200.0,940.9145420185539,43.799722182487265,14.599907394162422,4.379972218248726
8300.0,940.9145420185539,44.05880374046252,14.686267913487507,4.405880374046252
8400.0,940.9145420185539,44.32014426229396,14.773381420764652,4.4320144262293955
8500.0,940.9145420185539,44.58376981365786,14.86125660455262,4.458376981365786
8600.0,940.9145420185539,44.84970683490452,14.949902278301506,4.4849706834904515
8700.0,940.9145420185539,45.1179821475123,15.0393273825041,4.51179821475123
8800.0,940.9145420185539,45.38862296067134,15.129540986890447,4.538862296067134
8900.0,940.9145420185539,45.66165687799985,15.220552292666618,4.566165687799986
9000.0,940.9145420185539,45.93711190439608,15.312370634798695,4.593711190439608
9100.0,940.9145420185539,46.21501645302943,15.405005484343143,4.621501645302943
9200.0,940.9145420185539,46.49539935247315,15.498466450824383,4.649539935247315
9300.0,940.9145420185539,46.77828985398298,15.592763284660995,4.677828985398298
9400.0,940.9145420185539,47.06371763892409,15.687905879641363,4.706371763892409
9500.0,940.9145420185539,47.35171282635039,15.783904275450132,4.735171282635039
9600.0,940.9145420185539,47.64230598073987,15.880768660246623,4.764230598073987
9700.0,940.9145420185539,47.93552811988898,15.978509373296326,4.7935528119888975
9800.0,940.9145420185539,48.23141072297069,16.077136907656897,4.823141072297069
9900.0,940.9145420185539,48.52998573875934,16.17666191291978,4.852998573875935
10000.0,940.9145420185539,48.831285594026625,16.277095198008876,4.883128559402662
0.0,946.8230878166985,28.610706003580688,9.536902001193562,2.861070600358069
100.0,946.8230878166985,28.748527476658214,9.582842492219404,2.8748527476658214
200.0,946.8230878166985,28.887327061052712,9.629109020350905,2.888732706105271
300.0,946.8230878166985,29.027113938418072,9.675704646139357,2.902711393841807
400.0,946.8230878166985,29.167897397721113,9.722632465907038,2.916789739772111
500.0,946.8230878166985,29.30968683674369,9.769895612247897,2.930968683674369
600.0,946.8230878166985,29.452491763609526,9.817497254536509,2.9452491763609525
700.0,946.8230878166985,29.596321798335985,9.865440599445328,2.9596321798335987
800.0,946.8230878166985,29.741186674411193,9.913728891470397,2.974118667441119
900.0,946.8230878166985,29.88709624039723,9.962365413465744,2.988709624039723
1000.0,946.8230878166985,30.034060461559577,10.011353487186526,3.0034060461559577
1100.0,946.8230878166985,30.18208942152363,10.06069647384121,3.0182089421523632
1200.0,946.8230878166985,30.33119332395843,10.11039777465281,3.033119332395843
1300.0,946.8230878166985,30.48138249428845,10.160460831429484,3.048138249428845
1400.0,946.8230878166985,30.632667381433897,10.210889127144632,3.0632667381433896
1500.0,946.8230878166985,30.78505855957978,10.261686186526594,3.078505855957978
1600.0,946.8230878166985,30.93856672997479,10.312855576658263,3.0938566729974792
1700.0,946.8230878166985,31.09320272276019,10.36440090758673,3.109320272276019
1800.0,946.8230878166985,31.24897749882926,10.416325832943086,3.124897749882926
1900.0,946.8230878166985,31.40590215171833,10.468634050572776,3.140590215171833
2000.0,946.8230878166985,31.56398790952938,10.52132930317646,3.156398790952938
2100.0,946.8230878166985,31.723246136885333,10.574415378961778,3.1723246136885335
2200.0,946.8230878166985,31.883688336918436,10.627896112306145,3.1883688336918437
2300.0,946.8230878166985,32.0453261532923,10.681775384430766,3.20453261532923
2400.0,946.8230878166985,32.20817137225851,10.736057124086171,3.2208171372258514
2500.0,946.8230878166985,32.37223592474826,10.79074530824942,3.237223592474826
2600.0,946.8230878166985,32.537531888499714,10.845843962833237,3.2537531888499713
2700.0,946.8230878166985,32.70407149022197,10.901357163407324,3.270407149022197
2800.0,946.8230878166985,32.87186710779603,10.957289035932009,3.287186710779603
2900.0,946.8230878166985,33.040931272513866,11.013643757504623,3.3040931272513867
3000.0,946.8230878166985,33.21127667135608,11.070425557118694,3.3211276671356083
3100.0,946.8230878166985,33.38291614930891,11.127638716436303,3.338291614930891
3200.0,946.8230878166985,33.55586271172169,11.185287570573896,3.355586271172169
3300.0,946.8230878166985,33.73012952670494,11.243376508901648,3.373012952670494
3400.0,946.8230878166985,33.905729927570725,11.301909975856908,3.3905729927570727
3500.0,946.8230878166985,34.0826774153152,11.360892471771734,3.40826774153152
3600.0,946.8230878166985,34.26098566114518,11.42032855371506,3.4260985661145176
3700.0,946.8230878166985,34.440668509048535,11.480222836349512,3.4440668509048535
3800.0,946.8230878166985,34.62173997841034,11.540579992803446,3.4621739978410337
3900.0,946.8230878166985,34.804214266674954,11.601404755558319,3.4804214266674953
4000.0,946.8230878166985,34.98810575205516,11.66270191735172,3.4988105752055163
4100.0,946.8230878166985,35.173428996289665,11.724476332096556,3.5173428996289666
4200.0,946.8230878166985,35.36019874744933,11.786732915816444,3.536019874744933
4300.0,946.8230878166985,35.54842994279358,11.84947664759786,3.5548429942793582
4400.0,946.8230878166985,35.73813771167793,11.912712570559309,3.573813771167793
4500.0,946.8230878166985,35.92933737851345,11.976445792837817,3.5929337378513453
4600.0,946.8230878166985,36.12204446577959,12.040681488593195,3.612204446577959
4700.0,946.8230878166985,36.316274697091174,12.10542489903039,3.6316274697091173
4800.0,946.8230878166985,36.51204400032068,12.170681333440227,3.651204400032068
4900.0,946.8230878166985,36.70936851077728,12.236456170259094,3.670936851077728
5000.0,946.8230878166985,36.90826457444332,12.302754858147773,3.690826457444332
5100.0,946.8230878166985,37.10874875126995,12.369582917089984,3.710874875126995
5200.0,946.8230878166985,37.310837818532555,12.436945939510851,3.7310837818532554
5300.0,946.8230878166985,37.51454877424783,12.504849591415942,3.751454877424783
5400.0,946.8230878166985,37.71989884065348,12.573299613551159,3.7719898840653476
5500.0,946.8230878166985,37.92690546775162,12.642301822583873,3.7926905467751615
5600.0,946.8230878166985,38.135586336917854,12.711862112305951,3.8135586336917853
5700.0,946.8230878166985,38.3459593645768,12.781986454858933,3.83459593645768
5800.0,946.8230878166985,38.55804270594573,12.85268090198191,3.855804270594573
5900.0,946.8230878166985,38.771854758847915,12.923951586282639,3.8771854758847915
6000.0,946.8230878166985,38.98741416759675,12.995804722532249,3.8987414167596746
6100.0,946.8230878166985,39.20473982695253,13.068246608984177,3.9204739826952535
6200.0,946.8230878166985,39.42385088615337,13.141283628717789,3.9423850886153367
6300.0,946.8230878166985,39.644766753021614,13.214922251007204,3.964476675302161
6400.0,946.8230878166985,39.867507098147684,13.289169032715895,3.9867507098147685
6500.0,946.8230878166985,40.09209185915276,13.364030619717587,4.009209185915276
6600.0,946.8230878166985,40.31854124503221,13.43951374834407,4.031854124503221
6700.0,946.8230878166985,40.54687574058125,13.515625246860417,4.054687574058125
6800.0,946.8230878166985,40.77711611090509,13.592372036968364,4.077711611090509
6900.0,946.8230878166985,41.00928340601476,13.669761135338254,4.100928340601476
7000.0,946.8230878166985,41.24339896551097,13.747799655170324,4.124339896551097
7100.0,946.8230878166985,41.47948442335782,13.82649480778594,4.147948442335782
7200.0,946.8230878166985,41.71756171274823,13.90585390424941,4.171756171274823
7300.0,946.8230878166985,41.95765307106318,13.985884357021058,4.195765307106318
7400.0,946.8230878166985,42.19978104492678,14.06659368164226,4.219978104492678
7500.0,946.8230878166985,42.44396849535945,14.14798949845315,4.244396849535945
7600.0,946.8230878166985,42.69023860303101,14.230079534343671,4.269023860303101
7700.0,946.8230878166985,42.93861487361638,14.312871624538793,4.293861487361638
7800.0,946.8230878166985,43.189121143255925,14.396373714418642,4.318912114325593
7900.0,946.8230878166985,43.44178158412257,14.48059386137419,4.344178158412257
8000.0,946.8230878166985,43.6966207100986,14.565540236699533,4.36966207100986
8100.0,946.8230878166985,43.95366338256417,14.65122112752139,4.395366338256418
8200.0,946.8230878166985,44.21293481630016,14.73764493876672,4.421293481630016
8300.0,946.8230878166985,44.474460585508005,14.824820195169336,4.447446058550801
8400.0,946.8230878166985,44.73826662994936,14.912755543316452,4.473826662994936
8500.0,946.8230878166985,45.004379261207625,15.001459753735874,4.500437926120762
8600.0,946.8230878166985,45.27282516907506,15.09094172302502,4.527282516907507
8700.0,946.8230878166985,45.54363142806758,15.181210476022526,4.554363142806758
8800.0,946.8230878166985,45.81682550407055,15.272275168023517,4.581682550407055
8900.0,946.8230878166985,46.092435261118524,15.364145087039509,4.609243526111852
9000.0,946.8230878166985,46.37048896831187,15.456829656103956,4.637048896831187
9100.0,946.8230878166985,46.6510153068737,15.550338435624568,4.66510153068737
9200.0,946.8230878166985,46.9340433773501,15.644681125783366,4.69340433773501
9300.0,946.8230878166985,47.219602706957104,15.739867568985701,4.7219602706957104
9400.0,946.8230878166985,47.50772325707804,15.835907752359347,4.750772325707804
9500.0,946.8230878166985,47.79843543091412,15.932811810304706,4.7798435430914115
9600.0,946.8230878166985,48.09177008129283,16.03059002709761,4.809177008129283
9700.0,946.8230878166985,48.38775851863683,16.12925283954561,4.838775851863683
9800.0,946.8230878166985,48.68643251909794,16.228810839699314,4.868643251909794
9900.0,946.8230878166985,48.987824332859674,16.32927477761989,4.898782433285968
10000.0,946.8230878166985,49.29196669261234,16.430655564204113,4.929196669261234
0.0,952.7316336148431,28.87893635113537,9.626312117045122,2.887893635113537
100.0,952.7316336148431,29.018049924506386,9.672683308168795,2.9018049924506384
200.0,952.7316336148431,29.158150779158177,9.719383593052726,2.9158150779158176
300.0,952.7316336148431,29.29924818282423,9.76641606094141,2.929924818282423
400.0,952.7316336148431,29.44135151155706,9.813783837185687,2.944135151155706
500.0,952.7316336148431,29.58447025124435,9.861490083748118,2.958447025124435
600.0,952.7316336148431,29.72861399915016,9.90953799971672,2.9728613999150157
700.0,952.7316336148431,29.873792465481152,9.95793082182705,2.987379246548115
800.0,952.7316336148431,30.020015474978635,10.006671824992878,3.0020015474978634
900.0,952.7316336148431,30.167292968536643,10.055764322845548,3.016729296853664
1000.0,952.7316336148431,30.315635004846776,10.105211668282259,3.0315635004846775
1100.0,952.7316336148431,30.465051762070154,10.155017254023385,3.0465051762070154
1200.0,952.7316336148431,30.615553539537014,10.205184513179004,3.0615553539537013
1300.0,952.7316336148431,30.76715075947446,10.25571691982482,3.076715075947446
1400.0,952.7316336148431,30.919853968763153,10.306617989587718,3.091985396876315
1500.0,952.7316336148431,31.073673840722922,10.357891280240974,3.107367384072292
1600.0,952.7316336148431,31.228621176928538,10.409540392309513,3.1228621176928537
1700.0,952.7316336148431,31.38470690905571,10.461568969685237,3.138470690905571
1800.0,952.7316336148431,31.541942100758,10.513980700252667,3.1541942100758
1900.0,952.7316336148431,31.700337949575584,10.566779316525194,3.1700337949575585
2000.0,952.7316336148431,31.85990578887585,10.61996859629195,3.185990578887585
2100.0,952.7316336148431,32.02065708982702,10.673552363275673,3.202065708982702
2200.0,952.7316336148431,32.18260346340523,10.727534487801742,3.218260346340523
2300.0,952.7316336148431,32.34575666243545,10.781918887478483,3.2345756662435448
2400.0,952.7316336148431,32.51012858366744,10.836709527889147,3.2510128583667437
2500.0,952.7316336148431,32.67573126988691,10.891910423295636,3.267573126988691
2600.0,952.7316336148431,32.84257691206298,10.947525637354326,3.284257691206298
2700.0,952.7316336148431,33.01067785153222,11.003559283844075,3.301067785153222
2800.0,952.7316336148431,33.180046582220456,11.060015527406819,3.3180046582220455
2900.0,952.7316336148431,33.350695752902695,11.116898584300898,3.3350695752902695
3000.0,952.7316336148431,33.52263816950217,11.174212723167392,3.3522638169502175
3100.0,952.7316336148431,33.69588679742913,11.231962265809711,3.3695886797429133
3200.0,952.7316336148431,33.8704547639603,11.290151587986768,3.3870454763960303
3300.0,952.7316336148431,34.04635536065956,11.348785120219853,3.404635536065956
3400.0,952.7316336148431,34.223602045841034,11.407867348613678,3.4223602045841033
3500.0,952.7316336148431,34.40220844707513,11.467402815691711,3.4402208447075133
3600.0,952.7316336148431,34.58218836373856,11.527396121246186,3.458218836373856
3700.0,952.7316336148431,34.76355576960902,11.587851923203006,3.476355576960902
3800.0,952.7316336148431,34.94632481550575,11.648774938501916,3.4946324815505747
3900.0,952.7316336148431,35.13050983197661,11.710169943992204,3.513050983197661
4000.0,952.7316336148431,35.316125332032634,11.772041777344212,3.5316125332032633
4100.0,952.7316336148431,35.50318601393137,11.834395337977123,3.550318601393137
4200.0,952.7316336148431,35.691706764009425,11.897235588003142,3.5691706764009425
4300.0,952.7316336148431,35.88170265956561,11.960567553188538,3.588170265956561
4400.0,952.7316336148431,36.07318897179575,12.024396323931917,3.6073188971795753
4500.0,952.7316336148431,36.26618116878,12.08872705626,3.6266181168780003
4600.0,952.7316336148431,36.46069491852373,12.153564972841243,3.646069491852373
4700.0,952.7316336148431,36.65674609205335,12.218915364017784,3.665674609205335
4800.0,952.7316336148431,36.85435076656797,12.284783588855989,3.685435076656797
4900.0,952.7316336148431,37.05352522864808,12.351175076216025,3.705352522864808
5000.0,952.7316336148431,37.25428597752244,12.418095325840815,3.725428597752244
5100.0,952.7316336148431,37.456649728394616,12.485549909464872,3.7456649728394615
5200.0,952.7316336148431,37.66063341582989,12.553544471943297,3.7660633415829894
5300.0,952.7316336148431,37.866254197204334,12.622084732401445,3.7866254197204334
5400.0,952.7316336148431,38.07352945621709,12.691176485405697,3.807352945621709
5500.0,952.7316336148431,38.28247680646711,12.760825602155704,3.8282476806467107
5600.0,952.7316336148431,38.49311409509596,12.831038031698654,3.849311409509596
5700.0,952.7316336148431,38.705459406497845,12.901819802165948,3.8705459406497846
5800.0,952.7316336148431,38.91953106609838,12.973177022032793,3.891953106609838
5900.0,952.7316336148431,39.13534764420362,13.045115881401207,3.913534764420362
6000.0,952.7316336148431,39.352927959920635,13.117642653306879,3.9352927959920634
6100.0,952.7316336148431,39.572291085151406,13.19076369505047,3.9572291085151408
6200.0,952.7316336148431,39.79345634866147,13.264485449553824,3.979345634866147
6300.0,952.7316336148431,40.01644334022489,13.33881444674163,4.0016443340224885
6400.0,952.7316336148431,40.241271914847296,13.4137573049491,4.024127191484729
6500.0,952.7316336148431,40.46796219706854,13.489320732356179,4.046796219706854
6600.0,952.7316336148431,40.69653458534682,13.565511528448939,4.069653458534682
6700.0,952.7316336148431,40.927009756525884,13.642336585508628,4.092700975652589
6800.0,952.7316336148431,41.15940867038743,13.719802890129143,4.115940867038743
6900.0,952.7316336148431,41.39375257429,13.797917524763333,4.139375257429
7000.0,952.7316336148431,41.63006300789674,13.876687669298912,4.163006300789673
7100.0,952.7316336148431,41.868361807993956,13.956120602664653,4.1868361807993955
7200.0,952.7316336148431,42.10867111340209,14.036223704467362,4.2108671113402085
7300.0,952.7316336148431,42.351013369981395,14.117004456660466,4.23510133699814
7400.0,952.7316336148431,42.59541133573455,14.198470445244851,4.259541133573455
7500.0,952.7316336148431,42.84188808600797,14.280629362002657,4.284188808600797
7600.0,952.7316336148431,43.09046701879433,14.363489006264777,4.309046701879433
7700.0,952.7316336148431,43.341171860138324,14.447057286712775,4.334117186013833
7800.0,952.7316336148431,43.594026669648294,14.531342223216098,4.359402666964829
7900.0,952.7316336148431,43.84905584611546,14.616351948705153,4.384905584611547
8000.0,952.7316336148431,44.10628413324406,14.702094711081353,4.410628413324406
8100.0,952.7316336148431,44.36573662549398,14.78857887516466,4.436573662549398
8200.0,952.7316336148431,44.627438774039085,14.875812924679694,4.462743877403908
8300.0,952.7316336148431,44.89141639284338,14.963805464281128,4.489141639284338
8400.0,952.7316336148431,45.1576956648583,15.052565221619433,4.51576956648583
8500.0,952.7316336148431,45.42630314834294,15.142101049447646,4.542630314834294
8600.0,952.7316336148431,45.69726578331099,15.23242192777033,4.569726578331099
8700.0,952.7316336148431,45.97061089810665,15.32353696603555,4.597061089810665
8800.0,952.7316336148431,46.24636621611278,15.415455405370928,4.624636621611279
8900.0,952.7316336148431,46.52455986259409,15.508186620864697,4.652455986259409
9000.0,952.7316336148431,46.805220371678644,15.601740123892881,4.680522037167864
9100.0,952.7316336148431,47.08837669348106,15.696125564493686,4.708837669348106
9200.0,952.7316336148431,47.37405820137008,15.791352733790028,4.737405820137008
9300.0,952.7316336148431,47.66229469938455,15.887431566461517,4.766229469938455
9400.0,952.7316336148431,47.95311642980095,15.984372143266983,4.795311642980095
9500.0,952.7316336148431,48.24655408085585,16.08218469361862,4.824655408085585
9600.0,952.7316336148431,48.5426387946273,16.1808795982091,4.85426387946273
9700.0,952.7316336148431,48.84140217507864,16.28046739169288,4.8841402175078645
9800.0,952.7316336148431,49.14287629626865,16.380958765422886,4.914287629626865
9900.0,952.7316336148431,49.44709371073193,16.482364570243977,4.944709371073193
10000.0,952.7316336148431,49.754087458033446,16.584695819344482,4.975408745803344
0.0,954.7917908626673,28.972657340813697,9.657552446937899,2.89726573408137
100.0,954.7917908626673,29.112222380319597,9.704074126773198,2.91122223803196
200.0,954.7917908626673,29.25277790513628,9.75092596837876,2.9252777905136282
300.0,954.7917908626673,29.394333213073875,9.798111071024625,2.9394333213073875
400.0,954.7917908626673,29.536897710613047,9.84563257020435,2.953689771061305
500.0,954.7917908626673,29.6804809144261,9.893493638142033,2.96804809144261
600.0,954.7917908626673,29.82509245292312,9.941697484307706,2.982509245292312
700.0,954.7917908626673,29.970742067823416,9.990247355941138,2.9970742067823415
800.0,954.7917908626673,30.117439615752534,10.039146538584179,3.0117439615752533
900.0,954.7917908626673,30.265195069865804,10.088398356621935,3.0265195069865802
1000.0,954.7917908626673,30.41401852149834,10.13800617383278,3.041401852149834
1100.0,954.7917908626673,30.563920181842505,10.187973393947502,3.0563920181842503
1200.0,954.7917908626673,30.714910383653,10.238303461217667,3.0714910383653
1300.0,954.7917908626673,30.866999582980284,10.288999860993428,3.0866999582980283
1400.0,954.7917908626673,31.020198360932845,10.340066120310949,3.1020198360932847
1500.0,954.7917908626673,31.174517425468725,10.391505808489574,3.1174517425468724
1600.0,954.7917908626673,31.32996761321709,10.44332253773903,3.132996761321709
1700.0,954.7917908626673,31.486559891330295,10.495519963776765,3.1486559891330295
1800.0,954.7917908626673,31.64430535936684,10.548101786455613,3.1644305359366838
1900.0,954.7917908626673,31.803215251206364,10.601071750402122,3.1803215251206365
2000.0,954.7917908626673,31.96330093699648,10.654433645665494,3.1963300936996477
2100.0,954.7917908626673,32.12457392513287,10.708191308377623,3.2124573925132873
2200.0,954.7917908626673,32.28704586427284,10.76234862142428,3.228704586427284
2300.0,954.7917908626673,32.45072854538289,10.816909515127628,3.2450728545382885
2400.0,954.7917908626673,32.615633903821355,10.871877967940451,3.2615633903821353
2500.0,954.7917908626673,32.78177402145648,10.92725800715216,3.278177402145648
2600.0,954.7917908626673,32.94916112882081,10.983053709606937,3.294916112882081
2700.0,954.7917908626673,33.11780760730235,11.039269202434118,3.3117807607302354
2800.0,954.7917908626673,33.287725991373506,11.09590866379117,3.3287725991373507
2900.0,954.7917908626673,33.45892897085845,11.152976323619484,3.3458928970858453
3000.0,954.7917908626673,33.631429393239564,11.210476464413189,3.3631429393239562
3100.0,954.7917908626673,33.805240266003814,11.268413422001272,3.3805240266003813
3200.0,954.7917908626673,33.98037475902996,11.326791586343319,3.3980374759029957
3300.0,954.7917908626673,34.156846207017054,11.385615402339019,3.4156846207017053
3400.0,954.7917908626673,34.3346681119556,11.444889370651866,3.43346681119556
3500.0,954.7917908626673,34.51385414564164,11.504618048547213,3.4513854145641636
3600.0,954.7917908626673,34.69441815223507,11.564806050745025,3.469441815223507
3700.0,954.7917908626673,34.87637415086279,11.625458050287596,3.4876374150862786
3800.0,954.7917908626673,35.059736338267754,11.686578779422584,3.5059736338267755
3900.0,954.7917908626673,35.24451909150489,11.748173030501631,3.524451909150489
4000.0,954.7917908626673,35.43073697068435,11.810245656894784,3.543073697068435
4100.0,954.7917908626673,35.61840472176403,11.872801573921343,3.561840472176403
4200.0,954.7917908626673,35.80753727939128,11.935845759797095,3.580753727939128
4300.0,954.7917908626673,35.99814976979533,11.999383256598444,3.599814976979533
4400.0,954.7917908626673,36.19025751373175,12.063419171243916,3.619025751373175
4500.0,954.7917908626673,36.383876029479325,12.127958676493108,3.6383876029479323
4600.0,954.7917908626673,36.5790210358909,12.193007011963632,3.6579021035890897
4700.0,954.7917908626673,36.77570845549924,12.258569485166413,3.677570845549924
4800.0,954.7917908626673,36.97395441767887,12.324651472559623,3.697395441767887
4900.0,954.7917908626673,37.173775261865224,12.39125842062174,3.7173775261865223
5000.0,954.7917908626673,37.375187540832115,12.458395846944038,3.7375187540832115
5100.0,954.7917908626673,37.57820802402908,12.526069341343026,3.7578208024029083
5200.0,954.7917908626673,37.7828537009792,12.594284566993068,3.77828537009792
5300.0,954.7917908626673,37.98914178473952,12.663047261579841,3.7989141784739524
5400.0,954.7917908626673,38.1970897154246,12.732363238474868,3.81970897154246
5500.0,954.7917908626673,38.40671516379493,12.802238387931643,3.840671516379493
5600.0,954.7917908626673,38.61803603491148,12.872678678303828,3.8618036034911483
5700.0,954.7917908626673,38.831070471857906,12.94369015728597,3.8831070471857907
5800.0,954.7917908626673,39.04583685953139,13.01527895317713,3.9045836859531393
5900.0,954.7917908626673,39.26235382850432,13.087451276168105,3.9262353828504315
6000.0,954.7917908626673,39.48064025895754,13.160213419652514,3.9480640258957544
6100.0,954.7917908626673,39.70071528468719,13.233571761562397,3.9700715284687194
6200.0,954.7917908626673,39.92259829718658,13.30753276572886,3.992259829718658
6300.0,954.7917908626673,40.14630894980456,13.382102983268188,4.014630894980456
6400.0,954.7917908626673,40.37186716198236,13.457289053994119,4.037186716198236
6500.0,954.7917908626673,40.599293123570106,13.533097707856703,4.059929312357011
6600.0,954.7917908626673,40.82860729922524,13.609535766408413,4.082860729922524
6700.0,954.7917908626673,41.05983043289424,13.68661014429808,4.105983043289424
6800.0,954.7917908626673,41.29298355237964,13.764327850793213,4.129298355237964
6900.0,954.7917908626673,41.52808797399421,13.842695991331404,4.152808797399421
7000.0,954.7917908626673,41.765165307303896,13.921721769101298,4.17651653073039
7100.0,954.7917908626673,42.004237459962056,14.001412486654019,4.200423745996206
7200.0,954.7917908626673,42.245326642636364,14.081775547545455,4.224532664263636
7300.0,954.7917908626673,42.488455374030785,14.162818458010262,4.248845537403079
7400.0,954.7917908626673,42.73364648600468,14.244548828668227,4.273364648600468
7500.0,954.7917908626673,42.98092312879103,14.326974376263676,4.298092312879103
7600.0,954.7917908626673,43.23030877631614,14.410102925438714,4.323030877631615
7700.0,954.7917908626673,43.48182723162299,14.493942410540996,4.3481827231622985
7800.0,954.7917908626673,43.73550263240071,14.578500877466903,4.373550263240071
7900.0,954.7917908626673,43.99135945662211,14.663786485540703,4.399135945662211
8000.0,954.7917908626673,44.24942252829228,14.74980750943076,4.4249422528292275
8100.0,954.7917908626673,44.50971702331032,14.836572341103441,4.4509717023310325
8200.0,954.7917908626673,44.77226847544696,14.924089491815652,4.477226847544696
8300.0,954.7917908626673,45.03710278244041,15.012367594146802,4.503710278244041
8400.0,954.7917908626673,45.30424621221379,15.101415404071263,4.530424621221379
8500.0,954.7917908626673,45.573725409215896,15.191241803071966,4.557372540921589
8600.0,954.7917908626673,45.84556740088899,15.281855800296329,4.584556740088899
8700.0,954.7917908626673,46.119799604266156,15.373266534755386,4.611979960426615
8800.0,954.7917908626673,46.396449832701045,15.465483277567015,4.639644983270104
8900.0,954.7917908626673,46.6755463027335,15.5585154342445,4.66755463027335
9000.0,954.7917908626673,46.95711764109361,15.652372547031204,4.695711764109361
9100.0,954.7917908626673,47.24119289184792,15.747064297282641,4.7241192891847925
9200.0,954.7917908626673,47.52780152369077,15.842600507896924,4.752780152369077
9300.0,954.7917908626673,47.81697343738421,15.938991145794738,4.781697343738421
9400.0,954.7917908626673,48.10873897335023,16.036246324450076,4.810873897335023
9500.0,954.7917908626673,48.40312891941803,16.134376306472678,4.840312891941803
9600.0,954.7917908626673,48.70017451873131,16.23339150624377,4.870017451873131
9700.0,954.7917908626673,48.99990747781795,16.333302492605984,4.8999907477817946
9800.0,954.7917908626673,49.30235997482682,16.43411999160894,4.930235997482682
9900.0,954.7917908626673,49.60756466793548,16.535854889311825,4.960756466793548
10000.0,954.7917908626673,49.9155547039324,16.638518234644135,4.99155547039324
0.0,958.6401794129877,29.147999734253666,9.715999911417889,2.9147999734253665
100.0,958.6401794129877,29.28840942075828,9.76280314025276,2.928840942075828
200.0,958.6401794129877,29.429815586986365,9.809938528995454,2.9429815586986363
300.0,958.6401794129877,29.572227587018364,9.857409195672789,2.9572227587018363
400.0,958.6401794129877,29.71565488426293,9.90521829475431,2.9715654884262928
500.0,958.6401794129877,29.86010705298721,9.953369017662403,2.986010705298721
600.0,958.6401794129877,30.005593779872402,10.0018645932908,3.00055937798724
700.0,958.6401794129877,30.15212486559465,10.05070828853155,3.015212486559465
800.0,958.6401794129877,30.299710226431753,10.099903408810585,3.029971022643175
900.0,958.6401794129877,30.44835989589653,10.149453298632176,3.044835989589653
1000.0,958.6401794129877,30.598084026396798,10.199361342132265,3.0598084026396797
1100.0,958.6401794129877,30.748892890923038,10.249630963641012,3.0748892890923036
1200.0,958.6401794129877,30.90079688476373,10.300265628254577,3.090079688476373
1300.0,958.6401794129877,31.053806527249275,10.351268842416426,3.1053806527249277
1400.0,958.6401794129877,31.20793246352503,10.402644154508343,3.1207932463525028
1500.0,958.6401794129877,31.36318546635351,10.45439515545117,3.136318546635351
1600.0,958.6401794129877,31.51957643794713,10.50652547931571,3.151957643794713
1700.0,958.6401794129877,31.677116411831413,10.559038803943805,3.1677116411831414
1800.0,958.6401794129877,31.835816554739328,10.611938851579776,3.1835816554739327
1900.0,958.6401794129877,31.995688168537885,10.665229389512628,3.1995688168537884
2000.0,958.6401794129877,32.156742692186796,10.718914230728933,3.2156742692186797
2100.0,958.6401794129877,32.318991703730525,10.772997234576842,3.2318991703730524
2200.0,958.6401794129877,32.482446922323966,10.827482307441322,3.2482446922323964
2300.0,958.6401794129877,32.64712021029249,10.882373403430831,3.2647120210292493
2400.0,958.6401794129877,32.81302357522721,10.937674525075737,3.2813023575227214
2500.0,958.6401794129877,32.98016917211576,10.993389724038586,3.2980169172115756
2600.0,958.6401794129877,33.1485693055098,11.0495231018366,3.31485693055098
2700.0,958.6401794129877,33.31823643172947,11.10607881057649,3.331823643172947
2800.0,958.6401794129877,33.48918316110571,11.163061053701902,3.348918316110571
2900.0,958.6401794129877,33.66142226026149,11.22047408675383,3.366142226026149
3000.0,958.6401794129877,33.83496665443206,11.27832221814402,3.383496665443206
3100.0,958.6401794129877,34.00982942982567,11.33660980994189,3.400982942982567
3200.0,958.6401794129877,34.186023836025115,11.395341278675039,3.4186023836025115
3300.0,958.6401794129877,34.36356328843099,11.454521096143663,3.436356328843099
3400.0,958.6401794129877,34.542461370747795,11.514153790249265,3.4542461370747795
3500.0,958.6401794129877,34.722731837513194,11.57424394583773,3.4722731837513194
3600.0,958.6401794129877,34.9043886166719,11.6347962055573,3.49043886166719
3700.0,958.6401794129877,35.08744581219451,11.695815270731503,3.508744581219451
3800.0,958.6401794129877,35.27191770674259,11.75730590224753,3.5271917706742593
3900.0,958.6401794129877,35.45781876438092,11.819272921460305,3.5457818764380917
4000.0,958.6401794129877,35.64516363333742,11.881721211112472,3.564516363333742
4100.0,958.6401794129877,35.833967148812434,11.94465571627081,3.5833967148812436
4200.0,958.6401794129877,36.02424433583774,12.008081445279247,3.6024244335837743
4300.0,958.6401794129877,36.216010412186414,12.072003470728804,3.6216010412186415
4400.0,958.6401794129877,36.409280791335206,12.136426930445069,3.640928079133521
4500.0,958.6401794129877,36.604071085479426,12.201357028493142,3.6604071085479424
4600.0,958.6401794129877,36.800397108602354,12.266799036200785,3.6800397108602354
4700.0,958.6401794129877,36.99827487959987,12.332758293199957,3.699827487959987
4800.0,958.6401794129877,37.19772062546138,12.399240208487127,3.719772062546138
4900.0,958.6401794129877,37.398750784508536,12.466250261502845,3.7398750784508534
5000.0,958.6401794129877,37.601382009692436,12.533794003230811,3.7601382009692434
5100.0,958.6401794129877,37.805631171951255,12.601877057317084,3.7805631171951255
5200.0,958.6401794129877,38.01151536362862,12.670505121209539,3.8011515363628616
5300.0,958.6401794129877,38.21905190195488,12.739683967318292,3.821905190195488
5400.0,958.6401794129877,38.42825833259211,12.809419444197369,3.842825833259211
5500.0,958.6401794129877,38.63915243324416,12.879717477748054,3.863915243324416
5600.0,958.6401794129877,38.85175221733337,12.950584072444457,3.885175221733337
5700.0,958.6401794129877,39.066075937745225,13.022025312581741,3.9066075937745226
5800.0,958.6401794129877,39.28214209064224,13.094047363547412,3.928214209064224
5900.0,958.6401794129877,39.49996941934894,13.166656473116314,3.949996941934894
6000.0,958.6401794129877,39.71957691830899,13.239858972769662,3.971957691830899
6100.0,958.6401794129877,39.94098383711608,13.313661279038692,3.994098383711608
6200.0,958.6401794129877,40.16420968462082,13.388069894873608,4.016420968462082
6300.0,958.6401794129877,40.389274233114044,13.463091411038015,4.038927423311405
6400.0,958.6401794129877,40.616197522589296,13.538732507529765,4.061619752258929
6500.0,958.6401794129877,40.84499986508565,13.61499995502855,4.084499986508565
6600.0,958.6401794129877,41.07570184911252,13.69190061637084,4.107570184911252
6700.0,958.6401794129877,41.30832434415866,13.769441448052888,4.130832434415867
6800.0,958.6401794129877,41.542888505286804,13.847629501762269,4.154288850528681
6900.0,958.6401794129877,41.77941577781592,13.92647192593864,4.177941577781592
7000.0,958.6401794129877,42.017927902092964,14.005975967364321,4.201792790209296
7100.0,958.6401794129877,42.258446918356306,14.086148972785436,4.225844691835631
7200.0,958.6401794129877,42.50099517169249,14.166998390564162,4.250099517169248
7300.0,958.6401794129877,42.745595317088586,14.248531772362862,4.274559531708858
7400.0,958.6401794129877,42.99227032458224,14.330756774860747,4.299227032458225
7500.0,958.6401794129877,43.24104348451155,14.41368116150385,4.324104348451155
7600.0,958.6401794129877,43.491938412866936,14.49731280428898,4.349193841286693
7700.0,958.6401794129877,43.744979056747276,14.581659685582425,4.374497905674728
7800.0,958.6401794129877,44.00018969992289,14.666729899974298,4.400018969992289
7900.0,958.6401794129877,44.25759496850717,14.752531656169056,4.425759496850717
8000.0,958.6401794129877,44.51721983673997,14.839073278913324,4.4517219836739965
8100.0,958.6401794129877,44.77908963288482,14.926363210961606,4.477908963288482
8200.0,958.6401794129877,45.043230045242716,15.014410015080905,4.504323004524272
8300.0,958.6401794129877,45.309667128284886,15.103222376094962,4.530966712828489
8400.0,958.6401794129877,45.578427308907784,15.192809102969262,4.557842730890778
8500.0,958.6401794129877,45.84953739281227,15.283179130937425,4.584953739281227
8600.0,958.6401794129877,46.123024571010596,15.374341523670198,4.61230245710106
8700.0,958.6401794129877,46.39891642646361,15.46630547548787,4.639891642646361
8800.0,958.6401794129877,46.67724094085124,15.55908031361708,4.667724094085124
8900.0,958.6401794129877,46.95802650147973,15.652675500493244,4.695802650147973
9000.0,958.6401794129877,47.24130190832796,15.747100636109321,4.724130190832796
9100.0,958.6401794129877,47.52709638123711,15.842365460412369,4.752709638123711
9200.0,958.6401794129877,47.81543956724585,15.938479855748618,4.781543956724585
9300.0,958.6401794129877,48.10636154807558,16.03545384935853,4.8106361548075585
9400.0,958.6401794129877,48.39989284776832,16.133297615922775,4.839989284776832
9500.0,958.6401794129877,48.69606444048114,16.23202148016038,4.869606444048114
9600.0,958.6401794129877,48.994907758441066,16.331635919480355,4.899490775844106
9700.0,958.6401794129877,49.29645470006374,16.432151566687914,4.929645470006374
9800.0,958.6401794129877,49.60073763824009,16.533579212746698,4.960073763824009
9900.0,958.6401794129877,49.90778942879476,16.635929809598252,4.9907789428794755
10000.0,958.6401794129877,50.2176434191205,16.739214473040168,5.02176434191205
0.0,964.5487252111323,29.41789358175009,9.80596452725003,2.9417893581750088
100.0,964.5487252111323,29.559603381842663,9.853201127280888,2.9559603381842665
200.0,964.5487252111323,29.70231888849242,9.900772962830807,2.9702318888492423
300.0,964.5487252111323,29.846049542393253,9.948683180797751,2.9846049542393254
400.0,964.5487252111323,29.990804894579572,9.996934964859857,2.999080489457957
500.0,964.5487252111323,30.136594607970792,10.045531535990264,3.0136594607970792
600.0,964.5487252111323,30.28342845894122,10.094476152980407,3.028342845894122
700.0,964.5487252111323,30.431316338915693,10.143772112971897,3.0431316338915693
800.0,964.5487252111323,30.580268255991086,10.193422751997028,3.0580268255991085
900.0,964.5487252111323,30.73029433658481,10.24343144552827,3.0730294336584807
1000.0,964.5487252111323,30.881404827110206,10.293801609036736,3.0881404827110206
1100.0,964.5487252111323,31.03361009567976,10.344536698559919,3.103361009567976
1200.0,964.5487252111323,31.18692063383641,10.395640211278804,3.1186920633836412
1300.0,964.5487252111323,31.341347058313556,10.44711568610452,3.1341347058313556
1400.0,964.5487252111323,31.49690011282451,10.498966704274837,3.149690011282451
1500.0,964.5487252111323,31.65359066988144,10.55119688996048,3.165359066988144
1600.0,964.5487252111323,31.811429732645017,10.603809910881672,3.181142973264502
1700.0,964.5487252111323,31.97042843680492,10.656809478934973,3.197042843680492
1800.0,964.5487252111323,32.130598052491685,10.710199350830562,3.2130598052491686
1900.0,964.5487252111323,32.29194998622119,10.763983328740396,3.229194998622119
2000.0,964.5487252111323,32.454495782871355,10.818165260957118,3.2454495782871353
2100.0,964.5487252111323,32.61824712769274,10.872749042564246,3.261824712769274
2200.0,964.5487252111323,32.78321584835294,10.927738616117646,3.278321584835294
2300.0,964.5487252111323,32.94941391701568,10.983137972338561,3.294941391701568
2400.0,964.5487252111323,33.116853452455516,11.038951150818505,3.3116853452455515
2500.0,964.5487252111323,33.285546722208316,11.095182240736106,3.3285546722208315
2600.0,964.5487252111323,33.45550614475892,11.151835381586308,3.345550614475892
2700.0,964.5487252111323,33.62674429176582,11.208914763921939,3.3626744291765815
2800.0,964.5487252111323,33.79927389032448,11.26642463010816,3.379927389032448
2900.0,964.5487252111323,33.97310782526948,11.324369275089827,3.397310782526948
3000.0,964.5487252111323,34.14825914151639,11.38275304717213,3.4148259141516393
3100.0,964.5487252111323,34.32474104644428,11.44158034881476,3.4324741046444283
3200.0,964.5487252111323,34.502566912319516,11.50085563743984,3.4502566912319517
3300.0,964.5487252111323,34.68175027876166,11.560583426253887,3.4681750278761663
3400.0,964.5487252111323,34.86230485525255,11.620768285084184,3.4862304855252555
3500.0,964.5487252111323,35.04424452368905,11.681414841229683,3.504424452368905
3600.0,964.5487252111323,35.22758334098066,11.742527780326887,3.5227583340980657
3700.0,964.5487252111323,35.4123355416927,11.8041118472309,3.5412335541692697
3800.0,964.5487252111323,35.59851554073607,11.866171846912023,3.5598515540736066
3900.0,964.5487252111323,35.7861379361045,11.928712645368167,3.57861379361045
4000.0,964.5487252111323,35.97521751166017,11.99173917055339,3.597521751166017
4100.0,964.5487252111323,36.16576923996889,12.055256413322963,3.616576923996889
4200.0,964.5487252111323,36.357808285185676,12.119269428395226,3.6357808285185675
4300.0,964.5487252111323,36.5513500059915,12.183783335330501,3.65513500059915
4400.0,964.5487252111323,36.7464099585831,12.2488033195277,3.67464099585831
4500.0,964.5487252111323,36.94300389971582,12.314334633238607,3.694300389971582
4600.0,964.5487252111323,37.1411477898014,12.380382596600468,3.7141147789801403
4700.0,964.5487252111323,37.34085779606156,12.446952598687188,3.7340857796061564
4800.0,964.5487252111323,37.54215029573837,12.514050098579455,3.7542150295738366
4900.0,964.5487252111323,37.74504187936294,12.581680626454313,3.7745041879362935
5000.0,964.5487252111323,37.949549354083224,12.649849784694409,3.7949549354083225
5100.0,964.5487252111323,38.15568974705263,12.718563249017542,3.8155689747052626
5200.0,964.5487252111323,38.36348030888018,12.787826769626726,3.8363480308880176
5300.0,964.5487252111323,38.57293851714383,12.857646172381278,3.8572938517143833
5400.0,964.5487252111323,38.784082079968556,12.92802735998952,3.8784082079968556
5500.0,964.5487252111323,38.99692893966953,12.998976313223176,3.899692893966953
5600.0,964.5487252111323,39.21149727646315,13.070499092154384,3.921149727646315
5700.0,964.5487252111323,39.42780551224619,13.142601837415397,3.942780551224619
5800.0,964.5487252111323,39.64587231444506,13.215290771481685,3.9645872314445056
5900.0,964.5487252111323,39.86571659993682,13.288572199978939,3.9865716599936816
6000.0,964.5487252111323,40.08735753904278,13.36245251301426,4.008735753904277
6100.0,964.5487252111323,40.31081455959697,13.436938186532323,4.031081455959697
6200.0,964.5487252111323,40.536107351090756,13.512035783696918,4.053610735109076
6300.0,964.5487252111323,40.763255868895136,13.587751956298378,4.076325586889514
6400.0,964.5487252111323,40.99228033856257,13.664093446187524,4.0992280338562574
6500.0,964.5487252111323,41.223201260209976,13.741067086736658,4.122320126020997
6600.0,964.5487252111323,41.456039412984694,13.818679804328232,4.14560394129847
6700.0,964.5487252111323,41.690815859614986,13.896938619871662,4.169081585961498
6800.0,964.5487252111323,41.927551951047384,13.975850650349129,4.192755195104739
6900.0,964.5487252111323,42.166269331172316,14.055423110390771,4.216626933117231
7000.0,964.5487252111323,42.40698994163992,14.135663313879974,4.240698994163992
7100.0,964.5487252111323,42.64973602676862,14.21657867558954,4.2649736026768625
7200.0,964.5487252111323,42.89453013854768,14.298176712849227,4.289453013854768
7300.0,964.5487252111323,43.14139514173647,14.380465047245488,4.314139514173647
7400.0,964.5487252111323,43.39035421906201,14.463451406354004,4.3390354219062015
7500.0,964.5487252111323,43.641430876517745,14.547143625505916,4.364143087651774
7600.0,964.5487252111323,43.89464894876459,14.631549649588196,4.389464894876459
7700.0,964.5487252111323,44.15003260463795,14.716677534879317,4.415003260463795
7800.0,964.5487252111323,44.40760635276198,14.80253545092066,4.440760635276198
7900.0,964.5487252111323,44.667395047273864,14.88913168242462,4.466739504727387
8000.0,964.5487252111323,44.929423893660626,14.976474631220208,4.492942389366062
8100.0,964.5487252111323,45.1937184547111,15.064572818237034,4.5193718454711105
8200.0,964.5487252111323,45.460304656585265,15.153434885528421,4.546030465658527
8300.0,964.5487252111323,45.72920879500393,15.243069598334642,4.572920879500392
8400.0,964.5487252111323,46.000457541561474,15.333485847187157,4.600045754156147
8500.0,964.5487252111323,46.27407795016431,15.424692650054771,4.627407795016431
8600.0,964.5487252111323,46.550097463597915,15.516699154532638,4.6550097463597915
8700.0,964.5487252111323,46.82854392022561,15.609514640075204,4.682854392022561
8800.0,964.5487252111323,47.10944556082176,15.70314852027392,4.710944556082176
8900.0,964.5487252111323,47.39283103554282,15.79761034518094,4.739283103554282
9000.0,964.5487252111323,47.67872941103908,15.892909803679693,4.767872941103908
9100.0,964.5487252111323,47.967170177710734,15.989056725903579,4.796717017771074
9200.0,964.5487252111323,48.25818325711117,16.086061085703722,4.825818325711117
9300.0,964.5487252111323,48.55179900950131,16.183933003167102,4.855179900950131
9400.0,964.5487252111323,48.84804824155845,16.28268274718615,4.884804824155845
9500.0,964.5487252111323,49.14696221424261,16.38232073808087,4.914696221424261
9600.0,964.5487252111323,49.448572650825355,16.482857550275117,4.944857265082535
9700.0,964.5487252111323,49.752911745083466,16.58430391502782,4.975291174508347
9800.0,964.5487252111323,50.060012169662315,16.68667072322077,5.006001216966231
9900.0,964.5487252111323,50.36990708461281,16.789969028204272,5.036990708461281
10000.0,964.5487252111323,50.68263014610547,16.894210048701822,5.0682630146105465
0.0,970.457271009277,29.688615346101315,9.896205115367104,2.9688615346101317
100.0,970.457271009277,29.831629247964482,9.94387641598816,2.9831629247964484
200.0,970.457271009277,29.97565811152245,9.99188603717415,2.9975658111522447
300.0,970.457271009277,30.120711464348247,10.04023715478275,3.012071146434825
400.0,970.457271009277,30.266798945370862,10.088932981790288,3.0266798945370863
500.0,970.457271009277,30.413930306433887,10.137976768811296,3.0413930306433885
600.0,970.457271009277,30.56211541387993,10.187371804626643,3.056211541387993
700.0,970.457271009277,30.711364250160862,10.237121416720287,3.0711364250160864
800.0,970.457271009277,30.8616869154743,10.287228971824767,3.0861686915474302
900.0,970.457271009277,31.013093629427242,10.337697876475747,3.1013093629427244
1000.0,970.457271009277,31.165594732726916,10.38853157757564,3.116559473272692
1100.0,970.457271009277,31.31920068889962,10.43973356296654,3.131920068889962
1200.0,970.457271009277,31.473922086037998,10.491307362012666,3.1473922086038
1300.0,970.457271009277,31.62976963857725,10.543256546192417,3.162976963857725
1400.0,970.457271009277,31.78675418910101,10.595584729700336,3.178675418910101
1500.0,970.457271009277,31.94488671017707,10.648295570059023,3.194488671017707
1600.0,970.457271009277,32.10417830622404,10.701392768741348,3.2104178306224043
1700.0,970.457271009277,32.26464021540915,10.75488007180305,3.2264640215409153
1800.0,970.457271009277,32.42628381157769,10.808761270525897,3.242628381157769
1900.0,970.457271009277,32.589120606215374,10.863040202071792,3.2589120606215376
2000.0,970.457271009277,32.753162250443296,10.917720750147765,3.2753162250443295
2100.0,970.457271009277,32.918420537046956,10.97280684568232,3.2918420537046957
2200.0,970.457271009277,33.084907402539514,11.028302467513171,3.3084907402539514
2300.0,970.457271009277,33.25263492925999,11.084211643086663,3.325263492925999
2400.0,970.457271009277,33.42161534750744,11.140538449169147,3.342161534750744
2500.0,970.457271009277,33.59186103771125,11.197287012570415,3.359186103771125
2600.0,970.457271009277,33.76338453263885,11.254461510879617,3.376338453263885
2700.0,970.457271009277,33.936198519640996,11.312066173213665,3.3936198519640994
2800.0,970.457271009277,34.110315842935776,11.370105280978592,3.4110315842935774
2900.0,970.457271009277,34.28574950593207,11.428583168644023,3.4285749505932066
3000.0,970.457271009277,34.462512673592855,11.487504224530952,3.4462512673592856
3100.0,970.457271009277,34.64061867483972,11.54687289161324,3.4640618674839723
3200.0,970.457271009277,34.820081004998954,11.606693668332985,3.4820081004998955
3300.0,970.457271009277,35.00091332829013,11.666971109430044,3.500091332829013
3400.0,970.457271009277,35.18312948035827,11.72770982678609,3.5183129480358266
3500.0,970.457271009277,35.36674347085006,11.788914490283354,3.536674347085006
3600.0,970.457271009277,35.55176948603547,11.850589828678489,3.5551769486035467
3700.0,970.457271009277,35.73822189147515,11.912740630491717,3.573822189147515
3800.0,970.457271009277,35.92611523473495,11.97537174491165,3.592611523473495
3900.0,970.457271009277,36.115464248148456,12.038488082716151,3.6115464248148457
4000.0,970.457271009277,36.30628385162809,12.102094617209362,3.630628385162809
4100.0,970.457271009277,36.498589155526616,12.166196385175539,3.6498589155526617
4200.0,970.457271009277,36.692395463548955,12.230798487849652,3.6692395463548957
4300.0,970.457271009277,36.8877182757163,12.295906091905435,3.6887718275716304
4400.0,970.457271009277,37.08457329138313,12.361524430461044,3.708457329138313
4500.0,970.457271009277,37.282976412308294,12.427658804102764,3.7282976412308293
4600.0,970.457271009277,37.48294374578115,12.49431458192705,3.7482943745781148
4700.0,970.457271009277,37.684491607804276,12.561497202601425,3.7684491607804276
4800.0,970.457271009277,37.88763652633329,12.62921217544443,3.788763652633329
4900.0,970.457271009277,38.09239524457572,12.69746508152524,3.809239524457572
5000.0,970.457271009277,38.29878472434934,12.766261574783114,3.8298784724349337
5100.0,970.457271009277,38.506822149502014,12.835607383167337,3.8506822149502016
5200.0,970.457271009277,38.716524929393614,12.905508309797872,3.8716524929393614
5300.0,970.457271009277,38.92791070244166,12.97597023414722,3.892791070244166
5400.0,970.457271009277,39.14099733973228,13.046999113244093,3.914099733973228
5500.0,970.457271009277,39.35580294869702,13.118600982899006,3.935580294869702
5600.0,970.457271009277,39.572345876857945,13.190781958952648,3.9572345876857944
5700.0,970.457271009277,39.79064471564156,13.263548238547187,3.9790644715641563
5800.0,970.457271009277,40.010718304263605,13.336906101421201,4.00107183042636
5900.0,970.457271009277,40.232585733685966,13.410861911228656,4.023258573368596
6000.0,970.457271009277,40.45626635064719,13.485422116882397,4.045626635064719
6100.0,970.457271009277,40.681779761768325,13.560593253922775,4.068177976176832
6200.0,970.457271009277,40.9091458377357,13.6363819459119,4.09091458377357
6300.0,970.457271009277,41.138384717562055,13.712794905854018,4.113838471756205
6400.0,970.457271009277,41.369516812927976,13.789838937642658,4.136951681292798
6500.0,970.457271009277,41.6025628126052,13.867520937535067,4.16025628126052
6600.0,970.457271009277,41.83754368696372,13.945847895654573,4.183754368696372
6700.0,970.457271009277,42.07448069256412,14.024826897521374,4.2074480692564125
6800.0,970.457271009277,42.31339537683765,14.104465125612549,4.231339537683764
6900.0,970.457271009277,42.554309582855254,14.184769860951752,4.255430958285525
7000.0,970.457271009277,42.79724545418784,14.26574848472928,4.279724545418784
7100.0,970.457271009277,43.04222543985985,14.347408479953282,4.3042225439859845
7200.0,970.457271009277,43.289272299398014,14.429757433132671,4.328927229939802
7300.0,970.457271009277,43.53840910797741,14.51280303599247,4.353840910797741
7400.0,970.457271009277,43.789659261667,14.596553087222333,4.3789659261667
7500.0,970.457271009277,44.04304648277693,14.681015494258977,4.404304648277693
7600.0,970.457271009277,44.298594825309586,14.766198275103195,4.429859482530959
7700.0,970.457271009277,44.556328680516984,14.852109560172329,4.455632868051699
7800.0,970.457271009277,44.8162727825669,14.938757594188965,4.48162727825669
7900.0,970.457271009277,45.07845221431975,15.026150738106585,4.5078452214319755
8000.0,970.457271009277,45.34289241321914,15.114297471073046,4.534289241321914
8100.0,970.457271009277,45.60961917729861,15.20320639243287,4.560961917729861
8200.0,970.457271009277,45.878658671306795,15.292886223768932,4.587865867130679
8300.0,970.457271009277,46.15003743295404,15.38334581098468,4.6150037432954045
8400.0,970.457271009277,46.423782379283395,15.474594126427798,4.642378237928339
8500.0,970.457271009277,46.69992081316815,15.56664027105605,4.669992081316815
8600.0,970.457271009277,46.97848042993936,15.659493476646453,4.697848042993936
8700.0,970.457271009277,47.25948932414629,15.753163108048762,4.725948932414629
8800.0,970.457271009277,47.54297599645248,15.847658665484161,4.754297599645248
8900.0,970.457271009277,47.82896936067094,15.942989786890314,4.782896936067094
9000.0,970.457271009277,48.11749875094141,16.0391662503138,4.811749875094141
9100.0,970.457271009277,48.40859392905307,16.136197976351024,4.8408593929053065
9200.0,970.457271009277,48.70228509191606,16.234095030638688,4.870228509191606
9300.0,970.457271009277,48.998602879185334,16.33286762639511,4.899860287918534
9400.0,970.457271009277,49.29757838104036,16.432526127013453,4.929757838104036
9500.0,970.457271009277,49.59924314612406,16.53308104870802,4.959924314612406
9600.0,970.457271009277,49.903629189645194,16.634543063215066,4.99036291896452
9700.0,970.457271009277,50.210769001647755,16.73692300054925,5.0210769001647755
9800.0,970.457271009277,50.52069555545113,16.84023185181704,5.0520695555451125
9900.0,970.457271009277,50.83344231626561,16.944480772088536,5.083344231626561
10000.0,970.457271009277,51.14904324998679,17.04968108332893,5.114904324998679
0.0,976.3658168074215,29.960162503085552,9.98672083436185,2.9960162503085552
100.0,976.3658168074215,30.10448448274242,10.03482816091414,3.010448448274242
200.0,976.3658168074215,30.249830707449327,10.083276902483108,3.024983070744933
300.0,976.3658168074215,30.39621079192332,10.13207026397444,3.039621079192332
400.0,976.3658168074215,30.543634463255934,10.181211487751979,3.0543634463255933
500.0,976.3658168074215,30.692111562486065,10.230703854162021,3.0692111562486066
600.0,976.3658168074215,30.84165204619892,10.280550682066307,3.084165204619892
700.0,976.3658168074215,30.992265988150926,10.330755329383642,3.0992265988150924
800.0,976.3658168074215,31.14396358092124,10.381321193640414,3.114396358092124
900.0,976.3658168074215,31.296755137590594,10.432251712530197,3.1296755137590595
1000.0,976.3658168074215,31.450651093447554,10.483550364482518,3.1450651093447552
1100.0,976.3658168074215,31.60566200772317,10.535220669241056,3.1605662007723168
1200.0,976.3658168074215,31.761798565354137,10.587266188451379,3.1761798565354136
1300.0,976.3658168074215,31.919071578775334,10.639690526258445,3.1919071578775333
1400.0,976.3658168074215,32.077491989742164,10.692497329914055,3.2077491989742164
1500.0,976.3658168074215,32.237070871183114,10.745690290394371,3.2237070871183113
1600.0,976.3658168074215,32.397819429083455,10.799273143027818,3.2397819429083454
1700.0,976.3658168074215,32.559749004400345,10.853249668133449,3.2559749004400347
1800.0,976.3658168074215,32.7228710750101,10.907623691670032,3.27228710750101
1900.0,976.3658168074215,32.887197257688314,10.962399085896104,3.288719725768831
2000.0,976.3658168074215,33.05273931012315,11.017579770041051,3.305273931012315
2100.0,976.3658168074215,33.219509132962905,11.073169710987635,3.3219509132962903
2200.0,976.3658168074215,33.38751877189816,11.129172923966053,3.3387518771898157
2300.0,976.3658168074215,33.55678041977916,11.18559347325972,3.355678041977916
2400.0,976.3658168074215,33.727306418769466,11.242435472923155,3.3727306418769465
2500.0,976.3658168074215,33.89910926253617,11.299703087512057,3.3899109262536173
2600.0,976.3658168074215,34.072201598477776,11.357400532825926,3.4072201598477774
2700.0,976.3658168074215,34.246596229989954,11.415532076663318,3.4246596229989956
2800.0,976.3658168074215,34.42230611877058,11.474102039590193,3.442230611877058
2900.0,976.3658168074215,34.59934438716427,11.533114795721424,3.4599344387164273
3000.0,976.3658168074215,34.777724320547485,11.592574773515828,3.4777724320547483
3100.0,976.3658168074215,34.957459369754865,11.652486456584954,3.4957459369754864
3200.0,976.3658168074215,35.13856315354784,11.712854384515948,3.513856315354784
3300.0,976.3658168074215,35.32104946112587,11.773683153708623,3.532104946112587
3400.0,976.3658168074215,35.50493225468178,11.834977418227261,3.5504932254681782
3500.0,976.3658168074215,35.69022567200165,11.896741890667217,3.5690225672001654
3600.0,976.3658168074215,35.87694402911026,11.958981343036754,3.5876944029110263
3700.0,976.3658168074215,36.065101822962966,12.021700607654322,3.6065101822962964
3800.0,976.3658168074215,36.25471373418504,12.08490457806168,3.625471373418504
3900.0,976.3658168074215,36.4457946298595,12.148598209953166,3.64457946298595
4000.0,976.3658168074215,36.63835956636387,12.21278652212129,3.6638359566363867
4100.0,976.3658168074215,36.832423792257835,12.277474597419278,3.6832423792257836
4200.0,976.3658168074215,37.028002751221806,12.342667583740601,3.7028002751221805
4300.0,976.3658168074215,37.22511208504803,12.40837069501601,3.722511208504803
4400.0,976.3658168074215,37.42376763668529,12.47458921222843,3.742376763668529
4500.0,976.3658168074215,37.62398545333795,12.541328484445984,3.762398545333795
4600.0,976.3658168074215,37.82578178962085,12.608593929873615,3.7825781789620847
4700.0,976.3658168074215,38.029173110771005,12.676391036923668,3.8029173110771004
4800.0,976.3658168074215,38.23417609591712,12.744725365305706,3.8234176095917123
4900.0,976.3658168074215,38.440807641408576,12.813602547136192,3.8440807641408576
5000.0,976.3658168074215,38.64908486420459,12.883028288068196,3.864908486420459
5100.0,976.3658168074215,38.85902510532521,12.953008368441736,3.885902510532521
5200.0,976.3658168074215,39.07064593336513,13.023548644455042,3.907064593336513
5300.0,976.3658168074215,39.28396514807186,13.094655049357286,3.9283965148071855
5400.0,976.3658168074215,39.49900078398948,13.16633359466316,3.949900078398948
5500.0,976.3658168074215,39.71577111416937,13.23859037138979,3.971577111416937
5600.0,976.3658168074215,39.9342946539493,13.311431551316433,3.99342946539493
5700.0,976.3658168074215,40.15459016480248,13.384863388267492,4.015459016480248
5800.0,976.3658168074215,40.37667665825759,13.458892219419196,4.037667665825759
5900.0,976.3658168074215,40.600573399892205,13.533524466630736,4.06005733998922
6000.0,976.3658168074215,40.826299913399986,13.608766637799995,4.082629991339998
6100.0,976.3658168074215,41.05387598473405,13.684625328244683,4.1053875984734045
6200.0,976.3658168074215,41.28332166632817,13.76110722210939,4.128332166632817
6300.0,976.3658168074215,41.51465728139667,13.838219093798891,4.151465728139668
6400.0,976.3658168074215,41.74790342831579,13.915967809438596,4.174790342831579
6500.0,976.3658168074215,41.98308098508725,13.994360328362417,4.198308098508725
6600.0,976.3658168074215,42.22021111388668,14.073403704628893,4.222021111388668
6700.0,976.3658168074215,42.45931526569801,14.153105088566003,4.245931526569801
6800.0,976.3658168074215,42.70041518503623,14.233471728345409,4.270041518503623
6900.0,976.3658168074215,42.94353291476011,14.314510971586705,4.294353291476011
7000.0,976.3658168074215,43.18869080097685,14.396230266992283,4.318869080097685
7100.0,976.3658168074215,43.435911498041165,14.478637166013721,4.343591149804117
7200.0,976.3658168074215,43.68521797364992,14.561739324549974,4.368521797364992
7300.0,976.3658168074215,43.93663351403548,14.645544504678492,4.393663351403548
7400.0,976.3658168074215,44.190181729259116,14.730060576419705,4.419018172925911
7500.0,976.3658168074215,44.44588655860733,14.815295519535775,4.444588655860732
7600.0,976.3658168074215,44.70377227609255,14.901257425364184,4.470377227609255
7700.0,976.3658168074215,44.96386349606163,14.987954498687209,4.496386349606163
7800.0,976.3658168074215,45.22618517891361,15.07539505963787,4.522618517891361
7900.0,976.3658168074215,45.49076263692944,15.163587545643146,4.549076263692944
8000.0,976.3658168074215,45.75762154021658,15.252540513405528,4.575762154021659
8100.0,976.3658168074215,46.026787922770446,15.342262640923481,4.602678792277045
8200.0,976.3658168074215,46.29828818865574,15.432762729551913,4.629828818865574
8300.0,976.3658168074215,46.57214911831023,15.52404970610341,4.657214911831023
8400.0,976.3658168074215,46.848397874973884,15.616132624991295,4.684839787497388
8500.0,976.3658168074215,47.12706201124594,15.709020670415313,4.712706201124594
8600.0,976.3658168074215,47.40816947577303,15.802723158591009,4.7408169475773025
8700.0,976.3658168074215,47.69174862007143,15.89724954002381,4.769174862007143
8800.0,976.3658168074215,47.977828205486254,15.992609401828751,4.797782820548625
8900.0,976.3658168074215,48.2664374102909,16.088812470096965,4.826643741029089
9000.0,976.3658168074215,48.557605836930044,16.185868612310014,4.855760583693004
9100.0,976.3658168074215,48.85136351940934,16.283787839803114,4.885136351940934
9200.0,976.3658168074215,49.147740930835184,16.382580310278396,4.914774093083518
9300.0,976.3658168074215,49.44676899110842,16.482256330369474,4.944676899110842
9400.0,976.3658168074215,49.74847907477504,16.582826358258348,4.974847907477504
9500.0,976.3658168074215,50.05290301903787,16.684301006345958,5.005290301903787
9600.0,976.3658168074215,50.3600731319331,16.7866910439777,5.03600731319331
9700.0,976.3658168074215,50.67002220067509,16.89000740022503,5.0670022200675096
9800.0,976.3658168074215,50.982783500174016,16.994261166724673,5.098278350017401
9900.0,976.3658168074215,51.298390801729965,17.099463600576655,5.129839080172997
10000.0,976.3658168074215,51.61687838190787,17.205626127302622,5.161687838190787
0.0,982.2743626055661,30.232532551429383,10.077510850476461,3.0232532551429383
100.0,982.2743626055661,30.378166572854123,10.126055524284707,3.037816657285412
200.0,982.2743626055661,30.524834150816243,10.174944716938748,3.0524834150816242
300.0,982.2743626055661,30.672544987440883,10.224181662480294,3.0672544987440884
400.0,982.2743626055661,30.821308898249296,10.273769632749765,3.0821308898249296
500.0,982.2743626055661,30.971135813745985,10.323711937915329,3.0971135813745985
600.0,982.2743626055661,31.122035781032196,10.374011927010732,3.1122035781032196
700.0,982.2743626055661,31.274018965445638,10.424672988481879,3.127401896544564
800.0,982.2743626055661,31.427095652226942,10.475698550742313,3.1427095652226944
900.0,982.2743626055661,31.581276248213833,10.527092082737944,3.1581276248213834
1000.0,982.2743626055661,31.736571283562853,10.57885709452095,3.173657128356285
1100.0,982.2743626055661,31.89299141349979,10.630997137833264,3.189299141349979
1200.0,982.2743626055661,32.0505474200989,10.683515806699633,3.20505474200989
1300.0,982.2743626055661,32.209250214091675,10.736416738030558,3.2209250214091676
1400.0,982.2743626055661,32.369110836705865,10.789703612235288,3.2369110836705866
1500.0,982.2743626055661,32.53014046153476,10.843380153844919,3.2530140461534756
1600.0,982.2743626055661,32.69235039643803,10.89745013214601,3.269235039643803
1700.0,982.2743626055661,32.85575208547437,10.95191736182479,3.2855752085474372
1800.0,982.2743626055661,33.02035711086627,11.006785703622091,3.302035711086627
1900.0,982.2743626055661,33.186177194998294,11.062059064999431,3.318617719499829
2000.0,982.2743626055661,33.353224202448665,11.117741400816222,3.3353224202448666
2100.0,982.2743626055661,33.521510142055284,11.173836714018428,3.3521510142055284
2200.0,982.2743626055661,33.69104716901705,11.230349056339016,3.3691047169017048
2300.0,982.2743626055661,33.86184758703027,11.28728252901009,3.3861847587030267
2400.0,982.2743626055661,34.033923850462024,11.344641283487341,3.4033923850462022
2500.0,982.2743626055661,34.20728856656027,11.402429522186758,3.4207288566560274
2600.0,982.2743626055661,34.38195449770196,11.460651499233988,3.438195449770196
2700.0,982.2743626055661,34.55793456367936,11.519311521226454,3.4557934563679362
2800.0,982.2743626055661,34.735241844026085,11.578413948008695,3.4735241844026086
2900.0,982.2743626055661,34.91388958038297,11.63796319346099,3.4913889580382973
3000.0,982.2743626055661,35.093891178904826,11.697963726301609,3.509389117890483
3100.0,982.2743626055661,35.275260212708815,11.758420070902938,3.5275260212708814
3200.0,982.2743626055661,35.458010424365526,11.819336808121841,3.5458010424365525
3300.0,982.2743626055661,35.64215572843303,11.880718576144345,3.5642155728433034
3400.0,982.2743626055661,35.82771021403551,11.942570071345171,3.582771021403551
3500.0,982.2743626055661,36.01468814748671,12.004896049162236,3.601468814748671
3600.0,982.2743626055661,36.20310397495941,12.067701324986471,3.620310397495941
3700.0,982.2743626055661,36.392972325201875,12.130990775067291,3.6392972325201876
3800.0,982.2743626055661,36.58430801230202,12.194769337434005,3.658430801230202
3900.0,982.2743626055661,36.77712603850063,12.259042012833545,3.6777126038500634
4000.0,982.2743626055661,36.97144159705385,12.323813865684615,3.6971441597053847
4100.0,982.2743626055661,37.16727007514716,12.389090025049052,3.7167270075147156
4200.0,982.2743626055661,37.36462705686058,12.454875685620193,3.7364627056860575
4300.0,982.2743626055661,37.563528326187075,12.521176108729025,3.7563528326187074
4400.0,982.2743626055661,37.76398987010483,12.587996623368277,3.776398987010483
4500.0,982.2743626055661,37.966027881704555,12.655342627234852,3.7966027881704556
4600.0,982.2743626055661,38.16965876337297,12.723219587790991,3.816965876337297
4700.0,982.2743626055661,38.37489913003375,12.791633043344582,3.837489913003375
4800.0,982.2743626055661,38.581765812446825,12.860588604148942,3.8581765812446824
4900.0,982.2743626055661,38.79027586056754,12.930091953522513,3.879027586056754
5000.0,982.2743626055661,39.000446546966636,13.000148848988879,3.9000446546966634
5100.0,982.2743626055661,39.21229537031265,13.070765123437551,3.921229537031265
5200.0,982.2743626055661,39.42584005891767,13.141946686305891,3.942584005891767
5300.0,982.2743626055661,39.641098574348014,13.21369952478267,3.9641098574348015
5400.0,982.2743626055661,39.858089115101194,13.286029705033732,3.9858089115101194
5500.0,982.2743626055661,40.07683012035017,13.358943373450055,4.007683012035017
5600.0,982.2743626055661,40.29734027375703,13.43244675791901,4.029734027375703
5700.0,982.2743626055661,40.519638507356945,13.506546169118982,4.051963850735694
5800.0,982.2743626055661,40.74374400551381,13.581248001837936,4.074374400551381
5900.0,982.2743626055661,40.96967620894997,13.656558736316656,4.096967620894997
6000.0,982.2743626055661,41.19745481885042,13.732484939616805,4.119745481885042
6100.0,982.2743626055661,41.42709980104388,13.809033267014627,4.142709980104388
6200.0,982.2743626055661,41.65863139026222,13.88621046342074,4.165863139026222
6300.0,982.2743626055661,41.89207009447963,13.964023364826543,4.189207009447963
6400.0,982.2743626055661,42.12743669933369,14.042478899777898,4.212743669933369
6500.0,982.2743626055661,42.36475227262962,14.12158409087654,4.236475227262963
6600.0,982.2743626055661,42.60403816892993,14.201346056309978,4.260403816892993
6700.0,982.2743626055661,42.845316034231,14.281772011410332,4.284531603423099
6800.0,982.2743626055661,43.08860781072885,14.362869270242951,4.308860781072886
6900.0,982.2743626055661,43.33393574167546,14.444645247225154,4.3333935741675464
7000.0,982.2743626055661,43.58132237632821,14.52710745877607,4.358132237632821
7100.0,982.2743626055661,43.83079057499416,14.610263524998054,4.383079057499416
7200.0,982.2743626055661,44.08236351417121,14.694121171390405,4.408236351417122
7300.0,982.2743626055661,44.336064691788614,14.778688230596204,4.433606469178861
7400.0,982.2743626055661,44.591917932548476,14.863972644182825,4.459191793254847
7500.0,982.2743626055661,44.849947393371,14.949982464457,4.4849947393370995
7600.0,982.2743626055661,45.11017756894557,15.036725856315192,4.5110177568945575
7700.0,982.2743626055661,45.372633297389854,15.124211099129951,4.537263329738986
7800.0,982.2743626055661,45.63733976601973,15.212446588673243,4.563733976601973
7900.0,982.2743626055661,45.904322517231925,15.301440839077308,4.590432251723192
8000.0,982.2743626055661,46.173607454502765,15.391202484834254,4.617360745450276
8100.0,982.2743626055661,46.44522084850459,15.481740282834863,4.644522084850459
8200.0,982.2743626055661,46.719189343343494,15.573063114447832,4.671918934334349
8300.0,982.2743626055661,46.99553996292009,15.66517998764003,4.699553996292009
8400.0,982.2743626055661,47.27430011741747,15.758100039139157,4.727430011741747
8500.0,982.2743626055661,47.55549760991748,15.85183253663916,4.755549760991748
8600.0,982.2743626055661,47.83916064315002,15.946386881050005,4.783916064315002
8700.0,982.2743626055661,48.125317826377064,16.041772608792353,4.8125317826377065
8800.0,982.2743626055661,48.41399818241525,16.137999394138415,4.841399818241525
8900.0,982.2743626055661,48.70523115479984,16.235077051599948,4.870523115479984
9000.0,982.2743626055661,48.9990466150935,16.3330155383645,4.89990466150935
9100.0,982.2743626055661,49.29547487034322,16.431824956781075,4.929547487034322
9200.0,982.2743626055661,49.59454667068869,16.53151555689623,4.9594546670688695
9300.0,982.2743626055661,49.896293217125795,16.63209773904193,4.989629321712579
9400.0,982.2743626055661,50.20074616942893,16.733582056476312,5.020074616942893
9500.0,982.2743626055661,50.50793765423522,16.835979218078407,5.050793765423522
9600.0,982.2743626055661,50.817900273295606,16.939300091098534,5.081790027329561
9700.0,982.2743626055661,51.130667111895434,17.043555703965144,5.113066711189544
9800.0,982.2743626055661,51.446271747449565,17.148757249149856,5.144627174744956
9900.0,982.2743626055661,51.76474825827544,17.254916086091814,5.176474825827544
10000.0,982.2743626055661,52.0861312325488,17.362043744182934,5.20861312325488
0.0,988.1829084037108,30.50572301246222,10.168574337487406,3.050572301246222
100.0,988.1829084037108,30.652673027688916,10.217557675896305,3.0652673027688917
200.0,988.1829084037108,30.800665938987695,10.266888646329232,3.0800665938987697
300.0,988.1829084037108,30.949711536155093,10.316570512051698,3.0949711536155093
400.0,988.1829084037108,31.0998197234084,10.366606574469467,3.10998197234084
500.0,988.1829084037108,31.251000520987255,10.417000173662418,3.1251000520987255
600.0,988.1829084037108,31.40326406678157,10.46775468892719,3.140326406678157
700.0,988.1829084037108,31.55662061798618,10.518873539328727,3.155662061798618
800.0,988.1829084037108,31.71108055278233,10.570360184260776,3.171108055278233
900.0,988.1829084037108,31.866654372047098,10.6222181240157,3.18666543720471
1000.0,988.1829084037108,32.02335270109078,10.674450900363594,3.202335270109078
1100.0,988.1829084037108,32.18118629142305,10.727062097141017,3.2181186291423054
1200.0,988.1829084037108,32.34016602254832,10.780055340849438,3.234016602254832
1300.0,988.1829084037108,32.500302903790804,10.833434301263601,3.2500302903790805
1400.0,988.1829084037108,32.66160807615017,10.887202692050058,3.2661608076150173
1500.0,988.1829084037108,32.824092814187715,10.941364271395905,3.2824092814187713
1600.0,988.1829084037108,32.987768527944446,10.995922842648149,3.2987768527944445
1700.0,988.1829084037108,33.15264676489107,11.050882254963689,3.3152646764891065
1800.0,988.1829084037108,33.318739211910604,11.106246403970202,3.33187392119106
1900.0,988.1829084037108,33.48605769731469,11.162019232438231,3.3486057697314693
2000.0,988.1829084037108,33.6546141928935,11.2182047309645,3.3654614192893497
2100.0,988.1829084037108,33.82442081600054,11.274806938666847,3.382442081600054
2200.0,988.1829084037108,33.995489831672764,11.331829943890922,3.3995489831672763
2300.0,988.1829084037108,34.16783365478649,11.38927788492883,3.4167833654786492
2400.0,988.1829084037108,34.341464852250326,11.44715495075011,3.4341464852250327
2500.0,988.1829084037108,34.516396145235156,11.505465381745053,3.4516396145235158
2600.0,988.1829084037108,34.69264041144269,11.564213470480896,3.469264041144269
2700.0,988.1829084037108,34.87021068741242,11.623403562470806,3.4870210687412415
2800.0,988.1829084037108,35.04912017086867,11.683040056956223,3.504912017086867
2900.0,988.1829084037108,35.22938222310779,11.743127407702596,3.522938222310779
3000.0,988.1829084037108,35.41101037142673,11.803670123808908,3.5411010371426728
3100.0,988.1829084037108,35.59401831159351,11.86467277053117,3.559401831159351
3200.0,988.1829084037108,35.77841991036082,11.926139970120273,3.577841991036082
3300.0,988.1829084037108,35.96422920802297,11.988076402674324,3.596422920802297
3400.0,988.1829084037108,36.15146042101778,12.050486807005926,3.6151460421017783
3500.0,988.1829084037108,36.340127944573794,12.113375981524598,3.6340127944573792
3600.0,988.1829084037108,36.53024635540385,12.176748785134615,3.6530246355403846
3700.0,988.1829084037108,36.721830414446096,12.240610138148698,3.6721830414446095
3800.0,988.1829084037108,36.91489506965313,12.30496502321771,3.6914895069653126
3900.0,988.1829084037108,37.1094554588305,12.369818486276834,3.7109455458830505
4000.0,988.1829084037108,37.30552691252539,12.435175637508463,3.7305526912525386
4100.0,988.1829084037108,37.503124956966545,12.501041652322181,3.7503124956966545
4200.0,988.1829084037108,37.70226531705659,12.567421772352198,3.770226531705659
4300.0,988.1829084037108,37.902963919417466,12.634321306472488,3.7902963919417467
4400.0,988.1829084037108,38.10523689549059,12.701745631830198,3.810523689549059
4500.0,988.1829084037108,38.30910058469245,12.769700194897483,3.8309100584692453
4600.0,988.1829084037108,38.51457153762677,12.838190512542257,3.851457153762677
4700.0,988.1829084037108,38.7216665193548,12.907222173118265,3.87216665193548
4800.0,988.1829084037108,38.93040251272436,12.976800837574787,3.8930402512724362
4900.0,988.1829084037108,39.140796721759465,13.046932240586488,3.9140796721759465
5000.0,988.1829084037108,39.35286657511107,13.11762219170369,3.9352866575111074
5100.0,988.1829084037108,39.566629729571126,13.18887657652371,3.956662972957113
5200.0,988.1829084037108,39.78210407365017,13.26070135788339,3.9782104073650166
5300.0,988.1829084037108,39.999307731220746,13.333102577073582,3.999930773122075
5400.0,988.1829084037108,40.21825906522757,13.406086355075857,4.021825906522757
5500.0,988.1829084037108,40.4389766814657,13.479658893821899,4.0438976681465695
5600.0,988.1829084037108,40.6614794324285,13.553826477476166,4.06614794324285
5700.0,988.1829084037108,40.885786421226804,13.628595473742267,4.08857864212268
5800.0,988.1829084037108,41.11191700558039,13.703972335193463,4.111191700558039
5900.0,988.1829084037108,41.3398908018839,13.779963600627966,4.13398908018839
6000.0,988.1829084037108,41.569727689348305,13.856575896449435,4.15697276893483
6100.0,988.1829084037108,41.801447814219685,13.933815938073229,4.180144781421968
6200.0,988.1829084037108,42.03507159407718,14.01169053135906,4.203507159407718
6300.0,988.1829084037108,42.27061972221136,14.090206574070452,4.2270619722211356
6400.0,988.1829084037108,42.50811317208519,14.16937105736173,4.250811317208519
6500.0,988.1829084037108,42.74757320187904,14.249191067293014,4.274757320187904
6600.0,988.1829084037108,42.989021359121864,14.329673786373954,4.298902135912186
6700.0,988.1829084037108,43.23247948540989,14.41082649513663,4.323247948540989
6800.0,988.1829084037108,43.47796972121556,14.49265657373852,4.3477969721215555
6900.0,988.1829084037108,43.725514510787754,14.575171503595918,4.372551451078776
7000.0,988.1829084037108,43.97513660714584,14.658378869048613,4.397513660714584
7100.0,988.1829084037108,44.22685907716964,14.742286359056548,4.422685907716964
7200.0,988.1829084037108,44.48070530678707,14.826901768929025,4.448070530678708
7300.0,988.1829084037108,44.73669900626185,14.912233002087284,4.473669900626185
7400.0,988.1829084037108,44.994864215583405,14.998288071861134,4.49948642155834
7500.0,988.1829084037108,45.255225309961375,15.085075103320458,4.525522530996137
7600.0,988.1829084037108,45.51780700542662,15.172602335142207,4.551780700542662
7700.0,988.1829084037108,45.782634364541686,15.260878121513896,4.5782634364541686
7800.0,988.1829084037108,46.049732802222756,15.349910934074252,4.604973280222276
7900.0,988.1829084037108,46.31912809167559,15.439709363891863,4.6319128091675585
8000.0,988.1829084037108,46.59084637044823,15.530282123482744,4.659084637044823
8100.0,988.1829084037108,46.86491414660295,15.62163804886765,4.686491414660295
8200.0,988.1829084037108,47.141358305010094,15.713786101670031,4.714135830501009
8300.0,988.1829084037108,47.42020611376662,15.80673537125554,4.742020611376661
8400.0,988.1829084037108,47.70148523074239,15.900495076914131,4.770148523074239
8500.0,988.1829084037108,47.98522371025654,15.995074570085514,4.798522371025654
8600.0,988.1829084037108,48.271450009887445,16.09048333662915,4.827145000988745
8700.0,988.1829084037108,48.56019299741923,16.186730999139744,4.856019299741923
8800.0,988.1829084037108,48.85148195792753,16.28382731930918,4.885148195792754
8900.0,988.1829084037108,49.145346601008534,16.38178220033618,4.914534660100854
9000.0,988.1829084037108,49.44181706815349,16.480605689384497,4.944181706815349
9100.0,988.1829084037108,49.74092394027319,16.580307980091064,4.974092394027319
9200.0,988.1829084037108,50.042698245375064,16.680899415125023,5.004269824537507
9300.0,988.1829084037108,50.34717146639679,16.782390488798928,5.034717146639679
9400.0,988.1829084037108,50.65437554920017,16.88479184973339,5.065437554920017
9500.0,988.1829084037108,50.96434291072856,16.988114303576186,5.096434291072856
9600.0,988.1829084037108,51.277106447332336,17.092368815777444,5.1277106447332335
9700.0,988.1829084037108,51.59269954326563,17.197566514421876,5.159269954326563
9800.0,988.1829084037108,51.911156079359166,17.303718693119723,5.191115607935917
9900.0,988.1829084037108,52.23251044187255,17.410836813957516,5.223251044187255
10000.0,988.1829084037108,52.556797531530904,17.5189325105103,5.255679753153091
0.0,994.0914542018554,30.77973142977786,10.259910476592621,3.077973142977786
100.0,994.0914542018554,30.92800137900777,10.30933379300259,3.092800137900777
200.0,994.0914542018554,31.07732359180785,10.35910786393595,3.107732359180785
300.0,994.0914542018554,31.227707945908538,10.409235981969513,3.1227707945908536
400.0,994.0914542018554,31.37916443448874,10.459721478162914,3.1379164434488738
500.0,994.0914542018554,31.53170316779184,10.51056772259728,3.153170316779184
600.0,994.0914542018554,31.685334374768328,10.561778124922776,3.1685334374768326
700.0,994.0914542018554,31.840068404745143,10.613356134915048,3.184006840474514
800.0,994.0914542018554,31.995915729122423,10.665305243040807,3.1995915729122424
900.0,994.0914542018554,32.15288694309819,10.71762898103273,3.2152886943098187
1000.0,994.0914542018554,32.31099276742135,10.770330922473782,3.2310992767421345
1100.0,994.0914542018554,32.470244050173775,10.823414683391258,3.2470244050173775
1200.0,994.0914542018554,32.63065176858172,10.876883922860573,3.263065176858172
1300.0,994.0914542018554,32.79222703085735,10.930742343619116,3.279222703085735
1400.0,994.0914542018554,32.95498107807094,10.984993692690312,3.2954981078070937
1500.0,994.0914542018554,33.11892528605415,11.03964176201805,3.311892528605415
1600.0,994.0914542018554,33.28407116733522,11.09469038911174,3.328407116733522
1700.0,994.0914542018554,33.45043037310652,11.150143457702173,3.345043037310652
1800.0,994.0914542018554,33.61801469522495,11.206004898408317,3.361801469522495
1900.0,994.0914542018554,33.786836068246366,11.262278689415455,3.3786836068246364
2000.0,994.0914542018554,33.95690657149393,11.318968857164643,3.395690657149393
2100.0,994.0914542018554,34.128238431161606,11.37607947705387,3.4128238431161604
2200.0,994.0914542018554,34.30084402245334,11.433614674151114,3.430084402245334
2300.0,994.0914542018554,34.47473587175829,11.49157862391943,3.4474735871758293
2400.0,994.0914542018554,34.64992665886353,11.549975552954509,3.464992665886353
2500.0,994.0914542018554,34.826429219203995,11.608809739734665,3.4826429219203994
2600.0,994.0914542018554,35.00425654615147,11.668085515383822,3.500425654615147
2700.0,994.0914542018554,35.183421793342205,11.727807264447401,3.5183421793342204
2800.0,994.0914542018554,35.36393827704508,11.787979425681693,3.536393827704508
2900.0,994.0914542018554,35.54581947857026,11.848606492856753,3.554581947857026
3000.0,994.0914542018554,35.72907904671951,11.90969301557317,3.5729079046719514
3100.0,994.0914542018554,35.91373080027898,11.971243600092992,3.5913730800278976
3200.0,994.0914542018554,36.09978873055523,12.033262910185078,3.6099788730555233
3300.0,994.0914542018554,36.28726700395528,12.095755667985093,3.6287267003955277
3400.0,994.0914542018554,36.47617996461179,12.158726654870597,3.647617996461179
3500.0,994.0914542018554,36.66654213705409,12.222180712351362,3.666654213705409
3600.0,994.0914542018554,36.85836822892594,12.286122742975314,3.685836822892594
3700.0,994.0914542018554,37.0516731337511,12.350557711250367,3.70516731337511
3800.0,994.0914542018554,37.24647193374765,12.41549064458255,3.724647193374765
3900.0,994.0914542018554,37.44277990269192,12.48092663423064,3.744277990269192
4000.0,994.0914542018554,37.640612508833044,12.546870836277682,3.7640612508833042
4100.0,994.0914542018554,37.83998541785944,12.613328472619813,3.7839985417859436
4200.0,994.0914542018554,38.0409144959179,12.680304831972634,3.80409144959179
4300.0,994.0914542018554,38.24341581268642,12.747805270895475,3.824341581268642
4400.0,994.0914542018554,38.44750564450223,12.815835214834076,3.844750564450223
4500.0,994.0914542018554,38.65320047754564,12.88440015918188,3.865320047754564
4600.0,994.0914542018554,38.86051701108117,12.953505670360391,3.886051701108117
4700.0,994.0914542018554,39.069472160757165,13.023157386919054,3.9069472160757166
4800.0,994.0914542018554,39.280083061964724,13.093361020654909,3.9280083061964723
4900.0,994.0914542018554,39.49236707325781,13.164122357752603,3.949236707325781
5000.0,994.0914542018554,39.706341779834936,13.235447259944978,3.9706341779834937
5100.0,994.0914542018554,39.92202499708485,13.307341665694949,3.9922024997084846
5200.0,994.0914542018554,40.13943477419621,13.379811591398736,4.013943477419621
5300.0,994.0914542018554,40.35858939783377,13.452863132611256,4.035858939783377
5400.0,994.0914542018554,40.57950739588184,13.526502465293946,4.057950739588184
5500.0,994.0914542018554,40.802207541256344,13.600735847085447,4.080220754125635
5600.0,994.0914542018554,41.026708855787525,13.675569618595842,4.102670885578752
5700.0,994.0914542018554,41.25303061417411,13.751010204724702,4.12530306141741
5800.0,994.0914542018554,41.48119234801069,13.827064116003562,4.148119234801069
5900.0,994.0914542018554,41.71121384989027,13.903737949963423,4.171121384989027
6000.0,994.0914542018554,41.9431151775828,13.9810383925276,4.19431151775828
6100.0,994.0914542018554,42.176916658291915,14.058972219430638,4.217691665829191
6200.0,994.0914542018554,42.41263889299147,14.137546297663823,4.241263889299146
6300.0,994.0914542018554,42.65030276084324,14.216767586947746,4.265030276084324
6400.0,994.0914542018554,42.889929423698,14.296643141232666,4.2889929423698
6500.0,994.0914542018554,43.131540330681275,14.377180110227092,4.313154033068128
6600.0,994.0914542018554,43.37515722286616,14.458385740955386,4.337515722286616
6700.0,994.0914542018554,43.620802138034406,14.540267379344803,4.3620802138034405
6800.0,994.0914542018554,43.86849741552856,14.622832471842854,4.386849741552856
6900.0,994.0914542018554,44.11826570119614,14.706088567065379,4.411826570119613
7000.0,994.0914542018554,44.37012995242864,14.790043317476213,4.437012995242864
7100.0,994.0914542018554,44.624113443297155,14.874704481099052,4.462411344329715
7200.0,994.0914542018554,44.88023976978659,14.960079923262198,4.488023976978659
7300.0,994.0914542018554,45.13853285513094,15.04617761837698,4.513853285513094
7400.0,994.0914542018554,45.39901695525155,15.133005651750516,4.539901695525154
7500.0,994.0914542018554,45.66171666430099,15.220572221433663,4.566171666430099
7600.0,994.0914542018554,45.92665692031441,15.308885640104803,4.59266569203144
7700.0,994.0914542018554,46.19386301097119,15.397954336990397,4.619386301097119
7800.0,994.0914542018554,46.46336057946935,15.487786859823117,4.646336057946935
7900.0,994.0914542018554,46.73517563051462,15.578391876838205,4.673517563051462
8000.0,994.0914542018554,47.00933453642768,15.669778178809226,4.700933453642768
8100.0,994.0914542018554,47.285864043371426,15.76195468112381,4.728586404337142
8200.0,994.0914542018554,47.56479127770142,15.854930425900472,4.756479127770142
8300.0,994.0914542018554,47.84614375244203,15.948714584147345,4.784614375244203
8400.0,994.0914542018554,48.12994937389158,16.043316457963858,4.812994937389158
8500.0,994.0914542018554,48.416236448358596,16.1387454827862,4.84162364483586
8600.0,994.0914542018554,48.70503368903306,16.235011229677685,4.8705033689033055
8700.0,994.0914542018554,48.99637022299518,16.332123407665062,4.899637022299518
8800.0,994.0914542018554,49.29027559836501,16.430091866121668,4.9290275598365
8900.0,994.0914542018554,49.58677979159607,16.52892659719869,4.958677979159607
9000.0,994.0914542018554,49.885913214916485,16.628637738305496,4.988591321491649
9100.0,994.0914542018554,50.18770672392083,16.729235574640278,5.018770672392083
9200.0,994.0914542018554,50.492191625316174,16.83073054177206,5.049219162531617
9300.0,994.0914542018554,50.79939968482619,16.9331332282754,5.079939968482619
9400.0,994.0914542018554,51.10936313525667,17.03645437841889,5.110936313525667
9500.0,994.0914542018554,51.42211468472636,17.140704894908787,5.142211468472636
9600.0,994.0914542018554,51.73768752506713,17.245895841689045,5.173768752506713
9700.0,994.0914542018554,52.05611534039709,17.352038446799032,5.2056115340397096
9800.0,994.0914542018554,52.377432315871225,17.45914410529041,5.237743231587123
9900.0,994.0914542018554,52.70167314661334,17.567224382204447,5.270167314661334
10000.0,994.0914542018554,53.0288730468337,17.676291015611234,5.30288730468337
0.0,1000.0,31.054555368903177,10.35151845630106,3.1054555368903176
100.0,1000.0,31.2041491806104,10.401383060203466,3.12041491806104
200.0,1000.0,31.354804651266036,10.451601550422012,3.1354804651266037
300.0,1000.0,31.506531746796117,10.502177248932039,3.150653174679612
400.0,1000.0,31.659340549605993,10.553113516535332,3.165934054960599
500.0,1000.0,31.813241260210653,10.60441375340355,3.181324126021065
600.0,1000.0,31.968244198892144,10.656081399630715,3.1968244198892144
700.0,1000.0,32.12435980738378,10.708119935794594,3.212435980738378
800.0,1000.0,32.28159865058197,10.760532883527324,3.228159865058197
900.0,1000.0,32.43997141828645,10.813323806095482,3.2439971418286446
1000.0,1000.0,32.599488926968775,10.866496308989591,3.2599488926968774
1100.0,1000.0,32.76016212157046,10.920054040523487,3.276016212157046
1200.0,1000.0,32.922002077330426,10.974000692443475,3.2922002077330426
1300.0,1000.0,33.08502000164309,11.028340000547695,3.308502000164309
1400.0,1000.0,33.24922723594722,11.083075745315739,3.324922723594722
1500.0,1000.0,33.414635257646204,11.138211752548735,3.3414635257646204
1600.0,1000.0,33.58125568206056,11.193751894020187,3.358125568206056
1700.0,1000.0,33.749100264412995,11.249700088137665,3.3749100264412997
1800.0,1000.0,33.91818090184676,11.306060300615586,3.391818090184676
1900.0,1000.0,34.08850963547813,11.362836545159377,3.4088509635478133
2000.0,1000.0,34.26009865248332,11.420032884161108,3.426009865248332
2100.0,1000.0,34.432960288220634,11.477653429406878,3.4432960288220635
2200.0,1000.0,34.60710702838892,11.535702342796306,3.4607107028388917
2300.0,1000.0,34.78255151122212,11.59418383707404,3.4782551511222115
2400.0,1000.0,34.95930652972164,11.65310217657388,3.495930652972164
2500.0,1000.0,35.13738503392664,11.712461677975547,3.513738503392664
2600.0,1000.0,35.31680013322317,11.772266711074389,3.5316800133223167
2700.0,1000.0,35.4975650986928,11.832521699564268,3.5497565098692805
2800.0,1000.0,35.67969336550176,11.89323112183392,3.5679693365501763
2900.0,1000.0,35.8631985353312,11.954399511777067,3.58631985353312
3000.0,1000.0,36.0480943788494,12.016031459616466,3.60480943788494
3100.0,1000.0,36.2343948382267,12.078131612742233,3.62343948382267
3200.0,1000.0,36.422114029694285,12.140704676564761,3.6422114029694286
3300.0,1000.0,36.61126624614721,12.203755415382403,3.661126624614721
3400.0,1000.0,36.80186595979304,12.267288653264346,3.680186595979304
3500.0,1000.0,36.9939278248467,12.3313092749489,3.69939278248467
3600.0,1000.0,37.18746668027255,12.395822226757517,3.718746668027255
3700.0,1000.0,37.38249755257466,12.460832517524887,3.738249755257466
3800.0,1000.0,37.5790356586361,12.526345219545368,3.75790356586361
3900.0,1000.0,37.7770964086087,12.592365469536233,3.77770964086087
4000.0,1000.0,37.976695408853395,12.658898469617798,3.7976695408853396
4100.0,1000.0,38.17784846493333,12.725949488311109,3.817784846493333
4200.0,1000.0,38.38057158465987,12.79352386155329,3.838057158465987
4300.0,1000.0,38.584880981192796,12.861626993730932,3.8584880981192797
4400.0,1000.0,38.79079307619641,12.930264358732137,3.879079307619641
4500.0,1000.0,38.99832450305168,12.999441501017225,3.899832450305168
4600.0,1000.0,39.20749211012637,13.06916403670879,3.9207492110126365
4700.0,1000.0,39.41831296410409,13.139437654701362,3.9418312964104087
4800.0,1000.0,39.63080435337324,13.210268117791081,3.963080435337324
4900.0,1000.0,39.84498379147762,13.281661263825873,3.9844983791477615
5000.0,1000.0,40.06086902062928,13.353623006876427,4.006086902062928
5100.0,1000.0,40.27847801528577,13.42615933842859,4.027847801528577
5200.0,1000.0,40.4978289857921,13.499276328597366,4.04978289857921
5300.0,1000.0,40.71894038208972,13.57298012736324,4.071894038208972
5400.0,1000.0,40.941830897493425,13.647276965831141,4.094183089749342
5500.0,1000.0,41.16651947253749,13.722173157512495,4.116651947253748
5600.0,1000.0,41.393025298892915,13.797675099630972,4.139302529889291
5700.0,1000.0,41.621367823357055,13.873789274452351,4.162136782335706
5800.0,1000.0,41.85156675191685,13.950522250638949,4.185156675191685
5900.0,1000.0,42.08364205388803,14.027880684629343,4.208364205388802
6000.0,1000.0,42.31761396613098,14.10587132204366,4.231761396613098
6100.0,1000.0,42.553502997345475,14.184500999115158,4.255350299734547
6200.0,1000.0,42.79132993244593,14.263776644148644,4.279132993244593
6300.0,1000.0,43.031115837018525,14.343705279006175,4.3031115837018525
6400.0,1000.0,43.272882061862475,14.424294020620826,4.327288206186248
6500.0,1000.0,43.51665024761683,14.505550082538944,4.351665024761683
6600.0,1000.0,43.762442329474815,14.587480776491605,4.3762442329474815
6700.0,1000.0,44.01028054198769,14.670093513995896,4.401028054198769
6800.0,1000.0,44.260187423959906,14.753395807986635,4.426018742395991
6900.0,1000.0,44.5121858234377,14.837395274479233,4.4512185823437695
7000.0,1000.0,44.7662989027929,14.922099634264299,4.476629890279289
7100.0,1000.0,45.022550143904546,15.007516714634848,4.502255014390455
7200.0,1000.0,45.28096335343973,15.093654451146577,4.528096335343973
7300.0,1000.0,45.54156266823655,15.180520889412184,4.5541562668236555
7400.0,1000.0,45.804372560791,15.268124186930335,4.5804372560791
7500.0,1000.0,46.069417844850186,15.356472614950063,4.606941784485018
7600.0,1000.0,46.33672368111425,15.445574560371417,4.633672368111425
7700.0,1000.0,46.60631558304948,15.53543852768316,4.660631558304948
7800.0,1000.0,46.8782194228151,15.626073140938367,4.68782194228151
7900.0,1000.0,47.15246143730585,15.717487145768617,4.715246143730585
8000.0,1000.0,47.42906823431376,15.80968941143792,4.742906823431376
8100.0,1000.0,47.70806679881107,15.902688932937023,4.770806679881106
8200.0,1000.0,47.98948449935719,15.996494833119064,4.798948449935719
8300.0,1000.0,48.27334909463294,16.091116364877646,4.8273349094632945
8400.0,1000.0,48.55968874010444,16.186562913368146,4.855968874010444
8500.0,1000.0,48.84853199481966,16.28284399827322,4.884853199481966
8600.0,1000.0,49.13990782834092,16.379969276113638,4.913990782834092
8700.0,1000.0,49.43384562781626,16.47794854260542,4.943384562781626
8800.0,1000.0,49.730375205192956,16.57679173506432,4.973037520519296
8900.0,1000.0,50.029526804576236,16.676508934858745,5.002952680457623
9000.0,1000.0,50.33133110973683,16.777110369912275,5.033133110973683
9100.0,1000.0,50.635819251770585,16.87860641725686,5.063581925177059
9200.0,1000.0,50.94302281691376,16.98100760563792,5.094302281691376
9300.0,1000.0,51.25297385451756,17.08432461817252,5.1252973854517565
9400.0,1000.0,51.56570488518592,17.188568295061973,5.156570488518592
9500.0,1000.0,51.88124890907955,17.293749636359852,5.188124890907956
9600.0,1000.0,52.19963941439121,17.39987980479707,5.21996394143912
9700.0,1000.0,52.52091038599548,17.50697012866516,5.252091038599548
9800.0,1000.0,52.84509631427739,17.61503210475913,5.284509631427739
9900.0,1000.0,53.17223220414414,17.72407740138138,5.317223220414414
10000.0,1000.0,53.50235358422424,17.834117861408078,5.350235358422424
