time_h,phase,altitude_m,speed_mps,p_req_kw,p_gen_kw,p_batt_kw,soc,s_factor,fuel_kg,fuel_used_kg,weight_kg,engine_load_pct,motor_power_kw,system_efficiency
0.0,takeoff,0.0,50.0,73.19103794808557,14.0,59.191037948085565,0.9671160900288414,2.6666666666666687,189.93,0.06999999999999318,999.93,23.333333333333332,73.19103794808557,0.5398684865807531
0.016666666666666666,takeoff,150.0,50.0,73.46466403712327,14.0,59.46466403712327,0.9340801655637728,2.663057295142372,189.86,0.13999999999998636,999.8599999999999,23.333333333333332,73.46466403712327,0.5405357512787409
0.03333333333333333,climb,300.0,65.0,74.1033949563799,16.0,58.1033949563799,0.9018005016991173,2.653471837990615,189.78,0.21999999999999886,999.7799999999999,26.666666666666668,74.1033949563799,0.5177681017636836
0.05,climb,420.0,65.0,74.09173671004055,16.0,58.09173671004055,0.8695273146379836,2.6397590445445616,189.7,0.30000000000001137,999.6999999999998,26.666666666666668,74.09173671004055,0.5177388718181036
0.06666666666666667,climb,540.0,65.0,74.0867135607895,16.0,58.086713560789505,0.8372569182153228,2.6227275731372743,189.61999999999998,0.3800000000000239,999.6199999999998,26.666666666666668,74.0867135607895,0.5177262757919974
0.08333333333333333,climb,660.0,65.0,74.08837908505218,16.0,58.08837908505218,0.8049855965014049,2.603071717063506,189.53999999999996,0.4600000000000364,999.5399999999997,26.666666666666668,74.08837908505218,0.5177304523743804
0.1,climb,780.0,65.0,74.0967883032339,16.0,58.09678830323389,0.7727096029996083,2.581303005633947,189.45999999999995,0.5400000000000489,999.4599999999997,26.666666666666668,74.0967883032339,0.5177515380657786
0.11666666666666667,climb,900.0,65.0,74.1119977114099,16.0,58.1119977114099,0.7404251598266028,2.5578062974564992,189.37999999999994,0.6200000000000614,999.3799999999997,26.666666666666668,74.1119977114099,0.5177896670980672
0.13333333333333333,climb,1020.0,65.0,74.13406531383103,16.0,58.13406531383103,0.7081284568744745,2.5328764054149007,189.29999999999993,0.7000000000000739,999.2999999999996,26.666666666666668,74.13406531383103,0.5178449713537949
0.15,climb,1140.0,65.0,74.1630506562671,16.0,58.1630506562671,0.675815650954326,2.506742705169856,189.2199999999999,0.7800000000000864,999.2199999999996,26.666666666666668,74.1630506562671,0.5179175802850284
0.16666666666666666,climb,1260.0,65.0,74.1990148602133,60.0,14.199014860213296,0.6679273093653186,4.000000000000005,188.9199999999999,1.0800000000000978,998.9199999999996,100.0,74.1990148602133,0.26084441213683396
0.18333333333333332,climb,1380.0,65.0,74.22469582007334,60.0,14.224695820073336,0.660024700576389,3.9999999999999964,188.6199999999999,1.3800000000001091,998.6199999999997,100.0,74.22469582007334,0.2609055228509392
0.2,climb,1500.0,65.0,74.25720043682546,60.0,14.257200436825457,0.6521040336670415,3.9999999999999982,188.31999999999988,1.6800000000001205,998.3199999999997,100.0,74.25720043682546,0.2609828516309069
0.21666666666666667,climb,1620.0,65.0,74.29658855593449,60.0,14.296588555934491,0.6441614844693001,4.000000000000004,188.01999999999987,1.9800000000001319,998.0199999999998,100.0,74.29658855593449,0.261076527009947
0.23333333333333334,climb,1740.0,65.0,74.34292159879838,60.0,14.342921598798384,0.6361931946921899,4.0000000000000036,187.71999999999986,2.2800000000001432,997.7199999999998,100.0,74.34292159879838,0.26118667816021846
0.25,climb,1860.0,65.0,74.39626259792118,60.0,14.39626259792118,0.6281952710266782,3.9999999999999902,187.41999999999985,2.5800000000001546,997.4199999999998,100.0,74.39626259792118,0.26131343488993525
0.26666666666666666,climb,1980.0,65.0,74.45667623300466,60.0,14.456676233004657,0.6201637842305645,3.999999999999998,187.11999999999983,2.880000000000166,997.1199999999999,100.0,74.45667623300466,0.2614569276398419
0.2833333333333333,climb,2100.0,65.0,74.52422886798513,60.0,14.52422886798513,0.612094768192795,4.000000000000007,186.81999999999982,3.1800000000001774,996.8199999999999,100.0,74.52422886798513,0.26161728747903057
0.3,climb,2220.0,65.0,74.5989885890427,60.0,14.598988589042705,0.6039842189766601,4.0000000000000036,186.5199999999998,3.4800000000001887,996.52,100.0,74.5989885890427,0.2617946461000678
0.31666666666666665,climb,2340.0,65.0,74.68102524361198,60.0,14.681025243611984,0.5958280938413201,4.000000000000003,186.2199999999998,3.7800000000002,996.22,100.0,74.68102524361198,0.2619891358134015
0.3333333333333333,climb,2460.0,65.0,74.77041048042302,60.0,14.770410480423024,0.587622310241085,3.999999999999994,185.9199999999998,4.0800000000002115,995.9200000000001,100.0,74.77041048042302,0.262200889541015
0.35,climb,2580.0,65.0,74.86721779060316,60.0,14.867217790603164,0.579362744801861,3.9999999999999933,185.61999999999978,4.380000000000223,995.6200000000001,100.0,74.86721779060316,0.2624300408092963
0.36666666666666664,climb,2700.0,65.0,74.97152254987053,60.0,14.971522549870528,0.5710452322741552,4.000000000000002,185.31999999999977,4.680000000000234,995.3200000000002,100.0,74.97152254987053,0.2626767237410887
0.38333333333333336,climb,2820.0,65.0,75.08340206185214,60.0,15.08340206185214,0.5626655644620151,4.0000000000000036,185.01999999999975,4.980000000000246,995.0200000000002,100.0,75.08340206185214,0.26294107304688885
0.4,climb,2940.0,65.0,75.20293560255965,60.0,15.202935602559648,0.5542194891272597,4.000000000000001,184.71999999999974,5.280000000000257,994.7200000000003,100.0,75.20293560255965,0.26322322401515713
0.4166666666666667,climb,3060.0,65.0,75.33020446605649,60.0,15.330204466056486,0.5457027088683395,4.0,184.41999999999973,5.580000000000268,994.4200000000003,100.0,75.33020446605649,0.263523312501703
0.43333333333333335,climb,3180.0,65.0,75.46529201135328,60.0,15.465292011353284,0.5371108799731432,3.9999999999999996,184.11999999999972,5.88000000000028,994.1200000000003,100.0,75.46529201135328,0.26384147491811155
0.45,climb,3300.0,65.0,75.60828371056706,60.0,15.608283710567065,0.5284396112450505,4.000000000000004,183.8199999999997,6.180000000000291,993.8200000000004,100.0,75.60828371056706,0.2641778482191693
0.4666666666666667,climb,3420.0,65.0,75.75926719838289,60.0,15.759267198382886,0.5196844628015044,4.000000000000004,183.5199999999997,6.480000000000302,993.5200000000004,100.0,75.75926719838289,0.2645325698892553
0.48333333333333334,climb,3540.0,65.0,75.91833232285636,60.0,15.918332322856358,0.5108409448443619,4.000000000000001,183.2199999999997,6.780000000000314,993.2200000000005,100.0,75.91833232285636,0.26490577792765346
0.5,climb,3660.0,65.0,76.0855711975987,60.0,16.085571197598696,0.5019045164012516,4.000000000000003,182.91999999999967,7.080000000000325,992.9200000000005,100.0,76.0855711975987,0.26529761083275116
0.5166666666666667,climb,3780.0,65.0,76.26107825538459,60.0,16.26107825538459,0.492870584037149,4.000000000000003,182.61999999999966,7.3800000000003365,992.6200000000006,100.0,76.26107825538459,0.26570820758507724
0.5333333333333333,climb,3900.0,65.0,76.44495030322759,60.0,16.444950303227586,0.4837345005353559,4.000000000000003,182.31999999999965,7.680000000000348,992.3200000000006,100.0,76.44495030322759,0.2661377076291421
0.55,climb,4020.0,65.0,76.63728657896647,60.0,16.637286578966467,0.4744915635470412,4.000000000000002,182.01999999999964,7.980000000000359,992.0200000000007,100.0,76.63728657896647,0.2665862508540352
0.5666666666666667,climb,4140.0,65.0,76.8381888094096,60.0,16.8381888094096,0.4651370142084803,4.000000000000003,181.71999999999963,8.28000000000037,991.7200000000007,100.0,76.8381888094096,0.26705397757273636
0.5833333333333334,climb,4260.0,65.0,77.04776127008458,60.0,17.047761270084578,0.4556660357251,4.000000000000004,181.41999999999962,8.580000000000382,991.4200000000008,100.0,77.04776127008458,0.2675410285000963
0.6,climb,4380.0,65.0,77.26611084664232,60.0,17.26611084664232,0.4460737519214098,3.999999999999998,181.1199999999996,8.880000000000393,991.1200000000008,100.0,77.26611084664232,0.2680475447294422
0.6166666666666667,climb,4500.0,65.0,77.493347097967,60.0,17.493347097967003,0.4363552257558726,3.9999999999999982,180.8199999999996,9.180000000000405,990.8200000000008,100.0,77.493347097967,0.26857366770776075
0.6333333333333333,climb,4620.0,65.0,77.72958232104452,60.0,17.729582321044518,0.42650545779973675,4.000000000000005,180.51999999999958,9.480000000000416,990.5200000000009,100.0,77.72958232104452,0.2691195392094134
0.65,climb,4740.0,65.0,77.97493161764365,60.0,17.974931617643648,0.4165193846788236,3.9999999999999973,180.21999999999957,9.780000000000427,990.2200000000009,100.0,77.97493161764365,0.26968530130833546
0.6666666666666666,climb,4860.0,65.0,78.22951296286644,60.0,18.229512962866437,0.40639187747723116,3.9999999999999996,179.91999999999956,10.080000000000439,989.920000000001,100.0,78.22951296286644,0.27027109634867025
0.6833333333333333,climb,4980.0,65.0,78.49344727562647,60.0,18.493447275626465,0.3961177401018831,3.9999999999999942,179.61999999999955,10.38000000000045,989.620000000001,100.0,78.49344727562647,0.27087706691379043
0.7,climb,5100.0,65.0,78.76685849111477,60.0,18.766858491114775,0.38569170760681937,3.999999999999998,179.31999999999954,10.680000000000462,989.3200000000011,100.0,78.76685849111477,0.2715033557936559
0.7166666666666667,climb,5220.0,65.0,79.04987363531626,60.0,19.04987363531626,0.3751084444760881,4.0000000000000036,179.01999999999953,10.980000000000473,989.0200000000011,100.0,79.04987363531626,0.2721501059504581
0.7333333333333333,climb,5340.0,65.0,79.34262290164088,60.0,19.34262290164088,0.3643625428640654,4.0000000000000036,178.71999999999952,11.280000000000484,988.7200000000012,100.0,79.34262290164088,0.2728174604824997
0.75,climb,5460.0,65.0,79.64523972973652,60.0,19.645239729736517,0.3534485207919895,4.000000000000006,178.4199999999995,11.580000000000496,988.4200000000012,100.0,79.64523972973652,0.2735055625862585
0.7666666666666667,climb,5580.0,65.0,79.9578608865528,60.0,19.957860886552794,0.3423608202994602,3.9999999999999893,178.1199999999995,11.880000000000507,988.1200000000013,100.0,79.9578608865528,0.2742145555165824
0.7833333333333333,climb,5700.0,65.0,80.28062654972706,60.0,20.28062654972706,0.3310938055496118,3.9999999999999942,177.81999999999948,12.180000000000518,987.8200000000013,100.0,80.28062654972706,0.2749445825449633
0.8,climb,5820.0,65.0,80.6136803933668,60.0,20.613680393366806,0.31964176088663027,3.9999999999999907,177.51999999999947,12.48000000000053,987.5200000000013,100.0,80.6136803933668,0.27569578691583707
0.8166666666666667,climb,5940.0,65.0,80.9571696763053,60.0,20.9571696763053,0.3079988888442384,3.9999999999999942,177.21999999999946,12.780000000000541,987.2200000000014,100.0,80.9571696763053,0.27646831180085535
0.8333333333333334,cruise,6000.0,69.44444444444444,57.44863795474373,60.0,-2.551362045256269,0.30941631220271415,3.9999999999999987,176.91999999999945,13.080000000000553,986.9200000000014,100.0,57.44863795474373,0.2152657779510699
0.85,cruise,6000.0,69.44444444444444,57.424120387608134,60.0,-2.5758796123918657,0.31084735643182076,4.000000000000016,176.61999999999944,13.380000000000564,986.6200000000015,100.0,57.424120387608134,0.21517390818094465
0.8666666666666667,cruise,6000.0,69.44444444444444,57.39961027209209,60.0,-2.60038972790791,0.3122920173917696,3.9999999999999862,176.31999999999942,13.680000000000575,986.3200000000015,100.0,57.39961027209209,0.21508206633278126
0.8833333333333333,cruise,6000.0,69.44444444444444,57.37510760819566,60.0,-2.6248923918043374,0.313750290942772,4.000000000000011,176.0199999999994,13.980000000000587,986.0200000000016,100.0,57.37510760819566,0.21499025240658
0.9,cruise,6000.0,69.44444444444444,57.3506123959188,60.0,-2.6493876040811983,0.31522217294503935,4.000000000000002,175.7199999999994,14.280000000000598,985.7200000000016,100.0,57.3506123959188,0.21489846640234075
0.9166666666666666,cruise,6000.0,69.44444444444444,57.32612463526153,60.0,-2.673875364738471,0.31670765925878297,3.9999999999999956,175.4199999999994,14.58000000000061,985.4200000000017,100.0,57.32612463526153,0.21480670832006352
0.9333333333333333,cruise,6000.0,69.44444444444444,57.30164432622381,60.0,-2.6983556737761916,0.3182067457442142,3.9999999999999987,175.11999999999938,14.88000000000062,985.1200000000017,100.0,57.30164432622381,0.2147149781597481
0.95,cruise,6000.0,69.44444444444444,57.27717146880572,60.0,-2.7228285311942813,0.31971942826154437,4.000000000000004,174.81999999999937,15.180000000000632,984.8200000000018,100.0,57.27717146880572,0.214623275921395
0.9666666666666667,cruise,6000.0,69.44444444444444,57.25270606300717,60.0,-2.7472939369928326,0.32124570267098485,4.000000000000008,174.51999999999936,15.480000000000643,984.5200000000018,100.0,57.25270606300717,0.21453160160500365
0.9833333333333333,cruise,6000.0,69.44444444444444,57.228248108828204,60.0,-2.771751891171796,0.32278556483274695,3.9999999999999982,174.21999999999935,15.780000000000655,984.2200000000018,100.0,57.228248108828204,0.21443995521057435
1.0,cruise,6000.0,69.44444444444444,57.203797606268864,60.0,-2.7962023937311358,0.324339010607042,4.00000000000001,173.91999999999933,16.080000000000666,983.9200000000019,100.0,57.203797606268864,0.2143483367381072
1.0166666666666666,cruise,6000.0,69.44444444444444,57.17935455532906,60.0,-2.8206454446709373,0.3259060358540814,4.000000000000017,173.61999999999932,16.380000000000678,983.6200000000019,100.0,57.17935455532906,0.21425674618760193
1.0333333333333334,cruise,6000.0,69.44444444444444,57.154918956008856,60.0,-2.8450810439911436,0.3274866364340765,4.00000000000001,173.3199999999993,16.68000000000069,983.320000000002,100.0,57.154918956008856,0.21416518355905867
1.05,cruise,6000.0,69.44444444444444,57.13049080830823,60.0,-2.869509191691769,0.32908080820723856,4.000000000000008,173.0199999999993,16.9800000000007,983.020000000002,100.0,57.13049080830823,0.21407364885247748
1.0666666666666667,cruise,6000.0,69.44444444444444,57.10607011222718,60.0,-2.8939298877728206,0.33068854703377903,3.999999999999995,172.7199999999993,17.28000000000071,982.7200000000021,100.0,57.10607011222718,0.2139821420678582
1.0833333333333333,cruise,6000.0,69.44444444444444,57.081656867765716,60.0,-2.918343132234284,0.3323098487739092,3.9999999999999907,172.41999999999928,17.580000000000723,982.4200000000021,100.0,57.081656867765716,0.21389066320520098
1.1,cruise,6000.0,69.44444444444444,57.05725107492385,60.0,-2.9427489250761525,0.33394470928784037,3.9999999999999916,172.11999999999927,17.880000000000734,982.1200000000022,100.0,57.05725107492385,0.21379921226450585
1.1166666666666667,cruise,6000.0,69.44444444444444,57.032852733701546,60.0,-2.967147266298454,0.33559312443578393,3.9999999999999907,171.81999999999925,18.180000000000746,981.8200000000022,100.0,57.032852733701546,0.21370778924577258
1.1333333333333333,cruise,6000.0,69.44444444444444,57.00846184409883,60.0,-2.991538155901168,0.33725509007795124,3.999999999999991,171.51999999999924,18.480000000000757,981.5200000000023,100.0,57.00846184409883,0.2136163941490014
1.15,cruise,6000.0,69.44444444444444,56.98407840611571,60.0,-3.0159215938842934,0.3389306020745536,3.9999999999999987,171.21999999999923,18.78000000000077,981.2200000000023,100.0,56.98407840611571,0.21352502697419226
1.1666666666666667,cruise,6000.0,69.44444444444444,56.95970241975213,60.0,-3.0402975802478664,0.34061965628580243,4.000000000000003,170.91999999999922,19.08000000000078,980.9200000000023,100.0,56.95970241975213,0.213433687721345
1.1833333333333333,cruise,6000.0,69.44444444444444,56.93533388500816,60.0,-3.0646661149918373,0.342322248571909,3.9999999999999956,170.6199999999992,19.38000000000079,980.6200000000024,100.0,56.93533388500816,0.21334237639045983
1.2,cruise,6000.0,69.44444444444444,56.910972801883794,60.0,-3.089027198116206,0.3440383747930847,4.0,170.3199999999992,19.680000000000803,980.3200000000024,100.0,56.910972801883794,0.21325109298153666
1.2166666666666666,cruise,6000.0,69.44444444444444,56.88661917037897,60.0,-3.113380829621029,0.3457680308095408,3.999999999999998,170.0199999999992,19.980000000000814,980.0200000000025,100.0,56.88661917037897,0.21315983749457548
1.2333333333333334,cruise,6000.0,69.44444444444444,56.86227299049374,60.0,-3.137727009506257,0.34751121248148875,3.999999999999998,169.71999999999917,20.280000000000825,979.7200000000025,100.0,56.86227299049374,0.21306860992957632
1.25,cruise,6000.0,69.44444444444444,56.837934262228124,60.0,-3.1620657377718757,0.3492679156691398,3.999999999999994,169.41999999999916,20.580000000000837,979.4200000000026,100.0,56.837934262228124,0.21297741028653921
1.2666666666666666,cruise,6000.0,69.44444444444444,56.81360298558206,60.0,-3.186397014417942,0.3510381362327053,3.99999999999999,169.11999999999915,20.880000000000848,979.1200000000026,100.0,56.81360298558206,0.21288623856546407
1.2833333333333334,cruise,6000.0,69.44444444444444,56.78927916055556,60.0,-3.2107208394444413,0.3528218700323967,4.000000000000004,168.81999999999914,21.18000000000086,978.8200000000027,100.0,56.78927916055556,0.2127950947663509
1.3,cruise,6000.0,69.44444444444444,56.764962787148676,60.0,-3.2350372128513243,0.3546191129284252,3.9999999999999947,168.51999999999913,21.48000000000087,978.5200000000027,100.0,56.764962787148676,0.21270397888919979
1.3166666666666667,cruise,6000.0,69.44444444444444,56.74065386536136,60.0,-3.2593461346386405,0.3564298607810022,3.999999999999988,168.21999999999912,21.780000000000882,978.2200000000028,100.0,56.74065386536136,0.21261289093401065
1.3333333333333333,cruise,6000.0,69.44444444444444,56.716352395193645,60.0,-3.2836476048063545,0.35825410945033903,3.9999999999999947,167.9199999999991,22.080000000000894,977.9200000000028,100.0,56.716352395193645,0.2125218309007836
1.35,cruise,6000.0,69.44444444444444,56.69205837664548,60.0,-3.307941623354523,0.3600918547966471,4.000000000000004,167.6199999999991,22.380000000000905,977.6200000000028,100.0,56.69205837664548,0.21243079878951845
1.3666666666666667,cruise,6000.0,69.44444444444444,56.6677718097169,60.0,-3.3322281902830966,0.36194309268013775,4.000000000000011,167.31999999999908,22.680000000000916,977.3200000000029,100.0,56.6677718097169,0.21233979460021532
1.3833333333333333,cruise,6000.0,69.44444444444444,56.64349269440793,60.0,-3.356507305592068,0.3638078189610222,3.9999999999999933,167.01999999999907,22.980000000000928,977.0200000000029,100.0,56.64349269440793,0.21224881833287426
1.4,cruise,6000.0,69.44444444444444,56.619221030718506,60.0,-3.3807789692814936,0.36568602949951196,3.9999999999999867,166.71999999999906,23.28000000000094,976.720000000003,100.0,56.619221030718506,0.21215786998749508
1.4166666666666667,cruise,6000.0,69.44444444444444,56.59495681864868,60.0,-3.405043181351317,0.36757772015581824,3.9999999999999902,166.41999999999905,23.58000000000095,976.420000000003,100.0,56.59495681864868,0.21206694956407796
1.4333333333333333,cruise,6000.0,69.44444444444444,56.570700058198454,60.0,-3.4292999418015455,0.36948288679015245,3.999999999999999,166.11999999999904,23.880000000000962,976.1200000000031,100.0,56.570700058198454,0.21197605706262293
1.45,cruise,6000.0,69.44444444444444,56.54645074936778,60.0,-3.4535492506322214,0.3714015252627259,3.999999999999998,165.81999999999903,24.180000000000973,975.8200000000031,100.0,56.54645074936778,0.21188519248312984
1.4666666666666666,cruise,6000.0,69.44444444444444,56.522208892156705,60.0,-3.477791107843295,0.37333363143375,4.000000000000001,165.51999999999902,24.480000000000985,975.5200000000032,100.0,56.522208892156705,0.21179435582559877
1.4833333333333334,cruise,6000.0,69.44444444444444,56.497974486565234,60.0,-3.5020255134347664,0.37527920116343594,3.999999999999998,165.219999999999,24.780000000000996,975.2200000000032,100.0,56.497974486565234,0.21170354709002978
1.5,cruise,6000.0,69.44444444444444,56.473747532593315,60.0,-3.5262524674066853,0.3772382303119952,4.000000000000006,164.919999999999,25.080000000001007,974.9200000000033,100.0,56.473747532593315,0.21161276627642273
1.5166666666666666,cruise,6000.0,69.44444444444444,56.449528030240984,60.0,-3.550471969759016,0.37921071473963913,4.0000000000000036,164.61999999999898,25.38000000000102,974.6200000000033,100.0,56.449528030240984,0.21152201338477766
1.5333333333333334,cruise,6000.0,69.44444444444444,56.42531597950822,60.0,-3.5746840204917802,0.381196650306579,4.000000000000004,164.31999999999897,25.68000000000103,974.3200000000033,100.0,56.42531597950822,0.21143128841509456
1.55,cruise,6000.0,69.44444444444444,56.40111138039505,60.0,-3.598888619604949,0.3831960328730262,3.999999999999998,164.01999999999896,25.98000000000104,974.0200000000034,100.0,56.40111138039505,0.21134059136737354
1.5666666666666667,cruise,6000.0,69.44444444444444,56.37691423290146,60.0,-3.6230857670985372,0.3852088582991921,3.999999999999999,163.71999999999895,26.280000000001053,973.7200000000034,100.0,56.37691423290146,0.2112499222416145
1.5833333333333333,cruise,6000.0,69.44444444444444,56.352724537027456,60.0,-3.6472754629725443,0.38723512244528796,3.9999999999999947,163.41999999999894,26.580000000001064,973.4200000000035,100.0,56.352724537027456,0.21115928103781748
1.6,cruise,6000.0,69.44444444444444,56.32854229277304,60.0,-3.6714577072269634,0.3892748211715252,3.9999999999999996,163.11999999999892,26.880000000001075,973.1200000000035,100.0,56.32854229277304,0.2110686677559825
1.6166666666666667,cruise,6000.0,69.44444444444444,56.30436750013819,60.0,-3.6956324998618086,0.39132795033811507,3.999999999999997,162.8199999999989,27.180000000001087,972.8200000000036,100.0,56.30436750013819,0.21097808239610946
1.6333333333333333,cruise,6000.0,69.44444444444444,56.28020015912295,60.0,-3.7197998408770516,0.39339450580526897,3.9999999999999956,162.5199999999989,27.480000000001098,972.5200000000036,100.0,56.28020015912295,0.21088752495819849
1.65,cruise,6000.0,69.44444444444444,56.256040269727244,60.0,-3.7439597302727563,0.3954744834331983,4.000000000000006,162.2199999999989,27.78000000000111,972.2200000000037,100.0,56.256040269727244,0.21079699544224942
1.6666666666666667,cruise,6000.0,69.44444444444444,56.23188783195114,60.0,-3.7681121680488587,0.39756787908211433,4.000000000000002,161.91999999999888,28.08000000000112,971.9200000000037,100.0,56.23188783195114,0.2107064938482624
1.6833333333333333,cruise,6000.0,69.44444444444444,56.20774284579465,60.0,-3.792257154205352,0.39967468861222843,4.000000000000003,161.61999999999887,28.380000000001132,971.6200000000038,100.0,56.20774284579465,0.21061602017623748
1.7,cruise,6000.0,69.44444444444444,56.18360531125772,60.0,-3.816394688742278,0.40179490788375194,3.999999999999998,161.31999999999886,28.680000000001144,971.3200000000038,100.0,56.18360531125772,0.2105255744261745
1.7166666666666666,cruise,6000.0,69.44444444444444,56.15947522834037,60.0,-3.8405247716596307,0.40392853275689616,3.999999999999996,161.01999999999884,28.980000000001155,971.0200000000038,100.0,56.15947522834037,0.21043515659807352
1.7333333333333334,cruise,6000.0,69.44444444444444,56.13535259704261,60.0,-3.864647402957388,0.4060755590918725,4.000000000000001,160.71999999999883,29.280000000001166,970.7200000000039,100.0,56.13535259704261,0.21034476669193458
1.75,cruise,6000.0,69.44444444444444,56.11123741736442,60.0,-3.8887625826355787,0.4082359827488922,4.0,160.41999999999882,29.580000000001178,970.4200000000039,100.0,56.11123741736442,0.21025440470775764
1.7666666666666666,cruise,6000.0,69.44444444444444,56.08712968930581,60.0,-3.9128703106941884,0.41040979958816676,4.0000000000000036,160.1199999999988,29.88000000000119,970.120000000004,100.0,56.08712968930581,0.21016407064554263
1.7833333333333334,cruise,6000.0,69.44444444444444,56.06302941286679,60.0,-3.93697058713321,0.4125970054699074,3.9999999999999964,159.8199999999988,30.1800000000012,969.820000000004,100.0,56.06302941286679,0.21007376450528967
1.8,cruise,6000.0,69.44444444444444,56.03893658804734,60.0,-3.961063411952658,0.41479759625432555,3.9999999999999956,159.5199999999988,30.480000000001212,969.5200000000041,100.0,56.03893658804734,0.20998348628699873
1.8166666666666667,cruise,6000.0,69.44444444444444,56.01485121484748,60.0,-3.985148785152518,0.4170115678016325,3.9999999999999996,159.21999999999878,30.780000000001223,969.2200000000041,100.0,56.01485121484748,0.20989323599066975
1.8333333333333333,loiter,6000.0,70.0,56.09587642848199,60.0,-3.9041235715180065,0.41918052534136474,3.999999999999997,158.91999999999877,31.080000000001235,968.9200000000042,100.0,56.09587642848199,0.2101968455498803
1.85,loiter,6000.0,70.0,56.071996993997175,60.0,-3.9280030060028253,0.4213627492335885,3.9999999999999942,158.61999999999875,31.380000000001246,968.6200000000042,100.0,56.071996993997175,0.21010736692646273
1.8666666666666667,loiter,6000.0,70.0,56.04812495199211,60.0,-3.951875048007892,0.42355823537137066,3.9999999999999973,158.31999999999874,31.680000000001257,968.3200000000043,100.0,56.04812495199211,0.2100179160034043
1.8833333333333333,loiter,6000.0,70.0,56.024260302466764,60.0,-3.9757396975332355,0.425766979647778,3.999999999999996,158.01999999999873,31.98000000000127,968.0200000000043,100.0,56.024260302466764,0.2099284927807049
1.9,loiter,6000.0,70.0,56.00040304542118,60.0,-3.99959695457882,0.4279889779558773,4.000000000000003,157.71999999999872,32.28000000000128,967.7200000000043,100.0,56.00040304542118,0.20983909725836475
1.9166666666666667,loiter,6000.0,70.0,55.97655318085535,60.0,-4.023446819144652,0.43022422618873546,3.9999999999999933,157.4199999999987,32.58000000000129,967.4200000000044,100.0,55.97655318085535,0.2097497294363837
1.9333333333333333,loiter,6000.0,70.0,55.95271070876926,60.0,-4.04728929123074,0.4324727202394192,3.999999999999994,157.1199999999987,32.8800000000013,967.1200000000044,100.0,55.95271070876926,0.20966038931476183
1.95,loiter,6000.0,70.0,55.928875629162896,60.0,-4.071124370837104,0.43473445600099536,4.000000000000004,156.81999999999869,33.180000000001314,966.8200000000045,100.0,55.928875629162896,0.209571076893499
1.9666666666666666,loiter,6000.0,70.0,55.90504794203628,60.0,-4.094952057963717,0.43700942936653075,3.999999999999997,156.51999999999867,33.480000000001326,966.5200000000045,100.0,55.90504794203628,0.20948179217259535
1.9833333333333334,loiter,6000.0,70.0,55.88122764738942,60.0,-4.118772352610577,0.4392976362290922,4.000000000000001,156.21999999999866,33.78000000000134,966.2200000000046,100.0,55.88122764738942,0.20939253515205083
2.0,loiter,6000.0,70.0,55.85741474522229,60.0,-4.142585254777707,0.44159907248174646,4.000000000000001,155.91999999999865,34.08000000000135,965.9200000000046,100.0,55.85741474522229,0.2093033058318654
2.0166666666666666,loiter,6000.0,70.0,55.833609235534915,60.0,-4.166390764465085,0.4439137340175604,3.999999999999997,155.61999999999864,34.38000000000136,965.6200000000047,100.0,55.833609235534915,0.20921410421203918
2.033333333333333,loiter,6000.0,70.0,55.8098111183273,60.0,-4.190188881672697,0.4462416167296008,3.999999999999998,155.31999999999863,34.68000000000137,965.3200000000047,100.0,55.8098111183273,0.20912493029257215
2.05,loiter,6000.0,70.0,55.78602039359941,60.0,-4.213979606400592,0.44858271651093445,4.000000000000005,155.01999999999862,34.98000000000138,965.0200000000048,100.0,55.78602039359941,0.20903578407346413
2.066666666666667,loiter,6000.0,70.0,55.762237061351264,60.0,-4.237762938648736,0.4509370292546282,3.9999999999999987,154.7199999999986,35.280000000001394,964.7200000000048,100.0,55.762237061351264,0.20894666555471528
2.0833333333333335,loiter,6000.0,70.0,55.73846112158287,60.0,-4.261538878417127,0.4533045508537488,3.9999999999999987,154.4199999999986,35.580000000001405,964.4200000000048,100.0,55.73846112158287,0.20885757473632555
2.1,loiter,6000.0,70.0,55.71469257429422,60.0,-4.285307425705781,0.45568527720136315,4.0000000000000036,154.11999999999858,35.88000000000142,964.1200000000049,100.0,55.71469257429422,0.20876851161829502
2.1166666666666667,loiter,6000.0,70.0,55.69093141948528,60.0,-4.309068580514719,0.458079204190538,3.999999999999997,153.81999999999857,36.18000000000143,963.8200000000049,100.0,55.69093141948528,0.20867947620062346
2.1333333333333333,loiter,6000.0,70.0,55.6671776571561,60.0,-4.3328223428438974,0.46048632771434017,3.999999999999998,153.51999999999856,36.48000000000144,963.520000000005,100.0,55.6671776571561,0.20859046848331114
2.15,loiter,6000.0,70.0,55.64343128730668,60.0,-4.356568712693317,0.46290664366583645,3.9999999999999996,153.21999999999855,36.78000000000145,963.220000000005,100.0,55.64343128730668,0.20850148846635796
2.1666666666666665,loiter,6000.0,70.0,55.61969230993702,60.0,-4.380307690062978,0.46534014793809364,4.000000000000003,152.91999999999854,37.08000000000146,962.9200000000051,100.0,55.61969230993702,0.208412536149764
2.183333333333333,loiter,6000.0,70.0,55.59596072504707,60.0,-4.404039274952929,0.4677868364241786,3.9999999999999987,152.61999999999853,37.38000000000147,962.6200000000051,100.0,55.59596072504707,0.20832361153352905
2.2,loiter,6000.0,70.0,55.57223653263687,60.0,-4.427763467363128,0.47024670501715815,3.9999999999999996,152.31999999999852,37.680000000001485,962.3200000000052,100.0,55.57223653263687,0.20823471461765328
2.216666666666667,loiter,6000.0,70.0,55.54851973270644,60.0,-4.451480267293562,0.472719749610099,4.000000000000005,152.0199999999985,37.980000000001496,962.0200000000052,100.0,55.54851973270644,0.20814584540213663
2.2333333333333334,loiter,6000.0,70.0,55.52481032525573,60.0,-4.475189674744271,0.475205966096068,4.000000000000004,151.7199999999985,38.28000000000151,961.7200000000053,100.0,55.52481032525573,0.2080570038869791
2.25,loiter,6000.0,70.0,55.50110831028475,60.0,-4.498891689715251,0.47770535036813205,4.0000000000000036,151.41999999999848,38.58000000000152,961.4200000000053,100.0,55.50110831028475,0.20796819007218068
2.2666666666666666,loiter,6000.0,70.0,55.477413687793536,60.0,-4.522586312206464,0.48021789831935785,4.000000000000002,151.11999999999847,38.88000000000153,961.1200000000053,100.0,55.477413687793536,0.20787940395774143
2.283333333333333,loiter,6000.0,70.0,55.45372645778207,60.0,-4.546273542217932,0.4827436058428123,4.000000000000001,150.81999999999846,39.18000000000154,960.8200000000054,100.0,55.45372645778207,0.2077906455436613
2.3,loiter,6000.0,70.0,55.43004662025033,60.0,-4.56995337974967,0.4852824688315621,4.0000000000000036,150.51999999999845,39.48000000000155,960.5200000000054,100.0,55.43004662025033,0.20770191482994033
2.316666666666667,loiter,6000.0,70.0,55.40637417519835,60.0,-4.593625824801649,0.48783448317867417,4.000000000000002,150.21999999999844,39.780000000001564,960.2200000000055,100.0,55.40637417519835,0.20761321181657846
2.3333333333333335,loiter,6000.0,70.0,55.38270912262612,60.0,-4.6172908773738826,0.4903996447772152,4.000000000000001,149.91999999999842,40.080000000001576,959.9200000000055,100.0,55.38270912262612,0.20752453650357583
2.35,loiter,6000.0,70.0,55.359051462533614,60.0,-4.640948537466386,0.4929779495202521,4.0000000000000036,149.6199999999984,40.38000000000159,959.6200000000056,100.0,55.359051462533614,0.2074358888909322
2.3666666666666667,loiter,6000.0,70.0,55.335401194920834,60.0,-4.664598805079166,0.49556939330085165,4.000000000000003,149.3199999999984,40.6800000000016,959.3200000000056,100.0,55.335401194920834,0.20734726897864766
2.3833333333333333,loiter,6000.0,70.0,55.31175831978784,60.0,-4.688241680212158,0.49817397201208063,3.9999999999999996,149.0199999999984,40.98000000000161,959.0200000000057,100.0,55.31175831978784,0.2072586767667224
2.4,loiter,6000.0,70.0,55.28812283713457,60.0,-4.711877162865427,0.5007916815470058,4.000000000000003,148.71999999999838,41.28000000000162,958.7200000000057,100.0,55.28812283713457,0.20717011225515625
2.4166666666666665,loiter,6000.0,70.0,55.26449474696104,60.0,-4.7355052530389585,0.5034225177986942,3.9999999999999996,148.41999999999837,41.58000000000163,958.4200000000058,100.0,55.26449474696104,0.20708157544394915
2.433333333333333,loiter,6000.0,70.0,55.240874049267276,60.0,-4.759125950732724,0.5060664766602123,4.000000000000003,148.11999999999836,41.880000000001644,958.1200000000058,100.0,55.240874049267276,0.20699306633310124
2.45,loiter,6000.0,70.0,55.21726074405325,60.0,-4.782739255946751,0.5087235540246272,4.000000000000003,147.81999999999834,42.180000000001655,957.8200000000058,100.0,55.21726074405325,0.20690458492261252
2.466666666666667,loiter,6000.0,70.0,55.193654831318966,60.0,-4.806345168681034,0.5113937457850055,4.0000000000000036,147.51999999999833,42.48000000000167,957.5200000000059,100.0,55.193654831318966,0.20681613121248285
2.4833333333333334,loiter,6000.0,70.0,55.170056311064386,60.0,-4.829943688935614,0.5140770478344142,4.000000000000003,147.21999999999832,42.78000000000168,957.2200000000059,100.0,55.170056311064386,0.20672770520271225
2.5,loiter,6000.0,70.0,55.14646518328961,60.0,-4.853534816710393,0.51677345606592,3.9999999999999996,146.9199999999983,43.08000000000169,956.920000000006,100.0,55.14646518328961,0.20663930689330093
2.5166666666666666,loiter,6000.0,70.0,55.12288144799454,60.0,-4.877118552005463,0.5194829663725896,4.000000000000003,146.6199999999983,43.3800000000017,956.620000000006,100.0,55.12288144799454,0.20655093628424864
2.533333333333333,loiter,6000.0,70.0,55.09930510517922,60.0,-4.900694894820781,0.5222055746474901,4.000000000000003,146.3199999999983,43.68000000000171,956.3200000000061,100.0,55.09930510517922,0.20646259337555553
2.55,loiter,6000.0,70.0,55.075736154843646,60.0,-4.924263845156354,0.5249412767836881,4.000000000000001,146.01999999999828,43.98000000000172,956.0200000000061,100.0,55.075736154843646,0.20637427816722154
2.566666666666667,loiter,6000.0,70.0,55.05217459698783,60.0,-4.9478254030121676,0.5276900686742504,4.0000000000000036,145.71999999999827,44.280000000001735,955.7200000000062,100.0,55.05217459698783,0.20628599065924674
2.5833333333333335,loiter,6000.0,70.0,55.02862043161174,60.0,-4.971379568388258,0.5304519462122439,3.9999999999999996,145.41999999999825,44.580000000001746,955.4200000000062,100.0,55.02862043161174,0.20619773085163098
2.6,loiter,6000.0,70.0,55.00507365871539,60.0,-4.994926341284611,0.5332269052907354,4.0000000000000036,145.11999999999824,44.88000000000176,955.1200000000063,100.0,55.00507365871539,0.20610949874437437
2.6166666666666667,loiter,6000.0,70.0,54.981534278298795,60.0,-5.0184657217012045,0.5360149418027916,4.0000000000000036,144.81999999999823,45.18000000000177,954.8200000000063,100.0,54.981534278298795,0.20602129433747693
2.6333333333333333,loiter,6000.0,70.0,54.95800229036195,60.0,-5.0419977096380535,0.5388160516414794,4.000000000000002,144.51999999999822,45.48000000000178,954.5200000000063,100.0,54.95800229036195,0.2059331176309386
2.65,loiter,6000.0,70.0,54.934477694904835,60.0,-5.065522305095165,0.5416302306998656,4.000000000000003,144.2199999999982,45.78000000000179,954.2200000000064,100.0,54.934477694904835,0.20584496862475937
2.6666666666666665,loiter,6000.0,70.0,54.910960491927476,60.0,-5.089039508072524,0.544457474871017,4.000000000000004,143.9199999999982,46.0800000000018,953.9200000000064,100.0,54.910960491927476,0.20575684731893937
2.683333333333333,loiter,6000.0,70.0,54.88745068142986,60.0,-5.112549318570139,0.5472977800480004,3.9999999999999996,143.61999999999819,46.380000000001814,953.6200000000065,100.0,54.88745068142986,0.20566875371347848
2.7,loiter,6000.0,70.0,54.86394826341199,60.0,-5.1360517365880085,0.5501511421238827,3.999999999999997,143.31999999999817,46.680000000001826,953.3200000000065,100.0,54.86394826341199,0.20558068780837668
2.716666666666667,loiter,6000.0,70.0,54.840453237873845,60.0,-5.159546762126155,0.5530175569917306,4.000000000000004,143.01999999999816,46.98000000000184,953.0200000000066,100.0,54.840453237873845,0.205492649603634
2.7333333333333334,loiter,6000.0,70.0,54.81696560481546,60.0,-5.183034395184542,0.5558970205446109,4.0000000000000036,142.71999999999815,47.28000000000185,952.7200000000066,100.0,54.81696560481546,0.2054046390992505
2.75,loiter,6000.0,70.0,54.79348536423681,60.0,-5.206514635763192,0.5587895286755904,4.000000000000004,142.41999999999814,47.58000000000186,952.4200000000067,100.0,54.79348536423681,0.2053166562952261
2.7666666666666666,loiter,6000.0,70.0,54.7700125161379,60.0,-5.2299874838620966,0.561695077277736,3.9999999999999964,142.11999999999813,47.88000000000187,952.1200000000067,100.0,54.7700125161379,0.2052287011915608
2.783333333333333,loiter,6000.0,70.0,54.74654706051876,60.0,-5.253452939481242,0.5646136622441145,3.9999999999999964,141.81999999999812,48.18000000000188,951.8200000000068,100.0,54.74654706051876,0.20514077378825474
2.8,loiter,6000.0,70.0,54.72308899737934,60.0,-5.276911002620658,0.5675452794677927,4.000000000000002,141.5199999999981,48.480000000001894,951.5200000000068,100.0,54.72308899737934,0.20505287408530776
2.816666666666667,loiter,6000.0,70.0,54.69963832671969,60.0,-5.300361673280307,0.5704899248418372,3.9999999999999996,141.2199999999981,48.780000000001905,951.2200000000068,100.0,54.69963832671969,0.20496500208271995
2.8333333333333335,loiter,6000.0,70.0,54.67619504853976,60.0,-5.3238049514602395,0.5734475942593151,4.000000000000002,140.91999999999808,49.08000000000192,950.9200000000069,100.0,54.67619504853976,0.2048771577804912
2.85,loiter,6000.0,70.0,54.652759162839565,60.0,-5.3472408371604345,0.5764182836132932,3.9999999999999973,140.61999999999807,49.38000000000193,950.6200000000069,100.0,54.652759162839565,0.20478934117862158
2.8666666666666667,loiter,6000.0,70.0,54.62933066961914,60.0,-5.3706693303808635,0.5794019887968381,4.000000000000001,140.31999999999806,49.68000000000194,950.320000000007,100.0,54.62933066961914,0.20470155227711115
2.8833333333333333,loiter,6000.0,70.0,54.605909568878445,60.0,-5.394090431121555,0.5823987057030168,4.000000000000004,140.01999999999805,49.98000000000195,950.020000000007,100.0,54.605909568878445,0.2046137910759598
2.9,loiter,6000.0,70.0,54.582495860617485,60.0,-5.417504139382515,0.585408430224896,3.9999999999999996,139.71999999999804,50.28000000000196,949.7200000000071,100.0,54.582495860617485,0.2045260575751676
2.9166666666666665,loiter,6000.0,70.0,54.55908954483629,60.0,-5.44091045516371,0.5884311582555425,3.999999999999995,139.41999999999803,50.580000000001974,949.4200000000071,100.0,54.55908954483629,0.2044383517747346
2.933333333333333,loiter,6000.0,70.0,54.53569062153483,60.0,-5.464309378465167,0.5914668856880231,3.9999999999999973,139.11999999999802,50.880000000001985,949.1200000000072,100.0,54.53569062153483,0.20435067367466067
2.95,loiter,6000.0,70.0,54.51229909071311,60.0,-5.487700909286893,0.5945156084154047,3.999999999999996,138.819999999998,51.180000000001996,948.8200000000072,100.0,54.51229909071311,0.20426302327494586
2.966666666666667,loiter,6000.0,70.0,54.48891495237113,60.0,-5.5110850476288675,0.5975773223307541,3.9999999999999947,138.519999999998,51.48000000000201,948.5200000000073,100.0,54.48891495237113,0.2041754005755902
2.9833333333333334,loiter,6000.0,70.0,54.46553820650891,60.0,-5.53446179349109,0.6006520233271381,3.9999999999999982,138.21999999999798,51.78000000000202,948.2200000000073,100.0,54.46553820650891,0.20408780557659367
3.0,loiter,6000.0,70.0,54.44216885312641,60.0,-5.557831146873589,0.6037397072976234,3.9999999999999996,137.91999999999797,52.08000000000203,947.9200000000073,100.0,54.44216885312641,0.20400023827795624
3.0166666666666666,loiter,6000.0,70.0,54.418806892223664,60.0,-5.581193107776336,0.6068403701352769,3.9999999999999947,137.61999999999796,52.38000000000204,947.6200000000074,100.0,54.418806892223664,0.20391269867967798
3.033333333333333,loiter,6000.0,70.0,54.39545232380069,60.0,-5.60454767619931,0.6099540077331654,4.000000000000001,137.31999999999795,52.68000000000205,947.3200000000074,100.0,54.39545232380069,0.20382518678175895
3.05,loiter,6000.0,70.0,54.37210514785745,60.0,-5.627894852142553,0.6130806159843557,4.000000000000002,137.01999999999794,52.980000000002065,947.0200000000075,100.0,54.37210514785745,0.203737702584199
3.066666666666667,loiter,6000.0,70.0,54.34876536439391,60.0,-5.651234635606087,0.6162201907819146,3.999999999999997,136.71999999999792,53.280000000002076,946.7200000000075,100.0,54.34876536439391,0.20365024608699808
3.0833333333333335,loiter,6000.0,70.0,54.325432973410145,60.0,-5.674567026589855,0.619372728018909,3.9999999999999933,136.4199999999979,53.58000000000209,946.4200000000076,100.0,54.325432973410145,0.20356281729015632
3.1,loiter,6000.0,70.0,54.30210797490613,60.0,-5.697892025093871,0.6225382235884056,3.9999999999999964,136.1199999999979,53.8800000000021,946.1200000000076,100.0,54.30210797490613,0.20347541619367374
3.1166666666666667,loiter,6000.0,70.0,54.278790368881836,60.0,-5.721209631118164,0.6257166733834713,4.000000000000001,135.8199999999979,54.18000000000211,945.8200000000077,100.0,54.278790368881836,0.20338804279755024
3.1333333333333333,loiter,6000.0,70.0,54.255480155337324,60.0,-5.744519844662676,0.6289080732971728,4.0000000000000115,135.51999999999788,54.48000000000212,945.5200000000077,100.0,54.255480155337324,0.203300697101786
3.15,loiter,6000.0,70.0,54.23217733427252,60.0,-5.767822665727479,0.632112419222577,4.000000000000005,135.21999999999787,54.78000000000213,945.2200000000078,100.0,54.23217733427252,0.20321337910638076
3.1666666666666665,loiter,6000.0,70.0,54.208881905687484,60.0,-5.791118094312516,0.6353297070527506,4.0000000000000036,134.91999999999786,55.080000000002144,944.9200000000078,100.0,54.208881905687484,0.20312608881133473
3.183333333333333,loiter,6000.0,70.0,54.18559386958218,60.0,-5.814406130417822,0.6385599326807605,4.000000000000005,134.61999999999784,55.380000000002156,944.6200000000078,100.0,54.18559386958218,0.2030388262166478
3.2,loiter,6000.0,70.0,54.162313225956616,60.0,-5.837686774043384,0.6418030919996734,3.9999999999999907,134.31999999999783,55.68000000000217,944.3200000000079,100.0,54.162313225956616,0.20295159132232005
3.216666666666667,loiter,6000.0,70.0,54.13903997481079,60.0,-5.860960025189208,0.6450591809025563,3.999999999999995,134.01999999999782,55.98000000000218,944.0200000000079,100.0,54.13903997481079,0.20286438412835134
3.2333333333333334,loiter,6000.0,70.0,54.11577411614472,60.0,-5.8842258838552794,0.6483281952824759,4.0000000000000036,133.7199999999978,56.28000000000219,943.720000000008,100.0,54.11577411614472,0.20277720463474178
3.25,loiter,6000.0,70.0,54.09251564995841,60.0,-5.907484350041592,0.651610131032499,3.9999999999999867,133.4199999999978,56.5800000000022,943.420000000008,100.0,54.09251564995841,0.20269005284149144
3.2666666666666666,loiter,6000.0,70.0,54.069264576251825,60.0,-5.930735423748175,0.6549049840456924,3.999999999999996,133.1199999999978,56.88000000000221,943.1200000000081,100.0,54.069264576251825,0.20260292874860023
3.283333333333333,loiter,6000.0,70.0,54.04602089502499,60.0,-5.953979104975012,0.6582127502151229,4.0000000000000036,132.81999999999778,57.180000000002224,942.8200000000081,100.0,54.04602089502499,0.20251583235606813
3.3,loiter,6000.0,70.0,54.022784606277895,60.0,-5.977215393722105,0.6615334254338574,3.9999999999999947,132.51999999999776,57.480000000002235,942.5200000000082,100.0,54.022784606277895,0.2024287636638951
3.316666666666667,loiter,6000.0,70.0,53.99955571001055,60.0,-6.000444289989453,0.6648670055949627,4.000000000000007,132.21999999999775,57.78000000000225,942.2200000000082,100.0,53.99955571001055,0.20234172267208125
3.3333333333333335,loiter,6000.0,70.0,53.97633420622293,60.0,-6.02366579377707,0.6682134865915055,4.000000000000007,131.91999999999774,58.08000000000226,941.9200000000083,100.0,53.97633420622293,0.2022547093806265
3.35,loiter,6000.0,70.0,53.95312009491506,60.0,-6.046879905084943,0.6715728643165527,3.999999999999996,131.61999999999773,58.38000000000227,941.6200000000083,100.0,53.95312009491506,0.2021677237895309
3.3666666666666667,loiter,6000.0,70.0,53.92991337608695,60.0,-6.070086623913049,0.6749451346631711,4.000000000000005,131.31999999999772,58.68000000000228,941.3200000000083,100.0,53.92991337608695,0.20208076589879448
3.3833333333333333,loiter,6000.0,70.0,53.906714049738575,60.0,-6.093285950261425,0.6783302935244274,4.000000000000016,131.0199999999977,58.98000000000229,941.0200000000084,100.0,53.906714049738575,0.20199383570841717
3.4,loiter,6000.0,70.0,53.88352211586995,60.0,-6.116477884130049,0.6817283367933885,3.9999999999999942,130.7199999999977,59.2800000000023,940.7200000000084,100.0,53.88352211586995,0.201906933218399
3.4166666666666665,loiter,6000.0,70.0,53.860337574481065,60.0,-6.139662425518935,0.6851392603631212,4.000000000000007,130.41999999999769,59.580000000002315,940.4200000000085,100.0,53.860337574481065,0.2018200584287399
3.433333333333333,loiter,6000.0,70.0,53.83716042557192,60.0,-6.162839574428077,0.6885630601266923,4.000000000000014,130.11999999999767,59.880000000002326,940.1200000000085,100.0,53.83716042557192,0.20173321133944003
3.45,loiter,6000.0,70.0,53.8139906691425,60.0,-6.186009330857502,0.6919997319771687,3.999999999999999,129.81999999999766,60.18000000000234,939.8200000000086,100.0,53.8139906691425,0.20164639195049916
3.466666666666667,loiter,6000.0,70.0,53.79082830519284,60.0,-6.209171694807161,0.6954492718076171,4.000000000000002,129.51999999999765,60.48000000000235,939.5200000000086,100.0,53.79082830519284,0.20155960026191747
3.4833333333333334,loiter,6000.0,70.0,53.76767333372293,60.0,-6.232326666277068,0.6989116755111043,3.9999999999999827,129.21999999999764,60.78000000000236,939.2200000000087,100.0,53.76767333372293,0.20147283627369497
3.5,loiter,6000.0,70.0,53.744525754732784,60.0,-6.255474245267216,0.7023869389806973,3.9999999999998748,128.91999999999763,61.08000000000237,938.9200000000087,100.0,53.744525754732784,0.20138609998583162
3.5166666666666666,loiter,6000.0,70.0,53.72138556822236,0.0,53.72138556822236,0.6725417247761293,2.5019864675607253,128.91999999999763,61.08000000000237,938.9200000000087,0.0,53.72138556822236,0.8074999999999998
3.533333333333333,loiter,6000.0,70.0,53.72138556822236,60.0,-6.2786144317776404,0.6760298439048946,4.0,128.61999999999762,61.38000000000238,938.6200000000088,100.0,53.72138556822236,0.20129939139832737
3.55,loiter,6000.0,70.0,53.69825277419167,60.0,-6.301747225808327,0.6795308145858993,3.9999999999999916,128.3199999999976,61.680000000002394,938.3200000000088,100.0,53.69825277419167,0.2012127105111822
3.566666666666667,loiter,6000.0,70.0,53.67512737264072,60.0,-6.324872627359277,0.6830446327122099,3.9999999999999925,128.0199999999976,61.980000000002406,938.0200000000088,100.0,53.67512737264072,0.2011260573243962
3.5833333333333335,loiter,6000.0,70.0,53.65200936356953,60.0,-6.347990636430467,0.6865712941768936,3.999999999999995,127.7199999999976,62.2800000000024,937.7200000000089,100.0,53.65200936356953,0.20103943183796935
3.6,loiter,6000.0,70.0,53.62889874697808,60.0,-6.371101253021919,0.6901107948730169,4.000000000000006,127.4199999999976,62.5800000000024,937.4200000000089,100.0,53.62889874697808,0.20095283405190162
3.6166666666666667,loiter,6000.0,70.0,53.60579552286638,60.0,-6.39420447713362,0.6936631306936466,4.000000000000008,127.1199999999976,62.8800000000024,937.120000000009,100.0,53.60579552286638,0.20086626396619306
3.6333333333333333,loiter,6000.0,70.0,53.582699691234424,60.0,-6.417300308765576,0.6972282975318497,3.999999999999987,126.8199999999976,63.180000000002394,936.820000000009,100.0,53.582699691234424,0.2007797215808436
3.65,loiter,6000.0,70.0,53.559611252082206,60.0,-6.440388747917794,0.7008062912806929,3.9999999999999445,126.51999999999761,63.48000000000239,936.5200000000091,100.0,53.559611252082206,0.2006932068958533
3.6666666666666665,loiter,6000.0,70.0,53.53653020540974,0.0,53.53653020540974,0.6710637744999097,2.5006716080207414,126.51999999999761,63.48000000000239,936.5200000000091,0.0,53.53653020540974,0.8074999999999999
3.683333333333333,loiter,6000.0,70.0,53.53653020540974,60.0,-6.46346979459026,0.6746545910524598,3.9999999999999925,126.21999999999761,63.78000000000239,936.2200000000091,100.0,53.53653020540974,0.2006067199112221
3.7,loiter,6000.0,70.0,53.51345655121702,60.0,-6.486543448782982,0.6782582263017837,3.999999999999992,125.91999999999761,64.08000000000239,935.9200000000092,100.0,53.51345655121702,0.20052026062695005
3.716666666666667,loiter,6000.0,70.0,53.49039028950402,60.0,-6.50960971049598,0.6818746761409481,4.000000000000008,125.61999999999762,64.38000000000238,935.6200000000092,100.0,53.49039028950402,0.20043382904303705
3.7333333333333334,loiter,6000.0,70.0,53.46733142027076,60.0,-6.53266857972924,0.6855039364630199,3.999999999999994,125.31999999999762,64.68000000000238,935.3200000000093,100.0,53.46733142027076,0.20034742515948326
3.75,loiter,6000.0,70.0,53.44427994351728,60.0,-6.55572005648272,0.6891460031610659,4.000000000000001,125.01999999999762,64.98000000000238,935.0200000000093,100.0,53.44427994351728,0.20026104897628863
3.7666666666666666,loiter,6000.0,70.0,53.42123585924354,60.0,-6.578764140756462,0.6928008721281528,4.000000000000007,124.71999999999763,65.28000000000237,934.7200000000093,100.0,53.42123585924354,0.20017470049345318
3.783333333333333,loiter,6000.0,70.0,53.398199167449526,60.0,-6.601800832550474,0.6964685392573475,3.999999999999996,124.41999999999763,65.58000000000237,934.4200000000094,100.0,53.398199167449526,0.20008837971097676
3.8,loiter,6000.0,70.0,53.37516986813525,60.0,-6.624830131864748,0.7001490004417168,3.999999999999962,124.11999999999763,65.88000000000237,934.1200000000094,100.0,53.37516986813525,0.20000208662885946
3.816666666666667,loiter,6000.0,70.0,53.35214796130074,0.0,53.35214796130074,0.6705089182409941,2.500124156753907,124.11999999999763,65.88000000000237,934.1200000000094,0.0,53.35214796130074,0.8075
3.8333333333333335,loiter,6000.0,70.0,53.35214796130074,60.0,-6.647852038699263,0.6742021693736048,4.000000000000008,123.81999999999763,66.18000000000237,933.8200000000095,100.0,53.35214796130074,0.19991582124710136
3.85,loiter,6000.0,70.0,53.32913344694597,60.0,-6.670866553054033,0.6779082063475237,4.000000000000009,123.51999999999764,66.48000000000236,933.5200000000095,100.0,53.32913344694597,0.19982958356570238
3.8666666666666667,loiter,6000.0,70.0,53.3061263250709,60.0,-6.693873674929101,0.6816270250558176,4.0000000000000115,123.21999999999764,66.78000000000236,933.2200000000096,100.0,53.3061263250709,0.19974337358466243
3.8833333333333333,loiter,6000.0,70.0,53.28312659567563,60.0,-6.716873404324367,0.6853586213915533,4.000000000000009,122.91999999999764,67.08000000000236,932.9200000000096,100.0,53.28312659567563,0.19965719130398177
3.9,loiter,6000.0,70.0,53.26013425876009,60.0,-6.73986574123991,0.6891029912477977,4.000000000000002,122.61999999999765,67.38000000000235,932.6200000000097,100.0,53.26013425876009,0.1995710367236602
3.9166666666666665,loiter,6000.0,70.0,53.23714931432429,60.0,-6.7628506856757085,0.6928601305176175,4.000000000000006,122.31999999999765,67.68000000000235,932.3200000000097,100.0,53.23714931432429,0.19948490984369774
3.933333333333333,loiter,6000.0,70.0,53.21417176236824,60.0,-6.785828237631762,0.6966300350940796,3.9999999999999827,122.01999999999765,67.98000000000235,932.0200000000098,100.0,53.21417176236824,0.19939881066409443
3.95,loiter,6000.0,70.0,53.191201602891915,60.0,-6.8087983971080845,0.7004127008702508,3.999999999999981,121.71999999999765,68.28000000000235,931.7200000000098,100.0,53.191201602891915,0.19931273918485018
3.966666666666667,loiter,6000.0,70.0,53.16823883589536,0.0,53.16823883589536,0.6708747904058644,2.5003438384848145,121.71999999999765,68.28000000000235,931.7200000000098,0.0,53.16823883589536,0.8074999999999999
3.9833333333333334,loiter,6000.0,70.0,53.16823883589536,60.0,-6.831761164104641,0.6746702132748115,4.000000000000009,121.41999999999766,68.58000000000234,931.4200000000098,100.0,53.16823883589536,0.1992266954059652
4.0,loiter,6000.0,70.0,53.145283461378504,60.0,-6.854716538621496,0.6784783891296012,4.00000000000001,121.11999999999766,68.88000000000234,931.1200000000099,100.0,53.145283461378504,0.19914067932743915
4.016666666666667,loiter,6000.0,70.0,53.12233547934143,60.0,-6.87766452065857,0.6822993138633004,4.000000000000009,120.81999999999766,69.18000000000234,930.8200000000099,100.0,53.12233547934143,0.19905469094927242
4.033333333333333,loiter,6000.0,70.0,53.0993948897841,60.0,-6.900605110215899,0.686132983368976,4.000000000000006,120.51999999999767,69.48000000000233,930.52000000001,100.0,53.0993948897841,0.19896873027146478
4.05,loiter,6000.0,70.0,53.0764616927065,60.0,-6.923538307293498,0.6899793935396946,4.000000000000007,120.21999999999767,69.78000000000233,930.22000000001,100.0,53.0764616927065,0.1988827972940162
4.066666666666666,loiter,6000.0,70.0,53.053535888108655,60.0,-6.946464111891345,0.6938385402685231,4.000000000000015,119.91999999999767,70.08000000000233,929.9200000000101,100.0,53.053535888108655,0.19879689201692682
4.083333333333333,loiter,6000.0,70.0,53.03061747599055,60.0,-6.969382524009447,0.6977104194485283,4.000000000000003,119.61999999999767,70.38000000000233,929.6200000000101,100.0,53.03061747599055,0.19871101444019662
4.1,loiter,6000.0,70.0,53.00770645635221,60.0,-6.99229354364779,0.7015950269727771,3.9999999999999427,119.31999999999768,70.68000000000232,929.3200000000102,100.0,53.00770645635221,0.1986251645638255
4.116666666666666,loiter,6000.0,70.0,52.98480282919355,0.0,52.98480282919355,0.6721590254010029,2.5013280081753377,119.31999999999768,70.68000000000232,929.3200000000102,0.0,52.98480282919355,0.8074999999999999
4.133333333333334,loiter,6000.0,70.0,52.98480282919355,60.0,-7.015197170806452,0.6760563571625621,3.999999999999994,119.01999999999768,70.98000000000232,929.0200000000102,100.0,52.98480282919355,0.19853934238781337
4.15,loiter,6000.0,70.0,52.961906594514694,60.0,-7.038093405485306,0.6799664090544983,4.000000000000005,118.71999999999768,71.28000000000232,928.7200000000103,100.0,52.961906594514694,0.19845354791216063
4.166666666666667,loiter,6000.0,70.0,52.93901775231556,60.0,-7.060982247684443,0.6838891769698786,3.9999999999999947,118.41999999999769,71.58000000000231,928.4200000000103,100.0,52.93901775231556,0.19836778113686687
4.183333333333334,loiter,6000.0,70.0,52.91613630259618,60.0,-7.083863697403821,0.6878246568017696,3.9999999999999973,118.11999999999769,71.88000000000231,928.1200000000104,100.0,52.91613630259618,0.19828204206193228
4.2,loiter,6000.0,70.0,52.89326224535653,60.0,-7.1067377546434685,0.6917728444432383,4.000000000000016,117.81999999999769,72.18000000000231,927.8200000000104,100.0,52.89326224535653,0.19819633068735681
4.216666666666667,loiter,6000.0,70.0,52.87039558059664,60.0,-7.129604419403357,0.6957337357873512,4.000000000000014,117.5199999999977,72.4800000000023,927.5200000000104,100.0,52.87039558059664,0.1981106470131405
4.233333333333333,loiter,6000.0,70.0,52.84753630831649,60.0,-7.152463691683508,0.6997073267271754,3.9999999999999916,117.2199999999977,72.7800000000023,927.2200000000105,100.0,52.84753630831649,0.1980249910392834
4.25,loiter,6000.0,70.0,52.82468442851605,60.0,-7.175315571483949,0.7036936131557776,3.999999999999518,116.9199999999977,73.0800000000023,926.9200000000105,100.0,52.82468442851605,0.1979393627657852
4.266666666666667,loiter,6000.0,70.0,52.8018399411954,0.0,52.8018399411954,0.6743592576328913,2.5030716557392636,116.9199999999977,73.0800000000023,926.9200000000105,0.0,52.8018399411954,0.8074999999999999
4.283333333333333,loiter,6000.0,70.0,52.8018399411954,60.0,-7.1981600588046035,0.6783582354433383,4.000000000000006,116.6199999999977,73.3800000000023,926.6200000000106,100.0,52.8018399411954,0.19785376219264628
4.3,loiter,6000.0,70.0,52.77900284635448,60.0,-7.22099715364552,0.682369900528697,3.9999999999999956,116.3199999999977,73.6800000000023,926.3200000000106,100.0,52.77900284635448,0.19776818931986653
4.316666666666666,loiter,6000.0,70.0,52.75617314399331,60.0,-7.243826856006692,0.686394248782034,4.000000000000007,116.01999999999771,73.98000000000229,926.0200000000107,100.0,52.75617314399331,0.19768264414744594
4.333333333333333,loiter,6000.0,70.0,52.73335083411187,60.0,-7.266649165888133,0.6904312760964163,3.9999999999999925,115.71999999999771,74.28000000000229,925.7200000000107,100.0,52.73335083411187,0.19759712667538437
4.35,loiter,6000.0,70.0,52.710535916710185,60.0,-7.289464083289815,0.6944809783649106,3.9999999999999933,115.41999999999771,74.58000000000229,925.4200000000108,100.0,52.710535916710185,0.197511636903682
4.366666666666666,loiter,6000.0,70.0,52.68772839178824,60.0,-7.312271608211759,0.6985433514805838,3.9999999999999956,115.11999999999772,74.88000000000228,925.1200000000108,100.0,52.68772839178824,0.19742617483233876
4.383333333333334,loiter,6000.0,70.0,52.66492825934601,60.0,-7.335071740653987,0.7026183913365026,3.9999999999999054,114.81999999999772,75.18000000000228,924.8200000000109,100.0,52.66492825934601,0.19734074046135452
4.4,loiter,6000.0,70.0,52.64213551938356,0.0,52.64213551938356,0.6733727604924007,2.5021788048064733,114.81999999999772,75.18000000000228,924.8200000000109,0.0,52.64213551938356,0.8074999999999999
4.416666666666667,loiter,6000.0,70.0,52.64213551938356,60.0,-7.357864480616442,0.6774604629816321,3.9999999999999925,114.51999999999772,75.48000000000228,924.5200000000109,100.0,52.64213551938356,0.19725533379072954
4.433333333333334,loiter,6000.0,70.0,52.61935017190084,60.0,-7.380649828099159,0.6815608239972427,4.0000000000000036,114.21999999999773,75.78000000000227,924.2200000000109,100.0,52.61935017190084,0.19716995482046368
4.45,loiter,6000.0,70.0,52.59657221689787,60.0,-7.403427783102131,0.6856738394322994,3.9999999999999907,113.91999999999773,76.08000000000227,923.920000000011,100.0,52.59657221689787,0.19708460355055696
4.466666666666667,loiter,6000.0,70.0,52.573801654374634,60.0,-7.426198345625366,0.6897995051798691,3.999999999999997,113.61999999999773,76.38000000000227,923.620000000011,100.0,52.573801654374634,0.19699927998100936
4.483333333333333,loiter,6000.0,70.0,52.551038484331166,60.0,-7.4489615156688345,0.6939378171330185,4.000000000000003,113.31999999999773,76.68000000000227,923.3200000000111,100.0,52.551038484331166,0.19691398411182093
4.5,loiter,6000.0,70.0,52.52828270676743,60.0,-7.471717293232572,0.6980887711848144,3.999999999999984,113.01999999999774,76.98000000000226,923.0200000000111,100.0,52.52828270676743,0.19682871594299162
4.516666666666667,loiter,6000.0,70.0,52.505534321683434,60.0,-7.4944656783165655,0.7022523632283236,3.999999999999943,112.71999999999774,77.28000000000226,922.7200000000112,100.0,52.505534321683434,0.19674347547452145
4.533333333333333,loiter,6000.0,70.0,52.482793329079165,0.0,52.482793329079165,0.6730952558232797,2.501874611830958,112.71999999999774,77.28000000000226,922.7200000000112,0.0,52.482793329079165,0.8075
4.55,loiter,6000.0,70.0,52.482793329079165,60.0,-7.517206670920835,0.677271481751569,4.000000000000006,112.41999999999774,77.58000000000226,922.4200000000112,100.0,52.482793329079165,0.19665826270641035
4.566666666666666,loiter,6000.0,70.0,52.460059728954654,60.0,-7.539940271045346,0.6814603374577053,3.999999999999991,112.11999999999775,77.88000000000225,922.1200000000113,100.0,52.460059728954654,0.19657307763865842
4.583333333333333,loiter,6000.0,70.0,52.4373335213099,60.0,-7.5626664786900974,0.6856618188347553,4.000000000000008,111.81999999999775,78.18000000000225,921.8200000000113,100.0,52.4373335213099,0.19648792027126566
4.6,loiter,6000.0,70.0,52.414614706144874,60.0,-7.585385293855126,0.6898759217757859,4.000000000000004,111.51999999999775,78.48000000000225,921.5200000000114,100.0,52.414614706144874,0.19640279060423194
4.616666666666666,loiter,6000.0,70.0,52.3919032834596,60.0,-7.608096716540402,0.694102642173864,4.000000000000015,111.21999999999775,78.78000000000225,921.2200000000114,100.0,52.3919032834596,0.1963176886375574
4.633333333333334,loiter,6000.0,70.0,52.36919925325408,60.0,-7.630800746745919,0.6983419759220562,3.9999999999999796,110.91999999999776,79.08000000000224,920.9200000000114,100.0,52.36919925325408,0.19623261437124206
4.65,loiter,6000.0,70.0,52.34650261552827,60.0,-7.653497384471727,0.7025939189134294,3.999999999999922,110.61999999999776,79.38000000000224,920.6200000000115,100.0,52.34650261552827,0.19614756780528578
4.666666666666667,loiter,6000.0,70.0,52.32381337028224,0.0,52.32381337028224,0.673525133707717,2.502158470562165,110.61999999999776,79.38000000000224,920.6200000000115,0.0,52.32381337028224,0.8075
4.683333333333334,loiter,6000.0,70.0,52.32381337028224,60.0,-7.676186629717762,0.677789681835338,3.999999999999992,110.31999999999776,79.68000000000224,920.3200000000115,100.0,52.32381337028224,0.19606254893968866
4.7,loiter,6000.0,70.0,52.301131517515934,60.0,-7.698868482484066,0.6820668309922736,3.999999999999992,110.01999999999776,79.98000000000224,920.0200000000116,100.0,52.301131517515934,0.1959775577744506
4.716666666666667,loiter,6000.0,70.0,52.27845705722938,60.0,-7.721542942770618,0.6863565770715906,3.9999999999999982,109.71999999999777,80.28000000000223,919.7200000000116,100.0,52.27845705722938,0.19589259430957182
4.733333333333333,loiter,6000.0,70.0,52.25578998942255,60.0,-7.744210010577447,0.6906589159663559,4.000000000000005,109.41999999999777,80.58000000000223,919.4200000000117,100.0,52.25578998942255,0.19580765854505203
4.75,loiter,6000.0,70.0,52.233130314095504,60.0,-7.766869685904496,0.6949738435696361,4.000000000000011,109.11999999999777,80.88000000000223,919.1200000000117,100.0,52.233130314095504,0.19572275048089147
4.766666666666667,loiter,6000.0,70.0,52.21047803124818,60.0,-7.789521968751821,0.6993013557744983,3.999999999999977,108.81999999999778,81.18000000000222,918.8200000000118,100.0,52.21047803124818,0.19563787011709005
4.783333333333333,loiter,6000.0,70.0,52.1878331408806,60.0,-7.812166859119401,0.703641448474009,3.999999999999812,108.51999999999778,81.48000000000222,918.5200000000118,100.0,52.1878331408806,0.1955530174536477
4.8,loiter,6000.0,70.0,52.16519564299274,0.0,52.16519564299274,0.6746607842279019,2.503028363952746,108.51999999999778,81.48000000000222,918.5200000000118,0.0,52.16519564299274,0.8074999999999999
4.816666666666666,loiter,6000.0,70.0,52.16519564299274,60.0,-7.834804357007258,0.6790134533151281,3.9999999999999907,108.21999999999778,81.78000000000222,918.2200000000119,100.0,52.16519564299274,0.19546819249056444
4.833333333333333,loiter,6000.0,70.0,52.14256553758465,60.0,-7.857434462415348,0.6833786946831366,4.000000000000003,107.91999999999778,82.08000000000222,917.9200000000119,100.0,52.14256553758465,0.1953833952278404
4.85,loiter,6000.0,70.0,52.11994282465632,60.0,-7.88005717534368,0.6877565042249942,4.000000000000005,107.61999999999779,82.38000000000221,917.6200000000119,100.0,52.11994282465632,0.1952986256654755
4.866666666666666,loiter,6000.0,70.0,52.0973275042077,60.0,-7.902672495792302,0.6921468778337677,4.000000000000019,107.31999999999779,82.68000000000221,917.320000000012,100.0,52.0973275042077,0.19521388380346966
4.883333333333334,loiter,6000.0,70.0,52.07471957623884,60.0,-7.9252804237611585,0.6965498114025239,3.999999999999993,107.0199999999978,82.9800000000022,917.020000000012,100.0,52.07471957623884,0.19512916964182303
4.9,loiter,6000.0,70.0,52.05211904074974,60.0,-7.947880959250263,0.7009653008243296,3.9999999999999707,106.7199999999978,83.2800000000022,916.7200000000121,100.0,52.05211904074974,0.19504448318053552
4.916666666666667,loiter,6000.0,70.0,52.02952589774034,0.0,52.02952589774034,0.6720600086589184,2.5008039852669413,106.7199999999978,83.2800000000022,916.7200000000121,0.0,52.02952589774034,0.8075
4.933333333333334,loiter,6000.0,70.0,52.02952589774034,60.0,-7.970474102259658,0.6764880498268404,4.000000000000002,106.4199999999978,83.5800000000022,916.4200000000121,100.0,52.02952589774034,0.19495982441960708
4.95,loiter,6000.0,70.0,52.00694014721071,60.0,-7.993059852789287,0.6809286386339456,4.000000000000004,106.1199999999978,83.8800000000022,916.1200000000122,100.0,52.00694014721071,0.1948751933590378
4.966666666666667,loiter,6000.0,70.0,51.98436178916083,60.0,-8.015638210839171,0.6853817709733007,4.000000000000007,105.8199999999978,84.1800000000022,915.8200000000122,100.0,51.98436178916083,0.19479058999882767
4.983333333333333,loiter,6000.0,70.0,51.9617908235907,60.0,-8.038209176409303,0.6898474427379725,4.000000000000013,105.51999999999781,84.48000000000219,915.5200000000123,100.0,51.9617908235907,0.19470601433897675
5.0,loiter,6000.0,70.0,51.93922725050028,60.0,-8.06077274949972,0.6943256498210278,3.9999999999999942,105.21999999999781,84.78000000000219,915.2200000000123,100.0,51.93922725050028,0.19462146637948483
5.016666666666667,loiter,6000.0,70.0,51.916671069889645,60.0,-8.083328930110355,0.6988163881155336,3.9999999999999885,104.91999999999781,85.08000000000219,914.9200000000124,100.0,51.916671069889645,0.1945369461203521
5.033333333333333,loiter,6000.0,70.0,51.89412228175873,60.0,-8.105877718241267,0.7033196535145565,3.999999999999888,104.61999999999782,85.38000000000218,914.6200000000124,100.0,51.89412228175873,0.19445245356157856
5.05,loiter,6000.0,70.0,51.87158088610756,0.0,51.87158088610756,0.6745021085778301,2.502761247646304,104.61999999999782,85.38000000000218,914.6200000000124,0.0,51.87158088610756,0.8075
5.066666666666666,loiter,6000.0,70.0,51.87158088610756,60.0,-8.128419113892441,0.679017896974437,4.000000000000008,104.31999999999782,85.68000000000218,914.3200000000124,100.0,51.87158088610756,0.19436798870316405
5.083333333333333,loiter,6000.0,70.0,51.84904688293615,60.0,-8.15095311706385,0.6835462042616948,4.000000000000005,104.01999999999782,85.98000000000218,914.0200000000125,100.0,51.84904688293615,0.19428355154510873
5.1,loiter,6000.0,70.0,51.82652027224446,60.0,-8.173479727755542,0.68808702633267,3.9999999999999964,103.71999999999782,86.28000000000218,913.7200000000125,100.0,51.82652027224446,0.1941991420874125
5.116666666666666,loiter,6000.0,70.0,51.80400105403254,60.0,-8.19599894596746,0.6926403590804298,4.000000000000013,103.41999999999783,86.58000000000217,913.4200000000126,100.0,51.80400105403254,0.19411476033007552
5.133333333333334,loiter,6000.0,70.0,51.78148922830034,60.0,-8.218510771699663,0.6972061983980407,4.0,103.11999999999783,86.88000000000217,913.1200000000126,100.0,51.78148922830034,0.19403040627309753
5.15,loiter,6000.0,70.0,51.75898479504789,60.0,-8.241015204952113,0.7017845401785696,3.9999999999999565,102.81999999999783,87.18000000000217,912.8200000000127,100.0,51.75898479504789,0.19394607991647875
5.166666666666667,loiter,6000.0,70.0,51.736487754275196,0.0,51.736487754275196,0.6730420469817501,2.501485638073073,102.81999999999783,87.18000000000217,912.8200000000127,0.0,51.736487754275196,0.8074999999999998
5.183333333333334,loiter,6000.0,70.0,51.736487754275196,60.0,-8.263512245724804,0.6776328871182639,3.999999999999991,102.51999999999784,87.48000000000216,912.5200000000127,100.0,51.736487754275196,0.19386178126021908
5.2,loiter,6000.0,70.0,51.713998105982235,60.0,-8.286001894017765,0.6822362215038292,4.00000000000001,102.21999999999784,87.78000000000216,912.2200000000128,100.0,51.713998105982235,0.19377751030431856
5.216666666666667,loiter,6000.0,70.0,51.69151585016902,60.0,-8.308484149830981,0.6868520460315131,3.9999999999999933,101.91999999999784,88.08000000000216,911.9200000000128,100.0,51.69151585016902,0.19369326704877715
5.233333333333333,loiter,6000.0,70.0,51.66904098683555,60.0,-8.330959013164453,0.6914803565943822,3.999999999999991,101.61999999999784,88.38000000000216,911.6200000000129,100.0,51.66904098683555,0.1936090514935949
5.25,loiter,6000.0,70.0,51.64657351598182,60.0,-8.353426484018179,0.6961211490855035,3.9999999999999973,101.31999999999785,88.68000000000215,911.3200000000129,100.0,51.64657351598182,0.19352486363877175
5.266666666666667,loiter,6000.0,70.0,51.62411343760782,60.0,-8.375886562392182,0.7007744193979436,3.999999999999982,101.01999999999785,88.98000000000215,911.0200000000129,100.0,51.62411343760782,0.1934407034843077
5.283333333333333,loiter,6000.0,70.0,51.601660751713595,0.0,51.601660751713595,0.672106830091436,2.500645071488813,101.01999999999785,88.98000000000215,911.0200000000129,0.0,51.601660751713595,0.8074999999999999
5.3,loiter,6000.0,70.0,51.601660751713595,60.0,-8.398339248286405,0.6767725741182617,3.999999999999999,100.71999999999785,89.28000000000215,910.720000000013,100.0,51.601660751713595,0.1933565710302029
5.316666666666666,loiter,6000.0,70.0,51.57921545829911,60.0,-8.42078454170089,0.68145078775254,3.999999999999992,100.41999999999786,89.58000000000214,910.420000000013,100.0,51.57921545829911,0.19327246627645722
5.333333333333333,loiter,6000.0,70.0,51.55677755736435,60.0,-8.443222442635651,0.6861414668873376,4.00000000000001,100.11999999999786,89.88000000000214,910.1200000000131,100.0,51.55677755736435,0.19318838922307058
5.35,loiter,6000.0,70.0,51.53434704890935,60.0,-8.465652951090647,0.6908446074157213,4.000000000000005,99.81999999999786,90.18000000000214,909.8200000000131,100.0,51.53434704890935,0.19310433987004316
5.366666666666666,loiter,6000.0,70.0,51.51192393293408,60.0,-8.488076067065919,0.6955602052307579,3.999999999999997,99.51999999999786,90.48000000000214,909.5200000000132,100.0,51.51192393293408,0.19302031821737475
5.383333333333334,loiter,6000.0,70.0,51.48950820943856,60.0,-8.510491790561439,0.7002882562255143,3.9999999999999685,99.21999999999787,90.78000000000213,909.2200000000132,100.0,51.48950820943856,0.19293632426506557
5.4,loiter,6000.0,70.0,51.46709987842278,0.0,51.46709987842278,0.6716954229597238,2.500240175034407,99.21999999999787,90.78000000000213,909.2200000000132,0.0,51.46709987842278,0.8074999999999998
5.416666666666667,loiter,6000.0,70.0,51.46709987842278,60.0,-8.53290012157722,0.6764359230272667,3.9999999999999956,98.91999999999787,91.08000000000213,908.9200000000133,100.0,51.46709987842278,0.19285235801311548
5.433333333333334,loiter,6000.0,70.0,51.44469893988674,60.0,-8.555301060113258,0.681188868060663,3.999999999999988,98.61999999999787,91.38000000000213,908.6200000000133,100.0,51.44469893988674,0.1927684194615246
5.45,loiter,6000.0,70.0,51.42230539383046,60.0,-8.577694606169537,0.6859542539529795,4.0000000000000036,98.31999999999788,91.68000000000212,908.3200000000134,100.0,51.42230539383046,0.1926845086102928
5.466666666666667,loiter,6000.0,70.0,51.39991924025393,60.0,-8.60008075974607,0.6907320765972829,3.9999999999999853,98.01999999999788,91.98000000000212,908.0200000000134,100.0,51.39991924025393,0.19260062545942014
5.483333333333333,loiter,6000.0,70.0,51.37754047915712,60.0,-8.622459520842881,0.69552233188664,4.000000000000004,97.71999999999788,92.28000000000212,907.7200000000134,100.0,51.37754047915712,0.1925167700089066
5.5,loiter,6000.0,70.0,51.355169110540054,60.0,-8.644830889459946,0.7003250157141178,3.999999999999992,97.41999999999788,92.58000000000212,907.4200000000135,100.0,51.355169110540054,0.19243294225875215
5.516666666666667,loiter,6000.0,70.0,51.33280513440274,0.0,51.33280513440274,0.6718067906394496,2.500270797496724,97.41999999999788,92.58000000000212,907.4200000000135,0.0,51.33280513440274,0.8075000000000001
5.533333333333333,loiter,6000.0,70.0,51.33280513440274,60.0,-8.66719486559726,0.6766218988981147,3.9999999999999973,97.11999999999789,92.88000000000211,907.1200000000135,100.0,51.33280513440274,0.1923491422089569
5.55,loiter,6000.0,70.0,51.31044855074518,60.0,-8.689551449254822,0.6814494274810341,4.0000000000000036,96.81999999999789,93.18000000000211,906.8200000000136,100.0,51.31044855074518,0.19226536985952075
5.566666666666666,loiter,6000.0,70.0,51.288099359567354,60.0,-8.711900640432646,0.6862893722812744,3.999999999999991,96.51999999999789,93.48000000000211,906.5200000000136,100.0,51.288099359567354,0.1921816252104438
5.583333333333333,loiter,6000.0,70.0,51.265757560869275,60.0,-8.734242439130725,0.6911417291919025,4.000000000000005,96.2199999999979,93.7800000000021,906.2200000000137,100.0,51.265757560869275,0.1920979082617259
5.6,loiter,6000.0,70.0,51.24342315465094,60.0,-8.75657684534906,0.6960064941059854,3.999999999999993,95.9199999999979,94.0800000000021,905.9200000000137,100.0,51.24342315465094,0.1920142190133672
5.616666666666666,loiter,6000.0,70.0,51.22109614091235,60.0,-8.778903859087649,0.7008836629165897,3.9999999999999845,95.6199999999979,94.3800000000021,905.6200000000138,100.0,51.22109614091235,0.19193055746536758
5.633333333333334,loiter,6000.0,70.0,51.1987765196535,0.0,51.1987765196535,0.6724398981834488,2.500736023721282,95.6199999999979,94.3800000000021,905.6200000000138,0.0,51.1987765196535,0.8075
5.65,loiter,6000.0,70.0,51.1987765196535,60.0,-8.8012234803465,0.6773294667836414,4.000000000000001,95.3199999999979,94.6800000000021,905.3200000000138,100.0,51.1987765196535,0.19184692361772715
5.666666666666667,loiter,6000.0,70.0,51.1764642908744,60.0,-8.8235357091256,0.6822314310664889,4.000000000000008,95.0199999999979,94.9800000000021,905.0200000000139,100.0,51.1764642908744,0.1917633174704458
5.683333333333334,loiter,6000.0,70.0,51.15415945457502,60.0,-8.845840545424977,0.6871457869250583,4.0000000000000036,94.71999999999791,95.28000000000209,904.7200000000139,100.0,51.15415945457502,0.19167973902352356
5.7,loiter,6000.0,70.0,51.13186201075543,60.0,-8.868137989244573,0.6920725302524164,4.000000000000007,94.41999999999791,95.58000000000209,904.4200000000139,100.0,51.13186201075543,0.19159618827696057
5.716666666666667,loiter,6000.0,70.0,51.109571959415554,60.0,-8.890428040584446,0.69701165694163,3.9999999999999907,94.11999999999792,95.88000000000208,904.120000000014,100.0,51.109571959415554,0.19151266523075663
5.733333333333333,loiter,6000.0,70.0,51.0872893005554,60.0,-8.912710699444602,0.7019631628857659,3.9999999999999774,93.81999999999792,96.18000000000208,903.820000000014,100.0,51.0872893005554,0.19142916988491177
5.75,loiter,6000.0,70.0,51.06501403417503,0.0,51.06501403417503,0.6735937106445575,2.501634178951102,93.81999999999792,96.18000000000208,903.820000000014,0.0,51.06501403417503,0.8074999999999999
5.766666666666667,loiter,6000.0,70.0,51.06501403417503,60.0,-8.934985965824971,0.6785575917366825,4.000000000000011,93.51999999999792,96.48000000000208,903.5200000000141,100.0,51.06501403417503,0.19134570223942612
5.783333333333333,loiter,6000.0,70.0,51.04274616027438,60.0,-8.957253839725617,0.6835338438698634,4.000000000000006,93.21999999999792,96.78000000000208,903.2200000000141,100.0,51.04274616027438,0.1912622622942996
5.8,loiter,6000.0,70.0,51.0204856788535,60.0,-8.979514321146503,0.688522462937167,4.000000000000002,92.91999999999793,97.08000000000207,902.9200000000142,100.0,51.0204856788535,0.19117885004953222
5.816666666666666,loiter,6000.0,70.0,50.998232589912334,60.0,-9.001767410087666,0.6935234448316602,3.9999999999999893,92.61999999999793,97.38000000000207,902.6200000000142,100.0,50.998232589912334,0.19109546550512393
5.833333333333333,loiter,6000.0,70.0,50.975986893450916,60.0,-9.024013106549084,0.6985367854464096,3.999999999999973,92.31999999999793,97.68000000000207,902.3200000000143,100.0,50.975986893450916,0.1910121086610748
5.85,loiter,6000.0,70.0,50.95374858946927,60.0,-9.04625141053073,0.7035624806744822,3.9999999999999147,92.01999999999794,97.98000000000206,902.0200000000143,100.0,50.95374858946927,0.19092877951738485
5.866666666666666,loiter,6000.0,70.0,50.931517677967335,0.0,50.931517677967335,0.6752671930756114,2.5029628232136285,92.01999999999794,97.98000000000206,902.0200000000143,0.0,50.931517677967335,0.8075
5.883333333333334,loiter,6000.0,70.0,50.931517677967335,60.0,-9.068482322032665,0.680305238810074,4.000000000000004,91.71999999999794,98.28000000000206,901.7200000000144,100.0,50.931517677967335,0.19084547807405394
5.9,loiter,6000.0,70.0,50.90929415894518,60.0,-9.09070584105482,0.6853556309439933,3.9999999999999933,91.41999999999794,98.58000000000206,901.4200000000144,100.0,50.90929415894518,0.19076220433108226
5.916666666666667,loiter,6000.0,70.0,50.887078032402734,60.0,-9.112921967597266,0.6904183653704362,4.0,91.11999999999794,98.88000000000206,901.1200000000144,100.0,50.887078032402734,0.19067895828846965
5.933333333333334,loiter,6000.0,70.0,50.86486929834003,60.0,-9.135130701659968,0.6954934379824695,4.000000000000009,90.81999999999795,99.18000000000205,900.8200000000145,100.0,50.86486929834003,0.19059573994621615
5.95,loiter,6000.0,70.0,50.84266795675707,60.0,-9.157332043242931,0.7005808446731601,3.9999999999999756,90.51999999999795,99.48000000000205,900.5200000000145,100.0,50.84266795675707,0.19051254930432174
5.966666666666667,loiter,6000.0,70.0,50.820474007653885,0.0,50.820474007653885,0.6723472480022412,2.500483880881581,90.51999999999795,99.48000000000205,900.5200000000145,0.0,50.820474007653885,0.8075
5.983333333333333,loiter,6000.0,70.0,50.820474007653885,60.0,-9.179525992346115,0.6774469846646557,4.0,90.21999999999795,99.78000000000205,900.2200000000146,100.0,50.820474007653885,0.1904293863627866
6.0,loiter,6000.0,70.0,50.79828745103043,60.0,-9.201712548969567,0.682559047191861,4.000000000000002,89.91999999999796,100.08000000000204,899.9200000000146,100.0,50.79828745103043,0.19034625112161055
6.016666666666667,loiter,6000.0,70.0,50.776108286886725,60.0,-9.223891713113275,0.6876834314769239,4.000000000000001,89.61999999999796,100.38000000000204,899.6200000000147,100.0,50.776108286886725,0.19026314358079363
6.033333333333333,loiter,6000.0,70.0,50.75393651522274,60.0,-9.24606348477726,0.6928201334129113,3.9999999999999916,89.31999999999796,100.68000000000204,899.3200000000147,100.0,50.75393651522274,0.19018006374033578
6.05,loiter,6000.0,70.0,50.731772136038536,60.0,-9.268227863961464,0.6979691488928899,3.999999999999991,89.01999999999796,100.98000000000204,899.0200000000148,100.0,50.731772136038536,0.19009701160023718
6.066666666666666,loiter,6000.0,70.0,50.70961514933405,60.0,-9.290384850665951,0.7031304738099265,3.999999999999941,88.71999999999797,101.28000000000203,898.7200000000148,100.0,50.70961514933405,0.19001398716049764
6.083333333333333,loiter,6000.0,70.0,50.68746555510929,0.0,50.68746555510929,0.6749707707237547,2.50260416740419,88.71999999999797,101.28000000000203,898.7200000000148,0.0,50.68746555510929,0.8075
6.1,loiter,6000.0,70.0,50.68746555510929,60.0,-9.312534444890709,0.6801444009709162,3.9999999999999925,88.41999999999797,101.58000000000203,898.4200000000149,100.0,50.68746555510929,0.1899309904211172
6.116666666666666,loiter,6000.0,70.0,50.66532335336431,60.0,-9.334676646635693,0.6853303324412694,4.000000000000006,88.11999999999797,101.88000000000203,898.1200000000149,100.0,50.66532335336431,0.18984802138209594
6.133333333333334,loiter,6000.0,70.0,50.64318854409907,60.0,-9.356811455900932,0.6905285610278811,4.000000000000002,87.81999999999798,102.18000000000202,897.8200000000149,100.0,50.64318854409907,0.18976508004343387
6.15,loiter,6000.0,70.0,50.62106112731356,60.0,-9.37893887268644,0.695739082623818,3.999999999999991,87.51999999999798,102.48000000000202,897.520000000015,100.0,50.62106112731356,0.18968216640513083
6.166666666666667,loiter,6000.0,70.0,50.598941103007796,60.0,-9.401058896992204,0.700961893122147,3.9999999999999756,87.21999999999798,102.78000000000202,897.220000000015,100.0,50.598941103007796,0.18959928046718696
6.183333333333334,loiter,6000.0,70.0,50.57682847118178,0.0,50.57682847118178,0.6728636550826015,2.5008011485628656,87.21999999999798,102.78000000000202,897.220000000015,0.0,50.57682847118178,0.8075
6.2,loiter,6000.0,70.0,50.57682847118178,60.0,-9.423171528818223,0.6780987503763893,3.9999999999999982,86.91999999999798,103.08000000000202,896.9200000000151,100.0,50.57682847118178,0.18951642222960224
6.216666666666667,loiter,6000.0,70.0,50.5547232318355,60.0,-9.445276768164497,0.683346126358703,3.9999999999999893,86.61999999999799,103.38000000000201,896.6200000000151,100.0,50.5547232318355,0.1894335916923766
6.233333333333333,loiter,6000.0,70.0,50.532625384968966,60.0,-9.467374615031034,0.6886057789226091,3.999999999999995,86.31999999999799,103.68000000000201,896.3200000000152,100.0,50.532625384968966,0.18935078885551013
6.25,loiter,6000.0,70.0,50.510534930582175,60.0,-9.489465069417825,0.6938777039611745,3.999999999999999,86.01999999999799,103.98000000000201,896.0200000000152,100.0,50.510534930582175,0.18926801371900281
6.266666666666667,loiter,6000.0,70.0,50.48845186867514,60.0,-9.511548131324858,0.6991618973674661,3.9999999999999876,85.719999999998,104.280000000002,895.7200000000153,100.0,50.48845186867514,0.18918526628285465
6.283333333333333,loiter,6000.0,70.0,50.46637619924783,60.0,-9.533623800752167,0.7044583550345507,3.9999999999998406,85.419999999998,104.580000000002,895.4200000000153,100.0,50.46637619924783,0.18910254654706551
6.3,loiter,6000.0,70.0,50.4443079223003,0.0,50.4443079223003,0.6764337395221617,2.503706024689598,85.419999999998,104.580000000002,895.4200000000153,0.0,50.4443079223003,0.8074999999999998
6.316666666666666,loiter,6000.0,70.0,50.4443079223003,60.0,-9.555692077699703,0.681742457343106,3.9999999999999885,85.119999999998,104.880000000002,895.1200000000154,100.0,50.4443079223003,0.18901985451163564
6.333333333333333,loiter,6000.0,70.0,50.42224703783248,60.0,-9.577752962167523,0.6870634312109769,4.0,84.819999999998,105.180000000002,894.8200000000154,100.0,50.42224703783248,0.18893719017656482
6.35,loiter,6000.0,70.0,50.40019354584439,60.0,-9.599806454155612,0.6923966570188411,3.9999999999999893,84.519999999998,105.480000000002,894.5200000000154,100.0,50.40019354584439,0.1888545535418531
6.366666666666666,loiter,6000.0,70.0,50.37814744633608,60.0,-9.62185255366392,0.6977421306597655,4.000000000000005,84.21999999999801,105.78000000000199,894.2200000000155,100.0,50.37814744633608,0.18877194460750063
6.383333333333334,loiter,6000.0,70.0,50.35610873930749,60.0,-9.643891260692513,0.7030998480268169,3.999999999999946,83.91999999999801,106.08000000000199,893.9200000000155,100.0,50.35610873930749,0.18868936337350714
6.4,loiter,6000.0,70.0,50.33407742475866,0.0,50.33407742475866,0.6751364716797288,2.5025787349482824,83.91999999999801,106.08000000000199,893.9200000000155,0.0,50.33407742475866,0.8074999999999999
6.416666666666667,loiter,6000.0,70.0,50.33407742475866,60.0,-9.66592257524134,0.680506428665974,3.9999999999999893,83.61999999999802,106.38000000000198,893.6200000000156,100.0,50.33407742475866,0.1886068098398729
6.433333333333334,loiter,6000.0,70.0,50.31205350268956,60.0,-9.687946497310442,0.6858886211644798,4.000000000000008,83.31999999999802,106.68000000000198,893.3200000000156,100.0,50.31205350268956,0.18852428400659776
6.45,loiter,6000.0,70.0,50.29003697310023,60.0,-9.709963026899771,0.691283045068313,4.000000000000005,83.01999999999802,106.98000000000198,893.0200000000157,100.0,50.29003697310023,0.18844178587368185
6.466666666666667,loiter,6000.0,70.0,50.26802783599063,60.0,-9.73197216400937,0.6966896962705403,4.0000000000000115,82.71999999999802,107.28000000000198,892.7200000000157,100.0,50.26802783599063,0.188359315441125
6.483333333333333,loiter,6000.0,70.0,50.24602609136076,60.0,-9.753973908639239,0.7021085706642288,3.9999999999999782,82.41999999999803,107.58000000000197,892.4200000000158,100.0,50.24602609136076,0.1882768727089272
6.5,loiter,6000.0,70.0,50.22403173921063,0.0,50.22403173921063,0.6742063308091119,2.5017550765951353,82.41999999999803,107.58000000000197,892.4200000000158,0.0,50.22403173921063,0.8075
6.516666666666667,loiter,6000.0,70.0,50.22403173921063,60.0,-9.77596826078937,0.6796374242873282,3.9999999999999916,82.11999999999803,107.88000000000197,892.1200000000158,100.0,50.22403173921063,0.18819445767708856
6.533333333333333,loiter,6000.0,70.0,50.202044779540266,60.0,-9.797955220459734,0.6850807327431392,4.000000000000005,81.81999999999803,108.18000000000197,891.8200000000159,100.0,50.202044779540266,0.1881120703456091
6.55,loiter,6000.0,70.0,50.180065212349646,60.0,-9.819934787650354,0.6905362520696116,4.000000000000005,81.51999999999803,108.48000000000197,891.5200000000159,100.0,50.180065212349646,0.1880297107144888
6.566666666666666,loiter,6000.0,70.0,50.15809303763876,60.0,-9.841906962361243,0.6960039781598123,3.999999999999997,81.21999999999804,108.78000000000196,891.220000000016,100.0,50.15809303763876,0.18794737878372758
6.583333333333333,loiter,6000.0,70.0,50.13612825540763,60.0,-9.863871744592373,0.7014839069068081,3.9999999999999853,80.91999999999804,109.08000000000196,890.920000000016,100.0,50.13612825540763,0.18786507455332555
6.6,loiter,6000.0,70.0,50.114170865656234,0.0,50.114170865656234,0.6736427008703324,2.5012355671264643,80.91999999999804,109.08000000000196,890.920000000016,0.0,50.114170865656234,0.8074999999999999
6.616666666666666,loiter,6000.0,70.0,50.114170865656234,60.0,-9.885829134343766,0.6791348281671901,4.000000000000008,80.61999999999804,109.38000000000196,890.620000000016,100.0,50.114170865656234,0.1877827980232826
6.633333333333334,loiter,6000.0,70.0,50.09222086838458,60.0,-9.90777913161542,0.6846391499069764,3.999999999999994,80.31999999999805,109.68000000000195,890.3200000000161,100.0,50.09222086838458,0.18770054919359883
6.65,loiter,6000.0,70.0,50.07027826359266,60.0,-9.929721736407338,0.6901556619827582,4.000000000000002,80.01999999999805,109.98000000000195,890.0200000000161,100.0,50.07027826359266,0.1876183280642741
6.666666666666667,loiter,6000.0,70.0,50.04834305128049,60.0,-9.95165694871951,0.6956843602876024,4.000000000000011,79.71999999999805,110.28000000000195,889.7200000000162,100.0,50.04834305128049,0.18753613463530855
6.683333333333334,loiter,6000.0,70.0,50.02641523144807,60.0,-9.97358476855193,0.7012252407145757,3.999999999999992,79.41999999999805,110.58000000000195,889.4200000000162,100.0,50.02641523144807,0.18745396890670216
6.7,loiter,6000.0,70.0,50.004494804095394,0.0,50.004494804095394,0.6734449658234116,2.501020337499794,79.41999999999805,110.58000000000195,889.4200000000162,0.0,50.004494804095394,0.8075
6.716666666666667,loiter,6000.0,70.0,50.004494804095394,60.0,-9.995505195904606,0.6789980242655809,3.9999999999999925,79.11999999999806,110.88000000000194,889.1200000000163,100.0,50.004494804095394,0.1873718308784549
6.733333333333333,loiter,6000.0,70.0,49.982581769222456,60.0,-10.017418230777544,0.6845632566160128,3.999999999999995,78.81999999999806,111.18000000000194,888.8200000000163,100.0,49.982581769222456,0.18728972055056675
6.75,loiter,6000.0,70.0,49.96067612682929,60.0,-10.039323873170709,0.6901406587677743,3.999999999999991,78.51999999999806,111.48000000000194,888.5200000000164,100.0,49.96067612682929,0.18720763792303782
6.766666666666667,loiter,6000.0,70.0,49.938777876915836,60.0,-10.061222123084164,0.6957302266139321,4.000000000000004,78.21999999999807,111.78000000000193,888.2200000000164,100.0,49.938777876915836,0.18712558299586796
6.783333333333333,loiter,6000.0,70.0,49.91688701948211,60.0,-10.083112980517889,0.7013319560475532,3.999999999999989,77.91999999999807,112.08000000000193,887.9200000000164,100.0,49.91688701948211,0.1870435557690571
6.8,loiter,6000.0,70.0,49.89500355452817,0.0,49.89500355452817,0.6736125096283708,2.5011091401997967,77.91999999999807,112.08000000000193,887.9200000000164,0.0,49.89500355452817,0.8074999999999999
6.816666666666666,loiter,6000.0,70.0,49.89500355452817,60.0,-10.104996445471834,0.6792263965425218,3.999999999999992,77.61999999999807,112.38000000000193,887.6200000000165,100.0,49.89500355452817,0.18696155624260552
6.833333333333333,loiter,6000.0,70.0,49.87312748205395,60.0,-10.126872517946047,0.6848524368302696,3.9999999999999893,77.31999999999807,112.68000000000193,887.3200000000165,100.0,49.87312748205395,0.1868795844165131
6.85,loiter,6000.0,70.0,49.85125880205949,60.0,-10.14874119794051,0.6904906263846811,3.999999999999997,77.01999999999808,112.98000000000192,887.0200000000166,100.0,49.85125880205949,0.18679764029077975
6.866666666666666,loiter,6000.0,70.0,49.829397514544766,60.0,-10.170602485455234,0.6961409610988228,3.999999999999991,76.71999999999808,113.28000000000192,886.7200000000166,100.0,49.829397514544766,0.18671572386540555
6.883333333333334,loiter,6000.0,70.0,49.8075436195098,60.0,-10.1924563804902,0.7018034368657619,3.999999999999981,76.41999999999808,113.58000000000192,886.4200000000167,100.0,49.8075436195098,0.18663383514039053
6.9,loiter,6000.0,70.0,49.78569711695456,0.0,49.78569711695456,0.6741447162452315,2.5015013537817525,76.41999999999808,113.58000000000192,886.4200000000167,0.0,49.78569711695456,0.8075
6.916666666666667,loiter,6000.0,70.0,49.78569711695456,60.0,-10.214302883045441,0.6798193289580345,4.000000000000008,76.11999999999809,113.88000000000191,886.1200000000167,100.0,49.78569711695456,0.1865519741157346
6.933333333333334,loiter,6000.0,70.0,49.76385800687904,60.0,-10.23614199312096,0.6855060745097684,4.000000000000004,75.81999999999809,114.18000000000191,885.8200000000168,100.0,49.76385800687904,0.1864701407914377
6.95,loiter,6000.0,70.0,49.74202628928331,60.0,-10.25797371071669,0.6912049487934999,4.000000000000001,75.51999999999809,114.48000000000191,885.5200000000168,100.0,49.74202628928331,0.18638833516750009
6.966666666666667,loiter,6000.0,70.0,49.7202019641673,60.0,-10.279798035832698,0.6969159477022958,3.9999999999999853,75.2199999999981,114.7800000000019,885.2200000000169,100.0,49.7202019641673,0.18630655724392153
6.983333333333333,loiter,6000.0,70.0,49.69838503153103,60.0,-10.301614968468968,0.702639067129223,3.999999999999964,74.9199999999981,115.0800000000019,884.9200000000169,100.0,49.69838503153103,0.18622480702070213
7.0,loiter,6000.0,70.0,49.676575491374514,0.0,49.676575491374514,0.6750409696340149,2.5021959839760335,74.9199999999981,115.0800000000019,884.9200000000169,0.0,49.676575491374514,0.8074999999999999
7.016666666666667,loiter,6000.0,70.0,49.676575491374514,60.0,-10.323424508625486,0.6807762054721402,3.9999999999999893,74.6199999999981,115.3800000000019,884.620000000017,100.0,49.676575491374514,0.18614308449784184
7.033333333333333,loiter,6000.0,70.0,49.65477334369774,60.0,-10.345226656302259,0.6865235536145304,3.9999999999999987,74.3199999999981,115.6800000000019,884.320000000017,100.0,49.65477334369774,0.18606138967534072
7.05,loiter,6000.0,70.0,49.632978588500734,60.0,-10.367021411499266,0.6922830099542523,4.000000000000011,74.0199999999981,115.9800000000019,884.020000000017,100.0,49.632978588500734,0.18597972255319878
7.066666666666666,loiter,6000.0,70.0,49.611191225783415,60.0,-10.388808774216585,0.6980545703843726,3.999999999999991,73.71999999999811,116.28000000000189,883.7200000000171,100.0,49.611191225783415,0.18589808313141581
7.083333333333333,loiter,6000.0,70.0,49.58941125554587,60.0,-10.410588744454131,0.7038382307979582,3.9999999999999414,73.41999999999811,116.58000000000189,883.4200000000171,100.0,49.58941125554587,0.18581647140999208
7.1,loiter,6000.0,70.0,49.56763867778809,0.0,49.56763867778809,0.6763006537547426,2.503191661376133,73.41999999999811,116.58000000000189,883.4200000000171,0.0,49.56763867778809,0.8074999999999999
7.116666666666666,loiter,6000.0,70.0,49.56763867778809,60.0,-10.43236132221191,0.6820964100448603,4.00000000000001,73.11999999999811,116.88000000000189,883.1200000000172,100.0,49.56763867778809,0.1857348873889275
7.133333333333334,loiter,6000.0,70.0,49.54587349251001,60.0,-10.454126507489988,0.687904258104577,3.9999999999999987,72.81999999999812,117.18000000000188,882.8200000000172,100.0,49.54587349251001,0.185653331068222
7.15,loiter,6000.0,70.0,49.52411569971173,60.0,-10.475884300288271,0.6937241938269594,4.000000000000013,72.51999999999812,117.48000000000188,882.5200000000173,100.0,49.52411569971173,0.18557180244787572
7.166666666666667,loiter,6000.0,70.0,49.502365299393176,60.0,-10.497634700606824,0.6995562131050743,4.0000000000000036,72.21999999999812,117.78000000000188,882.2200000000173,100.0,49.502365299393176,0.18549030152788856
7.183333333333334,loiter,6000.0,70.0,49.480622291554354,60.0,-10.519377708445646,0.7054003118319886,3.9999999999996714,71.91999999999813,118.08000000000187,881.9200000000174,100.0,49.480622291554354,0.18540882830826047
7.2,loiter,6000.0,70.0,49.45888667619525,0.0,49.45888667619525,0.6779231525674356,2.504486635676044,71.91999999999813,118.08000000000187,881.9200000000174,0.0,49.45888667619525,0.8075
7.216666666666667,loiter,6000.0,70.0,49.45888667619525,60.0,-10.541113323804751,0.683779326636216,4.000000000000005,71.61999999999813,118.38000000000187,881.6200000000174,100.0,49.45888667619525,0.1853273827889915
7.233333333333333,loiter,6000.0,70.0,49.43715845331592,60.0,-10.562841546684083,0.6896475719399293,3.9999999999999916,71.31999999999813,118.68000000000187,881.3200000000174,100.0,49.43715845331592,0.1852459649700817
7.25,loiter,6000.0,70.0,49.41543762291633,60.0,-10.584562377083671,0.6955278843716425,4.00000000000001,71.01999999999813,118.98000000000187,881.0200000000175,100.0,49.41543762291633,0.18516457485153104
7.266666666666667,loiter,6000.0,70.0,49.39372418499648,60.0,-10.60627581500352,0.7014202598244222,3.9999999999999907,70.71999999999814,119.28000000000186,880.7200000000175,100.0,49.39372418499648,0.18508321243333944
7.283333333333333,loiter,6000.0,70.0,49.372018139556374,0.0,49.372018139556374,0.673991360858002,2.5011826137777327,70.71999999999814,119.28000000000186,880.7200000000175,0.0,49.372018139556374,0.8075
7.3,loiter,6000.0,70.0,49.372018139556374,60.0,-10.627981860443626,0.6798957952249152,4.00000000000001,70.41999999999814,119.58000000000186,880.4200000000176,100.0,49.372018139556374,0.18500187771550708
7.316666666666666,loiter,6000.0,70.0,49.35031948659604,60.0,-10.649680513403958,0.6858122843990285,4.000000000000003,70.11999999999814,119.88000000000186,880.1200000000176,100.0,49.35031948659604,0.18492057069803383
7.333333333333333,loiter,6000.0,70.0,49.32862822611542,60.0,-10.67137177388458,0.6917408242734089,3.999999999999998,69.81999999999815,120.18000000000185,879.8200000000177,100.0,49.32862822611542,0.1848392913809197
7.35,loiter,6000.0,70.0,49.30694435811454,60.0,-10.693055641885458,0.697681410741123,3.9999999999999947,69.51999999999815,120.48000000000185,879.5200000000177,100.0,49.30694435811454,0.18475803976416466
7.366666666666666,loiter,6000.0,70.0,49.2852678825934,60.0,-10.714732117406598,0.7036340396952377,3.999999999999949,69.21999999999815,120.78000000000185,879.2200000000178,100.0,49.2852678825934,0.18467681584776877
7.383333333333334,loiter,6000.0,70.0,49.26359879955203,0.0,49.26359879955203,0.6762653736954867,2.5030222151540835,69.21999999999815,120.78000000000185,879.2200000000178,0.0,49.26359879955203,0.8074999999999999
7.4,loiter,6000.0,70.0,49.26359879955203,60.0,-10.736401200447972,0.6822300410290689,4.000000000000001,68.91999999999815,121.08000000000185,878.9200000000178,100.0,49.26359879955203,0.18459561963173207
7.416666666666667,loiter,6000.0,70.0,49.24193710899037,60.0,-10.75806289100963,0.6882067426351853,3.9999999999999902,68.61999999999816,121.38000000000184,878.6200000000179,100.0,49.24193710899037,0.18451445111605438
7.433333333333334,loiter,6000.0,70.0,49.22028281090848,60.0,-10.77971718909152,0.6941954744069029,3.9999999999999902,68.31999999999816,121.68000000000184,878.3200000000179,100.0,49.22028281090848,0.18443331030073595
7.45,loiter,6000.0,70.0,49.19863590530634,60.0,-10.80136409469366,0.7001962322372882,3.999999999999983,68.01999999999816,121.98000000000184,878.020000000018,100.0,49.19863590530634,0.18435219718577664
7.466666666666667,loiter,6000.0,70.0,49.17699639218393,0.0,49.17699639218393,0.6728756786860749,2.5001635090312155,68.01999999999816,121.98000000000184,878.020000000018,0.0,49.17699639218393,0.8075
7.483333333333333,loiter,6000.0,70.0,49.17699639218393,60.0,-10.82300360781607,0.6788884584681949,4.0,67.71999999999817,122.28000000000183,877.720000000018,100.0,49.17699639218393,0.18427111177117644
7.5,loiter,6000.0,70.0,49.155364271541266,60.0,-10.844635728458734,0.6849132560951164,3.9999999999999933,67.41999999999817,122.58000000000183,877.420000000018,100.0,49.155364271541266,0.18419005405693537
7.516666666666667,loiter,6000.0,70.0,49.13373954337833,60.0,-10.866260456621667,0.6909500674599063,3.9999999999999987,67.11999999999817,122.88000000000183,877.1200000000181,100.0,49.13373954337833,0.18410902404305338
7.533333333333333,loiter,6000.0,70.0,49.11212220769517,60.0,-10.887877792304828,0.6969988884556312,3.999999999999993,66.81999999999817,123.18000000000183,876.8200000000181,100.0,49.11212220769517,0.18402802172953064
7.55,loiter,6000.0,70.0,49.09051226449174,60.0,-10.909487735508257,0.703059714975358,3.999999999999963,66.51999999999818,123.48000000000182,876.5200000000182,100.0,49.09051226449174,0.18394704711636695
7.566666666666666,loiter,6000.0,70.0,49.06890971376805,0.0,49.06890971376805,0.6757992095788202,2.5025454060713805,66.51999999999818,123.48000000000182,876.5200000000182,0.0,49.06890971376805,0.8075
7.583333333333333,loiter,6000.0,70.0,49.06890971376805,60.0,-10.93109028623195,0.6818720375156158,3.999999999999992,66.21999999999818,123.78000000000182,876.2200000000182,100.0,49.06890971376805,0.18386610020356242
7.6,loiter,6000.0,70.0,49.04731455552411,60.0,-10.95268544447589,0.6879568627625469,3.9999999999999947,65.91999999999818,124.08000000000182,875.9200000000183,100.0,49.04731455552411,0.18378518099111701
7.616666666666666,loiter,6000.0,70.0,49.0257267897599,60.0,-10.9742732102401,0.6940536812126803,4.000000000000017,65.61999999999819,124.38000000000181,875.6200000000183,100.0,49.0257267897599,0.18370428947903072
7.633333333333334,loiter,6000.0,70.0,49.00414641647545,60.0,-10.99585358352455,0.7001624887590828,3.999999999999979,65.31999999999819,124.68000000000181,875.3200000000184,100.0,49.00414641647545,0.18362342566730358
7.65,loiter,6000.0,70.0,48.98257343567073,0.0,48.98257343567073,0.672949947961488,2.5001353950725034,65.31999999999819,124.68000000000181,875.3200000000184,0.0,48.98257343567073,0.8075
7.666666666666667,loiter,6000.0,70.0,48.98257343567073,60.0,-11.01742656432927,0.6790707404972265,3.9999999999999973,65.01999999999819,124.98000000000181,875.0200000000184,100.0,48.98257343567073,0.18354258955593558
7.683333333333334,loiter,6000.0,70.0,48.96100784734577,60.0,-11.038992152654231,0.6852035139153677,3.9999999999999907,64.7199999999982,125.2800000000018,874.7200000000184,100.0,48.96100784734577,0.1834617811449267
7.7,loiter,6000.0,70.0,48.93944965150053,60.0,-11.060550348499468,0.6913482641089785,4.0,64.4199999999982,125.5800000000018,874.4200000000185,100.0,48.93944965150053,0.18338100043427694
7.716666666666667,loiter,6000.0,70.0,48.91789884813506,60.0,-11.08210115186494,0.6975049869711257,3.999999999999992,64.1199999999982,125.8800000000018,874.1200000000185,100.0,48.91789884813506,0.18330024742398637
7.733333333333333,loiter,6000.0,70.0,48.89635543724934,60.0,-11.10364456275066,0.703673678394876,3.9999999999999654,63.8199999999982,126.1800000000018,873.8200000000186,100.0,48.89635543724934,0.18321952211405496
7.75,loiter,6000.0,70.0,48.87481941884335,0.0,48.87481941884335,0.676521000939963,2.50305511206297,63.8199999999982,126.1800000000018,873.8200000000186,0.0,48.87481941884335,0.8074999999999999
7.766666666666667,loiter,6000.0,70.0,48.87481941884335,60.0,-11.125180581156648,0.6827016568183834,3.9999999999999916,63.519999999998205,126.4800000000018,873.5200000000186,100.0,48.87481941884335,0.1831388245044826
7.783333333333333,loiter,6000.0,70.0,48.853290792917086,60.0,-11.146709207082914,0.6888942730445405,3.999999999999992,63.21999999999821,126.78000000000179,873.2200000000187,100.0,48.853290792917086,0.18305815459526933
7.8,loiter,6000.0,70.0,48.83176955947057,60.0,-11.168230440529427,0.6950988455115014,3.999999999999989,62.91999999999821,127.08000000000179,872.9200000000187,100.0,48.83176955947057,0.18297751238641527
7.816666666666666,loiter,6000.0,70.0,48.810255718503825,60.0,-11.189744281496175,0.7013153701123326,3.9999999999999765,62.619999999998214,127.38000000000179,872.6200000000188,100.0,48.810255718503825,0.18289689787792035
7.833333333333333,loiter,6000.0,70.0,48.788749270016794,0.0,48.788749270016794,0.6742105094067677,2.5010953389825223,62.619999999998214,127.38000000000179,872.6200000000188,0.0,48.788749270016794,0.8074999999999999
7.85,loiter,6000.0,70.0,48.788749270016794,60.0,-11.211250729983206,0.6804389820345362,4.00000000000001,62.31999999999822,127.68000000000178,872.3200000000188,100.0,48.788749270016794,0.18281631106978447
7.866666666666666,loiter,6000.0,70.0,48.76725021400953,60.0,-11.232749785990471,0.6866793985823088,4.000000000000002,62.01999999999822,127.98000000000178,872.0200000000189,100.0,48.76725021400953,0.18273575196200786
7.883333333333334,loiter,6000.0,70.0,48.745758550482,60.0,-11.254241449517998,0.6929317549431521,4.000000000000007,61.71999999999822,128.2800000000018,871.7200000000189,100.0,48.745758550482,0.18265522055459033
7.9,loiter,6000.0,70.0,48.72427427943422,60.0,-11.27572572056578,0.699196047010133,3.999999999999992,61.419999999998225,128.58000000000177,871.420000000019,100.0,48.72427427943422,0.18257471684753193
7.916666666666667,loiter,6000.0,70.0,48.70279740086617,60.0,-11.297202599133833,0.7054722706763185,3.999999999999842,61.11999999999823,128.88000000000176,871.120000000019,100.0,48.70279740086617,0.18249424084083263
7.933333333333334,loiter,6000.0,70.0,48.68132791477787,0.0,48.68132791477787,0.6784270885014418,2.504546234184442,61.11999999999823,128.88000000000176,871.120000000019,0.0,48.68132791477787,0.8074999999999999
7.95,loiter,6000.0,70.0,48.68132791477787,60.0,-11.318672085222133,0.6847152396598986,4.000000000000008,60.81999999999823,129.18000000000177,870.820000000019,100.0,48.68132791477787,0.18241379253449244
7.966666666666667,loiter,6000.0,70.0,48.659865821169326,60.0,-11.340134178830674,0.6910153142036933,4.0000000000000036,60.519999999998234,129.48000000000178,870.5200000000191,100.0,48.659865821169326,0.18233337192851148
7.983333333333333,loiter,6000.0,70.0,48.6384111200405,60.0,-11.361588879959498,0.697327308025893,4.000000000000008,60.21999999999824,129.78000000000176,870.2200000000191,100.0,48.6384111200405,0.18225297902288956
8.0,loiter,6000.0,70.0,48.616963811391436,60.0,-11.383036188608564,0.7036512170195645,3.9999999999999623,59.91999999999824,130.08000000000175,869.9200000000192,100.0,48.616963811391436,0.18217261381762684
8.016666666666667,loiter,6000.0,70.0,48.59552389522212,0.0,48.59552389522212,0.6766537037444411,2.5030364711233575,59.91999999999824,130.08000000000175,869.9200000000192,0.0,48.59552389522212,0.8075
8.033333333333333,loiter,6000.0,70.0,48.59552389522212,60.0,-11.404476104777878,0.6829895238026511,3.999999999999988,59.61999999999824,130.38000000000176,869.6200000000192,100.0,48.59552389522212,0.18209227631272326
8.05,loiter,6000.0,70.0,48.574091371532546,60.0,-11.425908628467454,0.6893372508184663,4.000000000000006,59.319999999998245,130.68000000000177,869.3200000000193,100.0,48.574091371532546,0.1820119665081788
8.066666666666666,loiter,6000.0,70.0,48.55266624032271,60.0,-11.447333759677292,0.6956968806849537,4.000000000000004,59.01999999999825,130.98000000000175,869.0200000000193,100.0,48.55266624032271,0.18193168440399346
8.083333333333334,loiter,6000.0,70.0,48.531248501592636,60.0,-11.468751498407364,0.70206840929518,3.9999999999999765,58.71999999999825,131.28000000000173,868.7200000000194,100.0,48.531248501592636,0.1818514300001673
8.1,loiter,6000.0,70.0,48.50983815534228,0.0,48.50983815534228,0.6751184992088788,2.501721686858541,58.71999999999825,131.28000000000173,868.7200000000194,0.0,48.50983815534228,0.8075000000000001
8.116666666666667,loiter,6000.0,70.0,48.50983815534228,60.0,-11.49016184465772,0.6815019224559109,3.999999999999994,58.419999999998254,131.58000000000175,868.4200000000194,100.0,48.50983815534228,0.1817712032967002
8.133333333333333,loiter,6000.0,70.0,48.48843520157166,60.0,-11.511564798428338,0.6878972362328155,4.000000000000001,58.11999999999826,131.88000000000176,868.1200000000194,100.0,48.48843520157166,0.1816910042935922
8.15,loiter,6000.0,70.0,48.46703964028082,60.0,-11.532960359719183,0.6943044364326595,4.000000000000004,57.81999999999826,132.18000000000174,867.8200000000195,100.0,48.46703964028082,0.18161083299084343
8.166666666666666,loiter,6000.0,70.0,48.4456514714697,60.0,-11.554348528530298,0.7007235189485097,3.999999999999986,57.51999999999826,132.48000000000172,867.5200000000195,100.0,48.4456514714697,0.18153068938845374
8.183333333333334,loiter,6000.0,70.0,48.42427069513835,0.0,48.42427069513835,0.6738211463400995,2.500602689812798,57.51999999999826,132.48000000000172,867.5200000000195,0.0,48.42427069513835,0.8075
8.2,loiter,6000.0,70.0,48.42427069513835,60.0,-11.575729304861653,0.6802521070650226,3.999999999999993,57.219999999998265,132.78000000000173,867.2200000000196,100.0,48.42427069513835,0.18145057348642327
8.216666666666667,loiter,6000.0,70.0,48.40289731128671,60.0,-11.597102688713292,0.6866949418920856,3.9999999999999942,56.91999999999827,133.08000000000175,866.9200000000196,100.0,48.40289731128671,0.18137048528475178
8.233333333333333,loiter,6000.0,70.0,48.381531319914835,60.0,-11.618468680085165,0.6931496467143551,3.9999999999999907,56.61999999999827,133.38000000000173,866.6200000000197,100.0,48.381531319914835,0.18129042478343957
8.25,loiter,6000.0,70.0,48.36017272102267,60.0,-11.639827278977329,0.699616217424898,3.999999999999981,56.319999999998274,133.6800000000017,866.3200000000197,100.0,48.36017272102267,0.18121039198248637
8.266666666666667,loiter,6000.0,70.0,48.33882151461029,60.0,-11.661178485389712,0.7060946499167812,3.9999999999996394,56.01999999999828,133.98000000000172,866.0200000000198,100.0,48.33882151461029,0.18113038688189234
8.283333333333333,loiter,6000.0,70.0,48.317477700677635,0.0,48.317477700677635,0.6792516067497381,2.5050615018118303,56.01999999999828,133.98000000000172,866.0200000000198,0.0,48.317477700677635,0.8074999999999999
8.3,loiter,6000.0,70.0,48.317477700677635,60.0,-11.682522299322365,0.6857418969160283,3.99999999999999,55.71999999999828,134.28000000000173,865.7200000000198,100.0,48.317477700677635,0.18105040948165746
8.316666666666666,loiter,6000.0,70.0,48.296141279224734,60.0,-11.703858720775266,0.6922440406497923,4.000000000000007,55.41999999999828,134.58000000000172,865.4200000000199,100.0,48.296141279224734,0.18097045978178178
8.333333333333334,loiter,6000.0,70.0,48.27481225025157,60.0,-11.725187749748429,0.698758033844097,3.9999999999999907,55.119999999998285,134.8800000000017,865.1200000000199,100.0,48.27481225025157,0.18089053778226516
8.35,loiter,6000.0,70.0,48.253490613758146,60.0,-11.746509386241854,0.7052838723920091,3.999999999999886,54.81999999999829,135.1800000000017,864.82000000002,100.0,48.253490613758146,0.18081064348310769
8.366666666666667,loiter,6000.0,70.0,48.23217636974448,0.0,48.23217636974448,0.6784882188532622,2.504390186547961,54.81999999999829,135.1800000000017,864.82000000002,0.0,48.23217636974448,0.8074999999999999
8.383333333333333,loiter,6000.0,70.0,48.23217636974448,60.0,-11.76782363025552,0.6850258986478486,3.9999999999999925,54.51999999999829,135.48000000000172,864.52000000002,100.0,48.23217636974448,0.18073077688430933
8.4,loiter,6000.0,70.0,48.21086951821054,60.0,-11.789130481789464,0.6915754155821761,4.000000000000014,54.219999999998294,135.7800000000017,864.22000000002,100.0,48.21086951821054,0.18065093798587012
8.416666666666666,loiter,6000.0,70.0,48.18957005915636,60.0,-11.81042994084364,0.6981367655493114,3.9999999999999867,53.919999999998296,136.0800000000017,863.9200000000201,100.0,48.18957005915636,0.18057112678779005
8.433333333333334,loiter,6000.0,70.0,48.16827799258192,60.0,-11.83172200741808,0.7047099444423214,3.9999999999999423,53.6199999999983,136.3800000000017,863.6200000000201,100.0,48.16827799258192,0.1804913432900691
8.45,loiter,6000.0,70.0,48.14699331848721,0.0,48.14699331848721,0.6779616148209396,2.503914602269782,53.6199999999983,136.3800000000017,863.6200000000201,0.0,48.14699331848721,0.8075
8.466666666666667,loiter,6000.0,70.0,48.14699331848721,60.0,-11.853006681512788,0.6845466185328912,3.9999999999999893,53.3199999999983,136.6800000000017,863.3200000000202,100.0,48.14699331848721,0.1804115874927073
8.483333333333333,loiter,6000.0,70.0,48.12571603687227,60.0,-11.87428396312773,0.691143442956851,4.000000000000001,53.019999999998305,136.9800000000017,863.0200000000202,100.0,48.12571603687227,0.18033185939570465
8.5,loiter,6000.0,70.0,48.10444614773705,60.0,-11.89555385226295,0.6977520839858861,4.000000000000006,52.71999999999831,137.28000000000168,862.7200000000203,100.0,48.10444614773705,0.18025215899906108
8.516666666666667,loiter,6000.0,70.0,48.08318365108158,60.0,-11.916816348918417,0.704372537513063,3.9999999999999356,52.41999999999831,137.5800000000017,862.4200000000203,100.0,48.08318365108158,0.1801724863027767
8.533333333333333,loiter,6000.0,70.0,48.061928546905854,0.0,48.061928546905854,0.6776714660981152,2.5036348648541074,52.41999999999831,137.5800000000017,862.4200000000203,0.0,48.061928546905854,0.8074999999999999
8.55,loiter,6000.0,70.0,48.061928546905854,60.0,-11.938071453094146,0.6843037280165009,4.0000000000000036,52.11999999999831,137.8800000000017,862.1200000000204,100.0,48.061928546905854,0.18009284130685138
8.566666666666666,loiter,6000.0,70.0,48.04068083520987,60.0,-11.95931916479013,0.6909477942191621,4.000000000000009,51.819999999998316,138.18000000000168,861.8200000000204,100.0,48.04068083520987,0.18001322401128522
8.583333333333334,loiter,6000.0,70.0,48.01944051599364,60.0,-11.980559484006363,0.6976036605991656,4.000000000000007,51.51999999999832,138.48000000000167,861.5200000000204,100.0,48.01944051599364,0.1799336344160782
8.6,loiter,6000.0,70.0,47.99820758925715,60.0,-12.001792410742851,0.7042713230495783,3.9999999999999454,51.21999999999832,138.78000000000168,861.2200000000205,100.0,47.99820758925715,0.1798540725212304
8.616666666666667,loiter,6000.0,70.0,47.97698205500041,0.0,47.97698205500041,0.6776174441301336,2.5035509289255957,51.21999999999832,138.78000000000168,861.2200000000205,0.0,47.97698205500041,0.8075
8.633333333333333,loiter,6000.0,70.0,47.97698205500041,60.0,-12.023017944999587,0.6842968985440222,3.9999999999999982,50.919999999998325,139.0800000000017,860.9200000000205,100.0,47.97698205500041,0.17977453832674167
8.65,loiter,6000.0,70.0,47.95576391322339,60.0,-12.044236086776607,0.6909881408144537,4.000000000000002,50.61999999999833,139.38000000000167,860.6200000000206,100.0,47.95576391322339,0.179695031832612
8.666666666666666,loiter,6000.0,70.0,47.934553163926154,60.0,-12.065446836073846,0.6976911668344947,3.999999999999994,50.31999999999833,139.68000000000166,860.3200000000206,100.0,47.934553163926154,0.1796155530388416
8.683333333333334,loiter,6000.0,70.0,47.91334980710862,60.0,-12.086650192891383,0.7044059724972122,3.999999999999943,50.01999999999833,139.98000000000167,860.0200000000207,100.0,47.91334980710862,0.17953610194543018
8.7,loiter,6000.0,70.0,47.892153842770846,0.0,47.892153842770846,0.6777992203623394,2.5036625899511726,50.01999999999833,139.98000000000167,860.0200000000207,0.0,47.892153842770846,0.8074999999999998
8.716666666666667,loiter,6000.0,70.0,47.892153842770846,60.0,-12.107846157229154,0.6845258015608,3.9999999999999996,49.719999999998336,140.28000000000168,859.7200000000207,100.0,47.892153842770846,0.17945667855237796
8.733333333333333,loiter,6000.0,70.0,47.87096527091282,60.0,-12.12903472908718,0.6912641541880706,4.000000000000003,49.41999999999834,140.58000000000166,859.4200000000208,100.0,47.87096527091282,0.1793772828596849
8.75,loiter,6000.0,70.0,47.849784091534545,60.0,-12.150215908465455,0.6980142741372181,4.000000000000011,49.11999999999834,140.88000000000164,859.1200000000208,100.0,47.849784091534545,0.179297914867351
8.766666666666667,loiter,6000.0,70.0,47.82861030463601,60.0,-12.171389695363992,0.7047761573013092,3.999999999999946,48.819999999998345,141.18000000000166,858.8200000000209,100.0,47.82861030463601,0.17921857457537618
8.783333333333333,loiter,6000.0,70.0,47.8074439102172,0.0,47.8074439102172,0.6782164662400774,2.5039694853795385,48.819999999998345,141.18000000000166,858.8200000000209,0.0,47.8074439102172,0.8074999999999999
8.8,loiter,6000.0,70.0,47.8074439102172,60.0,-12.192556089782798,0.6849901085121789,3.999999999999998,48.51999999999835,141.48000000000167,858.5200000000209,100.0,47.8074439102172,0.1791392619837605
8.816666666666666,loiter,6000.0,70.0,47.786284908278155,60.0,-12.213715091721845,0.6917755057853577,3.999999999999998,48.21999999999835,141.78000000000165,858.220000000021,100.0,47.786284908278155,0.17905997709250399
8.833333333333334,loiter,6000.0,70.0,47.76513329881885,60.0,-12.234866701181147,0.6985726539526806,4.000000000000011,47.91999999999835,142.08000000000163,857.920000000021,100.0,47.76513329881885,0.17898071990160658
8.85,loiter,6000.0,70.0,47.74398908183926,60.0,-12.25601091816074,0.7053815489072144,3.999999999999917,47.619999999998356,142.38000000000164,857.620000000021,100.0,47.74398908183926,0.17890149041106823
8.866666666666667,loiter,6000.0,70.0,47.72285225733946,0.0,47.72285225733946,0.6788688532086925,2.5044710948400097,47.619999999998356,142.38000000000164,857.620000000021,0.0,47.72285225733946,0.8074999999999999
8.883333333333333,loiter,6000.0,70.0,47.72285225733946,60.0,-12.277147742660539,0.685689490843504,3.9999999999999916,47.31999999999836,142.68000000000166,857.3200000000211,100.0,47.72285225733946,0.17882228862088914
8.9,loiter,6000.0,70.0,47.70172282531938,60.0,-12.29827717468062,0.6925218670516599,4.000000000000005,47.01999999999836,142.98000000000164,857.0200000000211,100.0,47.70172282531938,0.17874311453106914
8.916666666666666,loiter,6000.0,70.0,47.68060078577905,60.0,-12.319399214220951,0.6993659777262271,4.000000000000003,46.719999999998365,143.28000000000162,856.7200000000212,100.0,47.68060078577905,0.17866396814160823
8.933333333333334,loiter,6000.0,70.0,47.65948613871846,60.0,-12.340513861281543,0.7062218187602725,3.9999999999997735,46.41999999999837,143.58000000000163,856.4200000000212,100.0,47.65948613871846,0.17858484945250647
8.95,loiter,6000.0,70.0,47.63837888413762,0.0,47.63837888413762,0.6797560527135293,2.5051667394036534,46.41999999999837,143.58000000000163,856.4200000000212,0.0,47.63837888413762,0.8075
8.966666666666667,loiter,6000.0,70.0,47.63837888413762,60.0,-12.361621115862377,0.6866236200001196,4.000000000000004,46.11999999999837,143.88000000000164,856.1200000000213,100.0,47.63837888413762,0.17850575846376393
8.983333333333333,loiter,6000.0,70.0,47.61727902203651,60.0,-12.382720977963487,0.6935029094323215,4.000000000000005,45.81999999999837,144.18000000000163,855.8200000000213,100.0,47.61727902203651,0.17842669517538043
9.0,loiter,6000.0,70.0,47.59618655241515,60.0,-12.403813447584852,0.700393916903202,3.999999999999982,45.519999999998376,144.4800000000016,855.5200000000214,100.0,47.59618655241515,0.17834765958735607
9.016666666666667,loiter,6000.0,70.0,47.575101475273534,0.0,47.575101475273534,0.6739633049724945,2.5003281922005907,45.519999999998376,144.4800000000016,855.5200000000214,0.0,47.575101475273534,0.8075000000000001
9.033333333333333,loiter,6000.0,70.0,47.575101475273534,60.0,-12.424898524726466,0.6808660263751203,4.00000000000001,45.21999999999838,144.78000000000162,855.2200000000214,100.0,47.575101475273534,0.17826865169969086
9.05,loiter,6000.0,70.0,47.554023790611666,60.0,-12.445976209388334,0.6877804576025582,4.000000000000003,44.91999999999838,145.08000000000163,854.9200000000214,100.0,47.554023790611666,0.17818967151238477
9.066666666666666,loiter,6000.0,70.0,47.53295349842956,60.0,-12.467046501570437,0.6947065945478752,4.000000000000009,44.619999999998385,145.38000000000162,854.6200000000215,100.0,47.53295349842956,0.17811071902543787
9.083333333333334,loiter,6000.0,70.0,47.511890598727156,60.0,-12.488109401272844,0.7016444331041379,3.999999999999972,44.31999999999839,145.6800000000016,854.3200000000215,100.0,47.511890598727156,0.17803179423885002
9.1,loiter,6000.0,70.0,47.490835091504536,0.0,47.490835091504536,0.6752606358310799,2.5013691055534797,44.31999999999839,145.6800000000016,854.3200000000215,0.0,47.490835091504536,0.8075
9.116666666666667,loiter,6000.0,70.0,47.490835091504536,60.0,-12.509164908495464,0.6822101718913551,3.999999999999991,44.01999999999839,145.9800000000016,854.0200000000216,100.0,47.490835091504536,0.1779528971526214
9.133333333333333,loiter,6000.0,70.0,47.469786976761625,60.0,-12.530213023238375,0.6891714013487098,3.9999999999999916,43.71999999999839,146.28000000000162,853.7200000000216,100.0,47.469786976761625,0.1778740277667518
9.15,loiter,6000.0,70.0,47.44874625449847,60.0,-12.551253745501533,0.6961443200962106,4.000000000000004,43.419999999998396,146.5800000000016,853.4200000000217,100.0,47.44874625449847,0.1777951860812413
9.166666666666666,loiter,6000.0,70.0,47.42771292471508,60.0,-12.572287075284919,0.7031289240269245,3.9999999999999805,43.1199999999984,146.8800000000016,853.1200000000217,100.0,47.42771292471508,0.17771637209609012
9.183333333333334,loiter,6000.0,70.0,47.40668698741141,0.0,47.40668698741141,0.6767918757005849,2.5026028804448037,43.1199999999984,146.8800000000016,853.1200000000217,0.0,47.40668698741141,0.8074999999999999
9.2,loiter,6000.0,70.0,47.40668698741141,60.0,-12.593313012588588,0.6837881607075785,4.000000000000003,42.8199999999984,147.1800000000016,852.8200000000218,100.0,47.40668698741141,0.17763758581129796
9.216666666666667,loiter,6000.0,70.0,47.38566844258751,60.0,-12.614331557412491,0.6907961226839188,4.000000000000007,42.519999999998404,147.4800000000016,852.5200000000218,100.0,47.38566844258751,0.177558827226865
9.233333333333333,loiter,6000.0,70.0,47.3646572902433,60.0,-12.6353427097567,0.6978157575226724,3.9999999999999916,42.21999999999841,147.7800000000016,852.2200000000219,100.0,47.3646572902433,0.17748009634279102
9.25,loiter,6000.0,70.0,47.343653530378894,60.0,-12.656346469621106,0.7048470611169064,3.9999999999999565,41.91999999999841,148.08000000000158,851.9200000000219,100.0,47.343653530378894,0.17740139315907635
9.266666666666667,loiter,6000.0,70.0,47.32265716299421,0.0,47.32265716299421,0.678556696026354,2.5040282521613233,41.91999999999841,148.08000000000158,851.9200000000219,0.0,47.32265716299421,0.8075
9.283333333333333,loiter,6000.0,70.0,47.32265716299421,60.0,-12.677342837005789,0.685599664269135,3.999999999999995,41.61999999999841,148.3800000000016,851.620000000022,100.0,47.32265716299421,0.17732271767572078
9.3,loiter,6000.0,70.0,47.30166818808926,60.0,-12.698331811910741,0.6926542930535299,3.999999999999997,41.319999999998416,148.6800000000016,851.320000000022,100.0,47.30166818808926,0.17724406989272423
9.316666666666666,loiter,6000.0,70.0,47.28068660566405,60.0,-12.719313394335948,0.6997205782726054,3.999999999999994,41.01999999999842,148.98000000000158,851.020000000022,100.0,47.28068660566405,0.17716544981008686
9.333333333333334,loiter,6000.0,70.0,47.259712415718596,60.0,-12.740287584281404,0.7067985158194283,3.999999999999489,40.71999999999842,149.28000000000156,850.7200000000221,100.0,47.259712415718596,0.17708685742780864
9.35,loiter,6000.0,70.0,47.23874561825289,0.0,47.23874561825289,0.6805547682537323,2.505643786548741,40.71999999999842,149.28000000000156,850.7200000000221,0.0,47.23874561825289,0.8075
9.366666666666667,loiter,6000.0,70.0,47.23874561825289,60.0,-12.761254381747108,0.6876443540213696,3.9999999999999885,40.419999999998424,149.58000000000158,850.4200000000221,100.0,47.23874561825289,0.1770082927458896
9.383333333333333,loiter,6000.0,70.0,47.21778621326693,60.0,-12.782213786733067,0.694745583902888,4.000000000000011,40.11999999999843,149.8800000000016,850.1200000000222,100.0,47.21778621326693,0.1769297557643297
9.4,loiter,6000.0,70.0,47.196834200760705,60.0,-12.803165799239295,0.7018584537913543,3.999999999999992,39.81999999999843,150.18000000000157,849.8200000000222,100.0,47.196834200760705,0.17685124648312886
9.416666666666666,loiter,6000.0,70.0,47.17588958073424,0.0,47.17588958073424,0.6756496262465019,2.5015471075197397,39.81999999999843,150.18000000000157,849.8200000000222,0.0,47.17588958073424,0.8075
9.433333333333334,loiter,6000.0,70.0,47.17588958073424,60.0,-12.824110419265757,0.6827741320349829,4.000000000000018,39.51999999999843,150.48000000000155,849.5200000000223,100.0,47.17588958073424,0.17677276490228724
9.45,loiter,6000.0,70.0,47.15495235318749,60.0,-12.84504764681251,0.6899102696165454,3.999999999999995,39.219999999998436,150.78000000000156,849.2200000000223,100.0,47.15495235318749,0.1766943110218046
9.466666666666667,loiter,6000.0,70.0,47.134022518120496,60.0,-12.865977481879504,0.6970580348842563,3.999999999999992,38.91999999999844,151.08000000000158,848.9200000000224,100.0,47.134022518120496,0.1766158848416812
9.483333333333333,loiter,6000.0,70.0,47.11310007553324,60.0,-12.88689992446676,0.7042174237311823,3.999999999999969,38.61999999999844,151.38000000000156,848.6200000000224,100.0,47.11310007553324,0.1765374863619169
9.5,loiter,6000.0,70.0,47.09218502542576,0.0,47.09218502542576,0.6780550987170569,2.503506226919008,38.61999999999844,151.38000000000156,848.6200000000224,0.0,47.09218502542576,0.8074999999999999
9.516666666666667,loiter,6000.0,70.0,47.09218502542576,60.0,-12.907814974574237,0.6852261070362649,4.0000000000000036,38.319999999998444,151.68000000000154,848.3200000000224,100.0,47.09218502542576,0.17645911558251182
9.533333333333333,loiter,6000.0,70.0,47.07127736779798,60.0,-12.928722632202017,0.6924087307208215,4.0000000000000036,38.01999999999845,151.98000000000155,848.0200000000225,100.0,47.07127736779798,0.17638077250346576
9.55,loiter,6000.0,70.0,47.05037710264997,60.0,-12.949622897350032,0.6996029656637938,4.0000000000000036,37.71999999999845,152.28000000000156,847.7200000000225,100.0,47.05037710264997,0.17630245712477888
9.566666666666666,loiter,6000.0,70.0,47.02948422998171,60.0,-12.970515770018288,0.7068088077582484,3.999999999999631,37.41999999999845,152.58000000000155,847.4200000000226,100.0,47.02948422998171,0.17622416944645114
9.583333333333334,loiter,6000.0,70.0,47.00859874979317,0.0,47.00859874979317,0.6806929195639189,2.505652297208703,37.41999999999845,152.58000000000155,847.4200000000226,0.0,47.00859874979317,0.8075
9.6,loiter,6000.0,70.0,47.00859874979317,60.0,-12.991401250206827,0.6879103647029227,4.000000000000008,37.119999999998456,152.88000000000153,847.1200000000226,100.0,47.00859874979317,0.17614590946848252
9.616666666666667,loiter,6000.0,70.0,46.987720662084385,60.0,-13.012279337915615,0.6951394087795425,4.0000000000000036,36.81999999999846,153.18000000000154,846.8200000000227,100.0,46.987720662084385,0.17606767719087302
9.633333333333333,loiter,6000.0,70.0,46.96684996685536,60.0,-13.033150033144643,0.702380047686845,3.9999999999999805,36.51999999999846,153.48000000000155,846.5200000000227,100.0,46.96684996685536,0.17598947261362274
9.65,loiter,6000.0,70.0,46.945986664106066,0.0,46.945986664106066,0.6762989439845639,2.501980740115615,36.51999999999846,153.48000000000155,846.5200000000227,0.0,46.945986664106066,0.8074999999999998
9.666666666666666,loiter,6000.0,70.0,46.945986664106066,60.0,-13.054013335893934,0.6835511736156161,4.000000000000005,36.219999999998464,153.78000000000154,846.2200000000228,100.0,46.945986664106066,0.1759112957367315
9.683333333333334,loiter,6000.0,70.0,46.92513075383651,60.0,-13.074869246163487,0.6908149898634848,3.999999999999998,35.91999999999847,154.08000000000152,845.9200000000228,100.0,46.92513075383651,0.17583314656019944
9.7,loiter,6000.0,70.0,46.9042822360467,60.0,-13.095717763953303,0.6980903886212366,3.9999999999999925,35.61999999999847,154.38000000000153,845.6200000000229,100.0,46.9042822360467,0.17575502508402646
9.716666666666667,loiter,6000.0,70.0,46.88344111073664,60.0,-13.11655888926336,0.7053773657819384,3.999999999999933,35.31999999999847,154.68000000000154,845.3200000000229,100.0,46.88344111073664,0.17567693130821269
9.733333333333333,loiter,6000.0,70.0,46.86260737790632,0.0,46.86260737790632,0.6793425839053238,2.5044676300219453,35.31999999999847,154.68000000000154,845.3200000000229,0.0,46.86260737790632,0.8074999999999998
9.75,loiter,6000.0,70.0,46.86260737790632,60.0,-13.137392622093678,0.6866411353620425,3.9999999999999916,35.019999999998475,154.98000000000152,845.020000000023,100.0,46.86260737790632,0.175598865232758
9.766666666666667,loiter,6000.0,70.0,46.84178103755574,60.0,-13.15821896244426,0.6939512570078449,4.000000000000006,34.71999999999848,155.2800000000015,844.720000000023,100.0,46.84178103755574,0.17552082685766243
9.783333333333333,loiter,6000.0,70.0,46.8209620896849,60.0,-13.179037910315103,0.7012729447357977,3.9999999999999853,34.41999999999848,155.58000000000152,844.420000000023,100.0,46.8209620896849,0.175442816182926
9.8,loiter,6000.0,70.0,46.80015053429381,0.0,46.80015053429381,0.6752728611056344,2.501060035505128,34.41999999999848,155.58000000000152,844.420000000023,0.0,46.80015053429381,0.8075
9.816666666666666,loiter,6000.0,70.0,46.80015053429381,60.0,-13.199849465706187,0.6826061108088045,4.00000000000001,34.119999999998484,155.88000000000153,844.1200000000231,100.0,46.80015053429381,0.17536483320854876
9.833333333333334,loiter,6000.0,70.0,46.77934637138247,60.0,-13.220653628617526,0.6899509183802587,3.9999999999999925,33.81999999999849,156.1800000000015,843.8200000000231,100.0,46.77934637138247,0.17528687793453057
9.85,loiter,6000.0,70.0,46.75854960095088,60.0,-13.241450399049121,0.6973072797130637,4.000000000000017,33.51999999999849,156.4800000000015,843.5200000000232,100.0,46.75854960095088,0.1752089503608716
9.866666666666667,loiter,6000.0,70.0,46.73776022299903,60.0,-13.262239777000971,0.7046751907002865,3.9999999999999596,33.21999999999849,156.7800000000015,843.2200000000232,100.0,46.73776022299903,0.17513105048757174
9.883333333333333,loiter,6000.0,70.0,46.71697823752692,0.0,46.71697823752692,0.6787213139016605,2.5038857936122105,33.21999999999849,156.7800000000015,843.2200000000232,0.0,46.71697823752692,0.8074999999999998
9.9,loiter,6000.0,70.0,46.71697823752692,60.0,-13.283021762473084,0.6861007704363677,4.000000000000008,32.919999999998495,157.08000000000152,842.9200000000233,100.0,46.71697823752692,0.175053178314631
9.916666666666666,loiter,6000.0,70.0,46.69620364453453,60.0,-13.303796355465472,0.6934917684116263,3.9999999999999982,32.6199999999985,157.3800000000015,842.6200000000233,100.0,46.69620364453453,0.17497533384204933
9.933333333333334,loiter,6000.0,70.0,46.675436444021905,60.0,-13.324563555978095,0.700894303720503,4.000000000000002,32.3199999999985,157.68000000000148,842.3200000000234,100.0,46.675436444021905,0.17489751706982687
9.95,loiter,6000.0,70.0,46.654676635989034,0.0,46.654676635989034,0.6749750389227313,2.500744882279584,32.3199999999985,157.68000000000148,842.3200000000234,0.0,46.654676635989034,0.8075
9.966666666666667,loiter,6000.0,70.0,46.654676635989034,60.0,-13.345323364010966,0.682389107458293,4.000000000000017,32.019999999998504,157.9800000000015,842.0200000000234,100.0,46.654676635989034,0.17481972799796355
9.983333333333333,loiter,6000.0,70.0,46.63392422043588,60.0,-13.36607577956412,0.6898147051136063,3.9999999999999996,31.719999999998503,158.2800000000015,841.7200000000234,100.0,46.63392422043588,0.17474196662645927
10.0,loiter,6000.0,70.0,46.61317919736249,60.0,-13.386820802637509,0.6972518277817382,4.000000000000004,31.419999999998502,158.5800000000015,841.4200000000235,100.0,46.61317919736249,0.17466423295531422
10.016666666666667,loiter,6000.0,70.0,46.592441566768876,60.0,-13.407558433231124,0.7047004713557555,3.9999999999999454,31.1199999999985,158.8800000000015,841.1200000000235,100.0,46.592441566768876,0.17458652698452834
10.033333333333333,loiter,6000.0,70.0,46.57171132865496,0.0,46.57171132865496,0.6788272983953917,2.5039067497927316,31.1199999999985,158.8800000000015,841.1200000000235,0.0,46.57171132865496,0.8074999999999999
10.05,loiter,6000.0,70.0,46.57171132865496,60.0,-13.428288671345037,0.6862874587683612,4.000000000000007,30.8199999999985,159.18000000000148,840.8200000000236,100.0,46.57171132865496,0.17450884871410152
10.066666666666666,loiter,6000.0,70.0,46.55098848302078,60.0,-13.449011516979219,0.6937591318333496,3.9999999999999916,30.5199999999985,159.4800000000015,840.5200000000236,100.0,46.55098848302078,0.1744311981440338
10.083333333333334,loiter,6000.0,70.0,46.53027302986635,60.0,-13.46972697013365,0.7012423134834238,4.000000000000005,30.2199999999985,159.7800000000015,840.2200000000237,100.0,46.53027302986635,0.1743535752743252
10.1,loiter,6000.0,70.0,46.5095649691917,0.0,46.5095649691917,0.6754036662783173,2.501034545243169,30.2199999999985,159.7800000000015,840.2200000000237,0.0,46.5095649691917,0.8075
10.116666666666667,loiter,6000.0,70.0,46.5095649691917,60.0,-13.4904350308083,0.6828983524065441,4.000000000000011,29.9199999999985,160.0800000000015,839.9200000000237,100.0,46.5095649691917,0.17427598010497586
10.133333333333333,loiter,6000.0,70.0,46.48886430099676,60.0,-13.51113569900324,0.6904045389059903,4.00000000000001,29.619999999998498,160.3800000000015,839.6200000000238,100.0,46.48886430099676,0.1741984126359855
10.15,loiter,6000.0,70.0,46.46817102528157,60.0,-13.53182897471843,0.6979222216697227,4.000000000000005,29.319999999998497,160.6800000000015,839.3200000000238,100.0,46.46817102528157,0.17412087286735436
10.166666666666666,loiter,6000.0,70.0,46.44748514204613,60.0,-13.552514857953867,0.7054513965908082,3.999999999999937,29.019999999998497,160.9800000000015,839.0200000000239,100.0,46.44748514204613,0.1740433607990824
10.183333333333334,loiter,6000.0,70.0,46.42680665129044,0.0,46.42680665129044,0.6796587262289803,2.5045289461378912,29.019999999998497,160.9800000000015,839.0200000000239,0.0,46.42680665129044,0.8075
10.2,loiter,6000.0,70.0,46.42680665129044,60.0,-13.573193348709559,0.6871993892004856,4.000000000000009,28.719999999998496,161.2800000000015,838.7200000000239,100.0,46.42680665129044,0.1739658764311695
10.216666666666667,loiter,6000.0,70.0,46.40613555301448,60.0,-13.59386444698552,0.6947515361154776,4.000000000000005,28.419999999998495,161.58000000000152,838.420000000024,100.0,46.40613555301448,0.17388841976361571
10.233333333333333,loiter,6000.0,70.0,46.38547184721826,60.0,-13.614528152781737,0.702315162867023,3.999999999999972,28.119999999998495,161.8800000000015,838.120000000024,100.0,46.38547184721826,0.1738109907964211
10.25,loiter,6000.0,70.0,46.36481553390182,0.0,46.36481553390182,0.6765569320148553,2.5019268113052835,28.119999999998495,161.8800000000015,838.120000000024,0.0,46.36481553390182,0.8075
10.266666666666667,loiter,6000.0,70.0,46.36481553390182,60.0,-13.635184466098181,0.684132034496021,3.9999999999999885,27.819999999998494,162.1800000000015,837.820000000024,100.0,46.36481553390182,0.1737335895295857
10.283333333333333,loiter,6000.0,70.0,46.344166613065084,60.0,-13.655833386934916,0.6917186085998738,4.000000000000002,27.519999999998493,162.4800000000015,837.5200000000241,100.0,46.344166613065084,0.1736562159631093
10.3,loiter,6000.0,70.0,46.32352508470811,60.0,-13.676474915291891,0.6993166502194804,4.000000000000006,27.219999999998493,162.7800000000015,837.2200000000241,100.0,46.32352508470811,0.1735788700969921
10.316666666666666,loiter,6000.0,70.0,46.30289094883089,60.0,-13.697109051169107,0.7069261552479077,3.9999999999998064,26.919999999998492,163.08000000000152,836.9200000000242,100.0,46.30289094883089,0.17350155193123407
10.333333333333334,loiter,6000.0,70.0,46.28226420543338,0.0,46.28226420543338,0.6812137862448892,2.5057493275869165,26.919999999998492,163.08000000000152,836.9200000000242,0.0,46.28226420543338,0.8075
10.35,loiter,6000.0,70.0,46.28226420543338,60.0,-13.717735794566622,0.6888347505752039,4.00000000000001,26.61999999999849,163.3800000000015,836.6200000000242,100.0,46.28226420543338,0.17342426146583503
10.366666666666667,loiter,6000.0,70.0,46.26164485451565,60.0,-13.738355145484348,0.696467170100473,4.000000000000006,26.31999999999849,163.6800000000015,836.3200000000243,100.0,46.26164485451565,0.1733469987007953
10.383333333333333,loiter,6000.0,70.0,46.24103289607764,60.0,-13.758967103922359,0.7041110407137632,3.9999999999999605,26.01999999999849,163.9800000000015,836.0200000000243,100.0,46.24103289607764,0.1732697636361146
10.4,loiter,6000.0,70.0,46.22042833011938,0.0,46.22042833011938,0.678433024974808,2.5034179889033843,26.01999999999849,163.9800000000015,836.0200000000243,0.0,46.22042833011938,0.8074999999999999
10.416666666666666,loiter,6000.0,70.0,46.22042833011938,60.0,-13.779571669880617,0.686088342569186,3.9999999999999902,25.71999999999849,164.2800000000015,835.7200000000244,100.0,46.22042833011938,0.17319255627179303
10.433333333333334,loiter,6000.0,70.0,46.19983115664086,60.0,-13.800168843359138,0.6937551030377189,3.9999999999999885,25.41999999999849,164.58000000000152,835.4200000000244,100.0,46.19983115664086,0.1731153766078306
10.45,loiter,6000.0,70.0,46.1792413756421,60.0,-13.8207586243579,0.7014333022734733,3.999999999999988,25.119999999998488,164.8800000000015,835.1200000000244,100.0,46.1792413756421,0.17303822464422736
10.466666666666667,loiter,6000.0,70.0,46.15865898712309,0.0,46.15865898712309,0.6757896028361827,2.501193465193315,25.119999999998488,164.8800000000015,835.1200000000244,0.0,46.15865898712309,0.8075
10.483333333333333,loiter,6000.0,70.0,46.15865898712309,60.0,-13.84134101287691,0.6834792367322254,3.9999999999999933,24.819999999998487,165.1800000000015,834.8200000000245,100.0,46.15865898712309,0.17296110038098328
10.5,loiter,6000.0,70.0,46.138083991083796,60.0,-13.861916008916204,0.6911803011816233,4.000000000000002,24.519999999998486,165.48000000000152,834.5200000000245,100.0,46.138083991083796,0.17288400381809818
10.516666666666667,loiter,6000.0,70.0,46.11751638752426,60.0,-13.882483612475738,0.6988927920774431,4.000000000000008,24.219999999998485,165.7800000000015,834.2200000000246,100.0,46.11751638752426,0.17280693495557234
10.533333333333333,loiter,6000.0,70.0,46.09695617644445,60.0,-13.90304382355555,0.7066167053127518,3.9999999999998743,23.919999999998485,166.08000000000152,833.9200000000246,100.0,46.09695617644445,0.17272989379340553
10.55,loiter,6000.0,70.0,46.0764033578444,0.0,46.0764033578444,0.6810187034472827,2.5054934261955744,23.919999999998485,166.08000000000152,833.9200000000246,0.0,46.0764033578444,0.8075
10.566666666666666,loiter,6000.0,70.0,46.0764033578444,60.0,-13.923596642155601,0.6887540349151469,3.9999999999999907,23.619999999998484,166.38000000000153,833.6200000000247,100.0,46.0764033578444,0.17265288033159792
10.583333333333334,loiter,6000.0,70.0,46.055857931724084,60.0,-13.944142068275916,0.6965007805086335,3.999999999999996,23.319999999998483,166.6800000000015,833.3200000000247,100.0,46.055857931724084,0.1725758945701494
10.6,loiter,6000.0,70.0,46.03531989808353,60.0,-13.964680101916471,0.7042589361208094,3.9999999999999583,23.019999999998483,166.98000000000152,833.0200000000248,100.0,46.03531989808353,0.17249893650906006
10.616666666666667,loiter,6000.0,70.0,46.01478925692271,0.0,46.01478925692271,0.6786951643114079,2.5035406559299456,23.019999999998483,166.98000000000152,833.0200000000248,0.0,46.01478925692271,0.8075
10.633333333333333,loiter,6000.0,70.0,46.01478925692271,60.0,-13.985210743077289,0.6864647258353397,4.000000000000006,22.719999999998482,167.2800000000015,832.7200000000248,100.0,46.01478925692271,0.17242200614832986
10.65,loiter,6000.0,70.0,45.99426600824163,60.0,-14.005733991758369,0.6942456891640943,4.000000000000011,22.41999999999848,167.58000000000152,832.4200000000249,100.0,45.99426600824163,0.17234510348795876
10.666666666666666,loiter,6000.0,70.0,45.97375015204031,60.0,-14.02624984795969,0.7020380501907386,3.9999999999999876,22.11999999999848,167.88000000000153,832.1200000000249,100.0,45.97375015204031,0.17226822852794688
10.683333333333334,loiter,6000.0,70.0,45.95324168831872,0.0,45.95324168831872,0.676508471475006,2.5016964456193262,22.11999999999848,167.88000000000153,832.1200000000249,0.0,45.95324168831872,0.8074999999999998
10.7,loiter,6000.0,70.0,45.95324168831872,60.0,-14.04675831168128,0.6843122260926068,3.9999999999999876,21.81999999999848,168.1800000000015,831.820000000025,100.0,45.95324168831872,0.172191381268294
10.716666666666667,loiter,6000.0,70.0,45.93274061707688,60.0,-14.067259382923119,0.6921273701942308,3.9999999999999933,21.51999999999848,168.48000000000152,831.520000000025,100.0,45.93274061707688,0.17211456170900036
10.733333333333333,loiter,6000.0,70.0,45.91224693831477,60.0,-14.087753061685227,0.6999538996729447,3.999999999999986,21.21999999999848,168.7800000000015,831.220000000025,100.0,45.91224693831477,0.17203776985006577
10.75,loiter,6000.0,70.0,45.89176065203241,60.0,-14.10823934796759,0.7077918104218156,3.999999999996805,20.919999999998478,169.08000000000152,830.9200000000251,100.0,45.89176065203241,0.17196100569149037
10.766666666666667,loiter,6000.0,70.0,45.87128175822981,0.0,45.87128175822981,0.6823077650005768,2.506464697983662,20.919999999998478,169.08000000000152,830.9200000000251,0.0,45.87128175822981,0.8074999999999999
10.783333333333333,loiter,6000.0,70.0,45.87128175822981,60.0,-14.128718241770187,0.6901570529126713,3.9999999999999956,20.619999999998477,169.38000000000153,830.6200000000251,100.0,45.87128175822981,0.1718842692332741
10.8,loiter,6000.0,70.0,45.85081025690695,60.0,-14.149189743093054,0.6980177138810563,4.000000000000007,20.319999999998476,169.6800000000015,830.3200000000252,100.0,45.85081025690695,0.17180756047541695
10.816666666666666,loiter,6000.0,70.0,45.83034614806382,60.0,-14.169653851936182,0.7058897437987985,3.9999999999999503,20.019999999998475,169.98000000000152,830.0200000000252,100.0,45.83034614806382,0.17173087941791892
10.833333333333334,loiter,6000.0,70.0,45.809889431700434,0.0,45.809889431700434,0.6804398052256316,2.5048919008628485,20.019999999998475,169.98000000000152,830.0200000000252,0.0,45.809889431700434,0.8074999999999999
10.85,loiter,6000.0,70.0,45.809889431700434,60.0,-14.190110568299566,0.688323199985798,4.00000000000001,19.719999999998475,170.28000000000154,829.7200000000253,100.0,45.809889431700434,0.17165422606078004
10.866666666666667,loiter,6000.0,70.0,45.78944010781681,60.0,-14.210559892183191,0.6962179554814554,3.999999999999999,19.419999999998474,170.58000000000152,829.4200000000253,100.0,45.78944010781681,0.1715776004040003
10.883333333333333,loiter,6000.0,70.0,45.76899817641292,60.0,-14.231001823587079,0.7041240676056704,3.9999999999999676,19.119999999998473,170.88000000000153,829.1200000000254,100.0,45.76899817641292,0.1715010024475797
10.9,loiter,6000.0,70.0,45.748563637488765,0.0,45.748563637488765,0.6787081989181766,2.5034287944650004,19.119999999998473,170.88000000000153,829.1200000000254,0.0,45.748563637488765,0.8074999999999999
10.916666666666666,loiter,6000.0,70.0,45.748563637488765,60.0,-14.251436362511235,0.6866256635640161,3.999999999999994,18.819999999998473,171.18000000000154,828.8200000000254,100.0,45.748563637488765,0.17142443219151818
10.933333333333334,loiter,6000.0,70.0,45.72813649104436,60.0,-14.27186350895564,0.6945544766245471,3.9999999999999925,18.519999999998472,171.48000000000152,828.5200000000254,100.0,45.72813649104436,0.17134788963581588
10.95,loiter,6000.0,70.0,45.7077167370797,60.0,-14.2922832629203,0.7024946339928361,3.9999999999999876,18.21999999999847,171.78000000000154,828.2200000000255,100.0,45.7077167370797,0.17127137478047263
10.966666666666667,loiter,6000.0,70.0,45.68730437559479,0.0,45.68730437559479,0.6771127982286167,2.5020759685212886,18.21999999999847,171.78000000000154,828.2200000000255,0.0,45.68730437559479,0.8075
10.983333333333333,loiter,6000.0,70.0,45.68730437559479,60.0,-14.312695624405208,0.6850642957977306,4.000000000000004,17.91999999999847,172.08000000000152,827.9200000000255,100.0,45.68730437559479,0.1711948876254886
11.0,loiter,6000.0,70.0,45.66689940658961,60.0,-14.333100593410393,0.6930271294607364,3.9999999999999987,17.61999999999847,172.38000000000153,827.6200000000256,100.0,45.66689940658961,0.1711184281708636
11.016666666666667,loiter,6000.0,70.0,45.646501830064174,60.0,-14.353498169935826,0.7010012951107008,3.999999999999992,17.31999999999847,172.68000000000154,827.3200000000256,100.0,45.646501830064174,0.17104199641659776
11.033333333333333,loiter,6000.0,70.0,45.6261116460185,0.0,45.6261116460185,0.6756534553073571,2.5008339476534367,17.31999999999847,172.68000000000154,827.3200000000256,0.0,45.6261116460185,0.8075
11.05,loiter,6000.0,70.0,45.6261116460185,60.0,-14.3738883539815,0.6836389488373468,4.00000000000001,17.01999999999847,172.98000000000152,827.0200000000257,100.0,45.6261116460185,0.17096559236269113
11.066666666666666,loiter,6000.0,70.0,45.60572885445255,60.0,-14.39427114554745,0.6916357661404287,4.000000000000005,16.719999999998468,173.28000000000154,826.7200000000257,100.0,45.60572885445255,0.17088921600914353
11.083333333333334,loiter,6000.0,70.0,45.585353455366366,60.0,-14.414646544633634,0.6996439031096695,4.000000000000004,16.419999999998467,173.58000000000152,826.4200000000258,100.0,45.585353455366366,0.17081286735595513
11.1,loiter,6000.0,70.0,45.5649854487599,60.0,-14.435014551240101,0.7076633556381362,3.9999999999996105,16.119999999998466,173.88000000000153,826.1200000000258,100.0,45.5649854487599,0.17073654640312583
11.116666666666667,loiter,6000.0,70.0,45.5446248346332,0.0,45.5446248346332,0.6823607862855622,2.50635858951305,16.119999999998466,173.88000000000153,826.1200000000258,0.0,45.5446248346332,0.8074999999999999
11.133333333333333,loiter,6000.0,70.0,45.5446248346332,60.0,-14.455375165366803,0.6903915502663215,3.999999999999992,15.819999999998466,174.18000000000154,825.8200000000259,100.0,45.5446248346332,0.1706602531506557
11.15,loiter,6000.0,70.0,45.52427161298622,60.0,-14.475728387013781,0.6984336215924403,4.000000000000005,15.519999999998465,174.48000000000152,825.5200000000259,100.0,45.52427161298622,0.17058398759854462
11.166666666666666,loiter,6000.0,70.0,45.503925783819014,60.0,-14.496074216180986,0.7064869961569853,3.9999999999999036,15.219999999998464,174.78000000000154,825.220000000026,100.0,45.503925783819014,0.17050774974679286
11.183333333333334,loiter,6000.0,70.0,45.48358734713151,0.0,45.48358734713151,0.68121833651969,2.5053861351962805,15.219999999998464,174.78000000000154,825.220000000026,0.0,45.48358734713151,0.8075
11.2,loiter,6000.0,70.0,45.48358734713151,60.0,-14.516412652868489,0.689283010215728,4.000000000000007,14.919999999998463,175.08000000000155,824.920000000026,100.0,45.48358734713151,0.17043153959539997
11.216666666666667,loiter,6000.0,70.0,45.46325630292381,60.0,-14.53674369707619,0.6973589789363259,3.9999999999999902,14.619999999998463,175.38000000000153,824.620000000026,100.0,45.46325630292381,0.17035535714436645
11.233333333333333,loiter,6000.0,70.0,45.44293265119582,60.0,-14.557067348804182,0.7054462385745505,3.999999999999967,14.319999999998462,175.68000000000154,824.3200000000261,100.0,45.44293265119582,0.170279202393692
11.25,loiter,6000.0,70.0,45.42261639194757,0.0,45.42261639194757,0.6802114516901352,2.5045246741730542,14.319999999998462,175.68000000000154,824.3200000000261,0.0,45.42261639194757,0.8074999999999999
11.266666666666667,loiter,6000.0,70.0,45.42261639194757,60.0,-14.577383608052429,0.6883099981390532,4.000000000000013,14.019999999998461,175.98000000000155,824.0200000000261,100.0,45.42261639194757,0.17020307534337661
11.283333333333333,loiter,6000.0,70.0,45.40230752517907,60.0,-14.597692474820931,0.6964198272917316,4.0000000000000036,13.71999999999846,176.28000000000154,823.7200000000262,100.0,45.40230752517907,0.1701269759934204
11.3,loiter,6000.0,70.0,45.382006050890304,60.0,-14.617993949109696,0.7045409350412369,3.9999999999999845,13.41999999999846,176.58000000000155,823.4200000000262,100.0,45.382006050890304,0.17005090434382328
11.316666666666666,loiter,6000.0,70.0,45.36171196908129,0.0,45.36171196908129,0.6793399839473029,2.503774493396121,13.41999999999846,176.58000000000155,823.4200000000262,0.0,45.36171196908129,0.8075
11.333333333333334,loiter,6000.0,70.0,45.36171196908129,60.0,-14.638288030918709,0.6874723661867022,4.000000000000005,13.11999999999846,176.88000000000153,823.1200000000263,100.0,45.36171196908129,0.16997486039458534
11.35,loiter,6000.0,70.0,45.34142527975202,60.0,-14.658574720247977,0.6956160188090621,3.999999999999987,12.819999999998458,177.18000000000154,822.8200000000263,100.0,45.34142527975202,0.16989884414570652
11.366666666666667,loiter,6000.0,70.0,45.3211459829025,60.0,-14.6788540170975,0.7037709377074496,3.999999999999974,12.519999999998458,177.48000000000155,822.5200000000264,100.0,45.3211459829025,0.16982285559718682
11.383333333333333,loiter,6000.0,70.0,45.30087407853271,0.0,45.30087407853271,0.678603785441598,2.5031358231323777,12.519999999998458,177.48000000000155,822.5200000000264,0.0,45.30087407853271,0.8075
11.4,loiter,6000.0,70.0,45.30087407853271,60.0,-14.699125921467292,0.6867699665090798,4.000000000000008,12.219999999998457,177.78000000000154,822.2200000000264,100.0,45.30087407853271,0.16974689474902627
11.416666666666666,loiter,6000.0,70.0,45.28060956664267,60.0,-14.719390433357333,0.6949474056387228,3.999999999999989,11.919999999998456,178.08000000000155,821.9200000000264,100.0,45.28060956664267,0.16967096160122486
11.433333333333334,loiter,6000.0,70.0,45.260352447232385,60.0,-14.739647552767615,0.7031360987235937,3.999999999999978,11.619999999998456,178.38000000000153,821.6200000000265,100.0,45.260352447232385,0.1695950561537826
11.45,loiter,6000.0,70.0,45.24010272030183,0.0,45.24010272030183,0.678002708323426,2.502608838384568,11.619999999998456,178.38000000000153,821.6200000000265,0.0,45.24010272030183,0.8075
11.466666666666667,loiter,6000.0,70.0,45.24010272030183,60.0,-14.759897279698173,0.6862026512565916,3.999999999999991,11.319999999998455,178.68000000000154,821.3200000000265,100.0,45.24010272030183,0.16951917840669942
11.483333333333333,loiter,6000.0,70.0,45.219860385851035,60.0,-14.780139614148965,0.6944138399311188,3.9999999999999876,11.019999999998454,178.98000000000155,821.0200000000266,100.0,45.219860385851035,0.16944332835997541
11.5,loiter,6000.0,70.0,45.19962544387997,60.0,-14.800374556120033,0.7026362702400744,3.9999999999999725,10.719999999998453,179.28000000000154,820.7200000000266,100.0,45.19962544387997,0.1693675060136105
11.516666666666667,loiter,6000.0,70.0,45.17939789438863,0.0,45.17939789438863,0.6775366047431918,2.5021936601111876,10.719999999998453,179.28000000000154,820.7200000000266,0.0,45.17939789438863,0.8075
11.533333333333333,loiter,6000.0,70.0,45.17939789438863,60.0,-14.820602105611371,0.6857702725796425,4.000000000000004,10.419999999998453,179.58000000000155,820.4200000000267,100.0,45.17939789438863,0.16929171136760474
11.55,loiter,6000.0,70.0,45.159177737377064,60.0,-14.840822262622936,0.6940151738366552,4.000000000000005,10.119999999998452,179.88000000000156,820.1200000000267,100.0,45.159177737377064,0.16921594442195814
11.566666666666666,loiter,6000.0,70.0,45.138964972845244,60.0,-14.861035027154756,0.7022713044072968,3.99999999999998,9.819999999998451,180.18000000000154,819.8200000000268,100.0,45.138964972845244,0.16914020517667067
11.583333333333334,loiter,6000.0,70.0,45.11875960079314,0.0,45.11875960079314,0.6772053268513006,2.501890356252973,9.819999999998451,180.18000000000154,819.8200000000268,0.0,45.11875960079314,0.8075000000000001
11.6,loiter,6000.0,70.0,45.11875960079314,60.0,-14.88124039920686,0.6854726826286378,3.9999999999999933,9.51999999999845,180.48000000000155,819.5200000000268,100.0,45.11875960079314,0.1690644936317423
11.616666666666667,loiter,6000.0,70.0,45.09856162122081,60.0,-14.90143837877919,0.6937512595057373,4.000000000000013,9.21999999999845,180.78000000000156,819.2200000000269,100.0,45.09856162122081,0.1689888097871731
11.633333333333333,loiter,6000.0,70.0,45.07837103412821,60.0,-14.92162896587179,0.7020410533756661,3.999999999999989,8.91999999999845,181.08000000000155,818.9200000000269,100.0,45.07837103412821,0.16891315364296303
11.65,loiter,6000.0,70.0,45.05818783951537,0.0,45.05818783951537,0.6770087267981576,2.5016989425729497,8.91999999999845,181.08000000000155,818.9200000000269,0.0,45.05818783951537,0.8074999999999999
11.666666666666666,loiter,6000.0,70.0,45.05818783951537,60.0,-14.94181216048463,0.6853097335539824,4.000000000000008,8.619999999998448,181.38000000000156,818.620000000027,100.0,45.05818783951537,0.1688375251991121
11.683333333333334,loiter,6000.0,70.0,45.03801203738224,60.0,-14.961987962617762,0.6936219490887701,4.000000000000002,8.319999999998448,181.68000000000154,818.320000000027,100.0,45.03801203738224,0.1687619244556202
11.7,loiter,6000.0,70.0,45.01784362772888,60.0,-14.98215637227112,0.7019453692955874,4.000000000000005,8.019999999998447,181.98000000000155,818.020000000027,100.0,45.01784362772888,0.16868635141248756
11.716666666666667,loiter,6000.0,70.0,44.99768261055526,0.0,44.99768261055526,0.6769466567341678,2.5016193833148948,8.019999999998447,181.98000000000155,818.020000000027,0.0,44.99768261055526,0.8074999999999999
11.733333333333333,loiter,6000.0,70.0,44.99768261055526,60.0,-15.002317389444741,0.6852812775060815,3.9999999999999902,7.719999999998447,182.28000000000156,817.7200000000271,100.0,44.99768261055526,0.168610806069714
11.75,loiter,6000.0,70.0,44.977528985861376,60.0,-15.022471014138624,0.6936270947361585,3.999999999999999,7.419999999998447,182.58000000000155,817.4200000000271,100.0,44.977528985861376,0.16853528842729956
11.766666666666667,loiter,6000.0,70.0,44.95738275364724,60.0,-15.042617246352762,0.7019841043174656,3.9999999999999805,7.119999999998448,182.88000000000156,817.1200000000272,100.0,44.95738275364724,0.16845979848524428
11.783333333333333,loiter,6000.0,70.0,44.937243913912845,0.0,44.937243913912845,0.6770189688097362,2.5016515916853574,7.119999999998448,182.88000000000156,817.1200000000272,0.0,44.937243913912845,0.8075
11.8,loiter,6000.0,70.0,44.937243913912845,60.0,-15.062756086087155,0.6853871666353402,4.000000000000002,6.819999999998448,183.18000000000154,816.8200000000272,100.0,44.937243913912845,0.16838433624354815
11.816666666666666,loiter,6000.0,70.0,44.91711246665822,60.0,-15.082887533341783,0.6937665485983078,4.0000000000000036,6.519999999998448,183.48000000000155,816.5200000000273,100.0,44.91711246665822,0.1683089017022112
11.833333333333334,loiter,6000.0,70.0,44.89698841188331,60.0,-15.103011588116694,0.7021571105917059,3.9999999999999996,6.219999999998448,183.78000000000156,816.2200000000273,100.0,44.89698841188331,0.16823349486123323
11.85,loiter,6000.0,70.0,44.87687174958814,0.0,44.87687174958814,0.6772255151752681,2.501795430161932,6.219999999998448,183.78000000000156,816.2200000000273,0.0,44.87687174958814,0.8075000000000001
11.866666666666667,loiter,6000.0,70.0,44.87687174958814,60.0,-15.12312825041186,0.6856272530921635,4.000000000000002,5.919999999998448,184.08000000000155,815.9200000000274,100.0,44.87687174958814,0.1681581157206145
11.883333333333333,loiter,6000.0,70.0,44.85676247977273,60.0,-15.143237520227267,0.6940401628256232,3.999999999999998,5.6199999999984485,184.38000000000156,815.6200000000274,100.0,44.85676247977273,0.16808276428035487
11.9,loiter,6000.0,70.0,44.83666060243706,60.0,-15.163339397562943,0.7024642402687137,3.999999999999985,5.319999999998449,184.68000000000154,815.3200000000274,100.0,44.83666060243706,0.1680074405404544
11.916666666666666,loiter,6000.0,70.0,44.816566117581125,0.0,44.816566117581125,0.6775661479811687,2.5020507106299186,5.319999999998449,184.68000000000154,815.3200000000274,0.0,44.816566117581125,0.8075
11.933333333333334,loiter,6000.0,70.0,44.816566117581125,60.0,-15.183433882418875,0.686001389026957,3.999999999999988,5.019999999998449,184.98000000000155,815.0200000000275,100.0,44.816566117581125,0.167932144500913
11.95,loiter,6000.0,70.0,44.79647902520495,60.0,-15.203520974795047,0.6944477895685097,3.999999999999995,4.719999999998449,185.28000000000156,814.7200000000275,100.0,44.79647902520495,0.1678568761617308
11.966666666666667,descent,6000.0,65.0,0.0,60.0,-60.0,0.727781122901843,3.999999999999982,4.419999999998449,185.58000000000155,814.4200000000276,100.0,0.0,0.0
11.983333333333333,descent,5620.0,65.0,0.0,0.0,0.0,0.727781122901843,2.5227762778381932,4.419999999998449,185.58000000000155,814.4200000000276,0.0,0.0,0.0
12.0,descent,5240.0,65.0,0.0,0.0,0.0,0.727781122901843,2.5227762778381932,4.419999999998449,185.58000000000155,814.4200000000276,0.0,0.0,0.0
12.016666666666667,descent,4860.0,65.0,0.0,0.0,0.0,0.727781122901843,2.5227762778381932,4.419999999998449,185.58000000000155,814.4200000000276,0.0,0.0,0.0
12.033333333333333,descent,4480.0,65.0,0.0,0.0,0.0,0.727781122901843,2.5227762778381932,4.419999999998449,185.58000000000155,814.4200000000276,0.0,0.0,0.0
12.05,descent,4100.0,65.0,0.0,0.0,0.0,0.727781122901843,2.5227762778381932,4.419999999998449,185.58000000000155,814.4200000000276,0.0,0.0,0.0
12.066666666666666,descent,3720.0,65.0,0.0,0.0,0.0,0.727781122901843,2.5227762778381932,4.419999999998449,185.58000000000155,814.4200000000276,0.0,0.0,0.0
12.083333333333334,descent,3340.0,65.0,0.0,0.0,0.0,0.727781122901843,2.5227762778381932,4.419999999998449,185.58000000000155,814.4200000000276,0.0,0.0,0.0
12.1,descent,2960.0,65.0,0.0,0.0,0.0,0.727781122901843,2.5227762778381932,4.419999999998449,185.58000000000155,814.4200000000276,0.0,0.0,0.0
12.116666666666667,descent,2580.0,65.0,0.0,0.0,0.0,0.727781122901843,2.5227762778381932,4.419999999998449,185.58000000000155,814.4200000000276,0.0,0.0,0.0
12.133333333333333,descent,2200.0,65.0,0.0,0.0,0.0,0.727781122901843,2.5227762778381932,4.419999999998449,185.58000000000155,814.4200000000276,0.0,0.0,0.0
12.15,descent,1820.0,65.0,0.0,0.0,0.0,0.727781122901843,2.5227762778381932,4.419999999998449,185.58000000000155,814.4200000000276,0.0,0.0,0.0
12.166666666666666,descent,1440.0,65.0,0.0,0.0,0.0,0.727781122901843,2.5227762778381932,4.419999999998449,185.58000000000155,814.4200000000276,0.0,0.0,0.0
12.183333333333334,descent,1060.0,65.0,0.0,0.0,0.0,0.727781122901843,2.5227762778381932,4.419999999998449,185.58000000000155,814.4200000000276,0.0,0.0,0.0
12.2,descent,680.0,65.0,0.0,0.0,0.0,0.727781122901843,2.5227762778381932,4.419999999998449,185.58000000000155,814.4200000000276,0.0,0.0,0.0
12.216666666666667,landing,300.0,45.0,7.150275917002843,0.0,7.150275917002843,0.723808747392397,2.5227762778381932,4.419999999998449,185.58000000000155,814.4200000000276,0.0,7.150275917002843,0.8075
12.233333333333333,landing,150.0,45.0,6.9351298225997455,0.0,6.9351298225997455,0.7199558974909527,2.5195673452911986,4.419999999998449,185.58000000000155,814.4200000000276,0.0,6.9351298225997455,0.8074999999999999
