time_h,phase,altitude_m,speed_mps,p_req_kw,p_gen_kw,p_batt_kw,soc,s_factor,fuel_kg,fuel_used_kg,weight_kg,engine_load_pct,motor_power_kw,system_efficiency
0.0,takeoff,0.0,50.0,73.19103794808557,0.0,73.19103794808557,0.7606132898353921,1.9810563367554677,279.1806061889481,0.0,1000.0,0.0,73.19103794808557,0.8074999999999999
0.016666666666666666,takeoff,150.0,50.0,73.4711883518651,0.0,73.4711883518651,0.5203102887505812,1.8663134790424682,279.1806061889481,0.0,1000.0,0.0,73.4711883518651,0.8074999999999999
0.03333333333333333,climb,300.0,65.0,74.11366158572548,0.0,74.11366158572548,0.2779059435923094,2.6824093626167267,279.1806061889481,0.0,1000.0,0.0,74.11366158572548,0.8075
0.05,climb,420.0,65.0,74.10799555014219,76.0,-1.892004449857808,0.2840941427703224,4.262516193254215,278.8006061889481,0.37999999999999545,999.62,100.45642126285986,74.10799555014219,0.2192289891564531
0.06666666666666667,climb,540.0,65.0,74.08075569904797,76.0,-1.9192443009520304,0.2903714356204793,4.27399152485426,278.4206061889481,0.7599999999999909,999.24,100.45642126285986,74.08075569904797,0.2191484072303623
0.08333333333333333,climb,660.0,65.0,74.05985975033475,76.0,-1.940140249665248,0.2967170730734518,4.28571962460234,278.0406061889481,1.1399999999999864,998.86,100.45642126285986,74.05985975033475,0.21908659206885572
0.1,climb,780.0,65.0,74.04535528887705,76.0,-1.9546447111229526,0.303110150423554,4.297656583800095,277.6606061889481,1.5199999999999818,998.48,100.45642126285986,74.04535528887705,0.21904368443925348
0.11666666666666667,climb,900.0,65.0,74.03729120450144,76.0,-1.962708795498557,0.30952960306062144,4.309747936588094,277.2806061889481,1.8999999999999773,998.1,100.45642126285986,74.03729120450144,0.2190198289692328
0.13333333333333333,climb,1020.0,65.0,74.03571772020877,76.0,-1.9642822797912345,0.3159542021095841,4.321899247835664,276.90060618894813,2.2799999999999727,997.72,100.45642126285986,74.03571772020877,0.2190151742303159
0.15,climb,1140.0,65.0,74.04068642111692,76.0,-1.9593135788830836,0.3223625499753754,4.295177147461242,276.52060618894814,2.659999999999968,997.34,100.45642126285986,74.04068642111692,0.21902987282348974
0.16666666666666666,climb,1260.0,65.0,74.05225028414472,0.0,74.05225028414472,0.08015906341761664,2.6817557722666976,276.52060618894814,2.659999999999968,997.34,0.0,74.05225028414472,0.8074999999999999
0.18333333333333332,climb,1380.0,65.0,74.10034949016942,76.0,-1.899650509830579,0.0863722706457122,3.969376132152039,276.14060618894814,3.0399999999999636,996.96,100.45642126285986,74.10034949016942,0.21920637030154524
0.2,climb,1500.0,65.0,74.12550769813201,76.0,-1.8744923018679884,0.09250319265410542,3.975342072193619,275.76060618894815,3.419999999999959,996.58,100.45642126285986,74.12550769813201,0.21928079423461327
0.21666666666666667,climb,1620.0,65.0,74.15743213534498,76.0,-1.8425678646550239,0.09852969906446205,3.981528371101858,275.38060618894815,3.7999999999999545,996.2,100.45642126285986,74.15743213534498,0.21937523427509245
0.23333333333333334,climb,1740.0,65.0,74.19618171902013,76.0,-1.8038182809798684,0.10442946679729338,3.987886387648295,275.00060618894815,4.17999999999995,995.82,100.45642126285986,74.19618171902013,0.21948986471403864
0.25,climb,1860.0,65.0,74.2418169197022,76.0,-1.7581830802977976,0.11017997499145372,3.994365444796628,274.62060618894816,4.559999999999945,995.44,100.45642126285986,74.2418169197022,0.21962486443763415
0.26666666666666666,climb,1980.0,65.0,74.29439979589479,76.0,-1.7056002041052096,0.11575849981038629,4.000913161391318,274.24060618894816,4.939999999999941,995.0600000000001,100.45642126285986,74.29439979589479,0.21978041702961915
0.2833333333333333,climb,2100.0,65.0,74.35399402959013,76.0,-1.646005970409874,0.12114210913216159,4.0074757594506725,273.86060618894817,5.319999999999936,994.6800000000001,100.45642126285986,74.35399402959013,0.21995671087639776
0.3,climb,2220.0,65.0,74.42066496272953,76.0,-1.579335037270468,0.1263076571202642,4.013998349759577,273.4806061889482,5.699999999999932,994.3000000000001,100.45642126285986,74.42066496272953,0.22015393927489596
0.31666666666666665,climb,2340.0,65.0,74.49447963462156,76.0,-1.5055203653784446,0.13123177867199567,4.020425198834607,273.1006061889482,6.079999999999927,993.9200000000001,100.45642126285986,74.49447963462156,0.22037230054325405
0.3333333333333333,climb,2460.0,65.0,74.57550682034565,76.0,-1.4244931796543483,0.13589088374127,4.026699980640918,272.7206061889482,6.459999999999923,993.5400000000001,100.45642126285986,74.57550682034565,0.2206119981344332
0.35,climb,2580.0,65.0,74.66381707017035,76.0,-1.336182929829647,0.14026115153248384,4.03276601670809,272.3406061889482,6.839999999999918,993.1600000000001,100.45642126285986,74.66381707017035,0.22087324075282413
0.36666666666666664,climb,2700.0,65.0,74.75948275001588,76.0,-1.2405172499841228,0.14431852456204494,4.038566508551582,271.9606061889482,7.219999999999914,992.7800000000001,100.45642126285986,74.75948275001588,0.22115624247394486
0.38333333333333336,climb,2820.0,65.0,74.86257808299179,76.0,-1.1374219170082114,0.14803870258404334,4.044044766586635,271.5806061889482,7.599999999999909,992.4000000000001,100.45642126285986,74.86257808299179,0.2214612228673191
0.4,climb,2940.0,65.0,74.97317919204174,76.0,-1.0268208079582593,0.15139713637644348,4.049144440051718,271.2006061889482,7.9799999999999045,992.0200000000001,100.45642126285986,74.97317919204174,0.2217884071226293
0.4166666666666667,climb,3060.0,65.0,75.09136414372767,76.0,-0.9086358562723262,0.1543690213840713,4.05380975286899,270.8206061889482,8.3599999999999,991.6400000000001,100.45642126285986,75.09136414372767,0.22213802617924078
0.43333333333333335,climb,3180.0,65.0,75.21721299318814,76.0,-0.7827870068118585,0.15692929121455526,4.057985750894839,270.4406061889482,8.739999999999895,991.2600000000001,100.45642126285986,75.21721299318814,0.22251031685919923
0.45,climb,3300.0,65.0,75.35080783030472,76.0,-0.6491921696952829,0.15905261098327078,4.061618566692135,270.0606061889482,9.11999999999989,990.8800000000001,100.45642126285986,75.35080783030472,0.22290552200380168
0.4666666666666667,climb,3420.0,65.0,75.49223282711417,76.0,-0.5077671728858348,0.16071337050321285,4.064655708836597,269.6806061889482,9.499999999999886,990.5000000000001,100.45642126285986,75.49223282711417,0.22332389061385277
0.48333333333333334,climb,3540.0,65.0,75.64157428650162,76.0,-0.35842571349837726,0.16188567731560755,4.0670463839107835,269.3006061889482,9.879999999999882,990.1200000000001,100.45642126285986,75.64157428650162,0.22376567799371133
0.5,climb,3660.0,65.0,75.79892069221593,76.0,-0.20107930778407024,0.1625433495569378,4.068741860816651,268.9206061889482,10.259999999999877,989.7400000000001,100.45642126285986,75.79892069221593,0.22423114589924673
0.5166666666666667,climb,3780.0,65.0,75.96436276024444,76.0,-0.03563723975555888,0.16265990865793706,4.069695888950557,268.54060618894823,10.639999999999873,989.3600000000001,100.45642126285986,75.96436276024444,0.22472056268981827
0.5333333333333333,climb,3900.0,65.0,76.13799349159088,76.0,0.13799349159087626,0.16220857186996177,4.06986518426239,268.16060618894824,11.019999999999868,988.9800000000001,100.45642126285986,76.13799349159088,0.22512039783148574
0.55,climb,4020.0,65.0,76.31990822649662,76.0,0.3199082264966222,0.16116224461402176,4.069210000439552,267.78060618894824,11.399999999999864,988.6000000000001,100.45642126285986,76.31990822649662,0.22550806206630739
0.5666666666666667,climb,4140.0,65.0,76.51020470015126,76.0,0.5102047001512631,0.15949351264759765,4.067694806654086,267.40060618894825,11.779999999999859,988.2200000000001,100.45642126285986,76.51020470015126,0.22591303603332216
0.5833333333333334,climb,4260.0,65.0,76.70898309993709,76.0,0.7089830999370861,0.15717463404422782,4.06528909881348,267.02060618894825,12.159999999999854,987.8400000000001,100.45642126285986,76.70898309993709,0.2263354591686365
0.6,climb,4380.0,65.0,76.9163461242541,76.0,0.9163461242541047,0.15417753098069603,4.061968378517997,266.64060618894825,12.53999999999985,987.4600000000002,100.45642126285986,76.9163461242541,0.22677547198865247
0.6166666666666667,climb,4500.0,65.0,77.13239904297527,76.0,1.1323990429752655,0.1504737813264873,4.057715343579832,266.26060618894826,12.919999999999845,987.0800000000002,100.45642126285986,77.13239904297527,0.2272332160853898
0.6333333333333333,climb,4620.0,65.0,77.35724975958114,76.0,1.357249759581137,0.1460346100300194,4.0525213469057615,265.88060618894826,13.29999999999984,986.7000000000002,100.45642126285986,77.35724975958114,0.22770883412076035
0.65,climb,4740.0,65.0,77.59100887502699,76.0,1.5910088750269864,0.1408308802959835,4.046388198059459,265.50060618894827,13.679999999999836,986.3200000000002,100.45642126285986,77.59100887502699,0.22820246981975087
0.6666666666666666,climb,4860.0,65.0,77.83378975339487,76.0,1.8337897533948677,0.13483308454795576,4.039330405763177,265.1206061889483,14.059999999999832,985.9400000000002,100.45642126285986,77.83378975339487,0.22871426796246763
0.6833333333333333,climb,4980.0,65.0,78.0857085893874,76.0,2.0857085893873943,0.12801133517025653,4.031377992681241,264.7406061889483,14.439999999999827,985.5600000000002,100.45642126285986,78.0857085893874,0.22924437437499448
0.7,climb,5100.0,65.0,78.34688447771971,76.0,2.346884477719712,0.12033535502284833,4.022580060081222,264.3606061889483,14.819999999999823,985.1800000000002,100.45642126285986,78.34688447771971,0.22979293591901584
0.7166666666666667,climb,5220.0,65.0,78.61743948447038,76.0,2.617439484470381,0.1117744677228657,4.013009345471463,263.9806061889483,15.199999999999818,984.8000000000002,100.45642126285986,78.61743948447038,0.23036010048015573
0.7333333333333333,climb,5340.0,65.0,78.89749872045107,76.0,2.8974987204510683,0.1022975876861742,4.00276811037626,263.6006061889483,15.579999999999814,984.4200000000002,100.45642126285986,78.89749872045107,0.2309460169549783
0.75,climb,5460.0,65.0,79.1871904166601,76.0,3.1871904166601013,0.09187320992214244,3.9919958325566967,263.2206061889483,15.959999999999809,984.0400000000002,100.45642126285986,79.1871904166601,0.23155083523660022
0.7666666666666667,climb,5580.0,65.0,79.48664600188526,76.0,3.486646001885262,0.080469399574598,3.980879380304418,262.8406061889483,16.339999999999804,983.6600000000002,100.45642126285986,79.48664600188526,0.232174706198859
0.7833333333333333,climb,5700.0,65.0,79.79600018252363,76.0,3.7960001825236276,0.06805378120171562,3.9696666533995466,262.4606061889483,16.7199999999998,983.2800000000002,100.45642126285986,79.79600018252363,0.23281778167898276
0.8,climb,5820.0,65.0,80.11539102468946,76.0,4.115391024689458,0.05459352778735435,3.9586851481540957,262.0806061889483,17.099999999999795,982.9000000000002,100.45642126285986,80.11539102468946,0.23348021445870365
0.8166666666666667,climb,5940.0,65.0,80.44496003868325,76.0,4.444960038683249,0.04005534947612077,3.9483676485974204,261.7006061889483,17.47999999999979,982.5200000000002,100.45642126285986,80.44496003868325,0.23416215824375897
0.8333333333333334,cruise,6000.0,69.44444444444444,57.065385511246596,76.0,-18.934614488753404,0.10198499547885732,3.9392884477458048,261.3206061889483,17.859999999999786,982.1400000000002,100.45642126285986,57.065385511246596,0.16881291537549745
0.85,cruise,6000.0,69.44444444444444,57.03447905795472,76.0,-18.96552094204528,0.16401572754873842,3.991651062229067,260.9406061889483,18.23999999999978,981.7600000000002,100.45642126285986,57.03447905795472,0.16872148677237184
0.8666666666666667,cruise,6000.0,69.44444444444444,57.003584560372474,76.0,-18.996415439627526,0.22614750658209676,4.071839126002387,260.5606061889483,18.619999999999777,981.3800000000002,100.45642126285986,57.003584560372474,0.16863009353706473
0.8833333333333333,cruise,6000.0,69.44444444444444,56.972702018499874,76.0,-19.027297981500126,0.288380293475265,4.170487324352951,260.18060618894833,18.999999999999773,981.0000000000002,100.45642126285986,56.972702018499874,0.16853873566957622
0.9,cruise,6000.0,69.44444444444444,56.94183143233692,76.0,-19.05816856766308,0.3507140491245758,4.28199036649535,259.80060618894834,19.379999999999768,980.6200000000002,100.45642126285986,56.94183143233692,0.16844741316990622
0.9166666666666666,cruise,6000.0,69.44444444444444,56.91097280188362,0.0,56.91097280188362,0.16457472205322432,2.6823593139531168,259.80060618894834,19.379999999999768,980.6200000000002,0.0,56.91097280188362,0.8075
0.9333333333333333,cruise,6000.0,69.44444444444444,56.91097280188362,76.0,-19.089027198116383,0.22700940735501038,4.072655474267062,259.42060618894834,19.759999999999764,980.2400000000002,100.45642126285986,56.91097280188362,0.16835612603805478
0.95,cruise,6000.0,69.44444444444444,56.88012612713994,76.0,-19.11987387286006,0.2895449832056044,4.171955173162658,259.04060618894835,20.13999999999976,979.8600000000002,100.45642126285986,56.88012612713994,0.16826487427402187
0.9666666666666667,cruise,6000.0,69.44444444444444,56.849291408105906,76.0,-19.150708591894094,0.35218141050133905,4.284170741555639,258.66060618894835,20.519999999999754,979.4800000000002,100.45642126285986,56.849291408105906,0.16817365787780753
0.9833333333333333,cruise,6000.0,69.44444444444444,56.818468644781525,0.0,56.818468644781525,0.16634463776540945,2.6823621763655496,258.66060618894835,20.519999999999754,979.4800000000002,0.0,56.818468644781525,0.8075
1.0,cruise,6000.0,69.44444444444444,56.818468644781525,76.0,-19.181531355218475,0.22908187740261737,4.075249813621275,258.28060618894835,20.89999999999975,979.1000000000003,100.45642126285986,56.818468644781525,0.16808247684941172
1.0166666666666666,cruise,6000.0,69.44444444444444,56.78765783716676,76.0,-19.212342162833238,0.2919198902776313,4.175494464126588,257.90060618894836,21.279999999999745,978.7200000000003,100.45642126285986,56.78765783716676,0.16799133118883441
1.0333333333333334,cruise,6000.0,69.44444444444444,56.756858985261644,76.0,-19.243141014738356,0.354858637286784,4.288625371851831,257.52060618894836,21.65999999999974,978.3400000000003,100.45642126285986,56.756858985261644,0.16790022089607565
1.05,cruise,6000.0,69.44444444444444,56.72607208906618,0.0,56.72607208906618,0.16932406695327049,2.682366784722566,257.52060618894836,21.65999999999974,978.3400000000003,0.0,56.72607208906618,0.8074999999999999
1.0666666666666667,cruise,6000.0,69.44444444444444,56.72607208906618,76.0,-19.27392791093382,0.23236350899289449,4.079649576866991,257.14060618894837,22.039999999999736,977.9600000000003,100.45642126285986,56.72607208906618,0.16780914597113544
1.0833333333333333,cruise,6000.0,69.44444444444444,56.695297148580366,76.0,-19.304702851419634,0.2955036069593225,4.181126701016798,256.7606061889484,22.41999999999973,977.5800000000003,100.45642126285986,56.695297148580366,0.16771810641401383
1.1,cruise,6000.0,69.44444444444444,56.664534163804156,76.0,-19.335465836195844,0.35874432174888726,4.2953681742345395,256.3806061889484,22.799999999999727,977.2000000000003,100.45642126285986,56.664534163804156,0.1676271022247107
1.1166666666666667,cruise,6000.0,69.44444444444444,56.633783134737605,0.0,56.633783134737605,0.17351160188478393,2.68237234908856,256.3806061889484,22.799999999999727,977.2000000000003,0.0,56.633783134737605,0.8075
1.1333333333333333,cruise,6000.0,69.44444444444444,56.633783134737605,76.0,-19.366216865262395,0.23685289439381813,4.085901088262226,256.0006061889484,23.179999999999723,976.8200000000003,100.45642126285986,56.633783134737605,0.16753613340322612
1.15,cruise,6000.0,69.44444444444444,56.6030440613807,76.0,-19.3969559386193,0.30029472551865444,4.1888863511639824,255.6206061889484,23.559999999999718,976.4400000000003,100.45642126285986,56.6030440613807,0.16744519994956006
1.1666666666666667,cruise,6000.0,69.44444444444444,56.57231694373341,76.0,-19.427683056266588,0.36383705615562556,4.304416920759736,255.2406061889484,23.939999999999714,976.0600000000003,100.45642126285986,56.57231694373341,0.16735430186371253
1.1833333333333333,cruise,6000.0,69.44444444444444,56.54160178179579,0.0,56.54160178179579,0.17890583482792657,2.6823781537243083,255.2406061889484,23.939999999999714,976.0600000000003,0.0,56.54160178179579,0.8074999999999999
1.2,cruise,6000.0,69.44444444444444,56.54160178179579,76.0,-19.45839821820421,0.24254862587336512,4.094067745939787,254.8606061889484,24.31999999999971,975.6800000000003,100.45642126285986,56.54160178179579,0.16726343914568362
1.2166666666666666,cruise,6000.0,69.44444444444444,56.510898575567786,76.0,-19.489101424432214,0.30629183822360384,4.198819582959167,254.4806061889484,24.699999999999704,975.3000000000003,100.45642126285986,56.510898575567786,0.16717261179547316
1.2333333333333334,cruise,6000.0,69.44444444444444,56.48020732504943,76.0,-19.519792674950573,0.37013543277497546,4.315776779214045,254.1006061889484,25.0799999999997,974.9200000000003,100.45642126285986,56.48020732504943,0.16708181981308126
1.25,cruise,6000.0,69.44444444444444,56.44952803024074,0.0,56.44952803024074,0.185505358050675,2.682383698566451,254.1006061889484,25.0799999999997,974.9200000000003,0.0,56.44952803024074,0.8074999999999999
1.2666666666666666,cruise,6000.0,69.44444444444444,56.44952803024074,76.0,-19.550471969759258,0.24944929569951207,4.104227669170004,253.7206061889484,25.459999999999695,974.5400000000003,100.45642126285986,56.44952803024074,0.16699106319850798
1.2833333333333334,cruise,6000.0,69.44444444444444,56.41886069114167,76.0,-19.581139308858333,0.31349353734214735,4.210982643960909,253.3406061889484,25.83999999999969,974.1600000000003,100.45642126285986,56.41886069114167,0.16690034195175318
1.3,cruise,6000.0,69.44444444444444,56.38820530775223,76.0,-19.61179469224777,0.3776380438749135,4.314782322960833,252.96060618894842,26.219999999999686,973.7800000000003,100.45642126285986,56.38820530775223,0.16680965607281695
1.3166666666666667,cruise,6000.0,69.44444444444444,56.35756188007244,0.0,56.35756188007244,0.1933087638210057,2.6823887079127937,252.96060618894842,26.219999999999686,973.7800000000003,0.0,56.35756188007244,0.8075
1.3333333333333333,cruise,6000.0,69.44444444444444,56.35756188007244,76.0,-19.64243811992756,0.2575534961402355,4.116470956934359,252.58060618894842,26.59999999999968,973.4000000000003,100.45642126285986,56.35756188007244,0.16671900556169922
1.35,cruise,6000.0,69.44444444444444,56.326930408102285,76.0,-19.673069591897715,0.32189841514226153,4.225439919172336,252.20060618894843,26.979999999999677,973.0200000000003,100.45642126285986,56.326930408102285,0.16662839041840005
1.3666666666666667,cruise,6000.0,69.44444444444444,56.2963108918418,0.0,56.2963108918418,0.13776946935027887,2.681650989637927,252.20060618894843,26.979999999999677,973.0200000000003,0.0,56.2963108918418,0.8074999999999999
1.3833333333333333,cruise,6000.0,69.44444444444444,56.2963108918418,76.0,-19.7036891081582,0.20221453593143376,4.035246471019541,251.82060618894843,27.359999999999673,972.6400000000003,100.45642126285986,56.2963108918418,0.16653781064291948
1.4,cruise,6000.0,69.44444444444444,56.265703331290936,76.0,-19.734296668709064,0.2667597109880503,4.130734674840208,251.44060618894844,27.739999999999668,972.2600000000003,100.45642126285986,56.265703331290936,0.16644726623525738
1.4166666666666667,cruise,6000.0,69.44444444444444,56.23510772644969,76.0,-19.76489227355031,0.33140495541646114,4.242079465723279,251.06060618894844,28.119999999999663,971.8800000000003,100.45642126285986,56.23510772644969,0.16635675719541382
1.4333333333333333,cruise,6000.0,69.44444444444444,56.204524077318105,0.0,56.204524077318105,0.14757621773986146,2.682256335391751,251.06060618894844,28.119999999999663,971.8800000000003,0.0,56.204524077318105,0.8074999999999999
1.45,cruise,6000.0,69.44444444444444,56.204524077318105,76.0,-19.795475922681895,0.2123214924363993,4.048506528147984,250.68060618894845,28.49999999999966,971.5000000000003,100.45642126285986,56.204524077318105,0.16626628352338882
1.4666666666666666,cruise,6000.0,69.44444444444444,56.17395238389616,76.0,-19.826047616103843,0.2771667582973968,4.1472787832236415,250.30060618894845,28.879999999999654,971.1200000000003,100.45642126285986,56.17395238389616,0.16617584521918236
1.4833333333333334,cruise,6000.0,69.44444444444444,56.143392646183834,76.0,-19.856607353816166,0.3421119762191867,4.261151454322591,249.92060618894845,29.25999999999965,970.7400000000004,100.45642126285986,56.143392646183834,0.1660854422827944
1.5,cruise,6000.0,69.44444444444444,56.11284486418118,0.0,56.11284486418118,0.15858309472496407,2.682335058651927,249.92060618894845,29.25999999999965,970.7400000000004,0.0,56.11284486418118,0.8074999999999999
1.5166666666666666,cruise,6000.0,69.44444444444444,56.11284486418118,76.0,-19.887155135818823,0.223628225603879,4.06398224243623,249.54060618894846,29.639999999999645,970.3600000000004,100.45642126285986,56.11284486418118,0.16599507471422506
1.5333333333333334,cruise,6000.0,69.44444444444444,56.082309037888166,76.0,-19.917690962111834,0.2887732303362516,4.166210760328254,249.16060618894846,30.01999999999964,969.9800000000004,100.45642126285986,56.082309037888166,0.16590474251347428
1.55,cruise,6000.0,69.44444444444444,56.051785167304764,76.0,-19.948214832695236,0.3540180698184146,4.282725651716629,248.78060618894847,30.399999999999636,969.6000000000004,100.45642126285986,56.051785167304764,0.16581444568054193
1.5666666666666667,cruise,6000.0,69.44444444444444,56.02127325243102,0.0,56.02127325243102,0.17078869257356322,2.682365415157124,248.78060618894847,30.399999999999636,969.6000000000004,0.0,56.02127325243102,0.8074999999999999
1.5833333333333333,cruise,6000.0,69.44444444444444,56.02127325243102,76.0,-19.978726747568977,0.23613332770184933,4.0818271783520075,248.40060618894847,30.77999999999963,969.2200000000004,100.45642126285986,56.02127325243102,0.16572418421542817
1.6,cruise,6000.0,69.44444444444444,55.99077329326691,76.0,-20.009226706733088,0.30157771937259126,4.1876384339447155,248.02060618894848,31.159999999999627,968.8400000000004,100.45642126285986,55.99077329326691,0.16563395811813297
1.6166666666666667,cruise,6000.0,69.44444444444444,55.96028528981244,76.0,-20.03971471018756,0.3671218284821216,4.306845360329321,247.64060618894848,31.539999999999623,968.4600000000004,100.45642126285986,55.96028528981244,0.16554376738865628
1.6333333333333333,cruise,6000.0,69.44444444444444,55.929809242067606,0.0,55.929809242067606,0.1841916035536356,2.682381231515761,247.64060618894848,31.539999999999623,968.4600000000004,0.0,55.929809242067606,0.8074999999999999
1.65,cruise,6000.0,69.44444444444444,55.929809242067606,76.0,-20.070190757932394,0.24983539099828717,4.102190684067472,247.2606061889485,31.919999999999618,968.0800000000004,100.45642126285986,55.929809242067606,0.16545361202699813
1.6666666666666667,cruise,6000.0,69.44444444444444,55.89934515003244,76.0,-20.10065484996756,0.3155788176743925,4.211667229915178,246.8806061889485,32.29999999999961,967.7000000000004,100.45642126285986,55.89934515003244,0.16536349203315862
1.6833333333333333,cruise,6000.0,69.44444444444444,55.868893013706895,76.0,-20.131106986293105,0.3814218444782843,4.299813743719382,246.5006061889485,32.67999999999961,967.3200000000004,100.45642126285986,55.868893013706895,0.16527340740713756
1.7,cruise,6000.0,69.44444444444444,55.83845283309098,0.0,55.83845283309098,0.1987904199331578,2.682390761922718,246.5006061889485,32.67999999999961,967.3200000000004,0.0,55.83845283309098,0.8075
1.7166666666666666,cruise,6000.0,69.44444444444444,55.83845283309098,76.0,-20.161547166909017,0.2647330077611688,4.125214779500867,246.1206061889485,33.059999999999604,966.9400000000004,100.45642126285986,55.83845283309098,0.16518335814893506
1.7333333333333334,cruise,6000.0,69.44444444444444,55.80802460818472,76.0,-20.191975391815276,0.33077511750963173,4.238397181517808,245.7406061889485,33.4399999999996,966.5600000000004,100.45642126285986,55.80802460818472,0.1650933442585511
1.75,cruise,6000.0,69.44444444444444,55.77760833898808,0.0,55.77760833898808,0.1483426977017417,2.682247108048235,245.7406061889485,33.4399999999996,966.5600000000004,0.0,55.77760833898808,0.8075
1.7666666666666666,cruise,6000.0,69.44444444444444,55.77760833898808,76.0,-20.22239166101192,0.21448429026698917,4.049564347540679,245.3606061889485,33.819999999999595,966.1800000000004,100.45642126285986,55.77760833898808,0.16500336573598565
1.7833333333333334,cruise,6000.0,69.44444444444444,55.7472040255011,76.0,-20.252795974498902,0.2807253265453539,4.1508663440293505,244.9806061889485,34.19999999999959,965.8000000000004,100.45642126285986,55.7472040255011,0.16491342258123876
1.8,cruise,6000.0,69.44444444444444,55.71681166772375,76.0,-20.283188332276247,0.34706576743316864,4.2677334200468655,244.60060618894852,34.579999999999586,965.4200000000004,100.45642126285986,55.71681166772375,0.16482351479431043
1.8166666666666667,cruise,6000.0,69.44444444444444,55.68643126565607,0.0,55.68643126565607,0.16493156145362833,2.6823508741056705,244.60060618894852,34.579999999999586,965.4200000000004,0.0,55.68643126565607,0.8074999999999998
1.8333333333333333,loiter,6000.0,70.0,55.793949813788394,76.0,-20.206050186211606,0.23101970578257047,4.0731773594281435,244.22060618894852,34.95999999999958,965.0400000000004,100.45642126285986,55.793949813788394,0.16505170768580094
1.85,loiter,6000.0,70.0,55.76382238684586,76.0,-20.23617761315414,0.29720638820884926,4.178816226392087,243.84060618894853,35.33999999999958,964.6600000000004,100.45642126285986,55.76382238684586,0.1649625836269802
1.8666666666666667,loiter,6000.0,70.0,55.7337068207264,76.0,-20.266293179273603,0.36349156993914383,4.298580054052241,243.46060618894853,35.71999999999957,964.2800000000004,100.45642126285986,55.7337068207264,0.1648734946552811
1.8833333333333333,loiter,6000.0,70.0,55.703603115429985,0.0,55.703603115429985,0.181301199806996,2.6823778029041936,243.46060618894853,35.71999999999957,964.2800000000004,0.0,55.703603115429985,0.8075
1.9,loiter,6000.0,70.0,55.703603115429985,76.0,-20.296396884570015,0.2476848420479857,4.097734290949542,243.08060618894854,36.09999999999957,963.9000000000004,100.45642126285986,55.703603115429985,0.16478444077070356
1.9166666666666667,loiter,6000.0,70.0,55.673511270956624,76.0,-20.326488729043376,0.3141669060063498,4.207859509833954,242.70060618894854,36.47999999999956,963.5200000000004,100.45642126285986,55.673511270956624,0.16469542197324757
1.9333333333333333,loiter,6000.0,70.0,55.64343128730634,76.0,-20.356568712693658,0.3807473528887674,4.311346031954733,242.32060618894855,36.85999999999956,963.1400000000004,100.45642126285986,55.64343128730634,0.16460643826291319
1.95,loiter,6000.0,70.0,55.61336316447908,0.0,55.61336316447908,0.19885213152878034,2.6823904149882347,242.32060618894855,36.85999999999956,963.1400000000004,0.0,55.61336316447908,0.8074999999999999
1.9666666666666666,loiter,6000.0,70.0,55.61336316447908,76.0,-20.386636835520918,0.26553092254193084,4.125313871694515,241.94060618894855,37.239999999999554,962.7600000000004,100.45642126285986,55.61336316447908,0.16451748963970028
1.9833333333333334,loiter,6000.0,70.0,55.583306902474895,76.0,-20.416693097525105,0.33230801889249345,4.239845629008422,241.56060618894855,37.61999999999955,962.3800000000005,100.45642126285986,55.583306902474895,0.16442857610360903
2.0,loiter,6000.0,70.0,55.553262501293766,0.0,55.553262501293766,0.15060936941400985,2.6822680012133415,241.56060618894855,37.61999999999955,962.3800000000005,0.0,55.553262501293766,0.8075
2.0166666666666666,loiter,6000.0,70.0,55.553262501293766,76.0,-20.446737498706234,0.21748473230866378,4.052710268805024,241.18060618894856,37.999999999999545,962.0000000000005,100.45642126285986,55.553262501293766,0.16433969765463935
2.033333333333333,loiter,6000.0,70.0,55.523229960935694,76.0,-20.476770039064306,0.2844583229540883,4.155870158434428,240.80060618894856,38.37999999999954,961.6200000000005,100.45642126285986,55.523229960935694,0.1642508542927912
2.05,loiter,6000.0,70.0,55.49320928140066,76.0,-20.50679071859934,0.3515301025569627,4.274669588338555,240.42060618894857,38.759999999999536,961.2400000000005,100.45642126285986,55.49320928140066,0.16416204601806458
2.066666666666667,loiter,6000.0,70.0,55.46320046268872,0.0,55.46320046268872,0.1701260199508286,2.6823609383032054,240.42060618894857,38.759999999999536,961.2400000000005,0.0,55.46320046268872,0.8075
2.0833333333333335,loiter,6000.0,70.0,55.46320046268872,76.0,-20.536799537311282,0.23729594971783202,4.08084072193283,240.04060618894857,39.13999999999953,960.8600000000005,100.45642126285986,55.46320046268872,0.16407327283045967
2.1,loiter,6000.0,70.0,55.433203504799785,76.0,-20.566796495200215,0.3045639908556439,4.18965551296445,239.66060618894858,39.51999999999953,960.4800000000005,100.45642126285986,55.433203504799785,0.16398453472997618
2.1166666666666667,loiter,6000.0,70.0,55.40321840773393,76.0,-20.59678159226607,0.37193010457094333,4.312502838082361,239.28060618894858,39.89999999999952,960.1000000000005,100.45642126285986,55.40321840773393,0.1638958317166143
2.1333333333333333,loiter,6000.0,70.0,55.37324517149115,0.0,55.37324517149115,0.19082023969727205,2.6823850304875214,239.28060618894858,39.89999999999952,960.1000000000005,0.0,55.37324517149115,0.8075
2.15,loiter,6000.0,70.0,55.37324517149115,76.0,-20.62675482850885,0.2582843871967383,4.112540112862229,238.9006061889486,40.27999999999952,959.7200000000005,100.45642126285986,55.37324517149115,0.16380716379037405
2.1666666666666665,loiter,6000.0,70.0,55.343283796071404,76.0,-20.656716203928596,0.32584652968705063,4.226752684075555,238.5206061889486,40.65999999999951,959.3400000000005,100.45642126285986,55.343283796071404,0.1637185309512553
2.183333333333333,loiter,6000.0,70.0,55.3133342814747,0.0,55.3133342814747,0.14493261600175084,2.6821132372875836,238.5206061889486,40.65999999999951,959.3400000000005,0.0,55.3133342814747,0.8074999999999998
2.2,loiter,6000.0,70.0,55.3133342814747,76.0,-20.686665718525298,0.21259271468958857,4.044881566835278,238.1406061889486,41.03999999999951,958.9600000000005,100.45642126285986,55.3133342814747,0.1636299331992581
2.216666666666667,loiter,6000.0,70.0,55.28339662770109,76.0,-20.716603372298913,0.28035073078163086,4.147727779748454,237.7606061889486,41.419999999999504,958.5800000000005,100.45642126285986,55.28339662770109,0.16354137053438259
2.2333333333333334,loiter,6000.0,70.0,55.253470834750516,76.0,-20.746529165249484,0.348206625484557,4.267039162293938,237.3806061889486,41.7999999999995,958.2000000000005,100.45642126285986,55.253470834750516,0.16345284295662857
2.25,loiter,6000.0,70.0,55.22355690262299,0.0,55.22355690262299,0.16758634763190872,2.6823537440324396,237.3806061889486,41.7999999999995,958.2000000000005,0.0,55.22355690262299,0.8074999999999999
2.2666666666666666,loiter,6000.0,70.0,55.22355690262299,76.0,-20.776443097377012,0.23554008215239794,4.077078534991483,237.0006061889486,42.179999999999495,957.8200000000005,100.45642126285986,55.22355690262299,0.16336435046599607
2.283333333333333,loiter,6000.0,70.0,55.19365483131852,76.0,-20.80634516868148,0.30359161769712956,4.186610785636668,236.6206061889486,42.55999999999949,957.4400000000005,100.45642126285986,55.19365483131852,0.1632758930624852
2.3,loiter,6000.0,70.0,55.163764620837114,76.0,-20.836235379162886,0.37174091547278276,4.310660198553642,236.24060618894862,42.939999999999486,957.0600000000005,100.45642126285986,55.163764620837114,0.16318747074609585
2.316666666666667,loiter,6000.0,70.0,55.13388627117877,0.0,55.13388627117877,0.19141392431289922,2.6823848944873485,236.24060618894862,42.939999999999486,957.0600000000005,0.0,55.13388627117877,0.8074999999999999
2.3333333333333335,loiter,6000.0,70.0,55.13388627117877,76.0,-20.866113728821233,0.2596609455261532,4.113475668281562,235.86060618894862,43.31999999999948,956.6800000000005,100.45642126285986,55.13388627117877,0.16309908351682814
2.35,loiter,6000.0,70.0,55.104019782343485,76.0,-20.895980217656515,0.32800565138368726,4.229229067501838,235.48060618894863,43.69999999999948,956.3000000000005,100.45642126285986,55.104019782343485,0.163010731374682
2.3666666666666667,loiter,6000.0,70.0,55.07416515433123,0.0,55.07416515433123,0.14787399071904317,2.6821906184800848,235.48060618894863,43.69999999999948,956.3000000000005,0.0,55.07416515433123,0.8074999999999999
2.3833333333333333,loiter,6000.0,70.0,55.07416515433123,76.0,-20.925834845668767,0.2163163424275366,4.048917123645032,235.10060618894863,44.07999999999947,955.9200000000005,100.45642126285986,55.07416515433123,0.16292241431965737
2.4,loiter,6000.0,70.0,55.044322387142046,76.0,-20.955677612857954,0.28485630119366867,4.153917967942698,234.72060618894864,44.45999999999947,955.5400000000005,100.45642126285986,55.044322387142046,0.1628341323517543
2.4166666666666665,loiter,6000.0,70.0,55.01449148077593,76.0,-20.98550851922407,0.3534938282241185,4.275410918866806,234.34060618894864,44.83999999999946,955.1600000000005,100.45642126285986,55.01449148077593,0.1627458854709729
2.433333333333333,loiter,6000.0,70.0,54.98467243523285,0.0,54.98467243523285,0.1736548723524279,2.6823645265348057,234.34060618894864,44.83999999999946,955.1600000000005,0.0,54.98467243523285,0.8074999999999999
2.45,loiter,6000.0,70.0,54.98467243523285,76.0,-21.015327564767148,0.24238992885387484,4.086116354014342,233.96060618894865,45.21999999999946,954.7800000000005,100.45642126285986,54.98467243523285,0.16265767367731296
2.466666666666667,loiter,6000.0,70.0,54.95486525051284,76.0,-21.04513474948716,0.31122247603299813,4.198541503336369,233.58060618894865,45.599999999999454,954.4000000000005,100.45642126285986,54.95486525051284,0.16256949697077466
2.4833333333333334,loiter,6000.0,70.0,54.92506992661587,76.0,-21.07493007338413,0.38015247509647704,4.321248174120342,233.20060618894865,45.97999999999945,954.0200000000006,100.45642126285986,54.92506992661587,0.16248135535135785
2.5,loiter,6000.0,70.0,54.89528646354197,0.0,54.89528646354197,0.2006058748778532,2.682390102372161,233.20060618894865,45.97999999999945,954.0200000000006,0.0,54.89528646354197,0.8074999999999999
2.5166666666666666,loiter,6000.0,70.0,54.89528646354197,76.0,-21.10471353645803,0.2696332870323669,4.128135927063989,232.82060618894866,46.359999999999445,953.6400000000006,100.45642126285986,54.89528646354197,0.16239324881906267
2.533333333333333,loiter,6000.0,70.0,54.865514861291125,76.0,-21.134485138708875,0.33875807348459464,4.247318516523021,232.44060618894866,46.73999999999944,953.2600000000006,100.45642126285986,54.865514861291125,0.16230517737388905
2.55,loiter,6000.0,70.0,54.83575511986334,0.0,54.83575511986334,0.1594061830680782,2.6823197509607835,232.44060618894866,46.73999999999944,953.2600000000006,0.0,54.83575511986334,0.8075
2.566666666666667,loiter,6000.0,70.0,54.83575511986334,76.0,-21.164244880136657,0.22862830502469927,4.065163568668214,232.06060618894867,47.119999999999436,952.8800000000006,100.45642126285986,54.83575511986334,0.16221714101583704
2.5833333333333335,loiter,6000.0,70.0,54.80600723925857,76.0,-21.19399276074143,0.2979477236923931,4.174718691696536,231.68060618894867,47.49999999999943,952.5000000000006,100.45642126285986,54.80600723925857,0.16212913974490648
2.6,loiter,6000.0,70.0,54.77627121947691,76.0,-21.22372878052309,0.3673644002778387,4.299979884077714,231.30060618894868,47.87999999999943,952.1200000000006,100.45642126285986,54.77627121947691,0.16204117356109762
2.6166666666666667,loiter,6000.0,70.0,54.74654706051828,0.0,54.74654706051828,0.18830428361457777,2.6823814417996057,231.30060618894868,47.87999999999943,952.1200000000006,0.0,54.74654706051828,0.8075
2.6333333333333333,loiter,6000.0,70.0,54.74654706051828,76.0,-21.25345293948172,0.2578181793244544,4.108590960326187,230.92060618894868,48.25999999999942,951.7400000000006,100.45642126285986,54.74654706051828,0.16195324246441023
2.65,loiter,6000.0,70.0,54.71683476238269,76.0,-21.28316523761731,0.32742925536544143,4.225915153229171,230.5406061889487,48.63999999999942,951.3600000000006,100.45642126285986,54.71683476238269,0.16186534645484438
2.6666666666666665,loiter,6000.0,70.0,54.68713432507019,0.0,54.68713432507019,0.1485634605710805,2.682174000280602,230.5406061889487,48.63999999999942,951.3600000000006,0.0,54.68713432507019,0.8075
2.683333333333333,loiter,6000.0,70.0,54.68713432507019,76.0,-21.31286567492981,0.2182716781498571,4.049869585616229,230.1606061889487,49.01999999999941,950.9800000000006,100.45642126285986,54.68713432507019,0.1617774855324002
2.7,loiter,6000.0,70.0,54.65744574858074,76.0,-21.34255425141926,0.2880769984731025,4.157187640996865,229.7806061889487,49.39999999999941,950.6000000000006,100.45642126285986,54.65744574858074,0.16168965969707763
2.716666666666667,loiter,6000.0,70.0,54.62776903291432,76.0,-21.372230967085677,0.357979382747496,4.2814230474799935,229.4006061889487,49.779999999999404,950.2200000000006,100.45642126285986,54.62776903291432,0.1616018689488765
2.7333333333333334,loiter,6000.0,70.0,54.59810417807098,0.0,54.59810417807098,0.1794047798065793,2.682371343141139,229.4006061889487,49.779999999999404,950.2200000000006,0.0,54.59810417807098,0.8075
2.75,loiter,6000.0,70.0,54.59810417807098,76.0,-21.401895821929017,0.24940418923880012,4.094829465439203,229.0206061889487,50.1599999999994,949.8400000000006,100.45642126285986,54.59810417807098,0.16151411328779702
2.7666666666666666,loiter,6000.0,70.0,54.56845118405069,76.0,-21.431548815949313,0.3195005850355276,4.210902693345289,228.6406061889487,50.539999999999395,949.4600000000006,100.45642126285986,54.56845118405069,0.16142639271383905
2.783333333333333,loiter,6000.0,70.0,54.53881005085346,76.0,-21.461189949146537,0.3896939284034408,3.8427817461294294,228.2606061889487,50.91999999999939,949.0800000000006,100.45642126285986,54.53881005085346,0.1613387072270027
2.8,loiter,6000.0,70.0,54.50918077847928,0.0,54.50918077847928,0.21141016817608158,2.6823944543530227,228.2606061889487,50.91999999999939,949.0800000000006,0.0,54.50918077847928,0.8075
2.816666666666667,loiter,6000.0,70.0,54.50918077847928,76.0,-21.490819221520717,0.2817004203218599,4.145772018842998,227.88060618894872,51.299999999999386,948.7000000000006,100.45642126285986,54.50918077847928,0.1612510568272879
2.8333333333333335,loiter,6000.0,70.0,54.479563366928154,76.0,-21.520436633071846,0.35208754245218254,4.269542137345094,227.50060618894872,51.67999999999938,948.3200000000006,100.45642126285986,54.479563366928154,0.16116344151469467
2.85,loiter,6000.0,70.0,54.4499578162001,0.0,54.4499578162001,0.1739974834005912,2.682362000994586,227.50060618894872,51.67999999999938,948.3200000000006,0.0,54.4499578162001,0.8075
2.8666666666666667,loiter,6000.0,70.0,54.4499578162001,76.0,-21.550042183799903,0.24448143672213746,4.086631498139417,227.12060618894873,52.05999999999938,947.9400000000006,100.45642126285986,54.4499578162001,0.16107586128922302
2.8833333333333333,loiter,6000.0,70.0,54.42036412629509,76.0,-21.57963587370491,0.31506218244158646,4.202212351077196,226.74060618894873,52.43999999999937,947.5600000000006,100.45642126285986,54.42036412629509,0.16098831615087295
2.9,loiter,6000.0,70.0,54.39078229721313,76.0,-21.60921770278687,0.38573968176561757,4.304926010004094,226.36060618894874,52.81999999999937,947.1800000000006,100.45642126285986,54.39078229721313,0.1609008060996444
2.9166666666666665,loiter,6000.0,70.0,54.36121232895422,0.0,54.36121232895422,0.2079398835277725,2.682392809365022,226.36060618894874,52.81999999999937,947.1800000000006,0.0,54.36121232895422,0.8074999999999998
2.933333333333333,loiter,6000.0,70.0,54.36121232895422,76.0,-21.638787671045783,0.278714097663065,4.140061268557632,225.98060618894874,53.19999999999936,946.8000000000006,100.45642126285986,54.36121232895422,0.1608133311355374
2.95,loiter,6000.0,70.0,54.33165422151837,76.0,-21.66834577848163,0.3495849878162981,4.264009755593632,225.60060618894875,53.57999999999936,946.4200000000006,100.45642126285986,54.33165422151837,0.16072589125855205
2.966666666666667,loiter,6000.0,70.0,54.30210797490559,0.0,54.30210797490559,0.17197850282101346,2.6823569209457596,225.60060618894875,53.57999999999936,946.4200000000006,0.0,54.30210797490559,0.8074999999999999
2.9833333333333334,loiter,6000.0,70.0,54.30210797490559,76.0,-21.69789202509441,0.24294603019886635,4.0836032690768524,225.22060618894875,53.959999999999354,946.0400000000006,100.45642126285986,54.30210797490559,0.16063848646868822
3.0,loiter,6000.0,70.0,54.27257358911585,76.0,-21.72742641088415,0.31401015600801835,4.199516268740366,224.84060618894875,54.33999999999935,945.6600000000007,100.45642126285986,54.27257358911585,0.16055111676594594
3.0166666666666666,loiter,6000.0,70.0,54.24305106414919,76.0,-21.756948935850808,0.3851708414551486,4.312233350000999,224.46060618894876,54.719999999999345,945.2800000000007,100.45642126285986,54.24305106414919,0.16046378215032536
3.033333333333333,loiter,6000.0,70.0,54.21354040000555,0.0,54.21354040000555,0.207854035373799,2.682392555650795,224.46060618894876,54.719999999999345,945.2800000000007,0.0,54.21354040000555,0.8074999999999999
3.05,loiter,6000.0,70.0,54.21354040000555,76.0,-21.78645959999445,0.27911124166558693,4.139920541224095,224.08060618894876,55.09999999999934,944.9000000000007,100.45642126285986,54.21354040000555,0.16037648262182616
3.066666666666667,loiter,6000.0,70.0,54.18404159668498,76.0,-21.815958403315022,0.3504649300087117,4.264744290285309,223.70060618894877,55.479999999999336,944.5200000000007,100.45642126285986,54.18404159668498,0.1602892181804486
3.0833333333333335,loiter,6000.0,70.0,54.154554654187486,0.0,54.154554654187486,0.17334104923671495,2.6823588009853605,223.70060618894877,55.479999999999336,944.5200000000007,0.0,54.154554654187486,0.8075
3.1,loiter,6000.0,70.0,54.154554654187486,76.0,-21.845445345812514,0.24479118083785573,4.085644948686262,223.32060618894877,55.85999999999933,944.1400000000007,100.45642126285986,54.154554654187486,0.16020198882619271
3.1166666666666667,loiter,6000.0,70.0,54.12507957251303,76.0,-21.87492042748697,0.31633771690369183,4.202757082454644,222.94060618894878,56.23999999999933,943.7600000000007,100.45642126285986,54.12507957251303,0.16011479455905828
3.1333333333333333,loiter,6000.0,70.0,54.09561635166162,76.0,-21.90438364833838,0.3879806186409026,4.289369813374348,222.56060618894878,56.61999999999932,943.3800000000007,100.45642126285986,54.09561635166162,0.1600276353790454
3.15,loiter,6000.0,70.0,54.06616499163328,0.0,54.06616499163328,0.2111458348830296,2.6823937660517094,222.56060618894878,56.61999999999932,943.3800000000007,0.0,54.06616499163328,0.8075000000000001
3.1666666666666665,loiter,6000.0,70.0,54.06616499163328,76.0,-21.93383500836672,0.2828850634982941,4.145335523077894,222.1806061889488,56.99999999999932,943.0000000000007,100.45642126285986,54.06616499163328,0.15994051128615416
3.183333333333333,loiter,6000.0,70.0,54.03672549242799,76.0,-21.96327450757201,0.3547205801982918,4.2717424926237255,221.8006061889488,57.37999999999931,942.6200000000007,100.45642126285986,54.03672549242799,0.15985342228038443
3.2,loiter,6000.0,70.0,54.00729785404577,0.0,54.00729785404577,0.17807833381656418,2.6823665642904437,221.8006061889488,57.37999999999931,942.6200000000007,0.0,54.00729785404577,0.8075
3.216666666666667,loiter,6000.0,70.0,54.00729785404577,76.0,-21.992702145954233,0.2500100998079741,4.092806776548,221.4206061889488,57.75999999999931,942.2400000000007,100.45642126285986,54.00729785404577,0.15976636836173633
3.2333333333333334,loiter,6000.0,70.0,53.977882076486615,76.0,-22.022117923513385,0.3220380762974756,4.211977145626323,221.0406061889488,58.139999999999304,941.8600000000007,100.45642126285986,53.977882076486615,0.15967934953020982
3.25,loiter,6000.0,70.0,53.94847815975047,0.0,53.94847815975047,0.14558821211861042,2.681681043570373,221.0406061889488,58.139999999999304,941.8600000000007,0.0,53.94847815975047,0.8075
3.2666666666666666,loiter,6000.0,70.0,53.94847815975047,76.0,-22.051521840249528,0.21771236031288277,4.045777119775772,220.6606061889488,58.5199999999993,941.4800000000007,100.45642126285986,53.94847815975047,0.15959236578580477
3.283333333333333,loiter,6000.0,70.0,53.9190861038374,76.0,-22.0809138961626,0.2899326414186052,4.156251030340829,220.2806061889488,58.899999999999295,941.1000000000007,100.45642126285986,53.9190861038374,0.15950541712852132
3.3,loiter,6000.0,70.0,53.88970590874741,76.0,-22.11029409125259,0.36224901664245696,4.284897090111713,219.9006061889488,59.27999999999929,940.7200000000007,100.45642126285986,53.88970590874741,0.15941850355835951
3.316666666666667,loiter,6000.0,70.0,53.860337574480454,0.0,53.860337574480454,0.1860874348179797,2.682376493694353,219.9006061889488,59.27999999999929,940.7200000000007,0.0,53.860337574480454,0.8074999999999999
3.3333333333333335,loiter,6000.0,70.0,53.860337574480454,76.0,-22.139662425519546,0.25849986536664005,4.1051324495373,219.52060618894882,59.659999999999286,940.3400000000007,100.45642126285986,53.860337574480454,0.1593316250753192
3.35,loiter,6000.0,70.0,53.83098110103654,76.0,-22.169018898963458,0.33100831244678824,4.227139984349301,219.14060618894882,60.03999999999928,939.9600000000007,100.45642126285986,53.83098110103654,0.15924478167940045
3.3666666666666667,loiter,6000.0,70.0,53.801636488415724,0.0,53.801636488415724,0.1550387248919659,2.682250640596135,219.14060618894882,60.03999999999928,939.9600000000007,0.0,53.801636488415724,0.8074999999999998
3.3833333333333333,loiter,6000.0,70.0,53.801636488415724,76.0,-22.198363511584276,0.2276431497102811,4.058932883060613,218.76060618894883,60.41999999999928,939.5800000000007,100.45642126285986,53.801636488415724,0.15915797337060333
3.4,loiter,6000.0,70.0,53.772303736617935,76.0,-22.227696263382065,0.3003435134734426,4.1730359909959445,218.38060618894883,60.79999999999927,939.2000000000007,100.45642126285986,53.772303736617935,0.15907120014892775
3.4166666666666665,loiter,6000.0,70.0,53.74298284564319,76.0,-22.25701715435681,0.37313977738812976,4.304509232312284,218.00060618894884,61.17999999999927,938.8200000000007,100.45642126285986,53.74298284564319,0.15898446201437372
3.433333333333333,loiter,6000.0,70.0,53.713673815491546,0.0,53.713673815491546,0.1974578902878841,2.6823858768846303,218.00060618894884,61.17999999999927,938.8200000000007,0.0,53.713673815491546,0.8074999999999998
3.45,loiter,6000.0,70.0,53.713673815491546,76.0,-22.286326184508454,0.270350015560776,4.123078628047881,217.62060618894884,61.55999999999926,938.4400000000007,100.45642126285986,53.713673815491546,0.15889775896694133
3.466666666666667,loiter,6000.0,70.0,53.684376646162924,76.0,-22.315623353837076,0.34333796339855194,4.248628510530843,217.24060618894885,61.93999999999926,938.0600000000007,100.45642126285986,53.684376646162924,0.15881109100663046
3.4833333333333334,loiter,6000.0,70.0,53.65509133765736,0.0,53.65509133765736,0.16784768263475372,2.68233958333471,217.24060618894885,61.93999999999926,938.0600000000007,0.0,53.65509133765736,0.8074999999999999
3.5,loiter,6000.0,70.0,53.65509133765736,76.0,-22.34490866234264,0.24093141424409303,4.077464314561043,216.86060618894885,62.319999999999254,937.6800000000007,100.45642126285986,53.65509133765736,0.15872445813344116
3.5166666666666666,loiter,6000.0,70.0,53.62581788997484,76.0,-22.37418211002516,0.314110890831675,4.195989300068635,216.48060618894885,62.69999999999925,937.3000000000008,100.45642126285986,53.62581788997484,0.15863786034737337
3.533333333333333,loiter,6000.0,70.0,53.59655630311539,76.0,-22.403443696884608,0.38738607360417876,4.311669940018498,216.10060618894886,63.079999999999245,936.9200000000008,100.45642126285986,53.59655630311539,0.1585512976484272
3.55,loiter,6000.0,70.0,53.56730657707901,0.0,53.56730657707901,0.21218291139514597,2.6823935186737393,216.10060618894886,63.079999999999245,936.9200000000008,0.0,53.56730657707901,0.8075
3.566666666666667,loiter,6000.0,70.0,53.56730657707901,76.0,-22.43269342292099,0.2855537615592507,4.147049468002013,215.72060618894886,63.45999999999924,936.5400000000008,100.45642126285986,53.56730657707901,0.15846477003660264
3.5833333333333335,loiter,6000.0,70.0,53.53806871186568,76.0,-22.461931288134323,0.3590202403216358,4.276710955530738,215.34060618894887,63.839999999999236,936.1600000000008,100.45642126285986,53.53806871186568,0.15837827751189962
3.6,loiter,6000.0,70.0,53.50884270747538,0.0,53.50884270747538,0.184008296515843,2.682372702305304,215.34060618894887,63.839999999999236,936.1600000000008,0.0,53.50884270747538,0.8074999999999999
3.6166666666666667,loiter,6000.0,70.0,53.50884270747538,76.0,-22.49115729252462,0.25757036508318765,4.101907031240509,214.96060618894887,64.21999999999923,935.7800000000008,100.45642126285986,53.50884270747538,0.1582918200743181
3.6333333333333333,loiter,6000.0,70.0,53.47962856390815,76.0,-22.52037143609185,0.3312279846621712,4.225470201381694,214.58060618894888,64.59999999999923,935.4000000000008,100.45642126285986,53.47962856390815,0.1582053977238582
3.65,loiter,6000.0,70.0,53.45042628116397,0.0,53.45042628116397,0.15640710408633526,2.6822538415005526,214.58060618894888,64.59999999999923,935.4000000000008,0.0,53.45042628116397,0.8075000000000001
3.6666666666666665,loiter,6000.0,70.0,53.45042628116397,76.0,-22.54957371883603,0.2301602358836369,4.060875007906497,214.20060618894888,64.97999999999922,935.0200000000008,100.45642126285986,53.45042628116397,0.1581190104605199
3.683333333333333,loiter,6000.0,70.0,53.42123585924287,76.0,-22.57876414075713,0.30400884110593585,4.177341480011699,213.8206061889489,65.35999999999922,934.6400000000008,100.45642126285986,53.42123585924287,0.15803265828430318
3.7,loiter,6000.0,70.0,53.392057298144806,76.0,-22.607942701855194,0.3779528809599113,4.311450808635048,213.4406061889489,65.73999999999921,934.2600000000008,100.45642126285986,53.392057298144806,0.15794634119520798
3.716666666666667,loiter,6000.0,70.0,53.36289059786982,0.0,53.36289059786982,0.203418304279105,2.6823888892970986,213.4406061889489,65.73999999999921,934.2600000000008,0.0,53.36289059786982,0.8075000000000001
3.7333333333333334,loiter,6000.0,70.0,53.36289059786982,76.0,-22.63710940213018,0.2774577399714363,4.13268562866178,213.0606061889489,66.11999999999921,933.8800000000008,100.45642126285986,53.36289059786982,0.15786005919323443
3.75,loiter,6000.0,70.0,53.33373575841785,76.0,-22.666264241582148,0.3515925327088027,4.261688530619914,212.6806061889489,66.4999999999992,933.5000000000008,100.45642126285986,53.33373575841785,0.15777381227838227
3.7666666666666666,loiter,6000.0,70.0,53.304592779788976,0.0,53.304592779788976,0.17724863132474583,2.682361059159815,212.6806061889489,66.4999999999992,933.5000000000008,0.0,53.304592779788976,0.8074999999999998
3.783333333333333,loiter,6000.0,70.0,53.304592779788976,76.0,-22.695407220211024,0.2514787423138265,4.091545400995363,212.3006061889489,66.8799999999992,933.1200000000008,100.45642126285986,53.304592779788976,0.15768760045065183
3.8,loiter,6000.0,70.0,53.27546166198315,76.0,-22.72453833801685,0.3258041327613007,4.214585788055592,211.9206061889489,67.2599999999992,932.7400000000008,100.45642126285986,53.27546166198315,0.157601423710043
3.816666666666667,loiter,6000.0,70.0,53.24634240500037,0.0,53.24634240500037,0.1516507515007102,2.682111200760998,211.9206061889489,67.2599999999992,932.7400000000008,0.0,53.24634240500037,0.8074999999999999
3.8333333333333335,loiter,6000.0,70.0,53.24634240500037,76.0,-22.75365759499963,0.2260713826132572,4.054164391931164,211.5406061889489,67.63999999999919,932.3600000000008,100.45642126285986,53.24634240500037,0.1575152820565556
3.85,loiter,6000.0,70.0,53.21723500884064,76.0,-22.78276499115936,0.3005872155975563,4.17035779811903,211.16060618894892,68.01999999999919,931.9800000000008,100.45642126285986,53.21723500884064,0.15742917549018984
3.8666666666666667,loiter,6000.0,70.0,53.188139473503966,76.0,-22.811860526496034,0.3751982116602868,4.304970382682808,210.78060618894892,68.39999999999918,931.6000000000008,100.45642126285986,53.188139473503966,0.15734310401094562
3.8833333333333333,loiter,6000.0,70.0,53.15905579899034,0.0,53.15905579899034,0.20133031963499026,2.6823872306581324,210.78060618894892,68.39999999999918,931.6000000000008,0.0,53.15905579899034,0.8074999999999999
3.9,loiter,6000.0,70.0,53.15905579899034,76.0,-22.840944201009663,0.27603643998283134,4.129305051035272,210.40060618894893,68.77999999999918,931.2200000000008,100.45642126285986,53.15905579899034,0.1572570676188229
3.9166666666666665,loiter,6000.0,70.0,53.12998398529979,76.0,-22.870016014700212,0.3508376458224622,4.25906710940762,210.02060618894893,69.15999999999917,930.8400000000008,100.45642126285986,53.12998398529979,0.1571710663138219
3.933333333333333,loiter,6000.0,70.0,53.1009240324323,0.0,53.1009240324323,0.1771598859874245,2.6823595654209713,210.02060618894893,69.15999999999917,930.8400000000008,0.0,53.1009240324323,0.8075
3.95,loiter,6000.0,70.0,53.1009240324323,76.0,-22.899075967567697,0.25205613852552433,4.091410659122526,209.64060618894894,69.53999999999917,930.4600000000008,100.45642126285986,53.1009240324323,0.15708510009594243
3.966666666666667,loiter,6000.0,70.0,53.07187594038785,76.0,-22.928124059612152,0.32704739896877255,4.215613041637097,209.26060618894894,69.91999999999916,930.0800000000008,100.45642126285986,53.07187594038785,0.15699916896518448
3.9833333333333334,loiter,6000.0,70.0,53.04283970916645,0.0,53.04283970916645,0.15355961615071081,2.6821616228819014,209.26060618894894,69.91999999999916,930.0800000000008,0.0,53.04283970916645,0.8075
4.0,loiter,6000.0,70.0,53.04283970916645,76.0,-22.95716029083355,0.2286458457057866,4.056844018746985,208.88060618894895,70.29999999999916,929.7000000000008,100.45642126285986,53.04283970916645,0.1569132729215481
4.016666666666667,loiter,6000.0,70.0,53.01381533876814,76.0,-22.98618466123186,0.30382700557936915,4.174748680362202,208.50060618894895,70.67999999999915,929.3200000000008,100.45642126285986,53.01381533876814,0.15682741196503336
4.033333333333333,loiter,6000.0,70.0,52.98480282919286,76.0,-23.01519717080714,0.37910305697813773,4.311106235962469,208.12060618894895,71.05999999999915,928.9400000000009,100.45642126285986,52.98480282919286,0.15674158609564012
4.05,loiter,6000.0,70.0,52.95580218044062,0.0,52.95580218044062,0.20589994873563414,2.68238953514981,208.12060618894895,71.05999999999915,928.9400000000009,0.0,52.95580218044062,0.8075
4.066666666666666,loiter,6000.0,70.0,52.95580218044062,76.0,-23.04419781955938,0.28127085286626813,4.1367244873683875,207.74060618894896,71.43999999999915,928.5600000000009,100.45642126285986,52.95580218044062,0.15665579531336843
4.083333333333333,loiter,6000.0,70.0,52.92681339251146,76.0,-23.073186607488537,0.35673657093544664,4.268745054856596,207.36060618894896,71.81999999999914,928.1800000000009,100.45642126285986,52.92681339251146,0.15657003961821836
4.1,loiter,6000.0,70.0,52.89783646540535,0.0,52.89783646540535,0.18372305177671142,2.682369619939007,207.36060618894896,71.81999999999914,928.1800000000009,0.0,52.89783646540535,0.8075
4.116666666666666,loiter,6000.0,70.0,52.89783646540535,76.0,-23.102163534594652,0.2592835449911138,4.101465914676933,206.98060618894897,72.19999999999914,927.8000000000009,100.45642126285986,52.89783646540535,0.15648431901018983
4.133333333333334,loiter,6000.0,70.0,52.868871399122284,76.0,-23.131128600877716,0.3349387745574192,4.22854962775846,206.60060618894897,72.57999999999913,927.4200000000009,100.45642126285986,52.868871399122284,0.15639863348928285
4.15,loiter,6000.0,70.0,52.83991819366231,0.0,52.83991819366231,0.16211468930916934,2.6822942823451132,206.60060618894897,72.57999999999913,927.4200000000009,0.0,52.83991819366231,0.8075
4.166666666666667,loiter,6000.0,70.0,52.83991819366231,76.0,-23.160081806337693,0.23786461643405704,4.069073836570217,206.22060618894898,72.95999999999913,927.0400000000009,100.45642126285986,52.83991819366231,0.15631298305549757
4.183333333333334,loiter,6000.0,70.0,52.81097684902536,76.0,-23.18902315097464,0.3137092023242063,4.190643618218998,205.84060618894898,73.33999999999912,926.6600000000009,100.45642126285986,52.81097684902536,0.15622736770883372
4.2,loiter,6000.0,70.0,52.78204736521149,76.0,-23.21795263478851,0.3896484081862963,4.3137833749856815,205.460606188949,73.71999999999912,926.2800000000009,100.45642126285986,52.78204736521149,0.15614178744929155
4.216666666666667,loiter,6000.0,70.0,52.75312974222065,0.0,52.75312974222065,0.21710818285386888,2.6823944365225794,205.460606188949,73.71999999999912,926.2800000000009,0.0,52.75312974222065,0.8075
4.233333333333333,loiter,6000.0,70.0,52.75312974222065,76.0,-23.24687025777935,0.29314196989457897,4.155240495754133,205.080606188949,74.09999999999911,925.9000000000009,100.45642126285986,52.75312974222065,0.15605624227687084
4.25,loiter,6000.0,70.0,52.724223980052884,76.0,-23.275776019947116,0.36927029932058836,4.290922007839944,204.700606188949,74.47999999999911,925.5200000000009,100.45642126285986,52.724223980052884,0.15597073219157176
4.266666666666667,loiter,6000.0,70.0,52.69533007870816,0.0,52.69533007870816,0.19691911996543876,2.682383021471636,204.700606188949,74.47999999999911,925.5200000000009,0.0,52.69533007870816,0.8074999999999999
4.283333333333333,loiter,6000.0,70.0,52.69533007870816,76.0,-23.30466992129184,0.2731419529834267,4.122216860148308,204.320606188949,74.8599999999991,925.1400000000009,100.45642126285986,52.69533007870816,0.15588525719339422
4.3,loiter,6000.0,70.0,52.66644803818648,76.0,-23.33355196181352,0.3494592508000725,4.253743714519199,203.940606188949,75.2399999999991,924.7600000000009,100.45642126285986,52.66644803818648,0.15579981728233822
4.316666666666666,loiter,6000.0,70.0,52.63757785848789,0.0,52.63757785848789,0.17729696224891778,2.6823566432704604,203.940606188949,75.2399999999991,924.7600000000009,0.0,52.63757785848789,0.8075
4.333333333333333,loiter,6000.0,70.0,52.63757785848789,76.0,-23.362422141512113,0.2537086860709006,4.091618796022658,203.560606188949,75.6199999999991,924.3800000000009,100.45642126285986,52.63757785848789,0.15571441245840387
4.35,loiter,6000.0,70.0,52.60871953961234,76.0,-23.391280460387662,0.3302147971048997,4.218558275160939,203.180606188949,75.99999999999909,924.0000000000009,100.45642126285986,52.60871953961234,0.155629042721591
4.366666666666666,loiter,6000.0,70.0,52.57987308155984,0.0,52.57987308155984,0.15824124418445684,2.682238000596949,203.180606188949,75.99999999999909,924.0000000000009,0.0,52.57987308155984,0.8074999999999999
4.383333333333334,loiter,6000.0,70.0,52.57987308155984,76.0,-23.42012691844016,0.23484170363715154,4.063492568192166,202.80060618894902,76.37999999999909,923.6200000000009,100.45642126285986,52.57987308155984,0.15554370807189977
4.4,loiter,6000.0,70.0,52.55103848433037,76.0,-23.44896151566963,0.3115364727152211,4.185402410157501,202.42060618894902,76.75999999999908,923.2400000000009,100.45642126285986,52.55103848433037,0.15545840850933
4.416666666666667,loiter,6000.0,70.0,52.522215747924015,76.0,-23.477784252075985,0.38832551262534465,4.320683809038323,202.04060618894903,77.13999999999908,922.8600000000009,100.45642126285986,52.522215747924015,0.15537314403388194
4.433333333333334,loiter,6000.0,70.0,52.49340487234069,0.0,52.49340487234069,0.21663477220106397,2.6823939075020062,202.04060618894903,77.13999999999908,922.8600000000009,0.0,52.49340487234069,0.8074999999999999
4.45,loiter,6000.0,70.0,52.49340487234069,76.0,-23.50659512765931,0.29351804414992083,4.154449549730853,201.66060618894903,77.51999999999907,922.4800000000009,100.45642126285986,52.49340487234069,0.15528791464555539
4.466666666666667,loiter,6000.0,70.0,52.464605857580395,76.0,-23.535394142419605,0.3704955093441903,4.2916293367547,201.28060618894904,77.89999999999907,922.1000000000009,100.45642126285986,52.464605857580395,0.15520272034435034
4.483333333333333,loiter,6000.0,70.0,52.43581870364321,0.0,52.43581870364321,0.19899311661741392,2.6823839734752046,201.28060618894904,77.89999999999907,922.1000000000009,0.0,52.43581870364321,0.8075
4.5,loiter,6000.0,70.0,52.43581870364321,76.0,-23.564181296356793,0.2760647362637751,4.125540309924557,200.90060618894904,78.27999999999906,921.7200000000009,100.45642126285986,52.43581870364321,0.15511756113026703
4.516666666666667,loiter,6000.0,70.0,52.40704341052903,76.0,-23.592956589470973,0.3532304715689074,4.2591192511401825,200.52060618894905,78.65999999999906,921.3400000000009,100.45642126285986,52.40704341052903,0.15503243700330513
4.533333333333333,loiter,6000.0,70.0,52.378279978237906,0.0,52.378279978237906,0.1819162713663525,2.682364069660256,200.52060618894905,78.65999999999906,921.3400000000009,0.0,52.378279978237906,0.8075
4.55,loiter,6000.0,70.0,52.378279978237906,76.0,-23.621720021762094,0.25917608353693516,4.098679678846161,200.14060618894905,79.03999999999905,920.960000000001,100.45642126285986,52.378279978237906,0.15494734796346482
4.566666666666666,loiter,6000.0,70.0,52.349528406769885,76.0,-23.650471593230115,0.3365299337796473,4.22835623346292,199.76060618894905,79.41999999999905,920.580000000001,100.45642126285986,52.349528406769885,0.1548622940107462
4.583333333333333,loiter,6000.0,70.0,52.32078869612488,0.0,52.32078869612488,0.1654037709280307,2.682306270381876,199.76060618894905,79.41999999999905,920.580000000001,0.0,52.32078869612488,0.8074999999999999
4.6,loiter,6000.0,70.0,52.32078869612488,76.0,-23.67921130387512,0.24285162044955166,4.073868885433873,199.38060618894906,79.79999999999905,920.200000000001,100.45642126285986,52.32078869612488,0.154777275145149
4.616666666666666,loiter,6000.0,70.0,52.29206084630294,76.0,-23.707939153697062,0.3203934304565607,4.199350717592703,199.00060618894906,80.17999999999904,919.820000000001,100.45642126285986,52.29206084630294,0.15469229136667342
4.633333333333334,loiter,6000.0,70.0,52.26334485730405,0.0,52.26334485730405,0.1494551497825995,2.6816356364625284,199.00060618894906,80.17999999999904,919.820000000001,0.0,52.26334485730405,0.8075
4.65,loiter,6000.0,70.0,52.26334485730405,76.0,-23.736655142695952,0.22709088148177584,4.051105033616676,198.62060618894907,80.55999999999904,919.440000000001,100.45642126285986,52.26334485730405,0.15460734267531942
4.666666666666667,loiter,6000.0,70.0,52.23464072912823,76.0,-23.76535927087177,0.3048204960797987,4.172094050899695,198.24060618894907,80.93999999999903,919.060000000001,100.45642126285986,52.23464072912823,0.154522429071087
4.683333333333334,loiter,6000.0,70.0,52.20594846177546,76.0,-23.794051538224537,0.3826439547833474,4.312988929771263,197.86060618894908,81.31999999999903,918.680000000001,100.45642126285986,52.20594846177546,0.15443755055397615
4.7,loiter,6000.0,70.0,52.17726805524574,0.0,52.17726805524574,0.2119872064259636,2.6823913709713185,197.86060618894908,81.31999999999903,918.680000000001,0.0,52.17726805524574,0.8074999999999999
4.716666666666667,loiter,6000.0,70.0,52.17726805524574,76.0,-23.82273194475426,0.28990447044171735,4.1467257425574235,197.48060618894908,81.69999999999902,918.300000000001,100.45642126285986,52.17726805524574,0.1543527071239868
4.733333333333333,loiter,6000.0,70.0,52.148599509539075,76.0,-23.851400490460925,0.3679155009763554,4.284844296178506,197.1006061889491,82.07999999999902,917.920000000001,100.45642126285986,52.148599509539075,0.1542678987811191
4.75,loiter,6000.0,70.0,52.11994282465547,0.0,52.11994282465547,0.1974462468634195,2.6823819115811585,197.1006061889491,82.07999999999902,917.920000000001,0.0,52.11994282465547,0.8075
4.766666666666667,loiter,6000.0,70.0,52.11994282465547,76.0,-23.880057175344533,0.27555100512362113,4.123059992544386,196.7206061889491,82.45999999999901,917.540000000001,100.45642126285986,52.11994282465547,0.15418312552537292
4.783333333333333,loiter,6000.0,70.0,52.09129800059493,76.0,-23.908701999405068,0.3537494523160655,4.2581728972086825,196.3406061889491,82.83999999999901,917.160000000001,100.45642126285986,52.09129800059493,0.15409838735674836
4.8,loiter,6000.0,70.0,52.06266503735745,0.0,52.06266503735745,0.18346753727429443,2.682364963246984,196.3406061889491,82.83999999999901,917.160000000001,0.0,52.06266503735745,0.8074999999999999
4.816666666666666,loiter,6000.0,70.0,52.06266503735745,76.0,-23.937334962642552,0.2617596346056609,4.101071060806922,195.9606061889491,83.219999999999,916.780000000001,100.45642126285986,52.06266503735745,0.15401368427524534
4.833333333333333,loiter,6000.0,70.0,52.03404393494301,76.0,-23.965956065056993,0.34014534328262863,4.233014328814072,195.5806061889491,83.599999999999,916.400000000001,100.45642126285986,52.03404393494301,0.1539290162808639
4.85,loiter,6000.0,70.0,52.00543469335165,0.0,52.00543469335165,0.17005061213873932,2.6823266828057237,195.5806061889491,83.599999999999,916.400000000001,0.0,52.00543469335165,0.8074999999999998
4.866666666666666,loiter,6000.0,70.0,52.00543469335165,76.0,-23.994565306648347,0.2485298933679875,4.080728594767178,195.2006061889491,83.979999999999,916.020000000001,100.45642126285986,52.00543469335165,0.15384438337360407
4.883333333333334,loiter,6000.0,70.0,51.97683731258331,76.0,-24.023162687416693,0.3271027083561956,4.209354162624713,194.8206061889491,84.35999999999899,915.640000000001,100.45642126285986,51.97683731258331,0.1537597855534657
4.9,loiter,6000.0,70.0,51.948251792638025,0.0,51.948251792638025,0.15719500593690522,2.6821634910364436,194.8206061889491,84.35999999999899,915.640000000001,0.0,51.948251792638025,0.8075
4.916666666666667,loiter,6000.0,70.0,51.948251792638025,76.0,-24.051748207361975,0.23586131589075238,4.061997438143084,194.44060618894912,84.73999999999899,915.260000000001,100.45642126285986,51.948251792638025,0.15367522282044893
4.933333333333334,loiter,6000.0,70.0,51.91967813351584,76.0,-24.080321866484162,0.31462108201691774,4.187167107765629,194.06060618894912,85.11999999999898,914.880000000001,100.45642126285986,51.91967813351584,0.15359069517455382
4.95,loiter,6000.0,70.0,51.89111633521667,76.0,-24.108883664783328,0.3934742655220807,4.308408591396064,193.68060618894913,85.49999999999898,914.500000000001,100.45642126285986,51.89111633521667,0.15350620261578019
4.966666666666667,loiter,6000.0,70.0,51.86256639774055,0.0,51.86256639774055,0.22384681523978298,2.6823958544899726,193.68060618894913,85.49999999999898,914.500000000001,0.0,51.86256639774055,0.8074999999999999
4.983333333333333,loiter,6000.0,70.0,51.86256639774055,76.0,-24.13743360225945,0.30279337733062284,4.1665810001752535,193.30060618894913,85.87999999999897,914.120000000001,100.45642126285986,51.86256639774055,0.15342174514412807
5.0,loiter,6000.0,70.0,51.83402832108753,76.0,-24.16597167891247,0.3818332792138186,4.309147796887461,192.92060618894914,86.25999999999897,913.740000000001,100.45642126285986,51.83402832108753,0.1533373227595977
5.016666666666667,loiter,6000.0,70.0,51.80550210525753,0.0,51.80550210525753,0.21239246972291217,2.6823909697308896,192.92060618894914,86.25999999999897,913.740000000001,0.0,51.80550210525753,0.8074999999999999
5.033333333333333,loiter,6000.0,70.0,51.80550210525753,76.0,-24.19449789474247,0.2915256726051433,4.147396258085704,192.54060618894914,86.63999999999896,913.360000000001,100.45642126285986,51.80550210525753,0.15325293546218874
5.05,loiter,6000.0,70.0,51.77698775025061,76.0,-24.223012249749388,0.3707521376930889,4.287885148428743,192.16060618894915,87.01999999999896,912.980000000001,100.45642126285986,51.77698775025061,0.15316858325190144
5.066666666666666,loiter,6000.0,70.0,51.74848525606673,0.0,51.74848525606673,0.20149781382029078,2.6823841669983244,192.16060618894915,87.01999999999896,912.980000000001,0.0,51.74848525606673,0.8075
5.083333333333333,loiter,6000.0,70.0,51.74848525606673,76.0,-24.25151474393327,0.2808175023206302,4.129575636096925,191.78060618894915,87.39999999999895,912.600000000001,100.45642126285986,51.74848525606673,0.1530842661287357
5.1,loiter,6000.0,70.0,51.71999462270591,76.0,-24.28000537729409,0.36023037544004266,4.267904304198735,191.40060618894915,87.77999999999895,912.220000000001,100.45642126285986,51.71999462270591,0.1529999840926915
5.116666666666666,loiter,6000.0,70.0,51.69151585016813,0.0,51.69151585016813,0.19116238201206992,2.682374194441153,191.40060618894915,87.77999999999895,912.220000000001,0.0,51.69151585016813,0.8075
5.133333333333334,loiter,6000.0,70.0,51.69151585016813,76.0,-24.30848414983187,0.2706684009572347,4.1130791056891285,191.02060618894916,88.15999999999894,911.840000000001,100.45642126285986,51.69151585016813,0.15291573714376885
5.15,loiter,6000.0,70.0,51.66304893845343,76.0,-24.33695106154657,0.350267526934831,4.249210851481213,190.64060618894916,88.53999999999894,911.4600000000011,100.45642126285986,51.66304893845343,0.1528315252819678
5.166666666666667,loiter,6000.0,70.0,51.63459388756178,0.0,51.63459388756178,0.18138570877840055,2.6823583885964366,190.64060618894916,88.53999999999894,911.4600000000011,0.0,51.63459388756178,0.8075
5.183333333333334,loiter,6000.0,70.0,51.63459388756178,76.0,-24.365406112438222,0.26107790299510764,4.09786409021997,190.26060618894917,88.91999999999894,911.0800000000011,100.45642126285986,51.63459388756178,0.15274734850728833
5.2,loiter,6000.0,70.0,51.60615069749316,76.0,-24.393849302506837,0.3408631266576048,4.231783447023217,189.88060618894917,89.29999999999893,910.7000000000011,100.45642126285986,51.60615069749316,0.15266320681973036
5.216666666666667,loiter,6000.0,70.0,51.57771936824764,0.0,51.57771936824764,0.1721673285994337,2.6823299177403053,189.88060618894917,89.29999999999893,910.7000000000011,0.0,51.57771936824764,0.8075
5.233333333333333,loiter,6000.0,70.0,51.57771936824764,76.0,-24.422280631752358,0.2520455429144001,4.083885719509413,189.50060618894918,89.67999999999893,910.3200000000011,100.45642126285986,51.57771936824764,0.15257910021929408
5.25,loiter,6000.0,70.0,51.549299899825144,76.0,-24.450700100174856,0.3320167090885151,4.215594182397737,189.12060618894918,90.05999999999892,909.9400000000011,100.45642126285986,51.549299899825144,0.15249502870597925
5.266666666666667,loiter,6000.0,70.0,51.5208922922257,0.0,51.5208922922257,0.1635067759553204,2.6822644197364127,189.12060618894918,90.05999999999892,909.9400000000011,0.0,51.5208922922257,0.8075000000000001
5.283333333333333,loiter,6000.0,70.0,51.5208922922257,76.0,-24.479107707774297,0.24357085519526323,4.071097130108576,188.7406061889492,90.43999999999892,909.5600000000011,100.45642126285986,51.5208922922257,0.15241099227978605
5.3,loiter,6000.0,70.0,51.49249654544935,76.0,-24.50750345455065,0.323727808707713,4.200612586896393,188.3606061889492,90.81999999999891,909.1800000000011,100.45642126285986,51.49249654544935,0.15232699094071442
5.316666666666666,loiter,6000.0,70.0,51.464112659496024,0.0,51.464112659496024,0.15540358532621157,2.681963378802231,188.3606061889492,90.81999999999891,909.1800000000011,0.0,51.464112659496024,0.8075
5.333333333333333,loiter,6000.0,70.0,51.464112659496024,76.0,-24.535887340503976,0.23565337431784766,4.059449823144913,187.9806061889492,91.19999999999891,908.8000000000011,100.45642126285986,51.464112659496024,0.15224302468876436
5.35,loiter,6000.0,70.0,51.43574063436575,76.0,-24.56425936563425,0.31599595999534935,4.186806952129558,187.6006061889492,91.5799999999989,908.4200000000011,100.45642126285986,51.43574063436575,0.1521590935239358
5.366666666666666,loiter,6000.0,70.0,51.40738047005854,76.0,-24.59261952994146,0.39643130356539585,4.294602596616887,187.2206061889492,91.9599999999989,908.0400000000011,100.45642126285986,51.40738047005854,0.15207519744622888
5.383333333333334,loiter,6000.0,70.0,51.3790321665744,0.0,51.3790321665744,0.2283853538615288,2.6823968482814777,187.2206061889492,91.9599999999989,908.0400000000011,0.0,51.3790321665744,0.8075
5.4,loiter,6000.0,70.0,51.3790321665744,76.0,-24.620967833425603,0.3089134165307993,4.174303428228848,186.8406061889492,92.3399999999989,907.6600000000011,100.45642126285986,51.3790321665744,0.15199133645564353
5.416666666666667,loiter,6000.0,70.0,51.35069572391331,76.0,-24.64930427608669,0.38953415950597303,4.320736579892802,186.4606061889492,92.71999999999889,907.2800000000011,100.45642126285986,51.35069572391331,0.15190751055217974
5.433333333333334,loiter,6000.0,70.0,51.32237114207527,0.0,51.32237114207527,0.22167353162059178,2.6823943916635247,186.4606061889492,92.71999999999889,907.2800000000011,0.0,51.32237114207527,0.8075
5.45,loiter,6000.0,70.0,51.32237114207527,76.0,-24.67762885792473,0.30238691610834806,4.162906978520362,186.08060618894922,93.09999999999889,906.9000000000011,100.45642126285986,51.32237114207527,0.15182371973583753
5.466666666666667,loiter,6000.0,70.0,51.29405842106028,76.0,-24.705941578939722,0.38319290331536615,4.308377835528255,185.70060618894922,93.47999999999888,906.5200000000011,100.45642126285986,51.29405842106028,0.15173996400661682
5.483333333333333,loiter,6000.0,70.0,51.26575756086833,0.0,51.26575756086833,0.21551744207518783,2.6823916366513156,185.70060618894922,93.47999999999888,906.5200000000011,0.0,51.26575756086833,0.8075
5.5,loiter,6000.0,70.0,51.26575756086833,76.0,-24.73424243913167,0.29641599320814704,4.152585828139662,185.32060618894923,93.85999999999888,906.1400000000011,100.45642126285986,51.26575756086833,0.1516562433645177
5.516666666666667,loiter,6000.0,70.0,51.23746856149947,76.0,-24.76253143850053,0.3774070694737265,4.297088560552656,184.94060618894923,94.23999999999887,905.7600000000011,100.45642126285986,51.23746856149947,0.15157255780954018
5.533333333333333,loiter,6000.0,70.0,51.20919142295366,0.0,51.20919142295366,0.2099166197054679,2.682388573551047,184.94060618894923,94.23999999999887,905.7600000000011,0.0,51.20919142295366,0.8074999999999999
5.55,loiter,6000.0,70.0,51.20919142295366,76.0,-24.79080857704634,0.29100018231034686,4.143308958192684,184.56060618894924,94.61999999999887,905.3800000000011,100.45642126285986,51.20919142295366,0.15148890734168424
5.566666666666666,loiter,6000.0,70.0,51.18092614523089,76.0,-24.81907385476911,0.3721761924612046,4.28689891574732,184.18060618894924,94.99999999999886,905.0000000000011,100.45642126285986,51.18092614523089,0.15140529196094987
5.583333333333333,loiter,6000.0,70.0,51.1526727283312,0.0,51.1526727283312,0.20487059899158283,2.6823852058954722,184.18060618894924,94.99999999999886,905.0000000000011,0.0,51.1526727283312,0.8075
5.6,loiter,6000.0,70.0,51.1526727283312,76.0,-24.847327271668803,0.2861390178950986,4.135046488793284,183.80060618894925,95.37999999999886,904.6200000000011,100.45642126285986,51.1526727283312,0.15132171166733707
5.616666666666666,loiter,6000.0,70.0,51.124431172254525,76.0,-24.875568827745475,0.36749980675795174,4.277802676467526,183.42060618894925,95.75999999999885,904.2400000000011,100.45642126285986,51.124431172254525,0.15123816646084576
5.633333333333334,loiter,6000.0,70.0,51.096201477000946,0.0,51.096201477000946,0.2003789144136838,2.6823815582426644,183.42060618894925,95.75999999999885,904.2400000000011,0.0,51.096201477000946,0.8074999999999999
5.65,loiter,6000.0,70.0,51.096201477000946,76.0,-24.903798522999054,0.28183203444255345,4.1277700583780605,183.04060618894925,96.13999999999885,903.8600000000012,100.45642126285986,51.096201477000946,0.1511546563414761
5.666666666666667,loiter,6000.0,70.0,51.06798364257041,76.0,-24.93201635742959,0.3633774468441188,4.2697864385536,182.66060618894926,96.51999999999884,903.4800000000012,100.45642126285986,51.06798364257041,0.15107118130922803
5.683333333333334,loiter,6000.0,70.0,51.03977766896291,0.0,51.03977766896291,0.19644110045192179,2.6823776857895174,182.66060618894926,96.51999999999884,903.4800000000012,0.0,51.03977766896291,0.8075
5.7,loiter,6000.0,70.0,51.03977766896291,76.0,-24.960222331037087,0.2780787664328623,4.121453195477774,182.28060618894926,96.89999999999884,903.1000000000012,100.45642126285986,51.03977766896291,0.15098774136410145
5.716666666666667,loiter,6000.0,70.0,51.01158355617848,76.0,-24.98841644382152,0.35980864719985706,4.2628354595459985,181.90060618894927,97.27999999999884,902.7200000000012,100.45642126285986,51.01158355617848,0.15090433650609641
5.733333333333333,loiter,6000.0,70.0,50.98340130421713,0.0,50.98340130421713,0.19305669158644778,2.682373684701617,181.90060618894927,97.27999999999884,902.7200000000012,0.0,50.98340130421713,0.8075
5.75,loiter,6000.0,70.0,50.98340130421713,76.0,-25.016598695782868,0.27487874834617604,4.116071676608232,181.52060618894927,97.65999999999883,902.3400000000012,100.45642126285986,50.98340130421713,0.1508209667352131
5.766666666666667,loiter,6000.0,70.0,50.95523091307881,76.0,-25.044769086921193,0.3567929423053171,4.256935487333145,181.14060618894928,98.03999999999883,901.9600000000012,100.45642126285986,50.95523091307881,0.15073763205145121
5.783333333333333,loiter,6000.0,70.0,50.92707238276355,0.0,50.92707238276355,0.19022522229741268,2.6823697006043936,181.14060618894928,98.03999999999883,901.9600000000012,0.0,50.92707238276355,0.8074999999999999
5.8,loiter,6000.0,70.0,50.92707238276355,76.0,-25.072927617236452,0.2722315146626458,4.111603862721355,180.76060618894928,98.41999999999882,901.5800000000012,100.45642126285986,50.92707238276355,0.15065433245481094
5.816666666666666,loiter,6000.0,70.0,50.89892571327135,76.0,-25.101074286728647,0.35432986664065014,4.252073537049394,180.3806061889493,98.79999999999882,901.2000000000012,100.45642126285986,50.89892571327135,0.15057106794529226
5.833333333333333,loiter,6000.0,70.0,50.8707909046022,0.0,50.8707909046022,0.1879462270649675,2.682365930928863,180.3806061889493,98.79999999999882,901.2000000000012,0.0,50.8707909046022,0.8075
5.85,loiter,6000.0,70.0,50.8707909046022,76.0,-25.129209095397798,0.2701365998624224,4.108031006214099,180.0006061889493,99.17999999999881,900.8200000000012,100.45642126285986,50.8707909046022,0.15048783852289516
5.866666666666666,loiter,6000.0,70.0,50.8426679567561,76.0,-25.157332043243898,0.3524189546860071,4.2482383065360665,179.6206061889493,99.55999999999881,900.4400000000012,100.45642126285986,50.8426679567561,0.15040464418761954
5.883333333333334,loiter,6000.0,70.0,50.814556869733075,0.0,50.814556869733075,0.1862192403692633,2.6823626156800353,179.6206061889493,99.55999999999881,900.4400000000012,0.0,50.814556869733075,0.8075
5.9,loiter,6000.0,70.0,50.814556869733075,76.0,-25.185443130266925,0.26859353842565703,4.105337520616922,179.2406061889493,99.9399999999988,900.0600000000012,100.45642126285986,50.814556869733075,0.15032148493946562
5.916666666666667,loiter,6000.0,70.0,50.78645764353309,76.0,-25.21354235646691,0.351059740921539,4.245420435528182,178.8606061889493,100.3199999999988,899.6800000000012,100.45642126285986,50.78645764353309,0.15023836077843317
5.933333333333334,loiter,6000.0,70.0,50.75837027815617,0.0,50.75837027815617,0.18504379669045098,2.6823600123312676,178.8606061889493,100.3199999999988,899.6800000000012,0.0,50.75837027815617,0.8074999999999999
5.95,loiter,6000.0,70.0,50.75837027815617,76.0,-25.24162972184383,0.2676018648325005,4.103511205668684,178.4806061889493,100.6999999999988,899.3000000000012,100.45642126285986,50.75837027815617,0.1501552717045223
5.966666666666667,loiter,6000.0,70.0,50.730294773602296,76.0,-25.269705226397704,0.3502517598273968,4.243612679691581,178.1006061889493,101.07999999999879,898.9200000000012,100.45642126285986,50.730294773602296,0.15007221771773302
5.983333333333333,loiter,6000.0,70.0,50.702231129871485,0.0,50.702231129871485,0.18441943050868165,2.682358355429076,178.1006061889493,101.07999999999879,898.9200000000012,0.0,50.702231129871485,0.8075
6.0,loiter,6000.0,70.0,50.702231129871485,76.0,-25.297768870128515,0.267161113563104,4.102543421462165,177.72060618894932,101.45999999999879,898.5400000000012,100.45642126285986,50.702231129871485,0.1499891988180653
6.016666666666667,loiter,6000.0,70.0,50.674179346963726,76.0,-25.325820653036274,0.3499945458837317,4.242810026666414,177.34060618894932,101.83999999999878,898.1600000000012,100.45642126285986,50.674179346963726,0.14990621500551915
6.033333333333333,loiter,6000.0,70.0,50.64613942487903,0.0,50.64613942487903,0.1843456763041063,2.682357809506903,177.34060618894932,101.83999999999878,898.1600000000012,0.0,50.64613942487903,0.8075
6.05,loiter,6000.0,70.0,50.64613942487903,76.0,-25.35386057512097,0.26727081909761846,4.102429206648628,176.96060618894933,102.21999999999878,897.7800000000012,100.45642126285986,50.64613942487903,0.1498232662800946
6.066666666666666,loiter,6000.0,70.0,50.61811136361739,76.0,-25.381888636382612,0.35028763357069437,4.243009765049713,176.58060618894933,102.59999999999877,897.4000000000012,100.45642126285986,50.61811136361739,0.14974035264179159
6.083333333333333,loiter,6000.0,70.0,50.590095163178795,0.0,50.590095163178795,0.18482206855687583,2.6823584308429718,176.58060618894933,102.59999999999877,897.4000000000012,0.0,50.590095163178795,0.8075
6.1,loiter,6000.0,70.0,50.590095163178795,76.0,-25.409904836821205,0.26793051591619477,4.103167337251049,176.20060618894934,102.97999999999877,897.0200000000012,100.45642126285986,50.590095163178795,0.14965747409061014
6.116666666666666,loiter,6000.0,70.0,50.56209082356327,76.0,-25.437909176436733,0.351130557368436,4.244211510755509,175.82060618894934,103.35999999999876,896.6400000000012,100.45642126285986,50.56209082356327,0.14957463062655027
6.133333333333334,loiter,6000.0,70.0,50.53409834477079,0.0,50.53409834477079,0.18584814174714123,2.682360153508744,175.82060618894934,103.35999999999876,896.6400000000012,0.0,50.53409834477079,0.8074999999999998
6.15,loiter,6000.0,70.0,50.53409834477079,76.0,-25.46590165522921,0.269139738498984,4.104760324375099,175.44060618894935,103.73999999999876,896.2600000000012,100.45642126285986,50.53409834477079,0.14949182224961194
6.166666666666667,loiter,6000.0,70.0,50.50611772680137,76.0,-25.49388227319863,0.3525228517571075,4.246417192345699,175.06060618894935,104.11999999999875,895.8800000000012,100.45642126285986,50.50611772680137,0.14940904895979523
6.183333333333334,loiter,6000.0,70.0,50.478148969654995,0.0,50.478148969654995,0.18742343035505354,2.6823628058340097,175.06060618894935,104.11999999999875,895.8800000000012,0.0,50.478148969654995,0.8074999999999999
6.2,loiter,6000.0,70.0,50.478148969654995,76.0,-25.521851030345005,0.27089802132613716,4.107214350930754,174.68060618894935,104.49999999999875,895.5000000000013,100.45642126285986,50.478148969654995,0.14932631075710004
6.216666666666667,loiter,6000.0,70.0,50.45019207333168,76.0,-25.549807926668322,0.35446405121686003,4.2496309952685465,174.30060618894936,104.87999999999874,895.1200000000013,100.45642126285986,50.45019207333168,0.14924360764152642
6.233333333333333,loiter,6000.0,70.0,50.42224703783144,0.0,50.42224703783144,0.18954746886076387,2.68236615005107,174.30060618894936,104.87999999999874,895.1200000000013,0.0,50.42224703783144,0.8075
6.25,loiter,6000.0,70.0,50.42224703783144,76.0,-25.57775296216856,0.27320489887780525,4.110539149298568,173.92060618894936,105.25999999999874,894.7400000000013,100.45642126285986,50.42224703783144,0.14916093961307444
6.266666666666667,loiter,6000.0,70.0,50.394313863154224,76.0,-25.605686136845776,0.3569536902278444,4.253859263033784,173.54060618894937,105.63999999999874,894.3600000000013,100.45642126285986,50.394313863154224,0.14907830667174396
6.283333333333333,loiter,6000.0,70.0,50.36639254930008,0.0,50.36639254930008,0.19221979174442308,2.682369929286299,173.54060618894937,105.63999999999874,894.3600000000013,0.0,50.36639254930008,0.8075
6.3,loiter,6000.0,70.0,50.36639254930008,76.0,-25.63360745069992,0.2760599056341393,4.114747823595545,173.16060618894937,106.01999999999873,893.9800000000013,100.45642126285986,50.36639254930008,0.14899570881753507
6.316666666666666,loiter,6000.0,70.0,50.338483096269,76.0,-25.661516903731,0.3599913032702118,4.259110349572026,172.78060618894938,106.39999999999873,893.6000000000013,100.45642126285986,50.338483096269,0.14891314605044778
6.333333333333333,loiter,6000.0,70.0,50.310585504060974,0.0,50.310585504060974,0.1954399334861822,2.6823739067925505,172.78060618894938,106.39999999999873,893.6000000000013,0.0,50.310585504060974,0.8075
6.35,loiter,6000.0,70.0,50.310585504060974,76.0,-25.689414495939026,0.2794625760752902,4.119856621731359,172.40060618894938,106.77999999999872,893.2200000000013,100.45642126285986,50.310585504060974,0.148830618370482
6.366666666666666,loiter,6000.0,70.0,50.28269977267599,76.0,-25.71730022732401,0.36357642482411295,4.265394408065789,172.0206061889494,107.15999999999872,892.8400000000013,100.45642126285986,50.28269977267599,0.1487481257776378
6.383333333333334,loiter,6000.0,70.0,50.254825902114085,0.0,50.254825902114085,0.19920742856619222,2.682377889585282,172.0206061889494,107.15999999999872,892.8400000000013,0.0,50.254825902114085,0.8075
6.4,loiter,6000.0,70.0,50.254825902114085,76.0,-25.745174097885915,0.28341244468140897,4.125884663720348,171.6406061889494,107.53999999999871,892.4600000000013,100.45642126285986,50.254825902114085,0.1486656682719152
6.416666666666667,loiter,6000.0,70.0,50.226963892375224,76.0,-25.773036107624776,0.36770858936969897,4.2727230786509125,171.2606061889494,107.91999999999871,892.0800000000013,100.45642126285986,50.226963892375224,0.14858324585331417
6.433333333333334,loiter,6000.0,70.0,50.1991137434594,0.0,50.1991137434594,0.20352181146460402,2.6823817364819567,171.2606061889494,107.91999999999871,892.0800000000013,0.0,50.1991137434594,0.8074999999999999
6.45,loiter,6000.0,70.0,50.1991137434594,76.0,-25.8008862565406,0.2879090459326466,4.132853633662454,170.8806061889494,108.2999999999987,891.7000000000013,100.45642126285986,50.1991137434594,0.14850085852183464
6.466666666666667,loiter,6000.0,70.0,50.171275455366654,76.0,-25.828724544633346,0.37238733138712093,4.281108973210524,170.5006061889494,108.6799999999987,891.3200000000013,100.45642126285986,50.171275455366654,0.14841850627747677
6.483333333333333,loiter,6000.0,70.0,50.14344902809695,0.0,50.14344902809695,0.20838261666156876,2.6823853550618386,170.5006061889494,108.6799999999987,891.3200000000013,0.0,50.14344902809695,0.8075
6.5,loiter,6000.0,70.0,50.14344902809695,76.0,-25.856550971903047,0.2929519143091541,4.140787443371104,170.1206061889494,109.0599999999987,890.9400000000013,100.45642126285986,50.14344902809695,0.14833618912024044
6.516666666666667,loiter,6000.0,70.0,50.115634461650316,76.0,-25.884365538349684,0.37761218535652974,4.290564649524467,169.7406061889494,109.43999999999869,890.5600000000013,100.45642126285986,50.115634461650316,0.14825390705012567
6.533333333333333,loiter,6000.0,70.0,50.08783175602673,0.0,50.08783175602673,0.21378937863723738,2.6823886929251457,169.7406061889494,109.43999999999869,890.5600000000013,0.0,50.08783175602673,0.8075
6.55,loiter,6000.0,70.0,50.08783175602673,76.0,-25.91216824397327,0.29854058429108254,4.149711875758129,169.36060618894942,109.81999999999869,890.1800000000013,100.45642126285986,50.08783175602673,0.14817166006713245
6.566666666666666,loiter,6000.0,70.0,50.060040911226196,76.0,-25.939959088773804,0.38338268575807655,4.301099962552586,168.98060618894942,110.19999999999868,889.8000000000013,100.45642126285986,50.060040911226196,0.1480894481712608
6.583333333333333,loiter,6000.0,70.0,50.032261927248726,0.0,50.032261927248726,0.219741631871761,2.6823917273985844,168.98060618894942,110.19999999999868,889.8000000000013,0.0,50.032261927248726,0.8075
6.6,loiter,6000.0,70.0,50.032261927248726,76.0,-25.967738072751274,0.30467459035858296,4.159654215705531,168.60060618894943,110.57999999999868,889.4200000000013,100.45642126285986,50.032261927248726,0.14800727136251074
6.616666666666666,loiter,6000.0,70.0,50.00449480409432,76.0,-25.99550519590568,0.3896983670719122,4.312712430733157,168.22060618894943,110.95999999999867,889.0400000000013,100.45642126285986,50.00449480409432,0.14792512964088225
6.633333333333334,loiter,6000.0,70.0,49.97673954176294,0.0,49.97673954176294,0.22623891084529044,2.6823944560903654,168.22060618894943,110.95999999999867,889.0400000000013,0.0,49.97673954176294,0.8075000000000001
6.65,loiter,6000.0,70.0,49.97673954176294,76.0,-26.02326045823706,0.3113534669918062,4.170642875114481,167.84060618894944,111.33999999999867,888.6600000000013,100.45642126285986,49.97673954176294,0.1478430230063753
6.666666666666667,loiter,6000.0,70.0,49.94899614025464,76.0,-26.051003859745357,0.3965587637781878,4.3210224585179935,167.46060618894944,111.71999999999866,888.2800000000013,100.45642126285986,49.94899614025464,0.14776095145898993
6.683333333333334,loiter,6000.0,70.0,49.921264599569376,0.0,49.921264599569376,0.23328075003797683,2.682396889292099,167.46060618894944,111.71999999999866,888.2800000000013,0.0,49.921264599569376,0.8075
6.7,loiter,6000.0,70.0,49.921264599569376,76.0,-26.078735400430624,0.3185767486709034,4.182707016772432,167.08060618894945,112.09999999999866,887.9000000000013,100.45642126285986,49.921264599569376,0.14767891499872612
6.716666666666667,loiter,6000.0,70.0,49.893544919707196,76.0,-26.106455080292804,0.40396341035705424,4.192476220319073,166.70060618894945,112.47999999999865,887.5200000000013,100.45642126285986,49.893544919707196,0.14759691362558391
6.733333333333333,loiter,6000.0,70.0,49.86583710066807,0.0,49.86583710066807,0.24086668392997101,2.682399044367983,166.70060618894945,112.47999999999865,887.5200000000013,0.0,49.86583710066807,0.8074999999999999
6.75,loiter,6000.0,70.0,49.86583710066807,76.0,-26.134162899331933,0.3263439698760253,4.195876177725925,166.32060618894945,112.85999999999865,887.1400000000014,100.45642126285986,49.86583710066807,0.1475149473395633
6.766666666666667,loiter,6000.0,70.0,49.838141142451995,0.0,49.838141142451995,0.1633378289155248,2.682135291588148,166.32060618894945,112.85999999999865,887.1400000000014,0.0,49.838141142451995,0.8074999999999999
6.783333333333333,loiter,6000.0,70.0,49.838141142451995,76.0,-26.161858857548005,0.24890570032816184,4.070851092124489,165.94060618894946,113.23999999999864,886.7600000000014,100.45642126285986,49.838141142451995,0.14743301614066426
6.8,loiter,6000.0,70.0,49.81045704505895,76.0,-26.189542954941047,0.334564118414061,4.210019514734885,165.56060618894946,113.61999999999864,886.3800000000014,100.45642126285986,49.81045704505895,0.1473511200288867
6.816666666666666,loiter,6000.0,70.0,49.78278480848899,0.0,49.78278480848899,0.17173903200676377,2.682291094669355,165.56060618894946,113.61999999999864,886.3800000000014,0.0,49.78278480848899,0.8075
6.833333333333333,loiter,6000.0,70.0,49.78278480848899,76.0,-26.21721519151101,0.2574879579726041,4.083245290778427,165.18060618894947,113.99999999999864,886.0000000000014,100.45642126285986,49.78278480848899,0.1472692590042308
6.85,loiter,6000.0,70.0,49.75512443274208,76.0,-26.24487556725792,0.34332735302506495,4.225322275965414,164.80060618894947,114.37999999999863,885.6200000000014,100.45642126285986,49.75512443274208,0.1471874330666964
6.866666666666666,loiter,6000.0,70.0,49.7274759178182,0.0,49.7274759178182,0.1806831659976881,2.6823395461668422,164.80060618894947,114.37999999999863,885.6200000000014,0.0,49.7274759178182,0.8075
6.883333333333334,loiter,6000.0,70.0,49.7274759178182,76.0,-26.272524082181803,0.26661299134344885,4.096785952767867,164.42060618894948,114.75999999999863,885.2400000000014,100.45642126285986,49.7274759178182,0.14710564221628356
6.9,loiter,6000.0,70.0,49.6998392637174,76.0,-26.3001607362826,0.35263320818918853,4.241812536438315,164.04060618894948,115.13999999999862,884.8600000000014,100.45642126285986,49.6998392637174,0.14702388645299233
6.916666666666667,loiter,6000.0,70.0,49.67221447043966,0.0,49.67221447043966,0.19016976536844893,2.682363006499393,164.04060618894948,115.13999999999862,884.8600000000014,0.0,49.67221447043966,0.8075
6.933333333333334,loiter,6000.0,70.0,49.67221447043966,76.0,-26.327785529560337,0.27628033492084686,4.111516674011732,163.6606061889495,115.51999999999862,884.4800000000014,100.45642126285986,49.67221447043966,0.14694216577682268
6.95,loiter,6000.0,70.0,49.644601537984954,76.0,-26.355398462015046,0.36248121838658237,4.259516599605318,163.2806061889495,115.89999999999861,884.1000000000014,100.45642126285986,49.644601537984954,0.14686048018777453
6.966666666666667,loiter,6000.0,70.0,49.61700046635331,0.0,49.61700046635331,0.2001983645991971,2.6823767441738053,163.2806061889495,115.89999999999861,884.1000000000014,0.0,49.61700046635331,0.8075
6.983333333333333,loiter,6000.0,70.0,49.61700046635331,76.0,-26.38299953364669,0.28648952318494936,4.127479143619528,162.9006061889495,116.27999999999861,883.7200000000014,100.45642126285986,49.61700046635331,0.14677882968584796
7.0,loiter,6000.0,70.0,49.58941125554475,76.0,-26.410588744455247,0.3728709180973976,4.27845685846783,162.5206061889495,116.6599999999986,883.3400000000014,100.45642126285986,49.58941125554475,0.14669721427104307
7.016666666666667,loiter,6000.0,70.0,49.56183390555924,0.0,49.56183390555924,0.21076849817008353,2.68238569215926,162.5206061889495,116.6599999999986,883.3400000000014,0.0,49.56183390555924,0.8074999999999998
7.033333333333333,loiter,6000.0,70.0,49.56183390555924,76.0,-26.43816609444076,0.29724009061590695,4.144712851539169,162.1406061889495,117.0399999999986,882.9600000000014,100.45642126285986,49.56183390555924,0.14661563394335966
7.05,loiter,6000.0,70.0,49.534268416396756,76.0,-26.465731583603244,0.38380184180178495,4.298643673920771,161.7606061889495,117.4199999999986,882.5800000000014,100.45642126285986,49.534268416396756,0.14653408870279783
7.066666666666666,loiter,6000.0,70.0,49.506714788057344,0.0,49.506714788057344,0.22187970056125916,2.6823919258508337,161.7606061889495,117.4199999999986,882.5800000000014,0.0,49.506714788057344,0.8074999999999999
7.083333333333333,loiter,6000.0,70.0,49.506714788057344,76.0,-26.493285211942656,0.30853157169387097,4.163254843456179,161.3806061889495,117.79999999999859,882.2000000000014,100.45642126285986,49.506714788057344,0.14645257854935756
7.1,loiter,6000.0,70.0,49.47917302054099,76.0,-26.52082697945901,0.39527352397989574,4.320015284275918,161.00060618894952,118.17999999999859,881.8200000000014,100.45642126285986,49.47917302054099,0.1463711034830389
7.116666666666666,loiter,6000.0,70.0,49.45164311384767,0.0,49.45164311384767,0.2335315062528753,2.682396469014152,161.00060618894952,118.17999999999859,881.8200000000014,0.0,49.45164311384767,0.8075
7.133333333333334,loiter,6000.0,70.0,49.45164311384767,76.0,-26.548356886152327,0.3203635008989924,4.183139502208727,160.62060618894952,118.55999999999858,881.4400000000014,100.45642126285986,49.45164311384767,0.14628966350384176
7.15,loiter,6000.0,70.0,49.424125067977435,0.0,49.424125067977435,0.15871148673874347,2.6816504476813066,160.62060618894952,118.55999999999858,881.4400000000014,0.0,49.424125067977435,0.8075
7.166666666666667,loiter,6000.0,70.0,49.424125067977435,76.0,-26.575874932022565,0.24563348495163206,4.064166300050378,160.24060618894953,118.93999999999858,881.0600000000014,100.45642126285986,49.424125067977435,0.1462082586117662
7.183333333333334,loiter,6000.0,70.0,49.39661888293026,76.0,-26.603381117069738,0.33264544793797135,4.204239817981266,159.86060618894953,119.31999999999857,880.6800000000014,100.45642126285986,49.39661888293026,0.14612688880681227
7.2,loiter,6000.0,70.0,49.36912455870609,0.0,49.36912455870609,0.17117332453130327,2.682271953566317,159.86060618894953,119.31999999999857,880.6800000000014,0.0,49.36912455870609,0.8075
7.216666666666667,loiter,6000.0,70.0,49.36912455870609,76.0,-26.63087544129391,0.2582752134977727,4.082400646158282,159.48060618894954,119.69999999999857,880.3000000000014,100.45642126285986,49.36912455870609,0.14604555408897973
7.233333333333333,loiter,6000.0,70.0,49.34164209530504,76.0,-26.65835790469496,0.3454669896510513,4.22673619806808,159.10060618894954,120.07999999999856,879.9200000000014,100.45642126285986,49.34164209530504,0.14596425445826894
7.25,loiter,6000.0,70.0,49.31417149272702,0.0,49.31417149272702,0.1841746018246809,2.6823464281309333,159.10060618894954,120.07999999999856,879.9200000000014,0.0,49.31417149272702,0.8075
7.266666666666667,loiter,6000.0,70.0,49.31417149272702,76.0,-26.68582850727298,0.27145622637144806,4.102164369419196,158.72060618894955,120.45999999999856,879.5400000000014,100.45642126285986,49.31417149272702,0.1458829899146797
7.283333333333333,loiter,6000.0,70.0,49.28671275097205,76.0,-26.71328724902795,0.35882766051838294,4.250652911817097,158.34060618894955,120.83999999999855,879.1600000000014,100.45642126285986,49.28671275097205,0.145801760458212
7.3,loiter,6000.0,70.0,49.25926587004015,0.0,49.25926587004015,0.19771485309902728,2.682372456301461,158.34060618894955,120.83999999999855,879.1600000000014,0.0,49.25926587004015,0.8074999999999999
7.316666666666666,loiter,6000.0,70.0,49.25926587004015,76.0,-26.740734129959847,0.28517605805280916,4.123490033354251,157.96060618894955,121.21999999999855,878.7800000000015,100.45642126285986,49.25926587004015,0.14572056608886588
7.333333333333333,loiter,6000.0,70.0,49.231830849931285,76.0,-26.768169150068715,0.3727269950201173,4.276006798427955,157.58060618894956,121.59999999999854,878.4000000000015,100.45642126285986,49.231830849931285,0.14563940680664128
7.35,loiter,6000.0,70.0,49.204407690645496,0.0,49.204407690645496,0.21179361283449338,2.6823855924888496,157.58060618894956,121.59999999999854,878.4000000000015,0.0,49.204407690645496,0.8074999999999998
7.366666666666666,loiter,6000.0,70.0,49.204407690645496,76.0,-26.795592309354504,0.299434243022007,4.146405642115676,157.20060618894956,121.97999999999854,878.0200000000015,100.45642126285986,49.204407690645496,0.14555828261153828
7.383333333333334,loiter,6000.0,70.0,49.17699639218274,76.0,-26.823003607817263,0.38716452763640546,4.302789293169104,156.82060618894957,122.35999999999854,877.6400000000015,100.45642126285986,49.17699639218274,0.14547719350355684
7.4,loiter,6000.0,70.0,49.14959695454305,0.0,49.14959695454305,0.22641041551123037,2.6823934253279917,156.82060618894957,122.35999999999854,877.6400000000015,0.0,49.14959695454305,0.8074999999999999
7.416666666666667,loiter,6000.0,70.0,49.14959695454305,76.0,-26.85040304545695,0.3142303157591928,4.170934812967484,156.44060618894957,122.73999999999853,877.2600000000015,100.45642126285986,49.14959695454305,0.14539613948269695
7.433333333333334,loiter,6000.0,70.0,49.12220937772641,76.0,-26.877790622273587,0.40213979284739854,4.3109698683245075,156.06060618894958,123.11999999999853,876.8800000000015,100.45642126285986,49.12220937772641,0.14531512054895865
7.45,loiter,6000.0,70.0,49.09483366173286,0.0,49.09483366173286,0.24156479560938915,2.682398552299909,156.06060618894958,123.11999999999853,876.8800000000015,0.0,49.09483366173286,0.8074999999999999
7.466666666666667,loiter,6000.0,70.0,49.09483366173286,76.0,-26.905166338267144,0.32956381074451735,4.1970968538834565,155.68060618894958,123.49999999999852,876.5000000000015,100.45642126285986,49.09483366173286,0.14523413670234198
7.483333333333333,loiter,6000.0,70.0,49.06746980656233,0.0,49.06746980656233,0.16907831276010973,2.682226165758729,155.68060618894958,123.49999999999852,876.5000000000015,0.0,49.06746980656233,0.8074999999999999
7.5,loiter,6000.0,70.0,49.06746980656233,76.0,-26.93253019343767,0.25716682714883965,4.079285138600866,155.3006061889496,123.87999999999852,876.1200000000015,100.45642126285986,49.06746980656233,0.1451531879428468
7.516666666666667,loiter,6000.0,70.0,49.04011781221484,76.0,-26.959882187785162,0.34534480199785067,4.2247460044657625,154.9206061889496,124.25999999999851,875.7400000000015,100.45642126285986,49.04011781221484,0.14507227427047314
7.533333333333333,loiter,6000.0,70.0,49.012777678690455,0.0,49.012777678690455,0.18503818614068435,2.6823460657442553,154.9206061889496,124.25999999999851,875.7400000000015,0.0,49.012777678690455,0.8075
7.55,loiter,6000.0,70.0,49.012777678690455,76.0,-26.987222321309545,0.27330558265665555,4.103502502018899,154.5406061889496,124.63999999999851,875.3600000000015,100.45642126285986,49.012777678690455,0.1449913956852212
7.566666666666666,loiter,6000.0,70.0,48.98544940598908,76.0,-27.01455059401092,0.36166236204626634,4.254044106546586,154.1606061889496,125.0199999999985,874.9800000000015,100.45642126285986,48.98544940598908,0.14491055218709067
7.583333333333333,loiter,6000.0,70.0,48.958132994110805,0.0,48.958132994110805,0.2015344731430583,2.6823758484273803,154.1606061889496,125.0199999999985,874.9800000000015,0.0,48.958132994110805,0.8074999999999999
7.6,loiter,6000.0,70.0,48.958132994110805,76.0,-27.041867005889195,0.2899805966129878,4.12963487281552,153.7806061889496,125.3999999999985,874.6000000000015,100.45642126285986,48.958132994110805,0.14482974377608185
7.616666666666666,loiter,6000.0,70.0,48.930828443055574,76.0,-27.069171556944426,0.37851602536991524,4.284986964496658,153.4006061889496,125.7799999999985,874.2200000000015,100.45642126285986,48.930828443055574,0.14474897045219456
7.633333333333334,loiter,6000.0,70.0,48.90353575282337,0.0,48.90353575282337,0.21856670824738247,2.6823892087618653,153.4006061889496,125.7799999999985,874.2200000000015,0.0,48.90353575282337,0.8074999999999999
7.65,loiter,6000.0,70.0,48.90353575282337,76.0,-27.096464247176627,0.30719140349798724,4.157682113992827,153.0206061889496,126.15999999999849,873.8400000000015,100.45642126285986,48.90353575282337,0.14466823221542877
7.666666666666667,loiter,6000.0,70.0,48.87625492341425,76.0,-27.12374507658575,0.3959053264489485,4.317480301088481,152.64060618894962,126.53999999999849,873.4600000000015,100.45642126285986,48.87625492341425,0.14458752906578462
7.683333333333334,loiter,6000.0,70.0,48.84898595482818,0.0,48.84898595482818,0.23613442593380793,2.682396677500928,152.64060618894962,126.53999999999849,873.4600000000015,0.0,48.84898595482818,0.8074999999999999
7.7,loiter,6000.0,70.0,48.84898595482818,76.0,-27.15101404517182,0.3249375377918049,4.187640337357444,152.26060618894962,126.91999999999848,873.0800000000015,100.45642126285986,48.84898595482818,0.14450686100326202
7.716666666666667,loiter,6000.0,70.0,48.82172884706515,0.0,48.82172884706515,0.16525578739037938,2.6820628218702365,152.26060618894962,126.91999999999848,873.0800000000015,0.0,48.82172884706515,0.8074999999999999
7.733333333333333,loiter,6000.0,70.0,48.82172884706515,76.0,-27.178271152934848,0.2541480493620914,4.073652059973288,151.88060618894963,127.29999999999848,872.7000000000015,100.45642126285986,48.82172884706515,0.14442622802786095
7.75,loiter,6000.0,70.0,48.7944836001252,76.0,-27.205516399874803,0.34312942265419766,4.219342606565521,151.50060618894963,127.67999999999847,872.3200000000015,100.45642126285986,48.7944836001252,0.14434563013958152
7.766666666666667,loiter,6000.0,70.0,48.7672502140083,0.0,48.7672502140083,0.18362585610023985,2.6823388467206253,151.50060618894963,127.67999999999847,872.3200000000015,0.0,48.7672502140083,0.8075
7.783333333333333,loiter,6000.0,70.0,48.7672502140083,76.0,-27.2327497859917,0.27269630191941957,4.101315683499091,151.12060618894964,128.05999999999847,871.9400000000015,100.45642126285986,48.7672502140083,0.14426506733842365
7.8,loiter,6000.0,70.0,48.740028688714446,76.0,-27.259971311285554,0.36185578147235203,4.252925921785355,150.74060618894964,128.43999999999846,871.5600000000015,100.45642126285986,48.740028688714446,0.1441845396243873
7.816666666666666,loiter,6000.0,70.0,48.71281902424364,0.0,48.71281902424364,0.20253024359257898,2.682376063168822,150.74060618894964,128.43999999999846,871.5600000000015,0.0,48.71281902424364,0.8075
7.833333333333333,loiter,6000.0,70.0,48.71281902424364,76.0,-27.287180975756357,0.2917787180859435,4.131245824223981,150.36060618894965,128.81999999999846,871.1800000000015,100.45642126285986,48.71281902424364,0.1441040469974725
7.85,loiter,6000.0,70.0,48.68562122059591,76.0,-27.314378779404088,0.38111614872641925,4.2883602571209485,149.98060618894965,129.19999999999845,870.8000000000015,100.45642126285986,48.68562122059591,0.14402358945767932
7.866666666666666,loiter,6000.0,70.0,48.658435277771225,0.0,48.658435277771225,0.22196848434754796,2.682390605658522,149.98060618894965,129.19999999999845,870.8000000000015,0.0,48.658435277771225,0.8075
7.883333333333334,loiter,6000.0,70.0,48.658435277771225,76.0,-27.341564722228775,0.3113948323418142,4.16340469018206,149.60060618894966,129.57999999999845,870.4200000000016,100.45642126285986,48.658435277771225,0.1439431670050077
7.9,loiter,6000.0,70.0,48.63126119576959,76.0,-27.36873880423041,0.40091005889655024,4.320948335668073,149.22060618894966,129.95999999999844,870.0400000000016,100.45642126285986,48.63126119576959,0.14386277963945762
7.916666666666667,loiter,6000.0,70.0,48.60409897459103,0.0,48.60409897459103,0.2419401128452977,2.682398206954909,149.22060618894966,129.95999999999844,870.0400000000016,0.0,48.60409897459103,0.8075
7.933333333333334,loiter,6000.0,70.0,48.60409897459103,76.0,-27.395901025408968,0.3315441791671827,4.197753711292261,148.84060618894966,130.33999999999844,869.6600000000016,100.45642126285986,48.60409897459103,0.14378242736102917
7.95,loiter,6000.0,70.0,48.57694861423552,0.0,48.57694861423552,0.17266303408975842,2.6822582465008526,148.84060618894966,130.33999999999844,869.6600000000016,0.0,48.57694861423552,0.8074999999999999
7.966666666666667,loiter,6000.0,70.0,48.57694861423552,76.0,-27.42305138576448,0.26235590138547166,4.084627962276822,148.46060618894967,130.71999999999844,869.2800000000016,100.45642126285986,48.57694861423552,0.14370211016972226
7.983333333333333,loiter,6000.0,70.0,48.54981011470306,76.0,-27.450189885296943,0.3521375308616924,4.2340919136163215,148.08060618894967,131.09999999999843,868.9000000000016,100.45642126285986,48.54981011470306,0.14362182806553686
8.0,loiter,6000.0,70.0,48.52268347599365,0.0,48.52268347599365,0.19343387135196236,2.682362094512449,148.08060618894967,131.09999999999843,868.9000000000016,0.0,48.52268347599365,0.8074999999999999
8.016666666666667,loiter,6000.0,70.0,48.52268347599365,76.0,-27.477316524006348,0.2833042242153698,4.116669218654139,147.70060618894968,131.47999999999843,868.5200000000016,100.45642126285986,48.52268347599365,0.1435415810484731
8.033333333333333,loiter,6000.0,70.0,48.4955686981073,76.0,-27.5044313018927,0.37326326167264334,4.272521807573293,147.32060618894968,131.85999999999842,868.1400000000016,100.45642126285986,48.4955686981073,0.14346136911853088
8.05,loiter,6000.0,70.0,48.468465781044024,0.0,48.468465781044024,0.2147369325573245,2.682385961093197,147.32060618894968,131.85999999999842,868.1400000000016,0.0,48.468465781044024,0.8075
8.066666666666666,loiter,6000.0,70.0,48.468465781044024,76.0,-27.531534218955976,0.3047846158151432,4.151286478057818,146.9406061889497,132.23999999999842,867.7600000000016,100.45642126285986,48.468465781044024,0.1433811922757103
8.083333333333334,loiter,6000.0,70.0,48.441374724803765,76.0,-27.558625275196235,0.3949209060801865,4.312920934950798,146.5606061889497,132.6199999999984,867.3800000000016,100.45642126285986,48.441374724803765,0.14330105052001116
8.1,loiter,6000.0,70.0,48.41429552938659,0.0,48.41429552938659,0.23657175218599594,2.682396351035852,146.5606061889497,132.6199999999984,867.3800000000016,0.0,48.41429552938659,0.8074999999999999
8.116666666666667,loiter,6000.0,70.0,48.41429552938659,76.0,-27.585704470613408,0.3267966106649429,4.188398588141429,146.1806061889497,132.9999999999984,867.0000000000016,100.45642126285986,48.41429552938659,0.14322094385143366
8.133333333333333,loiter,6000.0,70.0,48.387228194792485,0.0,48.387228194792485,0.16853598619133534,2.6821528046471315,146.1806061889497,132.9999999999984,867.0000000000016,0.0,48.387228194792485,0.8075
8.15,loiter,6000.0,70.0,48.387228194792485,76.0,-27.612771805207515,0.2588493740908653,4.078481870664225,145.8006061889497,133.3799999999984,866.6200000000016,100.45642126285986,48.387228194792485,0.1431408722699778
8.166666666666666,loiter,6000.0,70.0,48.36017272102139,76.0,-27.639827278978608,0.34925125261765755,4.227768458148895,145.4206061889497,133.7599999999984,866.2400000000016,100.45642126285986,48.36017272102139,0.14306083577564335
8.183333333333334,loiter,6000.0,70.0,48.333129108073386,0.0,48.333129108073386,0.19116757060525374,2.6823561787719146,145.4206061889497,133.7599999999984,866.2400000000016,0.0,48.333129108073386,0.8074999999999999
8.2,loiter,6000.0,70.0,48.333129108073386,76.0,-27.666870891926614,0.2816579009659875,4.113087283099574,145.0406061889497,134.1399999999984,865.8600000000016,100.45642126285986,48.333129108073386,0.14298083436843054
8.216666666666667,loiter,6000.0,70.0,48.306097355948424,76.0,-27.693902644051576,0.372236644367342,4.2694632217304544,144.6606061889497,134.5199999999984,865.4800000000016,100.45642126285986,48.306097355948424,0.14290086804833932
8.233333333333333,loiter,6000.0,70.0,48.27907746464653,0.0,48.27907746464653,0.21432974964285895,2.682385248728619,144.6606061889497,134.5199999999984,865.4800000000016,0.0,48.27907746464653,0.8075
8.25,loiter,6000.0,70.0,48.27907746464653,76.0,-27.720922535353473,0.30499686729151343,4.150609458172061,144.28060618894972,134.89999999999839,865.1000000000016,100.45642126285986,48.27907746464653,0.14282093681536967
8.266666666666667,loiter,6000.0,70.0,48.25206943416769,76.0,-27.747930565832313,0.39575232039414715,4.313323159048289,143.90060618894972,135.27999999999838,864.7200000000016,100.45642126285986,48.25206943416769,0.14274104066952156
8.283333333333333,loiter,6000.0,70.0,48.225073264511906,0.0,48.225073264511906,0.23802205778430177,2.6823966273488717,143.90060618894972,135.27999999999838,864.7200000000016,0.0,48.225073264511906,0.8075
8.3,loiter,6000.0,70.0,48.225073264511906,76.0,-27.774926735488094,0.328865807547594,4.190917359423957,143.52060618894973,135.65999999999838,864.3400000000016,100.45642126285986,48.225073264511906,0.14266117961079508
8.316666666666666,loiter,6000.0,70.0,48.19808895567916,0.0,48.19808895567916,0.1712238028050864,2.682211679309305,143.52060618894973,135.65999999999838,864.3400000000016,0.0,48.19808895567916,0.8074999999999998
8.333333333333334,loiter,6000.0,70.0,48.19808895567916,76.0,-27.80191104432084,0.26215581043571634,4.08247595599802,143.14060618894973,136.03999999999837,863.9600000000016,100.45642126285986,48.19808895567916,0.14258135363919008
8.35,loiter,6000.0,70.0,48.17111650766947,76.0,-27.828883492330533,0.3531760371403634,4.233730200382782,142.76060618894974,136.41999999999837,863.5800000000016,100.45642126285986,48.17111650766947,0.14250156275470668
8.366666666666667,loiter,6000.0,70.0,48.14415592048286,0.0,48.14415592048286,0.19571043175256905,2.682363974331923,142.76060618894974,136.41999999999837,863.5800000000016,0.0,48.14415592048286,0.8075
8.383333333333333,loiter,6000.0,70.0,48.14415592048286,76.0,-27.85584407951714,0.28681883873791225,4.120287607487012,142.38060618894974,136.79999999999836,863.2000000000016,100.45642126285986,48.14415592048286,0.1424218069573449
8.4,loiter,6000.0,70.0,48.1172071941193,76.0,-27.882792805880698,0.37801538721063094,4.279071735771355,142.00060618894975,137.17999999999836,862.8200000000016,100.45642126285986,48.1172071941193,0.14234208624710468
8.416666666666666,loiter,6000.0,70.0,48.09027032857877,0.0,48.09027032857877,0.2207260260042669,2.682388925068946,142.00060618894975,137.17999999999836,862.8200000000016,0.0,48.09027032857877,0.8075
8.433333333333334,loiter,6000.0,70.0,48.09027032857877,76.0,-27.909729671421232,0.31201067717104036,4.161310091611376,141.62060618894975,137.55999999999835,862.4400000000016,100.45642126285986,48.09027032857877,0.14226240062398593
8.45,loiter,6000.0,70.0,48.063345323861334,76.0,-27.936654676138666,0.4033833922385478,4.319667627847928,141.24060618894976,137.93999999999835,862.0600000000017,100.45642126285986,48.063345323861334,0.14218275008798886
8.466666666666667,loiter,6000.0,70.0,48.03643217996694,0.0,48.03643217996694,0.24627012004033091,2.6823988903845652,141.24060618894976,137.93999999999835,862.0600000000017,0.0,48.03643217996694,0.8074999999999999
8.483333333333333,loiter,6000.0,70.0,48.03643217996694,76.0,-27.963567820033063,0.33773086021525156,4.205361878592973,140.86060618894976,138.31999999999834,861.6800000000017,100.45642126285986,48.03643217996694,0.1421031346391133
8.5,loiter,6000.0,70.0,48.00953089689558,0.0,48.00953089689558,0.1807055743311272,2.6823139427566263,140.86060618894976,138.31999999999834,861.6800000000017,0.0,48.00953089689558,0.8075
8.516666666666667,loiter,6000.0,70.0,48.00953089689558,76.0,-27.990469103104417,0.27225430082014035,4.096820308958766,140.48060618894976,138.69999999999834,861.3000000000017,100.45642126285986,48.00953089689558,0.14202355427735933
8.533333333333333,loiter,6000.0,70.0,47.982641474647295,76.0,-28.017358525352705,0.3638909748299253,4.2521153126468265,140.10060618894977,139.07999999999834,860.9200000000017,100.45642126285986,47.982641474647295,0.14194400900272694
8.55,loiter,6000.0,70.0,47.95576391322206,0.0,47.95576391322206,0.20704154519402365,2.682378207976367,140.10060618894977,139.07999999999834,860.9200000000017,0.0,47.95576391322206,0.8075
8.566666666666666,loiter,6000.0,70.0,47.95576391322206,76.0,-28.044236086777943,0.29876612793125956,4.138589975033438,139.72060618894977,139.45999999999833,860.5400000000017,100.45642126285986,47.95576391322206,0.14186449881521607
8.583333333333334,loiter,6000.0,70.0,47.9288982126199,76.0,-28.0711017873801,0.3905785806026257,4.301526213289913,139.34060618894978,139.83999999999833,860.1600000000017,100.45642126285986,47.9288982126199,0.14178502371482685
8.6,loiter,6000.0,70.0,47.90204437284077,0.0,47.90204437284077,0.23390485204166378,2.6823947961025594,139.34060618894978,139.83999999999833,860.1600000000017,0.0,47.90204437284077,0.8075000000000001
8.616666666666667,loiter,6000.0,70.0,47.90204437284077,76.0,-28.09795562715923,0.3258051358538394,4.183783783630177,138.96060618894978,140.21999999999832,859.7800000000017,100.45642126285986,47.90204437284077,0.14170558370155914
8.633333333333333,loiter,6000.0,70.0,47.8752023938847,0.0,47.8752023938847,0.16921919964036627,2.682111249252527,138.96060618894978,140.21999999999832,859.7800000000017,0.0,47.8752023938847,0.8074999999999999
8.65,loiter,6000.0,70.0,47.8752023938847,76.0,-28.1247976061153,0.26120727580003067,4.079494031685545,138.5806061889498,140.59999999999832,859.4000000000017,100.45642126285986,47.8752023938847,0.14162617877541298
8.666666666666666,loiter,6000.0,70.0,47.84837227575169,76.0,-28.151627724248307,0.35328310551386305,4.232016937450117,138.2006061889498,140.9799999999983,859.0200000000017,100.45642126285986,47.84837227575169,0.14154680893638844
8.683333333333334,loiter,6000.0,70.0,47.82155401844175,0.0,47.82155401844175,0.19687263761540508,2.6823641615421963,138.2006061889498,140.9799999999983,859.0200000000017,0.0,47.82155401844175,0.8074999999999999
8.7,loiter,6000.0,70.0,47.82155401844175,76.0,-28.178445981558248,0.28903618209008464,4.122142563325387,137.8206061889498,141.3599999999983,858.6400000000017,100.45642126285986,47.82155401844175,0.14146747418448544
8.716666666666667,loiter,6000.0,70.0,47.79474762195485,76.0,-28.205252378045152,0.3812874025322907,4.283217883094407,137.4406061889498,141.7399999999983,858.2600000000017,100.45642126285986,47.79474762195485,0.141388174519704
8.733333333333333,loiter,6000.0,70.0,47.76795308629101,0.0,47.76795308629101,0.22505224777556496,2.682390693396634,137.4406061889498,141.7399999999983,858.2600000000017,0.0,47.76795308629101,0.8074999999999999
8.75,loiter,6000.0,70.0,47.76795308629101,76.0,-28.23204691370899,0.3173911053919768,4.168625537902487,137.0606061889498,142.1199999999983,857.8800000000017,100.45642126285986,47.76795308629101,0.14130890994204415
8.766666666666667,loiter,6000.0,70.0,47.741170411450234,76.0,-28.258829588549766,0.40981756138927355,4.2641834531193,136.6806061889498,142.4999999999983,857.5000000000017,100.45642126285986,47.741170411450234,0.1412296804515059
8.783333333333333,loiter,6000.0,70.0,47.7143995974325,0.0,47.7143995974325,0.2537575646009971,2.682400477701192,136.6806061889498,142.4999999999983,857.5000000000017,0.0,47.7143995974325,0.8074999999999999
8.8,loiter,6000.0,70.0,47.7143995974325,76.0,-28.285600402567503,0.34627158018585813,4.2186455043719,136.3006061889498,142.8799999999983,857.1200000000017,100.45642126285986,47.7143995974325,0.14115048604808916
8.816666666666666,loiter,6000.0,70.0,47.68764064423781,0.0,47.68764064423781,0.19029910419182516,2.682348731898188,136.3006061889498,142.8799999999983,857.1200000000017,0.0,47.68764064423781,0.8075
8.833333333333334,loiter,6000.0,70.0,47.68764064423781,76.0,-28.31235935576219,0.28290064057092973,4.111720037993034,135.92060618894982,143.25999999999829,856.7400000000017,100.45642126285986,47.68764064423781,0.14107132673179398
8.85,loiter,6000.0,70.0,47.66089355186621,76.0,-28.33910644813379,0.375589658950957,4.271771446803599,135.54060618894982,143.63999999999828,856.3600000000017,100.45642126285986,47.66089355186621,0.14099220250262046
8.866666666666667,loiter,6000.0,70.0,47.634158320317624,0.0,47.634158320317624,0.21979210816544875,2.682387476570368,135.54060618894982,143.63999999999828,856.3600000000017,0.0,47.634158320317624,0.8075000000000001
8.883333333333333,loiter,6000.0,70.0,47.634158320317624,76.0,-28.365841679682376,0.31256856975307806,4.1597390441002995,135.16060618894983,144.01999999999828,855.9800000000017,100.45642126285986,47.634158320317624,0.14091311336056841
8.9,loiter,6000.0,70.0,47.607434949592125,76.0,-28.392565050407875,0.4054324357549886,4.318174723401642,134.78060618894983,144.39999999999827,855.6000000000017,100.45642126285986,47.607434949592125,0.14083405930563797
8.916666666666666,loiter,6000.0,70.0,47.58072343968969,0.0,47.58072343968969,0.24980965500472202,2.682399424229433,134.78060618894983,144.39999999999827,855.6000000000017,0.0,47.58072343968969,0.8074999999999998
8.933333333333334,loiter,6000.0,70.0,47.58072343968969,76.0,-28.41927656031031,0.34276088662759296,4.211621584204424,134.40060618894984,144.77999999999827,855.2200000000017,100.45642126285986,47.58072343968969,0.1407550403378291
8.95,loiter,6000.0,70.0,47.55402379061029,0.0,47.55402379061029,0.18722543270496614,2.68233751277049,134.40060618894984,144.77999999999827,855.2200000000017,0.0,47.55402379061029,0.8074999999999999
8.966666666666667,loiter,6000.0,70.0,47.55402379061029,76.0,-28.445976209389713,0.28026399115547684,4.10690535004894,134.02060618894984,145.15999999999826,854.8400000000017,100.45642126285986,47.55402379061029,0.1406760564571418
8.983333333333333,loiter,6000.0,70.0,47.527336002353934,76.0,-28.472663997646066,0.3733898376403066,4.266878449837026,133.64060618894985,145.53999999999826,854.4600000000017,100.45642126285986,47.527336002353934,0.14059710766357603
9.0,loiter,6000.0,70.0,47.500660074920674,0.0,47.500660074920674,0.21802892099299695,2.6823860469999303,133.64060618894985,145.53999999999826,854.4600000000017,0.0,47.500660074920674,0.8075
9.016666666666667,loiter,6000.0,70.0,47.500660074920674,76.0,-28.499339925079326,0.3112420167188249,4.156780999305647,133.26060618894985,145.91999999999825,854.0800000000017,100.45642126285986,47.500660074920674,0.14051819395713194
9.033333333333333,loiter,6000.0,70.0,47.47399600831044,76.0,-28.526003991689556,0.4045423228923303,4.321215356776146,132.88060618894986,146.29999999999825,853.7000000000018,100.45642126285986,47.47399600831044,0.14043931533780935
9.05,loiter,6000.0,70.0,47.44734380252326,0.0,47.44734380252326,0.2493557883470549,2.6823991957756244,132.88060618894986,146.29999999999825,853.7000000000018,0.0,47.44734380252326,0.8075
9.066666666666666,loiter,6000.0,70.0,47.44734380252326,76.0,-28.552656197476743,0.34274326617491707,4.210816909843426,132.50060618894986,146.67999999999824,853.3200000000018,100.45642126285986,47.44734380252326,0.14036047180560826
9.083333333333334,loiter,6000.0,70.0,47.420703457559156,0.0,47.420703457559156,0.18764386449067763,2.682337447935413,132.50060618894986,146.67999999999824,853.3200000000018,0.0,47.420703457559156,0.8075
9.1,loiter,6000.0,70.0,47.420703457559156,76.0,-28.579296542440844,0.2811184751795758,4.107558553851754,132.12060618894986,147.05999999999824,852.9400000000018,100.45642126285986,47.420703457559156,0.14028166336052883
9.116666666666667,loiter,6000.0,70.0,47.39407497341809,76.0,-28.605925026581907,0.37468017993618913,4.268462413293378,131.74060618894987,147.43999999999824,852.5600000000018,100.45642126285986,47.39407497341809,0.1402028900025709
9.133333333333333,loiter,6000.0,70.0,47.367458350100065,0.0,47.367458350100065,0.21975492759405948,2.682386899715693,131.74060618894987,147.43999999999824,852.5600000000018,0.0,47.367458350100065,0.8075
9.15,loiter,6000.0,70.0,47.367458350100065,76.0,-28.632541649899935,0.31340368762506743,4.159676559121217,131.36060618894987,147.81999999999823,852.1800000000018,100.45642126285986,47.367458350100065,0.14012415173173456
9.166666666666666,loiter,6000.0,70.0,47.340853587605146,76.0,-28.659146412394854,0.40713946413714897,4.31517241540704,130.98060618894988,148.19999999999823,851.8000000000018,100.45642126285986,47.340853587605146,0.14004544854801987
9.183333333333334,loiter,6000.0,70.0,47.31426068593324,0.0,47.31426068593324,0.25238820596384604,2.6823998481408085,130.98060618894988,148.19999999999823,851.8000000000018,0.0,47.31426068593324,0.8075000000000001
9.2,loiter,6000.0,70.0,47.31426068593324,76.0,-28.68573931406676,0.34621096016368064,4.216204251612252,130.60060618894988,148.57999999999822,851.4200000000018,100.45642126285986,47.31426068593324,0.13996678045142666
9.216666666666667,loiter,6000.0,70.0,47.28767964508439,0.0,47.28767964508439,0.19154664088480997,2.682348563155359,130.60060618894988,148.57999999999822,851.4200000000018,0.0,47.28767964508439,0.8075
9.233333333333333,loiter,6000.0,70.0,47.28767964508439,76.0,-28.71232035491561,0.2854563339790768,4.113685000215581,130.2206061889499,148.95999999999822,851.0400000000018,100.45642126285986,47.28767964508439,0.139888147441955
9.25,loiter,6000.0,70.0,47.26111046505863,76.0,-28.73888953494137,0.3794529271744551,4.276529289984954,129.8406061889499,149.3399999999982,850.6600000000018,100.45642126285986,47.26111046505863,0.13980954951960498
9.266666666666667,loiter,6000.0,70.0,47.234553145855905,0.0,47.234553145855905,0.22496236930448654,2.6823897265388337,129.8406061889499,149.3399999999982,850.6600000000018,0.0,47.234553145855905,0.8075
9.283333333333333,loiter,6000.0,70.0,47.234553145855905,76.0,-28.765446854144095,0.31904582380765556,4.168472930672922,129.4606061889499,149.7199999999982,850.2800000000018,100.45642126285986,47.234553145855905,0.13973098668437653
9.3,loiter,6000.0,70.0,47.208007687476226,76.0,-28.791992312523774,0.4132161008252946,4.113881738735017,129.0806061889499,150.0999999999982,849.9000000000018,100.45642126285986,47.208007687476226,0.1396524589362696
9.316666666666666,loiter,6000.0,70.0,47.18147408991962,0.0,47.18147408991962,0.25889914919094525,2.6824012192334425,129.0806061889499,150.0999999999982,849.9000000000018,0.0,47.18147408991962,0.8075
9.333333333333334,loiter,6000.0,70.0,47.18147408991962,76.0,-28.818525910080382,0.3531562099297335,4.2278579887656464,128.7006061889499,150.4799999999982,849.5200000000018,100.45642126285986,47.18147408991962,0.13957396627528426
9.35,loiter,6000.0,70.0,47.15495235318606,0.0,47.15495235318606,0.19892600322321266,2.6823639395325864,128.7006061889499,150.4799999999982,849.5200000000018,0.0,47.15495235318606,0.8075
9.366666666666667,loiter,6000.0,70.0,47.15495235318606,76.0,-28.84504764681394,0.29326980888982934,4.12543250871741,128.3206061889499,150.8599999999982,849.1400000000018,100.45642126285986,47.15495235318606,0.1394955087014205
9.383333333333333,loiter,6000.0,70.0,47.12844247727557,76.0,-28.87155752272443,0.3877003206909537,4.291162420159471,127.94060618894991,151.2399999999982,848.7600000000018,100.45642126285986,47.12844247727557,0.1394170862146783
9.4,loiter,6000.0,70.0,47.10194446218813,0.0,47.10194446218813,0.23364348746012756,2.682393649988664,127.94060618894991,151.2399999999982,848.7600000000018,0.0,47.10194446218813,0.8075
9.416666666666666,loiter,6000.0,70.0,47.10194446218813,76.0,-28.89805553781187,0.3281606666024389,4.183332702225657,127.56060618894992,151.61999999999819,848.3800000000018,100.45642126285986,47.10194446218813,0.1393386988150577
9.433333333333334,loiter,6000.0,70.0,47.075458307923725,0.0,47.075458307923725,0.174190461919479,2.682194717325504,127.56060618894992,151.61999999999819,848.3800000000018,0.0,47.075458307923725,0.8074999999999999
9.45,loiter,6000.0,70.0,47.075458307923725,76.0,-28.924541692076275,0.2687942696096567,4.086921884613247,127.18060618894992,151.99999999999818,848.0000000000018,100.45642126285986,47.075458307923725,0.13926034650255859
9.466666666666667,loiter,6000.0,70.0,47.048984014482386,76.0,-28.951015985517614,0.3634846670543798,4.24578666040218,126.80060618894993,152.37999999999818,847.6200000000018,100.45642126285986,47.048984014482386,0.13918202927718107
9.483333333333333,loiter,6000.0,70.0,47.022521581864105,0.0,47.022521581864105,0.20968760308719012,2.682377795837849,126.80060618894993,152.37999999999818,847.6200000000018,0.0,47.022521581864105,0.8075000000000001
9.5,loiter,6000.0,70.0,47.022521581864105,76.0,-28.977478418135895,0.304464551493138,4.142931979189029,126.42060618894993,152.75999999999817,847.2400000000018,100.45642126285986,47.022521581864105,0.13910374713892518
9.516666666666667,loiter,6000.0,70.0,46.996071010068896,76.0,-29.003928989931104,0.3993280120669898,4.312314394573661,126.04060618894994,153.13999999999817,846.8600000000018,100.45642126285986,46.996071010068896,0.1390255000877908
9.533333333333333,loiter,6000.0,70.0,46.969632299096716,0.0,46.969632299096716,0.24570393364228732,2.6823977457374086,126.04060618894994,153.13999999999817,846.8600000000018,0.0,46.969632299096716,0.8074999999999999
9.55,loiter,6000.0,70.0,46.969632299096716,76.0,-29.030367700903284,0.3406538675907224,4.204363924850332,125.66060618894994,153.51999999999816,846.4800000000018,100.45642126285986,46.969632299096716,0.138947288123778
9.566666666666666,loiter,6000.0,70.0,46.94320544894762,0.0,46.94320544894762,0.18711622374728237,2.682328997207366,125.66060618894994,153.51999999999816,846.4800000000018,0.0,46.94320544894762,0.8074999999999999
9.583333333333334,loiter,6000.0,70.0,46.94320544894762,76.0,-29.056794551052377,0.28215259227697986,4.106734983471236,125.28060618894995,153.89999999999816,846.1000000000018,100.45642126285986,46.94320544894762,0.1388691112468868
9.6,loiter,6000.0,70.0,46.91679045962155,76.0,-29.083209540378448,0.37727535659461914,4.270381622198939,124.90060618894995,154.27999999999815,845.7200000000018,100.45642126285986,46.91679045962155,0.13879096945711714
9.616666666666667,loiter,6000.0,70.0,46.89038733111857,0.0,46.89038733111857,0.22391046553374178,2.6823884964359594,124.90060618894995,154.27999999999815,845.7200000000018,0.0,46.89038733111857,0.8075
9.633333333333333,loiter,6000.0,70.0,46.89038733111857,76.0,-29.109612668881432,0.31911958684600195,4.166688838460026,124.52060618894996,154.65999999999815,845.3400000000019,100.45642126285986,46.89038733111857,0.1387128627544691
9.65,loiter,6000.0,70.0,46.86399606343862,76.0,-29.13600393656138,0.4144150263595624,4.08383682438264,124.14060618894996,155.03999999999814,844.9600000000019,100.45642126285986,46.86399606343862,0.13863479113894256
9.666666666666666,loiter,6000.0,70.0,46.837616656581716,0.0,46.837616656581716,0.2612227329079648,2.6824014666489746,124.14060618894996,155.03999999999814,844.9600000000019,0.0,46.837616656581716,0.8075
9.683333333333334,loiter,6000.0,70.0,46.837616656581716,76.0,-29.162383343418284,0.3566044518295048,4.2320448372280355,123.76060618894996,155.41999999999814,844.5800000000019,100.45642126285986,46.837616656581716,0.13855675461053757
9.7,loiter,6000.0,70.0,46.811249110547905,0.0,46.811249110547905,0.20349839899256583,2.6823694299144387,123.76060618894996,155.41999999999814,844.5800000000019,0.0,46.811249110547905,0.8075
9.716666666666667,loiter,6000.0,70.0,46.811249110547905,76.0,-29.188750889452095,0.2989663585287644,4.1328156288554725,123.38060618894997,155.79999999999814,844.2000000000019,100.45642126285986,46.811249110547905,0.13847875316925426
9.733333333333333,loiter,6000.0,70.0,46.78489342533713,76.0,-29.21510657466287,0.394520519886301,4.301904686450542,123.00060618894997,156.17999999999813,843.8200000000019,100.45642126285986,46.78489342533713,0.13840078681509246
9.75,loiter,6000.0,70.0,46.758549600949394,0.0,46.758549600949394,0.24158683189871732,2.682396215643725,123.00060618894997,156.17999999999813,843.8200000000019,0.0,46.758549600949394,0.8074999999999999
9.766666666666667,loiter,6000.0,70.0,46.758549600949394,76.0,-29.241450399050606,0.3372271562842712,4.197135408874257,122.62060618894998,156.55999999999813,843.4400000000019,100.45642126285986,46.758549600949394,0.13832285554805215
9.783333333333333,loiter,6000.0,70.0,46.73221763738475,0.0,46.73221763738475,0.18437959253138395,2.6823108503895154,122.62060618894998,156.55999999999813,843.4400000000019,0.0,46.73221763738475,0.8074999999999999
9.8,loiter,6000.0,70.0,46.73221763738475,76.0,-29.26778236261525,0.2801060411516342,4.1024817260927415,122.24060618894998,156.93999999999812,843.0600000000019,100.45642126285986,46.73221763738475,0.13824495936813352
9.816666666666666,loiter,6000.0,70.0,46.705897534643135,76.0,-29.294102465356865,0.37591857521326016,4.266585842826749,121.86060618894999,157.31999999999812,842.6800000000019,100.45642126285986,46.705897534643135,0.13816709827533644
9.833333333333334,loiter,6000.0,70.0,46.67958929272457,0.0,46.67958929272457,0.22324314354980365,2.68238768049002,121.86060618894999,157.31999999999812,842.6800000000019,0.0,46.67958929272457,0.8075
9.85,loiter,6000.0,70.0,46.67958929272457,76.0,-29.32041070727543,0.31914172425948467,4.165558903844346,121.48060618894999,157.6999999999981,842.3000000000019,100.45642126285986,46.67958929272457,0.13808927226966086
9.866666666666667,loiter,6000.0,70.0,46.65329291162907,76.0,-29.346707088370927,0.4151263128238999,4.074087993091355,121.10060618895,158.0799999999981,841.9200000000019,100.45642126285986,46.65329291162907,0.13801148135110688
9.883333333333333,loiter,6000.0,70.0,46.62700839135663,0.0,46.62700839135663,0.262622858076591,2.682401610125212,121.10060618895,158.0799999999981,841.9200000000019,0.0,46.62700839135663,0.8075000000000001
9.9,loiter,6000.0,70.0,46.62700839135663,76.0,-29.372991608643368,0.3586934157024197,4.234574667891748,120.72060618895,158.4599999999981,841.5400000000019,100.45642126285986,46.62700839135663,0.13793372551967453
9.916666666666666,loiter,6000.0,70.0,46.60073573190726,0.0,46.60073573190726,0.20627589122320356,2.682372283373199,120.72060618895,158.4599999999981,841.5400000000019,0.0,46.60073573190726,0.8074999999999999
9.933333333333334,loiter,6000.0,70.0,46.60073573190726,76.0,-29.399264268092743,0.30243237911712495,4.137338294244414,120.34060618895,158.8399999999981,841.1600000000019,100.45642126285986,46.60073573190726,0.1378560047753637
9.95,loiter,6000.0,70.0,46.57447493328093,76.0,-29.425525066719068,0.3986747584858183,4.30846395041759,119.96060618895001,159.2199999999981,840.7800000000019,100.45642126285986,46.57447493328093,0.13777831911817445
9.966666666666667,loiter,6000.0,70.0,46.548225995477644,0.0,46.548225995477644,0.24642897816282536,2.6823975494964833,119.96060618895001,159.2199999999981,840.7800000000019,0.0,46.548225995477644,0.8074999999999999
9.983333333333333,loiter,6000.0,70.0,46.548225995477644,76.0,-29.451774004522356,0.34275721021296995,4.205642047305834,119.58060618895001,159.5999999999981,840.4000000000019,100.45642126285986,46.548225995477644,0.13770066854810672
10.0,loiter,6000.0,70.0,46.52198891849742,0.0,46.52198891849742,0.1905972437781075,2.6823374992510782,119.58060618895001,159.5999999999981,840.4000000000019,0.0,46.52198891849742,0.8075
10.016666666666667,loiter,6000.0,70.0,46.52198891849742,76.0,-29.47801108150258,0.28701128971638257,4.112189067311386,119.20060618895002,159.97999999999809,840.0200000000019,100.45642126285986,46.52198891849742,0.1376230530651606
10.033333333333333,loiter,6000.0,70.0,46.49576370234026,76.0,-29.504236297659737,0.38351111074946737,4.279431177038525,118.82060618895002,160.35999999999808,839.6400000000019,100.45642126285986,46.49576370234026,0.13754547266933603
10.05,loiter,6000.0,70.0,46.469550347006155,0.0,46.469550347006155,0.2315226557109036,2.682391788489507,118.82060618895002,160.35999999999808,839.6400000000019,0.0,46.469550347006155,0.8074999999999999
10.066666666666666,loiter,6000.0,70.0,46.469550347006155,76.0,-29.530449652993845,0.3281082130454774,4.179680310327826,118.44060618895003,160.73999999999808,839.2600000000019,100.45642126285986,46.469550347006155,0.13746792736063304
10.083333333333334,loiter,6000.0,70.0,46.4433488524951,0.0,46.4433488524951,0.17620545551508185,2.682193346587936,118.44060618895003,160.73999999999808,839.2600000000019,0.0,46.4433488524951,0.8074999999999999
10.1,loiter,6000.0,70.0,46.4433488524951,76.0,-29.5566511475049,0.27287671035782385,4.089963699886769,118.06060618895003,161.11999999999807,838.8800000000019,100.45642126285986,46.4433488524951,0.13739041713905162
10.116666666666667,loiter,6000.0,70.0,46.41715921880712,76.0,-29.58284078119288,0.36963362391541327,4.253256921438675,117.68060618895004,161.49999999999807,838.5000000000019,100.45642126285986,46.41715921880712,0.13731294200459185
10.133333333333333,loiter,6000.0,70.0,46.390981445942174,0.0,46.390981445942174,0.2179021450213919,2.682383308728912,117.68060618895004,161.49999999999807,838.5000000000019,0.0,46.390981445942174,0.8075
10.15,loiter,6000.0,70.0,46.390981445942174,76.0,-29.609018554057826,0.3147446785005081,4.156568716854418,117.30060618895004,161.87999999999806,838.1200000000019,100.45642126285986,46.390981445942174,0.13723550195725354
10.166666666666666,loiter,6000.0,70.0,46.36481553390029,76.0,-29.63518446609971,0.4116727931078302,4.307502049649252,116.92060618895005,162.25999999999806,837.7400000000019,100.45642126285986,46.36481553390029,0.13715809699703682
10.183333333333334,loiter,6000.0,70.0,46.338661482681474,0.0,46.338661482681474,0.2601124376769,2.682400890074144,116.92060618895005,162.25999999999806,837.7400000000019,0.0,46.338661482681474,0.8075
10.2,loiter,6000.0,70.0,46.338661482681474,76.0,-29.661338517318526,0.3571260946191073,4.230042398361456,116.54060618895005,162.63999999999805,837.360000000002,100.45642126285986,46.338661482681474,0.13708072712394173
10.216666666666667,loiter,6000.0,70.0,46.3125192922857,0.0,46.3125192922857,0.20565124272974158,2.6823701723641613,116.54060618895005,162.63999999999805,837.360000000002,0.0,46.3125192922857,0.8075
10.233333333333333,loiter,6000.0,70.0,46.3125192922857,76.0,-29.6874807077143,0.3027504032135134,4.136318704060198,116.16060618895006,163.01999999999805,836.980000000002,100.45642126285986,46.3125192922857,0.13700339233796816
10.25,loiter,6000.0,70.0,46.28638896271296,76.0,-29.713611037287038,0.399935028445529,4.309066385437591,115.78060618895006,163.39999999999804,836.600000000002,100.45642126285986,46.28638896271296,0.13692609263911606
10.266666666666667,loiter,6000.0,70.0,46.26027049396333,0.0,46.26027049396333,0.2486310672593299,2.682397925015578,115.78060618895006,163.39999999999804,836.600000000002,0.0,46.26027049396333,0.8075
10.283333333333333,loiter,6000.0,70.0,46.26027049396333,76.0,-29.739729506036667,0.34590111844626836,4.209533247441923,115.40060618895006,163.77999999999804,836.220000000002,100.45642126285986,46.26027049396333,0.13684882802738574
10.3,loiter,6000.0,70.0,46.23416388603671,0.0,46.23416388603671,0.19468254442167157,2.6823476885849113,115.40060618895006,163.77999999999804,836.220000000002,0.0,46.23416388603671,0.8075
10.316666666666666,loiter,6000.0,70.0,46.23416388603671,76.0,-29.76583611396329,0.2920379827702123,4.118651378325207,115.02060618895007,164.15999999999804,835.840000000002,100.45642126285986,46.23416388603671,0.13677159850277681
10.333333333333334,loiter,6000.0,70.0,46.20806913893316,76.0,-29.791930861066838,0.3894787694870345,4.28884717419576,114.64060618895007,164.53999999999803,835.460000000002,100.45642126285986,46.20806913893316,0.13669440406528952
10.35,loiter,6000.0,70.0,46.181986252652685,0.0,46.181986252652685,0.23843085340567985,2.682394369859506,114.64060618895007,164.53999999999803,835.460000000002,0.0,46.181986252652685,0.8074999999999999
10.366666666666667,loiter,6000.0,70.0,46.181986252652685,76.0,-29.818013747347315,0.3359569496974627,4.191628478352385,114.26060618895008,164.91999999999803,835.080000000002,100.45642126285986,46.181986252652685,0.13661724471492384
10.383333333333333,loiter,6000.0,70.0,46.155915227195244,0.0,46.155915227195244,0.18499430439774803,2.6823022183041707,114.26060618895008,164.91999999999803,835.080000000002,0.0,46.155915227195244,0.8075
10.4,loiter,6000.0,70.0,46.155915227195244,76.0,-29.844084772804756,0.2826056714711709,4.103434432707192,113.88060618895008,165.29999999999802,834.700000000002,100.45642126285986,46.155915227195244,0.13654012045167968
10.416666666666666,loiter,6000.0,70.0,46.129856062560876,76.0,-29.870143937439124,0.3803022705329129,4.271223261146492,113.50060618895009,165.67999999999802,834.320000000002,100.45642126285986,46.129856062560876,0.13646303127555712
10.433333333333334,loiter,6000.0,70.0,46.103808758749516,0.0,46.103808758749516,0.2295100504165159,2.682390181687873,113.50060618895009,165.67999999999802,834.320000000002,0.0,46.103808758749516,0.8075
10.45,loiter,6000.0,70.0,46.103808758749516,76.0,-29.896191241250484,0.3272918426732565,4.176227397127707,113.12060618895009,166.059999999998,833.940000000002,100.45642126285986,46.103808758749516,0.136385977186556
10.466666666666667,loiter,6000.0,70.0,46.07777331576128,0.0,46.07777331576128,0.17658477695853714,2.6821696830599757,113.12060618895009,166.059999999998,833.940000000002,0.0,46.07777331576128,0.8074999999999999
10.483333333333333,loiter,6000.0,70.0,46.07777331576128,76.0,-29.922226684238723,0.27445172361695536,4.090538296277981,112.7406061889501,166.439999999998,833.560000000002,100.45642126285986,46.07777331576128,0.13630895818467662
10.5,loiter,6000.0,70.0,46.051749733596054,76.0,-29.948250266403946,0.3724037858837305,4.256150043017756,112.3606061889501,166.819999999998,833.180000000002,100.45642126285986,46.051749733596054,0.13623197426991873
10.516666666666667,loiter,6000.0,70.0,46.025738012253896,0.0,46.025738012253896,0.22186691259240438,2.682385366635529,112.3606061889501,166.819999999998,833.180000000002,0.0,46.025738012253896,0.8074999999999998
10.533333333333333,loiter,6000.0,70.0,46.025738012253896,76.0,-29.974261987746104,0.31990405167421576,4.1632332624478,111.9806061889501,167.199999999998,832.800000000002,100.45642126285986,46.025738012253896,0.1361550254422824
10.55,loiter,6000.0,70.0,45.999738151734796,0.0,45.999738151734796,0.16945221640460506,3.115948246501109,111.9806061889501,167.199999999998,832.800000000002,0.0,45.999738151734796,0.8075
10.566666666666666,loiter,6000.0,70.0,45.999738151734796,76.0,-30.000261848265204,0.26757439350813195,4.079839722986174,111.60060618895011,167.579999999998,832.420000000002,100.45642126285986,45.999738151734796,0.1360781117017677
10.583333333333334,loiter,6000.0,70.0,45.97375015203874,76.0,-30.02624984796126,0.36578156984005356,4.243562637053113,111.22060618895011,167.959999999998,832.040000000002,100.45642126285986,45.97375015203874,0.13600123304837447
10.6,loiter,6000.0,70.0,45.947774013165755,0.0,45.947774013165755,0.21549969423391155,2.6823800292591122,111.22060618895011,167.959999999998,832.040000000002,0.0,45.947774013165755,0.8075
10.616666666666667,loiter,6000.0,70.0,45.947774013165755,76.0,-30.052225986834245,0.31379183100090713,4.1525562591357685,110.84060618895012,168.33999999999799,831.660000000002,100.45642126285986,45.947774013165755,0.1359243894821029
10.633333333333333,loiter,6000.0,70.0,45.92180973511583,76.0,-30.07819026488417,0.41216888940965585,4.313375788397378,110.46060618895012,168.71999999999798,831.280000000002,100.45642126285986,45.92180973511583,0.13584758100295286
10.65,loiter,6000.0,70.0,45.89585731788895,0.0,45.89585731788895,0.26205681829369953,2.682400997223543,110.46060618895012,168.71999999999798,831.280000000002,0.0,45.89585731788895,0.8075
10.666666666666666,loiter,6000.0,70.0,45.89585731788895,76.0,-30.104142682111053,0.36051875955088075,4.233551287121874,110.08060618895013,169.09999999999798,830.900000000002,100.45642126285986,45.89585731788895,0.1357708076109244
10.683333333333334,loiter,6000.0,70.0,45.86991676148512,0.0,45.86991676148512,0.2104915324900361,2.6823745369160767,110.08060618895013,169.09999999999798,830.900000000002,0.0,45.86991676148512,0.8075
10.7,loiter,6000.0,70.0,45.86991676148512,76.0,-30.130083238514878,0.309038317802329,4.144256130433519,109.70060618895013,169.47999999999797,830.520000000002,100.45642126285986,45.86991676148512,0.1356940693060175
10.716666666666667,loiter,6000.0,70.0,45.84398806590435,76.0,-30.156011934095652,0.40766990837641287,4.320972391849506,109.32060618895014,169.85999999999797,830.140000000002,100.45642126285986,45.84398806590435,0.1356173660882321
10.733333333333333,loiter,6000.0,70.0,45.81807123114664,0.0,45.81807123114664,0.25781225304582944,2.6823999761949864,109.32060618895014,169.85999999999797,830.140000000002,0.0,45.81807123114664,0.8075
10.75,loiter,6000.0,70.0,45.81807123114664,76.0,-30.18192876885336,0.35652861008838355,4.2259045106146615,108.94060618895014,170.23999999999796,829.760000000002,100.45642126285986,45.81807123114664,0.13554069795756837
10.766666666666667,loiter,6000.0,70.0,45.79216625721198,0.0,45.79216625721198,0.20675568243294956,2.6823693202158787,108.94060618895014,170.23999999999796,829.760000000002,0.0,45.79216625721198,0.8075
10.783333333333333,loiter,6000.0,70.0,45.79216625721198,76.0,-30.20783374278802,0.3055567671506531,4.138122401955837,108.56060618895015,170.61999999999796,829.380000000002,100.45642126285986,45.79216625721198,0.13546406491402618
10.8,loiter,6000.0,70.0,45.76627314410039,76.0,-30.23372685589961,0.4044425407501854,4.314384131718016,108.18060618895015,170.99999999999795,829.000000000002,100.45642126285986,45.76627314410039,0.13538746695760556
10.816666666666666,loiter,6000.0,70.0,45.740391891811846,0.0,45.740391891811846,0.254838952065088,2.682399169839455,108.18060618895015,170.99999999999795,829.000000000002,0.0,45.740391891811846,0.8074999999999998
10.833333333333334,loiter,6000.0,70.0,45.740391891811846,76.0,-30.259608108188154,0.3538093757531282,4.220577057628361,107.80060618895016,171.37999999999795,828.620000000002,100.45642126285986,45.740391891811846,0.13531090408830648
10.85,loiter,6000.0,70.0,45.71452250034634,0.0,45.71452250034634,0.2042903983632181,2.682365064675482,107.80060618895016,171.37999999999795,828.620000000002,0.0,45.71452250034634,0.8075000000000001
10.866666666666667,loiter,6000.0,70.0,45.71452250034634,76.0,-30.28547749965366,0.3033454333464456,4.1341023807078505,107.42060618895016,171.75999999999794,828.240000000002,100.45642126285986,45.71452250034634,0.135234376306129
10.883333333333333,loiter,6000.0,70.0,45.688664969703915,76.0,-30.311335030296085,0.4024850408315395,4.3101937260976575,107.04060618895016,172.13999999999794,827.8600000000021,100.45642126285986,45.688664969703915,0.1351578836110731
10.9,loiter,6000.0,70.0,45.66281929988453,0.0,45.66281929988453,0.2531351696520416,2.6823986472628167,107.04060618895016,172.13999999999794,827.8600000000021,0.0,45.66281929988453,0.8075
10.916666666666666,loiter,6000.0,70.0,45.66281929988453,76.0,-30.337180700115468,0.3523593108456812,4.217535267858406,106.66060618895017,172.51999999999794,827.4800000000021,100.45642126285986,45.66281929988453,0.13508142600313872
10.933333333333334,loiter,6000.0,70.0,45.63698549088823,0.0,45.63698549088823,0.20309393458140818,2.682362505973837,106.66060618895017,172.51999999999794,827.4800000000021,0.0,45.63698549088823,0.8074999999999998
10.95,loiter,6000.0,70.0,45.63698549088823,76.0,-30.36301450911177,0.3024025706902727,4.132159392758029,106.28060618895017,172.89999999999793,827.1000000000021,100.45642126285986,45.63698549088823,0.13500500348232594
10.966666666666667,loiter,6000.0,70.0,45.61116354271495,76.0,-30.388836457285052,0.4017956629210415,4.308407487868199,105.90060618895018,173.27999999999793,826.7200000000021,100.45642126285986,45.61116354271495,0.1349286160486347
10.983333333333333,loiter,6000.0,70.0,45.58535345536476,0.0,45.58535345536476,0.2526991601072561,2.682398456784268,105.90060618895018,173.27999999999793,826.7200000000021,0.0,45.58535345536476,0.8074999999999999
11.0,loiter,6000.0,70.0,45.58535345536476,76.0,-30.41464654463524,0.3521766696666083,4.216758151872835,105.52060618895018,173.65999999999792,826.3400000000021,100.45642126285986,45.58535345536476,0.13485226370206513
11.016666666666667,loiter,6000.0,70.0,45.559555228837596,0.0,45.559555228837596,0.2031645453880857,2.682362167532622,105.52060618895018,173.65999999999792,826.3400000000021,0.0,45.559555228837596,0.8074999999999999
11.033333333333333,loiter,6000.0,70.0,45.559555228837596,76.0,-30.440444771162404,0.3027264334827006,4.1322739139338935,105.14060618895019,174.03999999999792,825.9600000000021,100.45642126285986,45.559555228837596,0.134775946442617
11.05,loiter,6000.0,70.0,45.5337688631335,76.0,-30.466231136866497,0.4023726613192575,4.309020976991546,104.76060618895019,174.4199999999979,825.5800000000021,100.45642126285986,45.5337688631335,0.1346996642702905
11.066666666666666,loiter,6000.0,70.0,45.50799435825246,0.0,45.50799435825246,0.253529177731298,2.6823986164462847,104.76060618895019,174.4199999999979,825.5800000000021,0.0,45.50799435825246,0.8074999999999999
11.083333333333334,loiter,6000.0,70.0,45.50799435825246,76.0,-30.49200564174754,0.3532597065164761,4.2182379794621445,104.3806061889502,174.7999999999979,825.2000000000021,100.45642126285986,45.50799435825246,0.13462341718508558
11.1,loiter,6000.0,70.0,45.482231714194484,0.0,45.482231714194484,0.20450048508381705,2.6823641207305897,104.3806061889502,174.7999999999979,825.2000000000021,0.0,45.482231714194484,0.8074999999999999
11.116666666666667,loiter,6000.0,70.0,45.482231714194484,76.0,-30.517768285805516,0.30431527602429553,4.134444093237193,104.0006061889502,175.1799999999979,824.8200000000021,100.45642126285986,45.482231714194484,0.13454720518700225
11.133333333333333,loiter,6000.0,70.0,45.456480930959536,76.0,-30.543519069040464,0.40421429032675377,4.312031509685197,103.6206061889502,175.5599999999979,824.4400000000021,100.45642126285986,45.456480930959536,0.1344710282760404
11.15,loiter,6000.0,70.0,45.43074200854767,0.0,45.43074200854767,0.2556234768247334,2.6823991102599054,103.6206061889502,175.5599999999979,824.4400000000021,0.0,45.43074200854767,0.8074999999999999
11.166666666666666,loiter,6000.0,70.0,45.43074200854767,76.0,-30.569257991452332,0.3556066756958506,4.221980384618846,103.24060618895021,175.9399999999979,824.0600000000021,100.45642126285986,45.43074200854767,0.13439488645220019
11.183333333333334,loiter,6000.0,70.0,45.40501494695885,0.0,45.40501494695885,0.20710000796916841,2.682367949628147,103.24060618895021,175.9399999999979,824.0600000000021,0.0,45.40501494695885,0.8075000000000001
11.2,loiter,6000.0,70.0,45.40501494695885,76.0,-30.59498505304115,0.3071673526156238,4.138685636422977,102.86060618895021,176.3199999999979,823.6800000000021,100.45642126285986,45.40501494695885,0.13431877971548153
11.216666666666667,loiter,6000.0,70.0,45.379299746193084,76.0,-30.620700253806916,0.4073188042440966,4.3174347711112695,102.48060618895022,176.69999999999789,823.3000000000021,100.45642126285986,45.379299746193084,0.13424270806588443
11.233333333333333,loiter,6000.0,70.0,45.35359640625038,0.0,45.35359640625038,0.25898031168812863,2.6823998916259573,102.48060618895022,176.69999999999789,823.3000000000021,0.0,45.35359640625038,0.8075
11.25,loiter,6000.0,70.0,45.35359640625038,76.0,-30.646403593749618,0.3592158315052982,4.228003990330022,102.10060618895022,177.07999999999788,822.9200000000021,100.45642126285986,45.35359640625038,0.1341666715034089
11.266666666666667,loiter,6000.0,70.0,45.327904927130724,0.0,45.327904927130724,0.21096136834470613,2.682372949692813,102.10060618895022,177.07999999999788,822.9200000000021,0.0,45.327904927130724,0.8075
11.283333333333333,loiter,6000.0,70.0,45.327904927130724,76.0,-30.672095072869276,0.3112809175572516,4.145031058140825,101.72060618895023,177.45999999999788,822.5400000000021,100.45642126285986,45.327904927130724,0.13409067002805494
11.3,loiter,6000.0,70.0,45.302225308834124,76.0,-30.697774691165876,0.41168445737185233,4.32114914113593,101.34060618895023,177.83999999999787,822.1600000000021,100.45642126285986,45.302225308834124,0.13401470363982254
11.316666666666666,loiter,6000.0,70.0,45.276557551360604,0.0,45.276557551360604,0.2635979366220499,2.68240089260827,101.34060618895023,177.83999999999787,822.1600000000021,0.0,45.276557551360604,0.8074999999999999
11.333333333333334,loiter,6000.0,70.0,45.276557551360604,76.0,-30.723442448639396,0.364085428245385,4.2363395597151525,100.96060618895024,178.21999999999787,821.7800000000021,100.45642126285986,45.276557551360604,0.13393877233871176
11.35,loiter,6000.0,70.0,45.25090165471012,0.0,45.25090165471012,0.21608282051099625,2.6823784025277035,100.96060618895024,178.21999999999787,821.7800000000021,0.0,45.25090165471012,0.8075
11.366666666666667,loiter,6000.0,70.0,45.25090165471012,76.0,-30.74909834528988,0.31665422514974506,4.153528351039643,100.58060618895024,178.59999999999786,821.4000000000021,100.45642126285986,45.25090165471012,0.13386287612472253
11.383333333333333,loiter,6000.0,70.0,45.225257618882694,76.0,-30.774742381117306,0.41730950401058686,4.283510971027065,100.20060618895025,178.97999999999786,821.0200000000021,100.45642126285986,45.225257618882694,0.1337870149978548
11.4,loiter,6000.0,70.0,45.19962544387831,0.0,45.19962544387831,0.2694746059270633,2.682402035739793,100.20060618895025,178.97999999999786,821.0200000000021,0.0,45.19962544387831,0.8075000000000001
11.416666666666666,loiter,6000.0,70.0,45.19962544387831,76.0,-30.80037455612169,0.3702137202166773,4.247028663949492,99.82060618895025,179.35999999999785,820.6400000000021,100.45642126285986,45.19962544387831,0.1337111889581087
11.433333333333334,loiter,6000.0,70.0,45.17400512969701,0.0,45.17400512969701,0.22246261876860518,2.6823837586756745,99.82060618895025,179.35999999999785,820.6400000000021,0.0,45.17400512969701,0.8074999999999999
11.45,loiter,6000.0,70.0,45.17400512969701,76.0,-30.825994870302992,0.3232855296936706,4.164239154171287,99.44060618895026,179.73999999999785,820.2600000000022,100.45642126285986,45.17400512969701,0.13363539800548419
11.466666666666667,loiter,6000.0,70.0,45.148396676338734,0.0,45.148396676338734,0.17561818608772917,2.6819118273191047,99.44060618895026,179.73999999999785,820.2600000000022,0.0,45.148396676338734,0.8075
11.483333333333333,loiter,6000.0,70.0,45.148396676338734,76.0,-30.851603323661266,0.2765248548549253,4.089075335407925,99.06060618895026,180.11999999999784,819.8800000000022,100.45642126285986,45.148396676338734,0.13355964213998117
11.5,loiter,6000.0,70.0,45.12280008380354,76.0,-30.87719991619646,0.37751524267093134,4.259967385657005,98.68060618895026,180.49999999999784,819.5000000000022,100.45642126285986,45.12280008380354,0.13348392136159978
11.516666666666667,loiter,6000.0,70.0,45.09721535209139,0.0,45.09721535209139,0.23001529836928902,2.6823886366144483,98.68060618895026,180.49999999999784,819.5000000000022,0.0,45.09721535209139,0.8074999999999999
11.533333333333333,loiter,6000.0,70.0,45.09721535209139,76.0,-30.90278464790861,0.3310893664407843,4.177093015433476,98.30060618895027,180.87999999999784,819.1200000000022,100.45642126285986,45.09721535209139,0.13340823567033994
11.55,loiter,6000.0,70.0,45.07164248120229,0.0,45.07164248120229,0.1836730636013105,2.682251835593728,98.30060618895027,180.87999999999784,819.1200000000022,0.0,45.07164248120229,0.8075
11.566666666666666,loiter,6000.0,70.0,45.07164248120229,76.0,-30.92835751879771,0.28483077313497424,4.101388645210781,97.92060618895027,181.25999999999783,818.7400000000022,100.45642126285986,45.07164248120229,0.1333325850662017
11.583333333333334,loiter,6000.0,70.0,45.046081471136254,76.0,-30.953918528863746,0.38607208533748566,4.275363356107351,97.54060618895028,181.63999999999783,818.3600000000022,100.45642126285986,45.046081471136254,0.13325696954918498
11.6,loiter,6000.0,70.0,45.020532321893306,0.0,45.020532321893306,0.23882294904238638,2.6823929555288566,97.54060618895028,181.63999999999783,818.3600000000022,0.0,45.020532321893306,0.8074999999999999
11.616666666666667,loiter,6000.0,70.0,45.020532321893306,76.0,-30.979467678106694,0.34014782512042463,4.19231102269991,97.16060618895028,182.01999999999782,817.9800000000022,100.45642126285986,45.020532321893306,0.13318138911928992
11.633333333333333,loiter,6000.0,70.0,44.99499503347335,0.0,44.99499503347335,0.19298221390753165,2.6823266943765516,97.16060618895028,182.01999999999782,817.9800000000022,0.0,44.99499503347335,0.8075
11.65,loiter,6000.0,70.0,44.99499503347335,76.0,-31.00500496652665,0.2943906150677762,4.1159537522637635,96.78060618895029,182.39999999999782,817.6000000000022,100.45642126285986,44.99499503347335,0.13310584377651632
11.666666666666666,loiter,6000.0,70.0,44.96946960587649,76.0,-31.03053039412351,0.39588250251690615,4.293271510442132,96.40060618895029,182.7799999999978,817.2200000000022,100.45642126285986,44.96946960587649,0.13303033352086435
11.683333333333334,loiter,6000.0,70.0,44.94395603910267,0.0,44.94395603910267,0.2488838250884633,2.6823966700333353,96.40060618895029,182.7799999999978,817.2200000000022,0.0,44.94395603910267,0.8074999999999999
11.7,loiter,6000.0,70.0,44.94395603910267,76.0,-31.056043960897327,0.35045916003315797,4.209980774371364,96.0206061889503,183.1599999999978,816.8400000000022,100.45642126285986,44.94395603910267,0.1329548583523339
11.716666666666667,loiter,6000.0,70.0,44.91845433315191,0.0,44.91845433315191,0.20354389130695907,2.6823587890062313,96.0206061889503,183.1599999999978,816.8400000000022,0.0,44.91845433315191,0.8075
11.733333333333333,loiter,6000.0,70.0,44.91845433315191,76.0,-31.081545666848093,0.3052026349538977,4.132889477102553,95.6406061889503,183.5399999999978,816.4600000000022,100.45642126285986,44.91845433315191,0.13287941827092503
11.75,loiter,6000.0,70.0,44.892964488024205,76.0,-31.107035511975795,0.4069447485097596,4.313713087327138,95.2606061889503,183.9199999999978,816.0800000000022,100.45642126285986,44.892964488024205,0.13280401327663774
11.766666666666667,loiter,6000.0,70.0,44.86748650371956,0.0,44.86748650371956,0.2601961808080863,2.6823998007050665,95.2606061889503,183.9199999999978,816.0800000000022,0.0,44.86748650371956,0.8075
11.783333333333333,loiter,6000.0,70.0,44.86748650371956,76.0,-31.13251349628044,0.3620216254795506,4.230193315753729,94.88060618895031,184.2999999999978,815.7000000000022,100.45642126285986,44.86748650371956,0.13272864336947204
11.8,loiter,6000.0,70.0,44.84202038023796,0.0,44.84202038023796,0.21535635010015905,2.682376245721868,94.88060618895031,184.2999999999978,815.7000000000022,0.0,44.84202038023796,0.8075
11.816666666666666,loiter,6000.0,70.0,44.84202038023796,76.0,-31.15797961976204,0.31726508709390505,4.152317478716013,94.50060618895031,184.6799999999978,815.3200000000022,100.45642126285986,44.84202038023796,0.13265330854942786
11.833333333333334,loiter,6000.0,70.0,44.816566117579434,76.0,-31.183433882420566,0.41925707761661196,4.268234680004663,94.12060618895032,185.05999999999779,814.9400000000022,100.45642126285986,44.816566117579434,0.1325780088165053
11.85,loiter,6000.0,70.0,44.79112371574397,0.0,44.79112371574397,0.2727582705018215,2.682402397499694,94.12060618895032,185.05999999999779,814.9400000000022,0.0,44.79112371574397,0.8074999999999999
11.866666666666667,loiter,6000.0,70.0,44.79112371574397,76.0,-31.20887628425603,0.37483347576016857,4.253039607936221,93.74060618895032,185.43999999999778,814.5600000000022,100.45642126285986,44.79112371574397,0.13250274417070432
11.883333333333333,loiter,6000.0,70.0,44.76569317473153,0.0,44.76569317473153,0.2284178445876976,2.6823869983106574,93.74060618895032,185.43999999999778,814.5600000000022,0.0,44.76569317473153,0.8075
11.9,loiter,6000.0,70.0,44.76569317473153,76.0,-31.23430682526847,0.33057622578836415,4.174358951942887,93.36060618895033,185.81999999999778,814.1800000000022,100.45642126285986,44.76569317473153,0.13242751461202484
11.916666666666666,loiter,6000.0,70.0,44.74027449454216,0.0,44.74027449454216,0.18424373176489184,2.6822439792603343,93.36060618895033,185.81999999999778,814.1800000000022,0.0,44.74027449454216,0.8075
11.933333333333334,loiter,6000.0,70.0,44.74027449454216,76.0,-31.259725505457837,0.28648525011455706,4.102271373636221,92.98060618895033,186.19999999999777,813.8000000000022,100.45642126285986,44.74027449454216,0.13235232014046697
11.95,loiter,6000.0,70.0,44.71486767517586,76.0,-31.28513232482414,0.3888098668199002,4.278448881608991,92.60060618895034,186.57999999999777,813.4200000000022,100.45642126285986,44.71486767517586,0.1322771607560307
11.966666666666667,loiter,6000.0,70.0,44.68947271663258,0.0,44.68947271663258,0.24264353071446312,2.6823941036553585,92.60060618895034,186.57999999999777,813.4200000000022,0.0,44.68947271663258,0.8075
11.983333333333333,loiter,6000.0,70.0,44.68947271663258,76.0,-31.31052728336742,0.34505120698216357,4.198985917268656,92.22060618895034,186.95999999999776,813.0400000000022,100.45642126285986,44.68947271663258,0.1322020364587159
12.0,loiter,6000.0,70.0,44.664089618912406,0.0,44.664089618912406,0.19896789164576284,2.682345180846987,92.22060618895034,186.95999999999776,813.0400000000022,0.0,44.664089618912406,0.8074999999999999
12.016666666666667,loiter,6000.0,70.0,44.664089618912406,76.0,-31.335910381087594,0.30145858868249964,4.125499790192561,91.84060618895035,187.33999999999776,812.6600000000022,100.45642126285986,44.664089618912406,0.13212694724852278
12.033333333333333,loiter,6000.0,70.0,44.638718382015256,76.0,-31.361281617984744,0.40403226769495215,4.306619797815042,91.46060618895035,187.71999999999775,812.2800000000022,100.45642126285986,44.638718382015256,0.13205189312545115
12.05,loiter,6000.0,70.0,44.61335900594116,0.0,44.61335900594116,0.25811487751666207,2.682399062495371,91.46060618895035,187.71999999999775,812.2800000000022,0.0,44.61335900594116,0.8075
12.066666666666666,loiter,6000.0,70.0,44.61335900594116,76.0,-31.386640994058837,0.36077149971150957,4.226448095930412,91.08060618895036,188.09999999999775,811.9000000000023,100.45642126285986,44.61335900594116,0.13197687408950112
12.083333333333334,loiter,6000.0,70.0,44.588011490690135,0.0,44.588011490690135,0.21493701392229364,2.6823748330869734,91.08060618895036,188.09999999999775,811.9000000000023,0.0,44.588011490690135,0.8075
12.1,loiter,6000.0,70.0,44.588011490690135,76.0,-31.411988509309865,0.3176765405062153,4.151619362124552,90.70060618895036,188.47999999999774,811.5200000000023,100.45642126285986,44.588011490690135,0.1319018901406727
12.116666666666667,loiter,6000.0,70.0,44.56267583626216,76.0,-31.43732416373784,0.4204989326858904,4.2533972043089,90.32060618895036,188.85999999999774,811.1400000000023,100.45642126285986,44.56267583626216,0.1318269412789658
12.133333333333333,loiter,6000.0,70.0,44.53735204265725,0.0,44.53735204265725,0.27483013929486055,2.6824026197996482,90.32060618895036,188.85999999999774,811.1400000000023,0.0,44.53735204265725,0.8075
12.15,loiter,6000.0,70.0,44.53735204265725,76.0,-31.462647957342753,0.3777353582769683,4.25684605624303,89.94060618895037,189.23999999999774,810.7600000000023,100.45642126285986,44.53735204265725,0.1317520275043805
12.166666666666666,loiter,6000.0,70.0,44.51204010987538,0.0,44.51204010987538,0.23214935289505045,2.68238876419349,89.94060618895037,189.23999999999774,810.7600000000023,0.0,44.51204010987538,0.8075
12.183333333333334,loiter,6000.0,70.0,44.51204010987538,76.0,-31.48795989012462,0.33513735988627014,4.180758110439871,89.56060618895037,189.61999999999773,810.3800000000023,100.45642126285986,44.51204010987538,0.13167714881691672
12.2,loiter,6000.0,70.0,44.48674003791656,0.0,44.48674003791656,0.1896341037201435,2.6822959105832886,89.56060618895037,189.61999999999773,810.3800000000023,0.0,44.48674003791656,0.8074999999999999
12.216666666666667,loiter,6000.0,70.0,44.48674003791656,76.0,-31.51325996208344,0.2927048599271544,4.110675145523131,89.18060618895038,189.99999999999773,810.0000000000023,100.45642126285986,44.48674003791656,0.1316023052165745
12.233333333333333,loiter,6000.0,70.0,44.461451826780824,76.0,-31.538548173219176,0.39585832655663566,4.290100221021751,88.80060618895038,190.37999999999772,809.6200000000023,100.45642126285986,44.461451826780824,0.13152749670335398
12.25,loiter,6000.0,70.0,44.43617547646812,0.0,44.43617547646812,0.25052045244212906,2.6823966621181987,88.80060618895038,190.37999999999772,809.6200000000023,0.0,44.43617547646812,0.8075
12.266666666666667,loiter,6000.0,70.0,44.43617547646812,76.0,-31.563824523531878,0.35375659070076004,4.212882955698867,88.42060618895039,190.75999999999772,809.2400000000023,100.45642126285986,44.43617547646812,0.1314527232772549
12.283333333333333,loiter,6000.0,70.0,44.41091098697848,0.0,44.41091098697848,0.20850134942208243,2.682364975348365,88.42060618895039,190.75999999999772,809.2400000000023,0.0,44.41091098697848,0.8075
12.3,loiter,6000.0,70.0,44.41091098697848,76.0,-31.58908901302152,0.31182012051654234,4.140982309584639,88.04060618895039,191.1399999999977,808.8600000000023,100.45642126285986,44.41091098697848,0.1313779849382774
12.316666666666666,loiter,6000.0,70.0,44.38565835831189,76.0,-31.614341641688107,0.41522148565351047,4.320101376684617,87.6606061889504,191.5199999999977,808.4800000000023,100.45642126285986,44.38565835831189,0.13130328168642147
12.333333333333334,loiter,6000.0,70.0,44.36041759046836,0.0,44.36041759046836,0.2701313936665285,2.682401629139779,87.6606061889504,191.5199999999977,808.4800000000023,0.0,44.36041759046836,0.8074999999999999
12.35,loiter,6000.0,70.0,44.36041759046836,76.0,-31.63958240953164,0.37361531405268406,4.248228789089188,87.2806061889504,191.8999999999977,808.1000000000023,100.45642126285986,44.36041759046836,0.13122861352168713
12.366666666666667,loiter,6000.0,70.0,44.335188683447896,0.0,44.335188683447896,0.22860773852156874,2.682386199010425,87.2806061889504,191.8999999999977,808.1000000000023,0.0,44.335188683447896,0.8074999999999999
12.383333333333333,loiter,6000.0,70.0,44.335188683447896,76.0,-31.664811316552104,0.33217417536359095,4.1746835311469725,86.9006061889504,192.2799999999977,807.7200000000023,100.45642126285986,44.335188683447896,0.1311539804440744
12.4,loiter,6000.0,70.0,44.30997163725046,0.0,44.30997163725046,0.18724907749502162,2.682266375887635,86.9006061889504,192.2799999999977,807.7200000000023,0.0,44.30997163725046,0.8075
12.416666666666666,loiter,6000.0,70.0,44.30997163725046,76.0,-31.690028362749537,0.2908979919995898,4.106942242429942,86.52060618895041,192.6599999999977,807.3400000000023,100.45642126285986,44.30997163725046,0.13107938245358317
12.433333333333334,loiter,6000.0,70.0,44.28476645187611,76.0,-31.71523354812389,0.3946293453733832,4.286707190852859,86.14060618895041,193.0399999999977,806.9600000000023,100.45642126285986,44.28476645187611,0.13100481955021354
12.45,loiter,6000.0,70.0,44.25957312732479,0.0,44.25957312732479,0.24986908644994346,2.682396252595413,86.14060618895041,193.0399999999977,806.9600000000023,0.0,44.25957312732479,0.8075
12.466666666666667,loiter,6000.0,70.0,44.25957312732479,76.0,-31.740426872675208,0.35368283989964133,4.211726995476825,85.76060618895042,193.41999999999769,806.5800000000023,100.45642126285986,44.25957312732479,0.13093029173396548
12.483333333333333,loiter,6000.0,70.0,44.23439166359654,0.0,44.23439166359654,0.20900494225878527,2.682364850077272,85.76060618895042,193.41999999999769,806.5800000000023,0.0,44.23439166359654,0.8075
12.5,loiter,6000.0,70.0,44.23439166359654,76.0,-31.76560833640346,0.3129010569910668,4.141809376180052,85.38060618895042,193.79999999999768,806.2000000000023,100.45642126285986,44.23439166359654,0.13085579900483896
12.516666666666667,loiter,6000.0,70.0,44.209222060691346,76.0,-31.790777939308654,0.4168794942126112,4.317103244208636,85.00060618895043,194.17999999999768,805.8200000000023,100.45642126285986,44.209222060691346,0.13078134136283404
12.533333333333333,loiter,6000.0,70.0,44.18406431860921,0.0,44.18406431860921,0.2723662027569603,2.6824019536277395,85.00060618895043,194.17999999999768,805.8200000000023,0.0,44.18406431860921,0.8074999999999999
12.55,loiter,6000.0,70.0,44.18406431860921,76.0,-31.81593568139079,0.37642692367444686,4.252320489700475,84.62060618895043,194.55999999999767,805.4400000000023,100.45642126285986,44.18406431860921,0.13070691880795068
12.566666666666666,loiter,6000.0,70.0,44.15891843735013,0.0,44.15891843735013,0.23199587712141737,2.6823879908896147,84.62060618895043,194.55999999999767,805.4400000000023,0.0,44.15891843735013,0.8075
12.583333333333334,loiter,6000.0,70.0,44.15891843735013,76.0,-31.84108156264987,0.3361388429415254,4.1804940471375795,84.24060618895044,194.93999999999767,805.0600000000023,100.45642126285986,44.15891843735013,0.13063253134018893
12.6,loiter,6000.0,70.0,44.133784416914104,0.0,44.133784416914104,0.19179000249779657,2.682303534623561,84.24060618895044,194.93999999999767,805.0600000000023,0.0,44.133784416914104,0.8075
12.616666666666667,loiter,6000.0,70.0,44.133784416914104,76.0,-31.866215583085896,0.29601517442720526,4.114069032032674,83.86060618895044,195.31999999999766,804.6800000000023,100.45642126285986,44.133784416914104,0.1305581789595487
12.633333333333333,loiter,6000.0,70.0,44.108662257301134,76.0,-31.891337742698866,0.4003225136725939,4.296332604653667,83.48060618895045,195.69999999999766,804.3000000000023,100.45642126285986,44.108662257301134,0.13048386166603004
12.65,loiter,6000.0,70.0,44.08355195851121,0.0,44.08355195851121,0.25613796906750425,2.682398037939759,83.48060618895045,195.69999999999766,804.3000000000023,0.0,44.08355195851121,0.8074999999999999
12.666666666666666,loiter,6000.0,70.0,44.08355195851121,76.0,-31.916448041488792,0.3605274368355521,4.22290160802212,83.10060618895045,196.07999999999765,803.9200000000023,100.45642126285986,44.08355195851121,0.1304095794596329
12.683333333333334,loiter,6000.0,70.0,44.05845352054435,0.0,44.05845352054435,0.21642498195980084,2.682374547145564,83.10060618895045,196.07999999999765,803.9200000000023,0.0,44.05845352054435,0.8074999999999998
12.7,loiter,6000.0,70.0,44.05845352054435,76.0,-31.941546479455653,0.3208965394571871,4.154099290059676,82.72060618895046,196.45999999999765,803.5400000000024,100.45642126285986,44.05845352054435,0.13033533234035738
12.716666666666667,loiter,6000.0,70.0,44.033366943400544,0.0,44.033366943400544,0.17687613551745351,2.6815317465490778,82.72060618895046,196.45999999999765,803.5400000000024,0.0,44.033366943400544,0.8074999999999999
12.733333333333333,loiter,6000.0,70.0,44.033366943400544,76.0,-31.966633056599456,0.2814297439508575,4.090980069342147,82.34060618895046,196.83999999999764,803.1600000000024,100.45642126285986,44.033366943400544,0.13026112030820347
12.75,loiter,6000.0,70.0,44.0082922270798,76.0,-31.9917077729202,0.3860653645269584,4.269039835096231,81.96060618895046,197.21999999999764,802.7800000000024,100.45642126285986,44.0082922270798,0.1301869433631711
12.766666666666667,loiter,6000.0,70.0,43.9832293715821,0.0,43.9832293715821,0.2422089460792979,2.6823929525886996,81.96060618895046,197.21999999999764,802.7800000000024,0.0,43.9832293715821,0.8074999999999999
12.783333333333333,loiter,6000.0,70.0,43.9832293715821,76.0,-32.0167706284179,0.346926540004775,4.1982244642303455,81.58060618895047,197.59999999999764,802.4000000000024,100.45642126285986,43.9832293715821,0.13011280150526028
12.8,loiter,6000.0,70.0,43.95817837690746,0.0,43.95817837690746,0.20315205611317,2.6823505075225746,81.58060618895047,197.59999999999764,802.4000000000024,0.0,43.95817837690746,0.8074999999999999
12.816666666666666,loiter,6000.0,70.0,43.95817837690746,76.0,-32.04182162309254,0.3079515845947025,4.132253656677214,81.20060618895047,197.97999999999763,802.0200000000024,100.45642126285986,43.95817837690746,0.13003869473447102
12.833333333333334,loiter,6000.0,70.0,43.93313924305589,76.0,-32.06686075694411,0.4128330088389697,4.318918775727694,80.82060618895048,198.35999999999763,801.6400000000024,100.45642126285986,43.93313924305589,0.1299646230508034
12.85,loiter,6000.0,70.0,43.908111970027356,0.0,43.908111970027356,0.26922227767951323,2.682401138666446,80.82060618895048,198.35999999999763,801.6400000000024,0.0,43.908111970027356,0.8074999999999999
12.866666666666667,loiter,6000.0,70.0,43.908111970027356,76.0,-32.091888029972644,0.3741855588931944,4.246567883410576,80.44060618895048,198.73999999999762,801.2600000000024,100.45642126285986,43.908111970027356,0.12989058645425725
12.883333333333333,loiter,6000.0,70.0,43.883096557821894,0.0,43.883096557821894,0.2306566459098311,2.682386577723915,80.44060618895048,198.73999999999762,801.2600000000024,0.0,43.883096557821894,0.8074999999999999
12.9,loiter,6000.0,70.0,43.883096557821894,76.0,-32.116903442178106,0.3357017452996054,4.178192974341857,80.06060618895049,199.11999999999762,800.8800000000024,100.45642126285986,43.883096557821894,0.12981658494483275
12.916666666666666,loiter,6000.0,70.0,43.85809300643949,0.0,43.85809300643949,0.1922546116990145,2.6823003220406267,80.06060618895049,199.11999999999762,800.8800000000024,0.0,43.85809300643949,0.8074999999999999
12.933333333333334,loiter,6000.0,70.0,43.85809300643949,76.0,-32.14190699356051,0.29738149047156115,4.114802848716709,79.68060618895049,199.4999999999976,800.5000000000024,100.45642126285986,43.85809300643949,0.1297426185225298
12.95,loiter,6000.0,70.0,43.83310131588012,76.0,-32.16689868411988,0.40259010983355953,4.298910613545694,79.3006061889505,199.8799999999976,800.1200000000024,100.45642126285986,43.83310131588012,0.1296686871873484
12.966666666666667,loiter,6000.0,70.0,43.80812148614381,0.0,43.80812148614381,0.2593064186185513,2.6823986759928244,79.3006061889505,199.8799999999976,800.1200000000024,0.0,43.80812148614381,0.8074999999999999
12.983333333333333,loiter,6000.0,70.0,43.80812148614381,76.0,-32.19187851385619,0.3645967397766806,4.228590796572756,78.9206061889505,200.2599999999976,799.7400000000024,100.45642126285986,43.80812148614381,0.12959479093928855
13.0,loiter,6000.0,70.0,43.78315351723057,0.0,43.78315351723057,0.22139471156448254,2.6823789059830485,78.9206061889505,200.2599999999976,799.7400000000024,0.0,43.78315351723057,0.8074999999999999
13.016666666666667,loiter,6000.0,70.0,43.78315351723057,76.0,-32.21684648276943,0.326766695725422,4.16243675576262,78.5406061889505,200.6399999999976,799.3600000000024,100.45642126285986,43.78315351723057,0.1295209297783503
13.033333333333333,loiter,6000.0,70.0,43.75819740914037,0.0,43.75819740914037,0.18364629172271338,2.6821517130461885,78.5406061889505,200.6399999999976,799.3600000000024,0.0,43.75819740914037,0.8074999999999999
13.05,loiter,6000.0,70.0,43.75819740914037,76.0,-32.24180259085963,0.2890999000931423,4.101347266709434,78.16060618895051,201.0199999999976,798.9800000000024,100.45642126285986,43.75819740914037,0.12944710370453358
13.066666666666666,loiter,6000.0,70.0,43.733253161873236,76.0,-32.266746838126764,0.39463509387973994,4.283337181543928,77.78060618895051,201.3999999999976,798.6000000000024,100.45642126285986,43.733253161873236,0.12937331271783847
13.083333333333334,loiter,6000.0,70.0,43.708320775429165,0.0,43.708320775429165,0.25167782191604793,2.682396254544148,77.78060618895051,201.3999999999976,798.6000000000024,0.0,43.708320775429165,0.8075
13.1,loiter,6000.0,70.0,43.708320775429165,76.0,-32.291679224570835,0.35729456232549345,4.214939867395447,77.40060618895052,201.77999999999759,798.2200000000024,100.45642126285986,43.708320775429165,0.12929955681826494
13.116666666666667,loiter,6000.0,70.0,43.683400249808145,0.0,43.683400249808145,0.21441879819132859,2.682370407734187,77.40060618895052,201.77999999999759,798.2200000000024,0.0,43.683400249808145,0.8075000000000001
13.133333333333333,loiter,6000.0,70.0,43.683400249808145,76.0,-32.316599750191855,0.32011704643030126,4.150757469417672,77.02060618895052,202.15999999999758,797.8400000000024,100.45642126285986,43.683400249808145,0.12922583600581297
13.15,loiter,6000.0,70.0,43.658491585010175,0.0,43.658491585010175,0.17732275133234282,2.6818462182553113,77.02060618895052,202.15999999999758,797.8400000000024,0.0,43.658491585010175,0.8075
13.166666666666666,loiter,6000.0,70.0,43.658491585010175,76.0,-32.341508414989825,0.2831024686075219,4.091657963275695,76.64060618895053,202.53999999999758,797.4600000000024,100.45642126285986,43.658491585010175,0.12915215028048255
13.183333333333334,loiter,6000.0,70.0,43.633594781035264,76.0,-32.366405218964736,0.3889636161255867,4.272146648339818,76.26060618895053,202.91999999999757,797.0800000000024,100.45642126285986,43.633594781035264,0.12907849964227372
13.2,loiter,6000.0,70.0,43.60870983788341,0.0,43.60870983788341,0.24633214272007886,2.682394165320107,76.26060618895053,202.91999999999757,797.0800000000024,0.0,43.60870983788341,0.8075
13.216666666666667,loiter,6000.0,70.0,43.60870983788341,76.0,-32.39129016211659,0.3522746816877086,4.205471255632204,75.88060618895054,203.29999999999757,796.7000000000024,100.45642126285986,43.60870983788341,0.12900488409118643
13.233333333333333,loiter,6000.0,70.0,43.583836755554614,0.0,43.583836755554614,0.2097245609384449,2.6823623496232334,75.88060618895054,203.29999999999757,796.7000000000024,0.0,43.583836755554614,0.8074999999999999
13.25,loiter,6000.0,70.0,43.583836755554614,76.0,-32.416163244445386,0.31574845256231876,4.142992802025994,75.50060618895054,203.67999999999756,796.3200000000024,100.45642126285986,43.583836755554614,0.12893130362722072
13.266666666666667,loiter,6000.0,70.0,43.55897553404886,76.0,-32.44102446595114,0.42185365804911606,4.297829610628389,75.12060618895055,204.05999999999756,795.9400000000024,100.45642126285986,43.55897553404886,0.12885775825037657
13.283333333333333,loiter,6000.0,70.0,43.53412617336618,0.0,43.53412617336618,0.2794661262323785,2.6824028551828336,75.12060618895055,204.05999999999756,795.9400000000024,0.0,43.53412617336618,0.8074999999999999
13.3,loiter,6000.0,70.0,43.53412617336618,76.0,-32.46587382663382,0.38565260678877844,4.265400978844694,74.74060618895055,204.43999999999755,795.5600000000024,100.45642126285986,43.53412617336618,0.12878424796065402
13.316666666666666,loiter,6000.0,70.0,43.50928867350653,0.0,43.50928867350653,0.24334631124832282,2.68239277082301,74.74060618895055,204.43999999999755,795.5600000000024,0.0,43.50928867350653,0.8075
13.333333333333334,loiter,6000.0,70.0,43.50928867350653,76.0,-32.49071132649347,0.3496140280810047,4.200218469457915,74.36060618895056,204.81999999999755,795.1800000000025,100.45642126285986,43.50928867350653,0.12871077275805298
13.35,loiter,6000.0,70.0,43.48446303446996,0.0,43.48446303446996,0.20738893002351028,2.6823569847476785,74.36060618895056,204.81999999999755,795.1800000000025,0.0,43.48446303446996,0.8075
13.366666666666667,loiter,6000.0,70.0,43.48446303446996,76.0,-32.51553696553004,0.31373784433915336,4.139158574739367,73.98060618895056,205.19999999999754,794.8000000000025,100.45642126285986,43.48446303446996,0.12863733264257357
13.383333333333333,loiter,6000.0,70.0,43.459649256256455,76.0,-32.540350743743545,0.4201679173444368,4.313643709916997,73.60060618895056,205.57999999999754,794.4200000000025,100.45642126285986,43.459649256256455,0.12856392761421573
13.4,loiter,6000.0,70.0,43.43484733886597,0.0,43.43484733886597,0.2781050978729025,2.6824025611659077,73.60060618895056,205.57999999999754,794.4200000000025,0.0,43.43484733886597,0.8074999999999999
13.416666666666666,loiter,6000.0,70.0,43.43484733886597,76.0,-32.56515266113403,0.38461629077450565,4.262884109474503,73.22060618895057,205.95999999999754,794.0400000000025,100.45642126285986,43.43484733886597,0.12849055767297937
13.433333333333334,loiter,6000.0,70.0,43.41005728229858,0.0,43.41005728229858,0.24263455240597018,2.6823923038574367,73.22060618895057,205.95999999999754,794.0400000000025,0.0,43.41005728229858,0.8074999999999999
13.45,loiter,6000.0,70.0,43.41005728229858,76.0,-32.58994271770142,0.34922682641057223,4.1989701803567,72.84060618895057,206.33999999999753,793.6600000000025,100.45642126285986,43.41005728229858,0.12841722281886472
13.466666666666667,loiter,6000.0,70.0,43.38527908655422,0.0,43.38527908655422,0.20732613035171493,2.6823561237966573,72.84060618895057,206.33999999999753,793.6600000000025,0.0,43.38527908655422,0.8075
13.483333333333333,loiter,6000.0,70.0,43.38527908655422,76.0,-32.61472091344578,0.3139994466659952,4.139055751922214,72.46060618895058,206.71999999999753,793.2800000000025,100.45642126285986,43.38527908655422,0.12834392305187153
13.5,loiter,6000.0,70.0,43.36051275163292,76.0,-32.63948724836708,0.4207537664966329,4.312291843850362,72.08060618895058,207.09999999999752,792.9000000000025,100.45642126285986,43.36051275163292,0.12827065837199994
13.516666666666667,loiter,6000.0,70.0,43.33575827753468,0.0,43.33575827753468,0.2790150386771697,2.6824026646364,72.08060618895058,207.09999999999752,792.9000000000025,0.0,43.33575827753468,0.8074999999999999
13.533333333333333,loiter,6000.0,70.0,43.33575827753468,76.0,-32.66424172246532,0.38585032323084406,4.264566324614494,71.70060618895059,207.47999999999752,792.5200000000025,100.45642126285986,43.33575827753468,0.12819742877924992
13.55,loiter,6000.0,70.0,43.31101566425948,0.0,43.31101566425948,0.2441925213410968,2.6823928581859025,71.70060618895059,207.47999999999752,792.5200000000025,0.0,43.31101566425948,0.8075
13.566666666666666,loiter,6000.0,70.0,43.31101566425948,76.0,-32.68898433574052,0.35110873182448715,4.201704503518918,71.32060618895059,207.8599999999975,792.1400000000025,100.45642126285986,43.31101566425948,0.12812423427362143
13.583333333333334,loiter,6000.0,70.0,43.286284911807364,0.0,43.286284911807364,0.20953181707113502,2.682360110065619,71.32060618895059,207.8599999999975,792.1400000000025,0.0,43.286284911807364,0.8074999999999999
13.6,loiter,6000.0,70.0,43.286284911807364,76.0,-32.713715088192636,0.3165289146909204,4.142675650144274,70.9406061889506,208.2399999999975,791.7600000000025,100.45642126285986,43.286284911807364,0.12805107485511458
13.616666666666667,loiter,6000.0,70.0,43.261566020178286,76.0,-32.738433979821714,0.4236068606537803,4.28596421314695,70.5606061889506,208.6199999999975,791.3800000000025,100.45642126285986,43.261566020178286,0.12797795052372926
13.633333333333333,loiter,6000.0,70.0,43.236858989372266,0.0,43.236858989372266,0.28219160379325625,2.6824031492093305,70.5606061889506,208.6199999999975,791.3800000000025,0.0,43.236858989372266,0.8074999999999999
13.65,loiter,6000.0,70.0,43.236858989372266,76.0,-32.763141010627734,0.3893503593058698,4.27045407143855,70.1806061889506,208.9999999999975,791.0000000000025,100.45642126285986,43.236858989372266,0.12790486127946551
13.666666666666666,loiter,6000.0,70.0,43.2121638193893,0.0,43.2121638193893,0.2480158732017787,2.682394319171549,70.1806061889506,208.9999999999975,791.0000000000025,0.0,43.2121638193893,0.8074999999999998
13.683333333333334,loiter,6000.0,70.0,43.2121638193893,76.0,-32.7878361806107,0.3552553994708252,4.208444764445967,69.80060618895061,209.3799999999975,790.6200000000025,100.45642126285986,43.2121638193893,0.12783180712232334
13.7,loiter,6000.0,70.0,43.18748051022939,0.0,43.18748051022939,0.21400164532984628,2.6823674086965283,69.80060618895061,209.3799999999975,790.6200000000025,0.0,43.18748051022939,0.8075
13.716666666666667,loiter,6000.0,70.0,43.18748051022939,76.0,-32.81251948977061,0.3213219035620049,4.150064340024917,69.42060618895061,209.7599999999975,790.2400000000025,100.45642126285986,43.18748051022939,0.12775878805230273
13.733333333333333,loiter,6000.0,70.0,43.16280906189256,0.0,43.16280906189256,0.18014884259081737,2.6815542161021866,69.42060618895061,209.7599999999975,790.2400000000025,0.0,43.16280906189256,0.8074999999999998
13.75,loiter,6000.0,70.0,43.16280906189256,76.0,-32.83719093810744,0.28754979399276737,4.095967363062905,69.04060618895062,210.13999999999749,789.8600000000025,100.45642126285986,43.16280906189256,0.12768580406940372
13.766666666666667,loiter,6000.0,70.0,43.13814947437876,76.0,-32.86185052562124,0.39503139977118806,4.28043736780376,68.66060618895062,210.51999999999748,789.4800000000025,100.45642126285986,43.13814947437876,0.12761285517362628
13.783333333333333,loiter,6000.0,70.0,43.11350174768802,0.0,43.11350174768802,0.2540196087596211,2.6823963881308277,68.66060618895062,210.51999999999748,789.4800000000025,0.0,43.11350174768802,0.8074999999999999
13.8,loiter,6000.0,70.0,43.11350174768802,76.0,-32.88649825231198,0.3615818301211917,4.219113264765765,68.28060618895063,210.89999999999748,789.1000000000025,100.45642126285986,43.11350174768802,0.12753994136497035
13.816666666666666,loiter,6000.0,70.0,43.08886588182033,0.0,43.08886588182033,0.22065061589945392,2.6823757584292953,68.28060618895063,210.89999999999748,789.1000000000025,0.0,43.08886588182033,0.8075000000000001
13.833333333333334,loiter,6000.0,70.0,43.08886588182033,76.0,-32.91113411817967,0.32829341405085366,4.161183127351269,67.90060618895063,211.27999999999747,788.7200000000025,100.45642126285986,43.08886588182033,0.12746706264343605
13.85,loiter,6000.0,70.0,43.0642418767757,0.0,43.0642418767757,0.18744273782562432,2.68219811460603,67.90060618895063,211.27999999999747,788.7200000000025,0.0,43.0642418767757,0.8074999999999999
13.866666666666667,loiter,6000.0,70.0,43.0642418767757,76.0,-32.9357581232243,0.2951660739735325,4.10724449123986,67.52060618895064,211.65999999999747,788.3400000000025,100.45642126285986,43.0642418767757,0.12739421900902323
13.883333333333333,loiter,6000.0,70.0,43.03962973255414,76.0,-32.96037026744586,0.40296990932462834,4.294732092388519,67.14060618895064,212.03999999999746,787.9600000000025,100.45642126285986,43.03962973255414,0.12732141046173207
13.9,loiter,6000.0,70.0,43.01502944915562,0.0,43.01502944915562,0.26228019271245356,2.6823987791898745,67.14060618895064,212.03999999999746,787.9600000000025,0.0,43.01502944915562,0.8074999999999999
13.916666666666666,loiter,6000.0,70.0,43.01502944915562,76.0,-32.98497055084438,0.3701644884734163,4.233955039247117,66.76060618895065,212.41999999999746,787.5800000000025,100.45642126285986,43.01502944915562,0.12724863700156244
13.933333333333334,loiter,6000.0,70.0,42.99044102658016,0.0,42.99044102658016,0.2295551934777877,2.682383720897583,66.76060618895065,212.41999999999746,787.5800000000025,0.0,42.99044102658016,0.8074999999999999
13.95,loiter,6000.0,70.0,42.99044102658016,76.0,-33.00955897341984,0.3375199108552966,4.17630470563813,66.38060618895065,212.79999999999745,787.2000000000025,100.45642126285986,42.99044102658016,0.1271758986285144
13.966666666666667,loiter,6000.0,70.0,42.965864464827746,0.0,42.965864464827746,0.19699099868289338,2.682312668577743,66.38060618895065,212.79999999999745,787.2000000000025,0.0,42.965864464827746,0.8075000000000001
13.983333333333333,loiter,6000.0,70.0,42.965864464827746,76.0,-33.034135535172254,0.3050360988836277,4.122331766526636,66.00060618895066,213.17999999999745,786.8200000000026,100.45642126285986,42.965864464827746,0.1271031953425879
14.0,loiter,6000.0,70.0,42.94129976389839,76.0,-33.05870023610161,0.4131615431142667,4.313397503445146,65.62060618895066,213.55999999999744,786.4400000000026,100.45642126285986,42.94129976389839,0.12703052714378296
14.016666666666667,loiter,6000.0,70.0,42.9167469237921,0.0,42.9167469237921,0.27279328020835214,2.6824012078048103,65.62060618895066,213.55999999999744,786.4400000000026,0.0,42.9167469237921,0.8075
14.033333333333333,loiter,6000.0,70.0,42.9167469237921,76.0,-33.0832530762079,0.3809990296755751,4.253103840148738,65.24060618895066,213.93999999999744,786.0600000000026,100.45642126285986,42.9167469237921,0.1269578940320996
14.05,loiter,6000.0,70.0,42.89220594450887,0.0,42.89220594450887,0.2407110332129236,2.6823905453636807,65.24060618895066,213.93999999999744,786.0600000000026,0.0,42.89220594450887,0.8074999999999999
14.066666666666666,loiter,6000.0,70.0,42.89220594450887,76.0,-33.10779405549113,0.3489970491234096,4.195604214667497,64.86060618895067,214.31999999999744,785.6800000000026,100.45642126285986,42.89220594450887,0.12688529600753784
14.083333333333334,loiter,6000.0,70.0,42.867676826048694,0.0,42.867676826048694,0.20878928031070054,2.6823556021829407,64.86060618895067,214.31999999999744,785.6800000000026,0.0,42.867676826048694,0.8074999999999999
14.1,loiter,6000.0,70.0,42.867676826048694,76.0,-33.132323173951306,0.317155523871129,4.141455076505487,64.48060618895067,214.69999999999743,785.3000000000026,100.45642126285986,42.867676826048694,0.12681273307009763
14.116666666666667,loiter,6000.0,70.0,42.84315956841157,76.0,-33.15684043158843,0.4256019562881791,4.271464809127256,64.10060618895068,215.07999999999743,784.9200000000026,100.45642126285986,42.84315956841157,0.12674020521977902
14.133333333333333,loiter,6000.0,70.0,42.81865417159749,0.0,42.81865417159749,0.2855545263953926,2.6824034699299877,64.10060618895068,215.07999999999743,784.9200000000026,0.0,42.81865417159749,0.8074999999999999
14.15,loiter,6000.0,70.0,42.81865417159749,76.0,-33.18134582840251,0.39408110887574366,4.276712381743336,63.720606188950676,215.45999999999742,784.5400000000026,100.45642126285986,42.81865417159749,0.1266677124565819
14.166666666666666,loiter,6000.0,70.0,42.79416063560648,0.0,42.79416063560648,0.25411379025293734,2.6823960652754315,63.720606188950676,215.45999999999742,784.5400000000026,0.0,42.79416063560648,0.8075
14.183333333333334,loiter,6000.0,70.0,42.79416063560648,76.0,-33.20583936439352,0.36272048400326856,4.219281429486355,63.34060618895067,215.83999999999742,784.1600000000026,100.45642126285986,42.79416063560648,0.12659525478050643
14.2,loiter,6000.0,70.0,42.76967896043852,0.0,42.76967896043852,0.22283323785712164,2.682376999424447,63.34060618895067,215.83999999999742,784.1600000000026,0.0,42.76967896043852,0.8075
14.216666666666667,loiter,6000.0,70.0,42.76967896043852,76.0,-33.23032103956148,0.3315200040841123,4.164865564037786,62.96060618895067,216.21999999999744,783.7800000000026,100.45642126285986,42.76967896043852,0.12652283219155247
14.233333333333333,loiter,6000.0,70.0,42.74520914609362,0.0,42.74520914609362,0.19171279162130403,2.682257917787725,62.96060618895067,216.21999999999744,783.7800000000026,0.0,42.74520914609362,0.8074999999999999
14.25,loiter,6000.0,70.0,42.74520914609362,76.0,-33.25479085390638,0.30047959153163334,4.113947165624376,62.58060618895067,216.59999999999744,783.4000000000026,100.45642126285986,42.74520914609362,0.1264504446897201
14.266666666666667,loiter,6000.0,70.0,42.72075119257177,76.0,-33.27924880742823,0.40932638633198054,4.304766720219761,62.200606188950665,216.97999999999743,783.0200000000026,100.45642126285986,42.72075119257177,0.12637809227500932
14.283333333333333,loiter,6000.0,70.0,42.69630509987298,0.0,42.69630509987298,0.26967912485588735,2.6824003653471724,62.200606188950665,216.97999999999743,783.0200000000026,0.0,42.69630509987298,0.8075
14.3,loiter,6000.0,70.0,42.69630509987298,76.0,-33.30369490012702,0.3786058757529317,4.2474022573806485,61.82060618895066,217.35999999999746,782.6400000000026,100.45642126285986,42.69630509987298,0.1263057749474201
14.316666666666666,loiter,6000.0,70.0,42.67187086799725,0.0,42.67187086799725,0.2390385315802149,2.6823892591521292,61.82060618895066,217.35999999999746,782.6400000000026,0.0,42.67187086799725,0.8074999999999999
14.333333333333334,loiter,6000.0,70.0,42.67187086799725,76.0,-33.32812913200275,0.34804519978063564,4.192686498255634,61.44060618895066,217.73999999999745,782.2600000000026,100.45642126285986,42.67187086799725,0.12623349270695242
14.35,loiter,6000.0,70.0,42.64744849694456,0.0,42.64744849694456,0.20855773411797454,2.682353351887075,61.44060618895066,217.73999999999745,782.2600000000026,0.0,42.64744849694456,0.8075
14.366666666666667,loiter,6000.0,70.0,42.64744849694456,76.0,-33.35255150305544,0.317644280828451,4.141074866806952,61.06060618895066,218.11999999999745,781.8800000000026,100.45642126285986,42.64744849694456,0.12616124555360633
14.383333333333333,loiter,6000.0,70.0,42.62303798671494,76.0,-33.37696201328506,0.4268106672556623,4.254745236940787,60.680606188950655,218.49999999999744,781.5000000000026,100.45642126285986,42.62303798671494,0.1260890334873818
14.4,loiter,6000.0,70.0,42.59863933730838,0.0,42.59863933730838,0.28748284223315024,2.6824036573655414,60.680606188950655,218.49999999999744,781.5000000000026,0.0,42.59863933730838,0.8074999999999999
14.416666666666666,loiter,6000.0,70.0,42.59863933730838,76.0,-33.40136066269162,0.39672902958377576,4.280312235041688,60.30060618895065,218.87999999999744,781.1200000000026,100.45642126285986,42.59863933730838,0.12601685650827885
14.433333333333334,loiter,6000.0,70.0,42.574252548724864,0.0,42.574252548724864,0.2574809666913571,2.682396943849866,60.30060618895065,218.87999999999744,781.1200000000026,0.0,42.574252548724864,0.8074999999999999
14.45,loiter,6000.0,70.0,42.574252548724864,76.0,-33.425747451275136,0.366806916172076,4.22530972707141,59.92060618895065,219.25999999999746,780.7400000000026,100.45642126285986,42.574252548724864,0.12594471461629744
14.466666666666667,loiter,6000.0,70.0,42.549877620964416,0.0,42.549877620964416,0.22763857661642997,2.682380955249458,59.92060618895065,219.25999999999746,780.7400000000026,0.0,42.549877620964416,0.8074999999999998
14.483333333333333,loiter,6000.0,70.0,42.549877620964416,76.0,-33.450122379035584,0.33704424943392153,4.173028187163894,59.54060618895065,219.63999999999746,780.3600000000026,100.45642126285986,42.549877620964416,0.12587260781143764
14.5,loiter,6000.0,70.0,42.525514554027005,0.0,42.525514554027005,0.19795559442172747,2.682309683849152,59.54060618895065,219.63999999999746,780.3600000000026,0.0,42.525514554027005,0.8074999999999999
14.516666666666667,loiter,6000.0,70.0,42.525514554027005,76.0,-33.474485445972995,0.30744095178267095,4.123875696228779,59.160606188950645,220.01999999999745,779.9800000000026,100.45642126285986,42.525514554027005,0.12580053609369937
14.533333333333333,loiter,6000.0,70.0,42.501163347912666,76.0,-33.498836652087334,0.41700595489374553,4.317952650556358,58.78060618895064,220.39999999999748,779.6000000000026,100.45642126285986,42.501163347912666,0.1257284994630827
14.55,loiter,6000.0,70.0,42.47682400262138,0.0,42.47682400262138,0.27807655258849306,2.682401977861793,58.78060618895064,220.39999999999748,779.6000000000026,0.0,42.47682400262138,0.8075
14.566666666666666,loiter,6000.0,70.0,42.47682400262138,76.0,-33.52317599737862,0.38772116265637807,4.2628313693256175,58.40060618895064,220.77999999999747,779.2200000000026,100.45642126285986,42.47682400262138,0.1256564979195876
14.583333333333334,loiter,6000.0,70.0,42.45249651815315,0.0,42.45249651815315,0.2488713285146152,2.6823936586531105,58.40060618895064,220.77999999999747,779.2200000000026,0.0,42.45249651815315,0.8074999999999998
14.6,loiter,6000.0,70.0,42.45249651815315,76.0,-33.54750348184685,0.35859550674598983,4.209958643944888,58.02060618895064,221.15999999999747,778.8400000000026,100.45642126285986,42.45249651815315,0.12558453146321405
14.616666666666667,loiter,6000.0,70.0,42.42818089450797,0.0,42.42818089450797,0.21982520197439587,2.682372156495934,58.02060618895064,221.15999999999747,778.8400000000026,0.0,42.42818089450797,0.8075
14.633333333333333,loiter,6000.0,70.0,42.42818089450797,76.0,-33.57181910549203,0.32962890957593943,4.159794664852959,57.640606188950635,221.53999999999746,778.4600000000027,100.45642126285986,42.42818089450797,0.1255126000939621
14.65,loiter,6000.0,70.0,42.403877131685846,0.0,42.403877131685846,0.19093809538119363,2.682227416635744,57.640606188950635,221.53999999999746,778.4600000000027,0.0,42.403877131685846,0.8075
14.666666666666666,loiter,6000.0,70.0,42.403877131685846,76.0,-33.596122868314154,0.30082129355958537,4.1127257239650215,57.26060618895063,221.91999999999746,778.0800000000027,100.45642126285986,42.403877131685846,0.12544070381183167
14.683333333333334,loiter,6000.0,70.0,42.37958522968678,76.0,-33.62041477031322,0.4107839435215045,4.305413386098516,56.88060618895063,222.29999999999748,777.7000000000027,100.45642126285986,42.37958522968678,0.12536884261682285
14.7,loiter,6000.0,70.0,42.35530518851077,0.0,42.35530518851077,0.2722519941004927,2.6824006948362418,56.88060618895063,222.29999999999748,777.7000000000027,0.0,42.35530518851077,0.8074999999999999
14.716666666666667,loiter,6000.0,70.0,42.35530518851077,76.0,-33.64469481148923,0.38229405705261854,4.252111083503394,56.50060618895063,222.67999999999748,777.3200000000027,100.45642126285986,42.35530518851077,0.12529701650893557
14.733333333333333,loiter,6000.0,70.0,42.331037008157814,0.0,42.331037008157814,0.2438414818284927,2.6823911991097047,56.50060618895063,222.67999999999748,777.3200000000027,0.0,42.331037008157814,0.8074999999999999
14.75,loiter,6000.0,70.0,42.331037008157814,76.0,-33.668962991842186,0.35396291897750437,4.201087785531993,56.120606188950624,223.05999999999747,776.9400000000027,100.45642126285986,42.331037008157814,0.12522522548816986
14.766666666666667,loiter,6000.0,70.0,42.306780688627924,0.0,42.306780688627924,0.2155896791569437,2.682365322951108,56.120606188950624,223.05999999999747,776.9400000000027,0.0,42.306780688627924,0.8075
14.783333333333333,loiter,6000.0,70.0,42.306780688627924,76.0,-33.693219311372076,0.32579045170952053,4.152706190793363,55.74060618895062,223.4399999999975,776.5600000000027,100.45642126285986,42.306780688627924,0.12515346955452578
14.8,loiter,6000.0,70.0,42.282536229921085,0.0,42.282536229921085,0.18749650849920424,2.6821105378870294,55.74060618895062,223.4399999999975,776.5600000000027,0.0,42.282536229921085,0.8075
14.816666666666666,loiter,6000.0,70.0,42.282536229921085,76.0,-33.717463770078915,0.2977765776620255,4.107328438980016,55.36060618895062,223.8199999999975,776.1800000000027,100.45642126285986,42.282536229921085,0.1250817487080032
14.833333333333334,loiter,6000.0,70.0,42.25830363203728,76.0,-33.74169636796272,0.4081359046417704,4.2996566405956145,54.98060618895062,224.1999999999975,775.8000000000027,100.45642126285986,42.25830363203728,0.12501006294860217
14.85,loiter,6000.0,70.0,42.23408289497657,0.0,42.23408289497657,0.27000043827198067,2.682400087296613,54.98060618895062,224.1999999999975,775.8000000000027,0.0,42.23408289497657,0.8074999999999999
14.866666666666667,loiter,6000.0,70.0,42.23408289497657,76.0,-33.76591710502343,0.38043898427532846,4.247989411999096,54.600606188950614,224.57999999999748,775.4200000000027,100.45642126285986,42.23408289497657,0.12493841227632278
14.883333333333333,loiter,6000.0,70.0,42.20987401873887,0.0,42.20987401873887,0.24238269813582092,2.682390253724854,54.600606188950614,224.57999999999748,775.4200000000027,0.0,42.20987401873887,0.8075
14.9,loiter,6000.0,70.0,42.20987401873887,76.0,-33.79012598126113,0.3529004243694509,4.198528834962179,54.22060618895061,224.95999999999748,775.0400000000027,100.45642126285986,42.20987401873887,0.12486679669116489
14.916666666666666,loiter,6000.0,70.0,42.18567700332428,0.0,42.18567700332428,0.21492327966690467,2.682363486876561,54.22060618895061,224.95999999999748,775.0400000000027,0.0,42.18567700332428,0.8074999999999998
14.933333333333334,loiter,6000.0,70.0,42.18567700332428,76.0,-33.81432299667572,0.32552014733749596,4.151596507421281,53.84060618895061,225.3399999999975,774.6600000000027,100.45642126285986,42.18567700332428,0.12479521619312864
14.95,loiter,6000.0,70.0,42.1614918487327,0.0,42.1614918487327,0.1876221052785904,2.682096839893536,53.84060618895061,225.3399999999975,774.6600000000027,0.0,42.1614918487327,0.8075
14.966666666666667,loiter,6000.0,70.0,42.1614918487327,76.0,-33.8385081512673,0.2982980755928224,4.107524568575875,53.46060618895061,225.7199999999975,774.2800000000027,100.45642126285986,42.1614918487327,0.12472367078221391
14.983333333333333,loiter,6000.0,70.0,42.1373185549642,76.0,-33.8626814450358,0.4090531097573743,4.300641732765726,53.080606188950604,226.0999999999975,773.9000000000027,100.45642126285986,42.1373185549642,0.12465216045842077
15.0,loiter,6000.0,70.0,42.11315712201875,0.0,42.11315712201875,0.2713131566057878,2.6824003022440905,53.080606188950604,226.0999999999975,773.9000000000027,0.0,42.11315712201875,0.8075
15.016666666666667,loiter,6000.0,70.0,42.11315712201875,76.0,-33.88684287798125,0.38214721582733885,4.250390917007663,52.7006061889506,226.47999999999752,773.5200000000027,100.45642126285986,42.11315712201875,0.1245806852217492
15.033333333333333,loiter,6000.0,70.0,42.089007549896344,0.0,42.089007549896344,0.2444862489394308,2.6823911263910323,52.7006061889506,226.47999999999752,773.5200000000027,0.0,42.089007549896344,0.8074999999999999
15.05,loiter,6000.0,70.0,42.089007549896344,76.0,-33.910992450103656,0.3553992944246603,4.202220811932984,52.3206061889506,226.8599999999975,773.1400000000027,100.45642126285986,42.089007549896344,0.12450924507219915
15.066666666666666,loiter,6000.0,70.0,42.06486983859702,0.0,42.06486983859702,0.21781727500710982,2.682367631568272,52.3206061889506,226.8599999999975,773.1400000000027,0.0,42.06486983859702,0.8075
15.083333333333334,loiter,6000.0,70.0,42.06486983859702,76.0,-33.93513016140298,0.3288092679626969,4.156426635162079,51.940606188950596,227.2399999999975,772.7600000000027,100.45642126285986,42.06486983859702,0.12443784000977076
15.1,loiter,6000.0,70.0,42.040743988120724,0.0,42.040743988120724,0.19130615722218333,2.6822104123947166,51.940606188950596,227.2399999999975,772.7600000000027,0.0,42.040743988120724,0.8075
15.116666666666667,loiter,6000.0,70.0,42.040743988120724,76.0,-33.959256011879276,0.3023770588548073,4.11330574012206,51.560606188950594,227.6199999999975,772.3800000000027,100.45642126285986,42.040743988120724,0.12436647003446387
15.133333333333333,loiter,6000.0,70.0,42.0166299984675,76.0,-33.9833700015325,0.41352683037114746,4.308359164372383,51.18060618895059,227.9999999999975,772.0000000000027,100.45642126285986,42.0166299984675,0.12429513514627856
15.15,loiter,6000.0,70.0,41.99252786963733,0.0,41.99252786963733,0.27618142060474543,2.682401284039898,51.18060618895059,227.9999999999975,772.0000000000027,0.0,41.99252786963733,0.8074999999999998
15.166666666666666,loiter,6000.0,70.0,41.99252786963733,76.0,-34.00747213036267,0.387410023211481,4.259334286527901,50.80060618895059,228.37999999999752,771.6200000000027,100.45642126285986,41.99252786963733,0.12422383534521482
15.183333333333334,loiter,6000.0,70.0,41.968437601630214,0.0,41.968437601630214,0.25014340574215366,2.6823935287264202,50.80060618895059,228.37999999999752,771.6200000000027,0.0,41.968437601630214,0.8075
15.2,loiter,6000.0,70.0,41.968437601630214,76.0,-34.031562398369786,0.36145080064596385,4.212213675157051,50.420606188950586,228.75999999999752,771.2400000000027,100.45642126285986,41.968437601630214,0.12415257063127268
15.216666666666667,loiter,6000.0,70.0,41.94435919444614,0.0,41.94435919444614,0.2242629366803904,2.68237561125128,50.420606188950586,228.75999999999752,771.2400000000027,0.0,41.94435919444614,0.8075000000000001
15.233333333333333,loiter,6000.0,70.0,41.94435919444614,76.0,-34.05564080555386,0.3356490850879545,4.167286246772213,50.04060618895058,229.1399999999975,770.8600000000027,100.45642126285986,41.94435919444614,0.12408134100445208
15.25,loiter,6000.0,70.0,41.920292648085145,0.0,41.920292648085145,0.19853993583281418,2.682299923359321,50.04060618895058,229.1399999999975,770.8600000000027,0.0,41.920292648085145,0.8074999999999999
15.266666666666667,loiter,6000.0,70.0,41.920292648085145,76.0,-34.079707351914855,0.3100047989508114,4.124812717889663,49.66060618895058,229.51999999999754,770.4800000000027,100.45642126285986,41.920292648085145,0.12401014646475303
15.283333333333333,loiter,6000.0,70.0,41.8962379625472,76.0,-34.1037620374528,0.42154833798592106,4.322781205207274,49.28060618895058,229.89999999999753,770.1000000000028,100.45642126285986,41.8962379625472,0.1239389870121756
15.3,loiter,6000.0,70.0,41.8721951378323,0.0,41.8721951378323,0.28459650177168483,2.6824028027683204,49.28060618895058,229.89999999999753,770.1000000000028,0.0,41.8721951378323,0.8075
15.316666666666666,loiter,6000.0,70.0,41.8721951378323,76.0,-34.1278048621677,0.3962186779305861,4.274926939721263,48.900606188950576,230.27999999999753,769.7200000000028,100.45642126285986,41.8721951378323,0.12386786264671969
15.333333333333334,loiter,6000.0,70.0,41.84816417394046,0.0,41.84816417394046,0.2593454400468208,2.6823967795446793,48.900606188950576,230.27999999999753,769.7200000000028,0.0,41.84816417394046,0.8074999999999999
15.35,loiter,6000.0,70.0,41.84816417394046,76.0,-34.15183582605954,0.371046214536193,4.228661032058434,48.52060618895057,230.65999999999752,769.3400000000028,100.45642126285986,41.84816417394046,0.12379677336838535
15.366666666666667,loiter,6000.0,70.0,41.82414507087168,0.0,41.82414507087168,0.23425153618957778,2.682384386342767,48.52060618895057,230.65999999999752,769.3400000000028,0.0,41.82414507087168,0.8074999999999999
15.383333333333333,loiter,6000.0,70.0,41.82414507087168,76.0,-34.17585492912832,0.34603087021610013,4.184382443046221,48.14060618895057,231.03999999999752,768.9600000000028,100.45642126285986,41.82414507087168,0.1237257191771726
15.4,loiter,6000.0,70.0,41.80013782862596,0.0,41.80013782862596,0.2093147126133143,2.682348057310382,48.14060618895057,231.03999999999752,768.9600000000028,0.0,41.80013782862596,0.8074999999999999
15.416666666666666,loiter,6000.0,70.0,41.80013782862596,76.0,-34.19986217137404,0.321172567383666,4.142318572553268,47.76060618895057,231.41999999999754,768.5800000000028,100.45642126285986,41.80013782862596,0.12365470007308141
15.433333333333334,loiter,6000.0,70.0,41.776142447203284,0.0,41.776142447203284,0.18453489173138884,2.6815397142400226,47.76060618895057,231.41999999999754,768.5800000000028,0.0,41.776142447203284,0.8075
15.45,loiter,6000.0,70.0,41.776142447203284,76.0,-34.223857552796716,0.2964712284522492,4.102722268320857,47.380606188950566,231.79999999999754,768.2000000000028,100.45642126285986,41.776142447203284,0.1235837160561118
15.466666666666667,loiter,6000.0,70.0,41.75215892660368,76.0,-34.24784107339632,0.40848600833029747,4.297192757121809,47.00060618895056,232.17999999999753,767.8200000000028,100.45642126285986,41.75215892660368,0.12351276712626379
15.483333333333333,loiter,6000.0,70.0,41.72818726682712,0.0,41.72818726682712,0.2720051801990753,2.682400169922158,47.00060618895056,232.17999999999753,767.8200000000028,0.0,41.72818726682712,0.8074999999999999
15.5,loiter,6000.0,70.0,41.72818726682712,76.0,-34.27181273317288,0.3840983644409907,4.251658650908784,46.62060618895056,232.55999999999756,767.4400000000028,100.45642126285986,41.72818726682712,0.1234418532835373
15.516666666666667,loiter,6000.0,70.0,41.704227467873615,0.0,41.704227467873615,0.24769590188031496,2.6823920646235204,46.62060618895056,232.55999999999756,767.4400000000028,0.0,41.704227467873615,0.8074999999999999
15.533333333333333,loiter,6000.0,70.0,41.704227467873615,76.0,-34.295772532126385,0.35986745169277673,4.207879058245601,46.24060618895056,232.93999999999755,767.0600000000028,100.45642126285986,41.704227467873615,0.12337097452793237
15.55,loiter,6000.0,70.0,41.68027952974316,0.0,41.68027952974316,0.22354331590932663,2.682373756423262,46.24060618895056,232.93999999999755,767.0600000000028,0.0,41.68027952974316,0.8075000000000001
15.566666666666666,loiter,6000.0,70.0,41.68027952974316,76.0,-34.31972047025684,0.33579319249901407,4.166066985513255,45.860606188950555,233.31999999999755,766.6800000000028,100.45642126285986,41.68027952974316,0.12330013085944905
15.583333333333334,loiter,6000.0,70.0,41.65634345243578,0.0,41.65634345243578,0.19954734469946883,2.682301008299486,45.860606188950555,233.31999999999755,766.6800000000028,0.0,41.65634345243578,0.8074999999999999
15.6,loiter,6000.0,70.0,41.65634345243578,76.0,-34.34365654756422,0.3118755092730611,4.126431193094542,45.48060618895055,233.69999999999754,766.3000000000028,100.45642126285986,41.65634345243578,0.12322932227808728
15.616666666666667,loiter,6000.0,70.0,41.63241923595144,76.0,-34.36758076404856,0.42428192303723755,4.319978962702495,45.10060618895055,234.07999999999754,765.9200000000028,100.45642126285986,41.63241923595144,0.12315854878384708
15.633333333333333,loiter,6000.0,70.0,41.60850688029016,0.0,41.60850688029016,0.28819253482553986,2.6824032593455582,45.10060618895055,234.07999999999754,765.9200000000028,0.0,41.60850688029016,0.8074999999999999
15.65,loiter,6000.0,70.0,41.60850688029016,76.0,-34.39149311970984,0.4006771589869797,4.281639137382183,44.72060618895055,234.45999999999756,765.5400000000028,100.45642126285986,41.60850688029016,0.12308781037672842
15.666666666666666,loiter,6000.0,70.0,41.58460638545193,0.0,41.58460638545193,0.2646659423792247,2.682398140274269,44.72060618895055,234.45999999999756,765.5400000000028,0.0,41.58460638545193,0.8075
15.683333333333334,loiter,6000.0,70.0,41.58460638545193,76.0,-34.41539361454807,0.3772287381446072,4.238275513856194,44.340606188950545,234.83999999999756,765.1600000000028,100.45642126285986,41.58460638545193,0.12301710705673136
15.7,loiter,6000.0,70.0,41.56071775143676,0.0,41.56071775143676,0.24129565434747408,2.6823884690550184,44.340606188950545,234.83999999999756,765.1600000000028,0.0,41.56071775143676,0.8075
15.716666666666667,loiter,6000.0,70.0,41.56071775143676,76.0,-34.43928224856324,0.35393658292347846,4.196626077420489,43.96060618895054,235.21999999999755,764.7800000000028,100.45642126285986,41.56071775143676,0.12294643882385585
15.733333333333333,loiter,6000.0,70.0,41.53684097824467,0.0,41.53684097824467,0.21808159314364642,2.6823652788155177,43.96060618895054,235.21999999999755,764.7800000000028,0.0,41.53684097824467,0.8074999999999998
15.75,loiter,6000.0,70.0,41.53684097824467,76.0,-34.46315902175533,0.3308006157369519,4.156869213251499,43.58060618895054,235.59999999999758,764.4000000000028,100.45642126285986,41.53684097824467,0.12287580567810197
15.766666666666667,loiter,6000.0,70.0,41.512976065875606,0.0,41.512976065875606,0.19502368118110025,2.682247501308912,43.58060618895054,235.59999999999758,764.4000000000028,0.0,41.512976065875606,0.8074999999999999
15.783333333333333,loiter,6000.0,70.0,41.512976065875606,76.0,-34.487023934124394,0.3078207589983861,4.119193958592568,43.20060618895054,235.97999999999757,764.0200000000028,100.45642126285986,41.512976065875606,0.12280520761946959
15.8,loiter,6000.0,70.0,41.48912301432959,76.0,-34.51087698567041,0.4206958532463317,4.31867130995864,42.820606188950535,236.35999999999757,763.6400000000028,100.45642126285986,41.48912301432959,0.12273464464795877
15.816666666666666,loiter,6000.0,70.0,41.46528182360665,0.0,41.46528182360665,0.2850749127584786,2.6824026544698594,42.820606188950535,236.35999999999757,763.6400000000028,0.0,41.46528182360665,0.8075
15.833333333333334,loiter,6000.0,70.0,41.46528182360665,76.0,-34.53471817639335,0.3980279846437631,4.275818285639352,42.44060618895053,236.73999999999756,763.2600000000028,100.45642126285986,41.46528182360665,0.12266411676356959
15.85,loiter,6000.0,70.0,41.441452493706755,0.0,41.441452493706755,0.2624849829999282,2.6823973517443136,42.44060618895053,236.73999999999756,763.2600000000028,0.0,41.441452493706755,0.8075000000000001
15.866666666666667,loiter,6000.0,70.0,41.441452493706755,76.0,-34.558547506293245,0.3755159937292308,4.234325316352115,42.06060618895053,237.11999999999756,762.8800000000028,100.45642126285986,41.441452493706755,0.12259362396630191
15.883333333333333,loiter,6000.0,70.0,41.41763502462993,0.0,41.41763502462993,0.2400508921360932,2.682387430562565,42.06060618895053,237.11999999999756,762.8800000000028,0.0,41.41763502462993,0.8074999999999999
15.9,loiter,6000.0,70.0,41.41763502462993,76.0,-34.58236497537007,0.35315980291609317,4.1944515796741015,41.68060618895053,237.49999999999758,762.5000000000028,100.45642126285986,41.41763502462993,0.12252316625615582
15.916666666666666,loiter,6000.0,70.0,41.39382941637615,0.0,41.39382941637615,0.21777256258033223,2.6823639458417974,41.68060618895053,237.49999999999758,762.5000000000028,0.0,41.39382941637615,0.8075
15.933333333333334,loiter,6000.0,70.0,41.39382941637615,76.0,-34.60617058362385,0.3309593346177088,4.1563517915177,41.300606188950525,237.87999999999758,762.1200000000028,100.45642126285986,41.39382941637615,0.12245274363313131
15.95,loiter,6000.0,70.0,41.37003566894543,0.0,41.37003566894543,0.1956499167460038,2.682249910422031,41.300606188950525,237.87999999999758,762.1200000000028,0.0,41.37003566894543,0.8074999999999999
15.966666666666667,loiter,6000.0,70.0,41.37003566894543,76.0,-34.62996433105457,0.3089145112474363,4.120191164181191,40.92060618895052,238.25999999999758,761.7400000000029,100.45642126285986,41.37003566894543,0.12238235609722835
15.983333333333333,loiter,6000.0,70.0,41.34625378233776,76.0,-34.65374621766224,0.42225688941960393,4.320738646982953,40.54060618895052,238.6399999999976,761.3600000000029,100.45642126285986,41.34625378233776,0.122312003648447
16.0,loiter,6000.0,70.0,41.32248375655316,0.0,41.32248375655316,0.2871030000960484,2.6824029238490255,40.54060618895052,238.6399999999976,761.3600000000029,0.0,41.32248375655316,0.8075
16.016666666666666,loiter,6000.0,70.0,41.32248375655316,76.0,-34.67751624344684,0.4005231231456304,4.279602492968499,40.16060618895052,239.0199999999976,760.9800000000029,100.45642126285986,41.32248375655316,0.1222416862867872
16.033333333333335,loiter,6000.0,70.0,41.298725591591605,0.0,41.298725591591605,0.2654469399061685,2.6823980959453415,40.16060618895052,239.0199999999976,760.9800000000029,0.0,41.298725591591605,0.8074999999999999
16.05,loiter,6000.0,70.0,41.298725591591605,76.0,-34.701274408408395,0.3789447690398442,4.23969309815791,39.780606188950514,239.3999999999976,760.6000000000029,100.45642126285986,41.298725591591605,0.12217140401224894
16.066666666666666,loiter,6000.0,70.0,41.274979287453114,0.0,41.274979287453114,0.2439462530911552,2.6823894477973034,39.780606188950514,239.3999999999976,760.6000000000029,0.0,41.274979287453114,0.8074999999999998
16.083333333333332,loiter,6000.0,70.0,41.274979287453114,76.0,-34.725020712546886,0.3575217495156037,4.201271813297785,39.40060618895051,239.77999999999759,760.2200000000029,100.45642126285986,41.274979287453114,0.12210115682483227
16.1,loiter,6000.0,70.0,41.25124484413766,0.0,41.25124484413766,0.22260086206436686,2.682370721815765,39.40060618895051,239.77999999999759,760.2200000000029,0.0,41.25124484413766,0.8075
16.116666666666667,loiter,6000.0,70.0,41.25124484413766,76.0,-34.74875515586234,0.3362539869862675,4.164472755904086,39.02060618895051,240.15999999999758,759.8400000000029,100.45642126285986,41.25124484413766,0.12203094472453717
16.133333333333333,loiter,6000.0,70.0,41.227522261645284,0.0,41.227522261645284,0.20141068923916203,2.6823043532397133,39.02060618895051,240.15999999999758,759.8400000000029,0.0,41.227522261645284,0.8074999999999998
16.15,loiter,6000.0,70.0,41.227522261645284,76.0,-34.772477738354716,0.31514140386519407,4.129434874191095,38.64060618895051,240.5399999999976,759.4600000000029,100.45642126285986,41.227522261645284,0.12196076771136365
16.166666666666668,loiter,6000.0,70.0,41.20381153997594,76.0,-34.79618846002406,0.42894966940203677,4.304221991310903,38.260606188950504,240.9199999999976,759.0800000000029,100.45642126285986,41.20381153997594,0.12189062578531165
16.183333333333334,loiter,6000.0,70.0,41.18011267912968,0.0,41.18011267912968,0.2942614346832318,2.682403976942167,38.260606188950504,240.9199999999976,759.0800000000029,0.0,41.18011267912968,0.8075
16.2,loiter,6000.0,70.0,41.18011267912968,76.0,-34.81988732087032,0.40814721233756435,4.293028304617013,37.8806061889505,241.2999999999976,758.7000000000029,100.45642126285986,41.18011267912968,0.12182051894638131
16.216666666666665,loiter,6000.0,70.0,41.156425679106455,0.0,41.156425679106455,0.27353645094292856,2.6824000899765426,37.8806061889505,241.2999999999976,758.7000000000029,0.0,41.156425679106455,0.8074999999999999
16.233333333333334,loiter,6000.0,70.0,41.156425679106455,76.0,-34.843574320893545,0.38749970192143024,4.254468047749558,37.5006061889505,241.67999999999762,758.3200000000029,100.45642126285986,41.156425679106455,0.12175044719457245
16.25,loiter,6000.0,70.0,41.13275053990629,0.0,41.13275053990629,0.2529663750576428,2.6823935663025513,37.5006061889505,241.67999999999762,758.3200000000029,0.0,41.13275053990629,0.8074999999999999
16.266666666666666,loiter,6000.0,70.0,41.13275053990629,76.0,-34.86724946009371,0.3670070605669929,4.217234355979242,37.1206061889505,242.05999999999761,757.9400000000029,100.45642126285986,41.13275053990629,0.1216804105298852
16.283333333333335,loiter,6000.0,70.0,41.10908726152918,0.0,41.10908726152918,0.2325511294407331,2.6823811312633223,37.1206061889505,242.05999999999761,757.9400000000029,0.0,41.10908726152918,0.8074999999999998
16.3,loiter,6000.0,70.0,41.10908726152918,76.0,-34.89091273847082,0.34666921068761086,4.181449738424039,36.740606188950494,242.4399999999976,757.5600000000029,100.45642126285986,41.10908726152918,0.12161040895231949
16.316666666666666,loiter,6000.0,70.0,41.085435843975134,0.0,41.085435843975134,0.21229063650555793,2.682349820095006,36.740606188950494,242.4399999999976,757.5600000000029,0.0,41.085435843975134,0.8074999999999999
16.333333333333332,loiter,6000.0,70.0,41.085435843975134,76.0,-34.914564156024866,0.32648607469664254,4.14722771893002,36.36060618895049,242.8199999999976,757.1800000000029,100.45642126285986,41.085435843975134,0.1215404424618754
16.35,loiter,6000.0,70.0,41.06179628724414,0.0,41.06179628724414,0.19218481866547574,2.6821410284887026,36.36060618895049,242.8199999999976,757.1800000000029,0.0,41.06179628724414,0.8074999999999999
16.366666666666667,loiter,6000.0,70.0,41.06179628724414,76.0,-34.93820371275586,0.3064575750074464,4.1146925613063665,35.98060618895049,243.1999999999976,756.8000000000029,100.45642126285986,41.06179628724414,0.12147051105855285
16.383333333333333,loiter,6000.0,70.0,41.0381685913362,76.0,-34.9618314086638,0.42080761070698247,4.316090715441179,35.600606188950486,243.57999999999763,756.4200000000029,100.45642126285986,41.0381685913362,0.12140061474235185
16.4,loiter,6000.0,70.0,41.01455275625131,0.0,41.01455275625131,0.2866608745976257,2.6824026740765246,35.600606188950486,243.57999999999763,756.4200000000029,0.0,41.01455275625131,0.8075
16.416666666666668,loiter,6000.0,70.0,41.01455275625131,76.0,-34.98544724374869,0.4010881508614064,4.27877676565492,35.220606188950484,243.95999999999762,756.0400000000029,100.45642126285986,41.01455275625131,0.12133075351327245
16.433333333333334,loiter,6000.0,70.0,40.99094878198949,0.0,40.99094878198949,0.2670186165229735,2.682398257666167,35.220606188950484,243.95999999999762,756.0400000000029,0.0,40.99094878198949,0.8074999999999999
16.45,loiter,6000.0,70.0,40.99094878198949,76.0,-35.00905121801051,0.3815230945576781,4.242550631687881,34.84060618895048,244.33999999999762,755.6600000000029,100.45642126285986,40.99094878198949,0.1212609273713146
16.466666666666665,loiter,6000.0,70.0,40.9673566685507,0.0,40.9673566685507,0.24753072319684832,2.6823908133274212,34.84060618895048,244.33999999999762,755.6600000000029,0.0,40.9673566685507,0.8075
16.483333333333334,loiter,6000.0,70.0,40.9673566685507,76.0,-35.0326433314493,0.3621123642091561,4.207587139204038,34.46060618895048,244.71999999999764,755.2800000000029,100.45642126285986,40.9673566685507,0.1211911363164783
16.5,loiter,6000.0,70.0,40.94377641593499,0.0,40.94377641593499,0.22819711703260873,2.6823763449944074,34.46060618895048,244.71999999999764,755.2800000000029,0.0,40.94377641593499,0.8075
16.516666666666666,loiter,6000.0,70.0,40.94377641593499,76.0,-35.05622358406501,0.3428558822291989,4.173981815101299,34.080606188950476,245.09999999999764,754.9000000000029,100.45642126285986,40.94377641593499,0.12112138034876362
16.533333333333335,loiter,6000.0,70.0,40.92020802414233,0.0,40.92020802414233,0.20901772044361314,2.6823378606302084,34.080606188950476,245.09999999999764,754.9000000000029,0.0,40.92020802414233,0.8074999999999999
16.55,loiter,6000.0,70.0,40.92020802414233,76.0,-35.07979197585767,0.3237535710311649,4.141830374008899,33.70060618895047,245.47999999999763,754.5200000000029,100.45642126285986,40.92020802414233,0.12105165946817047
16.566666666666666,loiter,6000.0,70.0,40.896651493172726,0.0,40.896651493172726,0.18999245584322003,2.681966063716143,33.70060618895047,245.47999999999763,754.5200000000029,0.0,40.896651493172726,0.8074999999999999
16.583333333333332,loiter,6000.0,70.0,40.896651493172726,76.0,-35.103348506827274,0.3048053530284127,4.111237992481671,33.32060618895047,245.85999999999763,754.1400000000029,100.45642126285986,40.896651493172726,0.1209819736746989
16.6,loiter,6000.0,70.0,40.87310682302618,76.0,-35.12689317697382,0.4196952580179255,4.312960232980478,32.94060618895047,246.23999999999762,753.760000000003,100.45642126285986,40.87310682302618,0.1209123229683489
16.616666666666667,loiter,6000.0,70.0,40.84957401370268,0.0,40.84957401370268,0.2860881196453001,2.6824024766643166,32.94060618895047,246.23999999999762,753.760000000003,0.0,40.84957401370268,0.8075
16.633333333333333,loiter,6000.0,70.0,40.84957401370268,76.0,-35.15042598629732,0.4010549936458123,4.277707702449183,32.560606188950466,246.61999999999765,753.380000000003,100.45642126285986,40.84957401370268,0.12084270734912046
16.65,loiter,6000.0,70.0,40.826053065202245,0.0,40.826053065202245,0.26752478549086556,2.682398248242871,32.560606188950466,246.61999999999765,753.380000000003,0.0,40.826053065202245,0.8074999999999999
16.666666666666668,loiter,6000.0,70.0,40.826053065202245,76.0,-35.173946934797755,0.3825685897090564,4.2434722744086,32.18060618895046,246.99999999999764,753.000000000003,100.45642126285986,40.826053065202245,0.1207731268170136
16.683333333333334,loiter,6000.0,70.0,40.80254397752486,0.0,40.80254397752486,0.24911527297846756,2.682391334121038,32.18060618895046,246.99999999999764,753.000000000003,0.0,40.80254397752486,0.8074999999999998
16.7,loiter,6000.0,70.0,40.80254397752486,76.0,-35.19745602247514,0.36423596862101626,4.210390730622763,31.800606188950464,247.37999999999764,752.620000000003,100.45642126285986,40.80254397752486,0.12070358137202829
16.716666666666665,loiter,6000.0,70.0,40.77904675067054,0.0,40.77904675067054,0.2308595045214645,2.682378551966814,31.800606188950464,247.37999999999764,752.620000000003,0.0,40.77904675067054,0.8075
16.733333333333334,loiter,6000.0,70.0,40.77904675067054,76.0,-35.22095324932946,0.3460570527950503,4.178541163185105,31.420606188950465,247.75999999999763,752.240000000003,100.45642126285986,40.77904675067054,0.1206340710141646
16.75,loiter,6000.0,70.0,40.755561384639265,0.0,40.755561384639265,0.21275740253321493,2.682348131278999,31.420606188950465,247.75999999999763,752.240000000003,0.0,40.755561384639265,0.8075000000000001
16.766666666666666,loiter,6000.0,70.0,40.755561384639265,76.0,-35.244438615360735,0.3280317646445171,4.14800053901006,31.040606188950466,248.13999999999763,751.860000000003,100.45642126285986,40.755561384639265,0.12056459574342245
16.783333333333335,loiter,6000.0,70.0,40.73208787943105,0.0,40.73208787943105,0.19480888942707736,2.682191319191474,31.040606188950466,248.13999999999763,751.860000000003,0.0,40.73208787943105,0.8074999999999999
16.8,loiter,6000.0,70.0,40.73208787943105,76.0,-35.26791212056895,0.3101600265827752,4.118852278222063,30.660606188950467,248.51999999999765,751.480000000003,100.45642126285986,40.73208787943105,0.12049515555980182
16.816666666666666,loiter,6000.0,70.0,40.70862623504589,76.0,-35.29137376495411,0.4255878999895479,4.322635733039036,30.28060618895047,248.89999999999765,751.100000000003,100.45642126285986,40.70862623504589,0.12042575046330282
16.833333333333332,loiter,6000.0,70.0,40.6851764514838,0.0,40.6851764514838,0.29251845848093716,2.68240346772031,30.28060618895047,248.89999999999765,751.100000000003,0.0,40.6851764514838,0.8074999999999999
16.85,loiter,6000.0,70.0,40.6851764514838,76.0,-35.3148235485162,0.408023029345464,4.289749889787723,29.90060618895047,249.27999999999764,750.720000000003,100.45642126285986,40.6851764514838,0.12035638045392538
16.866666666666667,loiter,6000.0,70.0,40.66173852874475,0.0,40.66173852874475,0.2750302465012866,2.6824000605037,29.90060618895047,249.27999999999764,750.720000000003,0.0,40.66173852874475,0.8074999999999999
16.883333333333333,loiter,6000.0,70.0,40.66173852874475,76.0,-35.33826147125525,0.39061147603024676,4.257214251066488,29.52060618895047,249.65999999999764,750.340000000003,100.45642126285986,40.66173852874475,0.12028704553166951
16.9,loiter,6000.0,70.0,40.63831246682876,0.0,40.63831246682876,0.257695313057182,2.6823948086376754,29.52060618895047,249.65999999999764,750.340000000003,0.0,40.63831246682876,0.8075
16.916666666666668,loiter,6000.0,70.0,40.63831246682876,76.0,-35.36168753317124,0.3733531624572548,4.225694525293402,29.14060618895047,250.03999999999763,749.960000000003,100.45642126285986,40.63831246682876,0.12021774569653519
16.933333333333334,loiter,6000.0,70.0,40.6148982657358,0.0,40.6148982657358,0.240513580561982,2.682386022151151,29.14060618895047,250.03999999999763,749.960000000003,0.0,40.6148982657358,0.8075000000000001
16.95,loiter,6000.0,70.0,40.6148982657358,76.0,-35.3851017342642,0.3562480110398467,4.195259316866117,28.760606188950472,250.41999999999763,749.580000000003,100.45642126285986,40.6148982657358,0.12014848094852242
16.966666666666665,loiter,6000.0,70.0,40.59149592546594,0.0,40.59149592546594,0.22348497142904497,2.6823689103908643,28.760606188950472,250.41999999999763,749.580000000003,0.0,40.59149592546594,0.8074999999999999
16.983333333333334,loiter,6000.0,70.0,40.59149592546594,76.0,-35.40850407453406,0.33929594419138076,4.165968206469238,28.380606188950473,250.79999999999762,749.200000000003,100.45642126285986,40.59149592546594,0.12007925128763126
17.0,loiter,6000.0,70.0,40.56810544601912,0.0,40.56810544601912,0.20660940807172937,2.6823225532412085,28.380606188950473,250.79999999999762,749.200000000003,0.0,40.56810544601912,0.8074999999999999
17.016666666666666,loiter,6000.0,70.0,40.56810544601912,76.0,-35.43189455398088,0.3224968843252155,4.137883261900031,28.000606188950474,251.17999999999762,748.820000000003,100.45642126285986,40.56810544601912,0.12001005671386165
17.033333333333335,loiter,6000.0,70.0,40.544726827395344,0.0,40.544726827395344,0.18988681290339376,2.6817841456984564,28.000606188950474,251.17999999999762,748.820000000003,0.0,40.544726827395344,0.8074999999999999
17.05,loiter,6000.0,70.0,40.544726827395344,76.0,-35.455273172604656,0.3058507538547096,4.111072010684713,27.620606188950475,251.55999999999761,748.440000000003,100.45642126285986,40.544726827395344,0.1199408972272136
17.066666666666666,loiter,6000.0,70.0,40.521360069594635,76.0,-35.478639930405365,0.42189112071053425,4.31494115881101,27.240606188950476,251.93999999999764,748.060000000003,100.45642126285986,40.521360069594635,0.11987177282768716
17.083333333333332,loiter,6000.0,70.0,40.49800517261697,0.0,40.49800517261697,0.28943386230440954,2.6824028615889635,27.240606188950476,251.93999999999764,748.060000000003,0.0,40.49800517261697,0.8075
17.1,loiter,6000.0,70.0,40.49800517261697,76.0,-35.50199482738303,0.40555061627142236,4.283962593620056,26.860606188950477,252.31999999999763,747.680000000003,100.45642126285986,40.49800517261697,0.11980268351528223
17.116666666666667,loiter,6000.0,70.0,40.47466213646238,0.0,40.47466213646238,0.273169706183165,2.682399454172512,26.860606188950477,252.31999999999763,747.680000000003,0.0,40.47466213646238,0.8075
17.133333333333333,loiter,6000.0,70.0,40.47466213646238,76.0,-35.52533786353762,0.38936280846804516,4.253794659305643,26.48060618895048,252.69999999999763,747.300000000003,100.45642126285986,40.47466213646238,0.11973362928999894
17.15,loiter,6000.0,70.0,40.45133096113084,0.0,40.45133096113084,0.25705820790433437,2.682394324094242,26.48060618895048,252.69999999999763,747.300000000003,0.0,40.45133096113084,0.8075
17.166666666666668,loiter,6000.0,70.0,40.45133096113084,76.0,-35.54866903886916,0.37332761971376116,4.224551150100649,26.10060618895048,253.07999999999763,746.920000000003,100.45642126285986,40.45133096113084,0.11966461015183719
17.183333333333334,loiter,6000.0,70.0,40.42801164662234,0.0,40.42801164662234,0.2410992898812763,2.6823860048245174,26.10060618895048,253.07999999999763,746.920000000003,0.0,40.42801164662234,0.8075000000000001
17.2,loiter,6000.0,70.0,40.42801164662234,76.0,-35.57198835337766,0.35744497242192896,4.196282736950095,25.72060618895048,253.45999999999762,746.540000000003,100.45642126285986,40.42801164662234,0.11959562610079696
17.216666666666665,loiter,6000.0,70.0,40.404704192936904,0.0,40.404704192936904,0.2252928745273492,2.6823706160968506,25.72060618895048,253.45999999999762,746.540000000003,0.0,40.404704192936904,0.8075000000000001
17.233333333333334,loiter,6000.0,70.0,40.404704192936904,76.0,-35.595295807063096,0.341714789005907,4.169034234753932,25.34060618895048,253.83999999999762,746.160000000003,100.45642126285986,40.404704192936904,0.11952667713687834
17.25,loiter,6000.0,70.0,40.38140860007452,0.0,40.38140860007452,0.20963888425591165,2.6823334860539623,25.34060618895048,253.83999999999762,746.160000000003,0.0,40.38140860007452,0.8075000000000001
17.266666666666666,loiter,6000.0,70.0,40.38140860007452,76.0,-35.61859139992548,0.3261369918790539,4.142851808326881,24.960606188950482,254.2199999999976,745.780000000003,100.45642126285986,40.38140860007452,0.11945776326008127
17.283333333333335,loiter,6000.0,70.0,40.35812486803521,0.0,40.35812486803521,0.1941372414803221,2.682126506909118,24.960606188950482,254.2199999999976,745.780000000003,0.0,40.35812486803521,0.8075
17.3,loiter,6000.0,70.0,40.35812486803521,76.0,-35.64187513196479,0.31071150345472787,4.117785009752581,24.580606188950483,254.59999999999764,745.400000000003,100.45642126285986,40.35812486803521,0.1193888844704058
17.316666666666666,loiter,6000.0,70.0,40.334852996818945,76.0,-35.665147003181055,0.4273618809870765,4.322007275995512,24.200606188950484,254.97999999999763,745.020000000003,100.45642126285986,40.334852996818945,0.11932004076785188
17.333333333333332,loiter,6000.0,70.0,40.31159298642575,0.0,40.31159298642575,0.2955143229109097,2.682403741178003,24.200606188950484,254.97999999999763,745.020000000003,0.0,40.31159298642575,0.8074999999999998
17.35,loiter,6000.0,70.0,40.31159298642575,76.0,-35.68840701357425,0.4122407772078804,4.295388371764486,23.820606188950485,255.35999999999763,744.640000000003,100.45642126285986,40.31159298642575,0.11925123215241953
17.366666666666667,loiter,6000.0,70.0,40.288344836855586,0.0,40.288344836855586,0.28046925710301496,2.6824010126437607,23.820606188950485,255.35999999999763,744.640000000003,0.0,40.288344836855586,0.8074999999999997
17.383333333333333,loiter,6000.0,70.0,40.288344836855586,76.0,-35.711655163144414,0.39727174937128706,4.267258797956518,23.440606188950486,255.73999999999762,744.2600000000031,100.45642126285986,40.288344836855586,0.11918245862410873
17.4,loiter,6000.0,70.0,40.265108548108486,0.0,40.265108548108486,0.2655762284444022,2.6823971160477136,23.440606188950486,255.73999999999762,744.2600000000031,0.0,40.265108548108486,0.8074999999999999
17.416666666666668,loiter,6000.0,70.0,40.265108548108486,76.0,-35.734891451891514,0.38245471989065494,4.239927922045002,23.060606188950487,256.1199999999976,743.8800000000031,100.45642126285986,40.265108548108486,0.11911372018291953
17.433333333333334,loiter,6000.0,70.0,40.24188412018446,0.0,40.24188412018446,0.25083515934843,2.682391278269806,23.060606188950487,256.1199999999976,743.8800000000031,0.0,40.24188412018446,0.8074999999999998
17.45,loiter,6000.0,70.0,40.24188412018446,76.0,-35.75811587981554,0.36778961117934256,4.213441887708051,22.680606188950488,256.4999999999976,743.5000000000031,100.45642126285986,40.24188412018446,0.11904501682885192
17.466666666666665,loiter,6000.0,70.0,40.21867155308345,0.0,40.21867155308345,0.23624597222845675,2.682381805228626,22.680606188950488,256.4999999999976,743.5000000000031,0.0,40.21867155308345,0.8074999999999999
17.483333333333334,loiter,6000.0,70.0,40.21867155308345,76.0,-35.78132844691655,0.3532763456507085,4.187833684316904,22.30060618895049,256.8799999999976,743.1200000000031,100.45642126285986,40.21867155308345,0.11897634856190581
17.5,loiter,6000.0,70.0,40.19547084680553,0.0,40.19547084680553,0.22180858949784105,2.682364149757739,22.30060618895049,256.8799999999976,743.1200000000031,0.0,40.19547084680553,0.8074999999999999
17.516666666666666,loiter,6000.0,70.0,40.19547084680553,76.0,-35.80452915319447,0.33891484571811115,4.163134843140583,21.92060618895049,257.2599999999976,742.7400000000031,100.45642126285986,40.19547084680553,0.11890771538208132
17.533333333333335,loiter,6000.0,70.0,40.17228200135066,0.0,40.17228200135066,0.20752293356994128,2.682320583674829,21.92060618895049,257.2599999999976,742.7400000000031,0.0,40.17228200135066,0.8074999999999998
17.55,loiter,6000.0,70.0,40.17228200135066,76.0,-35.82771799864934,0.324705033794909,4.13937802827989,21.54060618895049,257.6399999999976,742.3600000000031,100.45642126285986,40.17228200135066,0.11883911728937838
17.566666666666666,loiter,6000.0,70.0,40.14910501671883,0.0,40.14910501671883,0.19338892685811604,2.682047186162084,21.54060618895049,257.6399999999976,742.3600000000031,0.0,40.14910501671883,0.8074999999999999
17.583333333333332,loiter,6000.0,70.0,40.14910501671883,76.0,-35.85089498328117,0.3106468322944606,4.116597986691467,21.160606188950492,258.0199999999976,741.9800000000031,100.45642126285986,40.14910501671883,0.118770554283797
17.6,loiter,6000.0,70.0,40.125939892910075,76.0,-35.874060107089925,0.42798050414886124,4.322090604290165,20.780606188950493,258.3999999999976,741.6000000000031,100.45642126285986,40.125939892910075,0.11870202636533723
17.616666666666667,loiter,6000.0,70.0,40.10278662992436,0.0,40.10278662992436,0.29681589125485974,2.6824038340239147,20.780606188950493,258.3999999999976,741.6000000000031,0.0,40.10278662992436,0.8075
17.633333333333333,loiter,6000.0,70.0,40.10278662992436,76.0,-35.89721337007564,0.41422529073399583,4.297843048933712,20.400606188950494,258.7799999999976,741.2200000000031,100.45642126285986,40.10278662992436,0.11863353353399898
17.65,loiter,6000.0,70.0,40.079645227761716,0.0,40.079645227761716,0.28313636667140896,2.6824014279647517,20.400606188950494,258.7799999999976,741.2200000000031,0.0,40.079645227761716,0.8074999999999998
17.666666666666668,loiter,6000.0,70.0,40.079645227761716,76.0,-35.920354772238284,0.4006214549819596,4.272209674448295,20.020606188950495,259.1599999999976,740.8400000000031,100.45642126285986,40.079645227761716,0.11856507578978233
17.683333333333334,loiter,6000.0,70.0,40.056515686422124,0.0,40.056515686422124,0.2696081809574666,2.6823981242645756,20.020606188950495,259.1599999999976,740.8400000000031,0.0,40.056515686422124,0.8074999999999999
17.7,loiter,6000.0,70.0,40.056515686422124,76.0,-35.943484313577876,0.3871689193061111,4.247272652629564,19.640606188950496,259.53999999999763,740.4600000000031,100.45642126285986,40.056515686422124,0.11849665313268724
17.716666666666665,loiter,6000.0,70.0,40.033398005905575,0.0,40.033398005905575,0.25623125652639117,2.682393427184583,19.640606188950496,259.53999999999763,740.4600000000031,0.0,40.033398005905575,0.8075
17.733333333333334,loiter,6000.0,70.0,40.033398005905575,76.0,-35.966601994094425,0.3738676061198088,4.223068721593975,19.260606188950497,259.91999999999763,740.0800000000031,100.45642126285986,40.033398005905575,0.11842826556271371
17.75,loiter,6000.0,70.0,40.010292186212084,0.0,40.010292186212084,0.24300551579154128,2.682386367568074,19.260606188950497,259.91999999999763,740.0800000000031,0.0,40.010292186212084,0.8074999999999999
17.766666666666666,loiter,6000.0,70.0,40.010292186212084,76.0,-35.989707813787916,0.3607174378364113,4.1996205925555445,18.880606188950498,260.2999999999976,739.7000000000031,100.45642126285986,40.010292186212084,0.11835991307986174
17.783333333333335,loiter,6000.0,70.0,39.98719822734166,0.0,39.98719822734166,0.22993088116627539,2.6823747700436096,18.880606188950498,260.2999999999976,739.7000000000031,0.0,39.98719822734166,0.8074999999999999
17.8,loiter,6000.0,70.0,39.98719822734166,76.0,-36.01280177265834,0.347718336869277,4.176948330812473,18.5006061889505,260.6799999999976,739.3200000000031,100.45642126285986,39.98719822734166,0.11829159568413136
17.816666666666666,loiter,6000.0,70.0,39.96411612929428,0.0,39.96411612929428,0.21700727506395195,2.6823525441076606,18.5006061889505,260.6799999999976,739.3200000000031,0.0,39.96411612929428,0.8075000000000001
17.833333333333332,loiter,6000.0,70.0,39.96411612929428,76.0,-36.03588387070572,0.3348702256317645,4.155071840849212,18.1206061889505,261.0599999999976,738.9400000000031,100.45642126285986,39.96411612929428,0.11822331337552255
17.85,loiter,6000.0,70.0,39.941045892069965,0.0,39.941045892069965,0.20423461989792957,2.682293710620727,18.1206061889505,261.0599999999976,738.9400000000031,0.0,39.941045892069965,0.8075000000000001
17.866666666666667,loiter,6000.0,70.0,39.941045892069965,76.0,-36.058954107930035,0.3221730265372322,4.13401168254741,17.7406061889505,261.4399999999976,738.5600000000031,100.45642126285986,39.941045892069965,0.1181550661540353
17.883333333333333,loiter,6000.0,70.0,39.917987515668706,0.0,39.917987515668706,0.19161283808156662,2.6817117929593977,17.7406061889505,261.4399999999976,738.5600000000031,0.0,39.917987515668706,0.8074999999999999
17.9,loiter,6000.0,70.0,39.917987515668706,76.0,-36.082012484331294,0.3096266619990386,4.113789438156801,17.360606188950502,261.8199999999976,738.1800000000031,100.45642126285986,39.917987515668706,0.1180868540196696
17.916666666666668,loiter,6000.0,70.0,39.8949410000905,76.0,-36.1050589999095,0.4277158644013592,4.3220822156316645,16.980606188950503,262.1999999999976,737.8000000000031,100.45642126285986,39.8949410000905,0.1180186769724255
17.933333333333334,loiter,6000.0,70.0,39.871906345335354,0.0,39.871906345335354,0.29730639412207016,2.6824037944617176,16.980606188950503,262.1999999999976,737.8000000000031,0.0,39.871906345335354,0.8074999999999999
17.95,loiter,6000.0,70.0,39.871906345335354,76.0,-36.128093654664646,0.4154709362159186,4.298768840038019,16.600606188950504,262.5799999999976,737.4200000000031,100.45642126285986,39.871906345335354,0.11795053501230296
17.966666666666665,loiter,6000.0,70.0,39.84888355140327,0.0,39.84888355140327,0.2851367668348366,2.682401678774578,16.600606188950504,262.5799999999976,737.4200000000031,0.0,39.84888355140327,0.8075000000000001
17.983333333333334,loiter,6000.0,70.0,39.84888355140327,76.0,-36.15111644859673,0.4033766098268921,4.275933565466343,16.220606188950505,262.9599999999976,737.0400000000031,100.45642126285986,39.84888355140327,0.11788242813930204
18.0,loiter,6000.0,70.0,39.82587261829422,0.0,39.82587261829422,0.2731177025506965,2.6823988885702463,16.220606188950505,262.9599999999976,737.0400000000031,0.0,39.82587261829422,0.8074999999999999
18.016666666666666,loiter,6000.0,70.0,39.82587261829422,76.0,-36.17412738170578,0.39143280764763844,4.2536992010960795,15.840606188950504,263.3399999999976,736.6600000000032,100.45642126285986,39.82587261829422,0.11781435635342256
18.033333333333335,loiter,6000.0,70.0,39.802873546008236,0.0,39.802873546008236,0.2612491236830084,2.6823951176951915,15.840606188950504,263.3399999999976,736.6600000000032,0.0,39.802873546008236,0.8075
18.05,loiter,6000.0,70.0,39.802873546008236,76.0,-36.197126453991764,0.37963945209151595,4.232092473532156,15.460606188950504,263.7199999999976,736.2800000000032,100.45642126285986,39.802873546008236,0.11774631965466474
18.066666666666666,loiter,6000.0,70.0,39.77988633454532,0.0,39.77988633454532,0.24953095264513078,2.682389827633303,15.460606188950504,263.7199999999976,736.2800000000032,0.0,39.77988633454532,0.8074999999999998
18.083333333333332,loiter,6000.0,70.0,39.77988633454532,76.0,-36.22011366545468,0.36799646557188315,4.211127394583256,15.080606188950503,264.0999999999976,735.9000000000032,100.45642126285986,39.77988633454532,0.11767831804302847
18.1,loiter,6000.0,70.0,39.75691098390544,0.0,39.75691098390544,0.2379631118504221,2.682381979683734,15.080606188950503,264.0999999999976,735.9000000000032,0.0,39.75691098390544,0.8075
18.116666666666667,loiter,6000.0,70.0,39.75691098390544,76.0,-36.24308901609456,0.3565037705020986,4.190814862083511,14.700606188950502,264.47999999999763,735.5200000000032,100.45642126285986,39.75691098390544,0.11761035151851379
18.133333333333333,loiter,6000.0,70.0,39.73394749408863,0.0,39.73394749408863,0.2265455237122409,2.6823692841891487,14.700606188950502,264.47999999999763,735.5200000000032,0.0,39.73394749408863,0.8074999999999998
18.15,loiter,6000.0,70.0,39.73394749408863,76.0,-36.26605250591137,0.34516128929552076,4.171164863326698,14.320606188950501,264.8599999999976,735.1400000000032,100.45642126285986,39.73394749408863,0.11754242008112065
18.166666666666668,loiter,6000.0,70.0,39.710995865094866,0.0,39.710995865094866,0.21527811064394567,2.682345515004668,14.320606188950501,264.8599999999976,735.1400000000032,0.0,39.710995865094866,0.8075000000000001
18.183333333333334,loiter,6000.0,70.0,39.710995865094866,76.0,-36.289004134905134,0.33396894436550817,4.152187178541373,13.9406061889505,265.2399999999976,734.7600000000032,100.45642126285986,39.710995865094866,0.1174745237308491
18.2,loiter,6000.0,70.0,39.688056096924164,0.0,39.688056096924164,0.20416079505889495,2.682285694697047,13.9406061889505,265.2399999999976,734.7600000000032,0.0,39.688056096924164,0.8074999999999999
18.216666666666665,loiter,6000.0,70.0,39.688056096924164,76.0,-36.311943903075836,0.3229266581254193,4.133891657796812,13.5606061889505,265.6199999999976,734.3800000000032,100.45642126285986,39.688056096924164,0.11740666246769908
18.233333333333334,loiter,6000.0,70.0,39.66512818957652,0.0,39.66512818957652,0.1931934993704472,2.681860673501532,13.5606061889505,265.6199999999976,734.3800000000032,0.0,39.66512818957652,0.8075
18.25,loiter,6000.0,70.0,39.66512818957652,76.0,-36.33487181042348,0.31203435298861265,4.116288348099626,13.180606188950499,265.9999999999976,734.0000000000032,100.45642126285986,39.66512818957652,0.1173388362916707
18.266666666666666,loiter,6000.0,70.0,39.642212143051935,76.0,-36.357787856948065,0.4309501583650984,4.319611206181767,12.800606188950498,266.3799999999976,733.6200000000032,100.45642126285986,39.642212143051935,0.11727104520276384
18.283333333333335,loiter,6000.0,70.0,39.619307957350394,0.0,39.619307957350394,0.3013668643334463,2.682404262439346,12.800606188950498,266.3799999999976,733.6200000000032,0.0,39.619307957350394,0.8075
18.3,loiter,6000.0,70.0,39.619307957350394,76.0,-36.380692042649606,0.4203575826749317,4.306446136049404,12.420606188950497,266.7599999999976,733.2400000000032,100.45642126285986,39.619307957350394,0.11720328920097856
18.316666666666666,loiter,6000.0,70.0,39.59641563247191,0.0,39.59641563247191,0.29084916281495843,2.6824025948164607,12.420606188950497,266.7599999999976,733.2400000000032,0.0,39.59641563247191,0.8074999999999999
18.333333333333332,loiter,6000.0,70.0,39.59641563247191,76.0,-36.40358436752809,0.4099147553281227,4.2866155871616884,12.040606188950497,267.1399999999976,732.8600000000032,100.45642126285986,39.59641563247191,0.11713556828631481
18.35,loiter,6000.0,70.0,39.573535168416484,0.0,39.573535168416484,0.2804811708465076,2.6824004997732134,12.040606188950497,267.1399999999976,732.8600000000032,0.0,39.573535168416484,0.8074999999999999
18.366666666666667,loiter,6000.0,70.0,39.573535168416484,76.0,-36.426464831583516,0.39962159873802994,4.26728087657494,11.660606188950496,267.5199999999976,732.4800000000032,100.45642126285986,39.573535168416484,0.11706788245877266
18.383333333333333,loiter,6000.0,70.0,39.55066656518412,0.0,39.55066656518412,0.2702628108414521,2.682397832811577,11.660606188950496,267.5199999999976,732.4800000000032,0.0,39.55066656518412,0.8075
18.4,loiter,6000.0,70.0,39.55066656518412,76.0,-36.44933343481588,0.3894780353180118,4.2484690537197025,11.280606188950495,267.8999999999976,732.1000000000032,100.45642126285986,39.55066656518412,0.11700023171835211
18.416666666666668,loiter,6000.0,70.0,39.527809822774806,0.0,39.527809822774806,0.26019400521315056,2.6823943695702557,11.280606188950495,267.8999999999976,732.1000000000032,0.0,39.527809822774806,0.8074999999999999
18.433333333333334,loiter,6000.0,70.0,39.527809822774806,76.0,-36.472190177225194,0.37948398748142687,4.230189394775098,10.900606188950494,268.2799999999976,731.7200000000032,100.45642126285986,39.527809822774806,0.11693261606505308
18.45,loiter,6000.0,70.0,39.50496494118856,0.0,39.50496494118856,0.2502746763749615,2.6823897434182666,10.900606188950494,268.2799999999976,731.7200000000032,0.0,39.50496494118856,0.8074999999999999
18.466666666666665,loiter,6000.0,70.0,39.50496494118856,76.0,-36.49503505881144,0.3696393776416336,4.212446642670638,10.520606188950493,268.65999999999764,731.3400000000032,100.45642126285986,39.50496494118856,0.11686503549887567
18.483333333333334,loiter,6000.0,70.0,39.48213192042536,0.0,39.48213192042536,0.24050474674024333,2.6823833132438724,10.520606188950493,268.65999999999764,731.3400000000032,0.0,39.48213192042536,0.8074999999999999
18.5,loiter,6000.0,70.0,39.48213192042536,76.0,-36.51786807957464,0.35994412821199057,4.195243889233381,10.140606188950493,269.03999999999763,730.9600000000032,100.45642126285986,39.48213192042536,0.11679749001981979
18.516666666666666,loiter,6000.0,70.0,39.459310760485195,0.0,39.459310760485195,0.2308841387223547,2.6823738496265195,10.140606188950493,269.03999999999763,730.9600000000032,0.0,39.459310760485195,0.8075
18.533333333333335,loiter,6000.0,70.0,39.459310760485195,76.0,-36.540689239514805,0.35039816160585635,4.178583454469288,9.760606188950492,269.41999999999763,730.5800000000032,100.45642126285986,39.459310760485195,0.11672997962788545
18.55,loiter,6000.0,70.0,39.43650146136812,0.0,39.43650146136812,0.22141277473465404,2.6823586620923265,9.760606188950492,269.41999999999763,730.5800000000032,0.0,39.43650146136812,0.8074999999999999
18.566666666666666,loiter,6000.0,70.0,39.43650146136812,76.0,-36.56349853863188,0.34100140023658926,4.162467210983487,9.380606188950491,269.7999999999976,730.2000000000032,100.45642126285986,39.43650146136812,0.11666250432307274
18.583333333333332,loiter,6000.0,70.0,39.41370402307408,0.0,39.41370402307408,0.2120905771904998,2.682330516220171,9.380606188950491,269.7999999999976,730.2000000000032,0.0,39.41370402307408,0.8074999999999999
18.6,loiter,6000.0,70.0,39.41370402307408,76.0,-36.58629597692592,0.3317537665175479,4.146896716577755,9.00060618895049,270.1799999999976,729.8200000000032,100.45642126285986,39.41370402307408,0.11659506410538156
18.616666666666667,loiter,6000.0,70.0,39.390918445603106,0.0,39.390918445603106,0.20291746850325057,2.682261042616203,9.00060618895049,270.1799999999976,729.8200000000032,0.0,39.390918445603106,0.8075
18.633333333333333,loiter,6000.0,70.0,39.390918445603106,76.0,-36.609081554396894,0.3226551828620908,4.131873269317283,8.62060618895049,270.5599999999976,729.4400000000032,100.45642126285986,39.390918445603106,0.11652765897481197
18.65,loiter,6000.0,70.0,39.36814472895519,0.0,39.36814472895519,0.19389337108626478,2.6818146361506012,8.62060618895049,270.5599999999976,729.4400000000032,0.0,39.36814472895519,0.8074999999999999
18.666666666666668,loiter,6000.0,70.0,39.36814472895519,76.0,-36.63185527104481,0.3137055716835763,4.1173979272090815,8.240606188950489,270.9399999999976,729.0600000000032,100.45642126285986,39.36814472895519,0.11646028893136395
18.683333333333334,loiter,6000.0,70.0,39.34538287313031,76.0,-36.65461712686969,0.4335922197260385,4.313800957804129,7.860606188950489,271.3199999999976,728.6800000000032,100.45642126285986,39.34538287313031,0.11639295397503749
18.7,loiter,6000.0,70.0,39.3226328781285,0.0,39.3226328781285,0.304979264047193,2.682404620771744,7.860606188950489,271.3199999999976,728.6800000000032,0.0,39.3226328781285,0.8075
18.716666666666665,loiter,6000.0,70.0,39.3226328781285,76.0,-36.6773671218715,0.424940320741485,4.3132898005585565,7.480606188950489,271.6999999999976,728.3000000000033,100.45642126285986,39.3226328781285,0.1163256541058326
18.733333333333334,loiter,6000.0,70.0,39.29989474394976,0.0,39.29989474394976,0.2964017349211486,2.6824033651604897,7.480606188950489,271.6999999999976,728.3000000000033,0.0,39.29989474394976,0.8074999999999999
18.75,loiter,6000.0,70.0,39.29989474394976,76.0,-36.70010525605024,0.41643716147394966,4.297061664344248,7.100606188950489,272.0799999999976,727.9200000000033,100.45642126285986,39.29989474394976,0.11625838932374928
18.766666666666666,loiter,6000.0,70.0,39.277168470594056,0.0,39.277168470594056,0.2879729067188016,2.6824018682943214,7.100606188950489,272.0799999999976,727.9200000000033,0.0,39.277168470594056,0.8075
18.783333333333335,loiter,6000.0,70.0,39.277168470594056,76.0,-36.722831529405944,0.4080826643367911,4.2812283869481185,6.720606188950489,272.4599999999976,727.5400000000033,100.45642126285986,39.277168470594056,0.11619115962878752
18.8,loiter,6000.0,70.0,39.25445405806141,0.0,39.25445405806141,0.2796927018535106,2.6824000746684975,6.720606188950489,272.4599999999976,727.5400000000033,0.0,39.25445405806141,0.8075
18.816666666666666,loiter,6000.0,70.0,39.25445405806141,76.0,-36.74554594193859,0.3998767517433677,4.265820395662992,6.340606188950489,272.8399999999976,727.1600000000033,100.45642126285986,39.25445405806141,0.11612396502094734
18.833333333333332,loiter,6000.0,70.0,39.23175150635183,0.0,39.23175150635183,0.271561042738634,2.6823979079305182,6.340606188950489,272.8399999999976,727.1600000000033,0.0,39.23175150635183,0.8075
18.85,loiter,6000.0,70.0,39.23175150635183,76.0,-36.76824849364817,0.39181934610703795,4.250844887990931,5.960606188950489,273.21999999999764,726.7800000000033,100.45642126285986,39.23175150635183,0.11605680550022873
18.866666666666667,loiter,6000.0,70.0,39.20906081546529,0.0,39.20906081546529,0.26357785178753046,2.6823952605815107,5.960606188950489,273.21999999999764,726.7800000000033,0.0,39.20906081546529,0.8074999999999999
18.883333333333333,loiter,6000.0,70.0,39.20906081546529,76.0,-36.79093918453471,0.38391036984116045,4.236303180939871,5.580606188950489,273.59999999999764,726.4000000000033,100.45642126285986,39.20906081546529,0.11598968106663167
18.9,loiter,6000.0,70.0,39.18638198540182,0.0,39.18638198540182,0.25574305141355824,2.6823919767962794,5.580606188950489,273.59999999999764,726.4000000000033,0.0,39.18638198540182,0.8075
18.916666666666668,loiter,6000.0,70.0,39.18638198540182,76.0,-36.81361801459818,0.3761497453590936,4.222194423852667,5.2006061889504895,273.97999999999763,726.0200000000033,100.45642126285986,39.18638198540182,0.11592259172015622
18.933333333333334,loiter,6000.0,70.0,39.163715016161404,0.0,39.163715016161404,0.24805656403007603,2.6823878223535056,5.2006061889504895,273.97999999999763,726.0200000000033,0.0,39.163715016161404,0.8074999999999999
18.95,loiter,6000.0,70.0,39.163715016161404,76.0,-36.836284983838596,0.368537395074196,4.208516726526177,4.82060618895049,274.3599999999976,725.6400000000033,100.45642126285986,39.163715016161404,0.1158555374608023
18.966666666666665,descent,6000.0,65.0,0.0,0.0,0.0,0.368537395074196,2.682382428808984,4.82060618895049,274.3599999999976,725.6400000000033,0.0,0.0,0.0
18.983333333333334,descent,5620.0,65.0,0.0,0.0,0.0,0.368537395074196,2.682382428808984,4.82060618895049,274.3599999999976,725.6400000000033,0.0,0.0,0.0
19.0,descent,5240.0,65.0,0.0,0.0,0.0,0.368537395074196,2.682382428808984,4.82060618895049,274.3599999999976,725.6400000000033,0.0,0.0,0.0
19.016666666666666,descent,4860.0,65.0,0.0,0.0,0.0,0.368537395074196,2.682382428808984,4.82060618895049,274.3599999999976,725.6400000000033,0.0,0.0,0.0
19.033333333333335,descent,4480.0,65.0,0.0,0.0,0.0,0.368537395074196,2.682382428808984,4.82060618895049,274.3599999999976,725.6400000000033,0.0,0.0,0.0
19.05,descent,4100.0,65.0,0.0,0.0,0.0,0.368537395074196,2.682382428808984,4.82060618895049,274.3599999999976,725.6400000000033,0.0,0.0,0.0
19.066666666666666,descent,3720.0,65.0,0.0,0.0,0.0,0.368537395074196,2.682382428808984,4.82060618895049,274.3599999999976,725.6400000000033,0.0,0.0,0.0
19.083333333333332,descent,3340.0,65.0,0.0,0.0,0.0,0.368537395074196,2.682382428808984,4.82060618895049,274.3599999999976,725.6400000000033,0.0,0.0,0.0
19.1,descent,2960.0,65.0,0.0,0.0,0.0,0.368537395074196,2.682382428808984,4.82060618895049,274.3599999999976,725.6400000000033,0.0,0.0,0.0
19.116666666666667,descent,2580.0,65.0,0.0,0.0,0.0,0.368537395074196,2.682382428808984,4.82060618895049,274.3599999999976,725.6400000000033,0.0,0.0,0.0
19.133333333333333,descent,2200.0,65.0,0.0,0.0,0.0,0.368537395074196,2.682382428808984,4.82060618895049,274.3599999999976,725.6400000000033,0.0,0.0,0.0
19.15,descent,1820.0,65.0,0.0,0.0,0.0,0.368537395074196,2.682382428808984,4.82060618895049,274.3599999999976,725.6400000000033,0.0,0.0,0.0
19.166666666666668,descent,1440.0,65.0,0.0,0.0,0.0,0.368537395074196,2.682382428808984,4.82060618895049,274.3599999999976,725.6400000000033,0.0,0.0,0.0
19.183333333333334,descent,1060.0,65.0,0.0,0.0,0.0,0.368537395074196,2.682382428808984,4.82060618895049,274.3599999999976,725.6400000000033,0.0,0.0,0.0
19.2,descent,680.0,65.0,0.0,0.0,0.0,0.368537395074196,2.682382428808984,4.82060618895049,274.3599999999976,725.6400000000033,0.0,0.0,0.0
19.216666666666665,landing,300.0,45.0,5.004179973175841,0.0,5.004179973175841,0.35217017014564833,2.682382428808984,4.82060618895049,274.3599999999976,725.6400000000033,0.0,5.004179973175841,0.8075
19.233333333333334,landing,150.0,45.0,4.858604371410596,0.0,4.858604371410596,0.33627908089386943,2.6823621554187986,4.82060618895049,274.3599999999976,725.6400000000033,0.0,4.858604371410596,0.8074999999999999
