direction,log_index,time_s,phase,start_soc,battery_bus_kw,current_magnitude_a,open_circuit_voltage_v,terminal_voltage_v,resistance_ohm,physical_current_limit_a,physical_current_margin_a,physical_current_limit_source,physical_terminal_voltage_limit_v,physical_voltage_margin_v,physical_voltage_limit_source,ocv_endpoint_difference_v,bus_power_proxy_limit_kw,bus_power_proxy_margin_kw
discharge,0,60.0,takeoff,1.0,23.573680691273694,59.37487368126767,400.0,397.0312563159366,0.05,,,"undefined: B-04 and BatteryPack expose a bus-power C-rate proxy, not a physical current limit",,,"undefined: B-03 v_min_v/v_max_v are open-circuit calibration endpoints, not terminal-voltage limits",97.03125631593662,30.0,6.426319308726306
discharge,1,120.0,takeoff,0.9653646570192606,23.567894822287364,59.88658555454776,396.5364657019261,393.5421364241987,0.05,,,"undefined: B-04 and BatteryPack expose a bus-power C-rate proxy, not a physical current limit",,,"undefined: B-03 v_min_v/v_max_v are open-circuit calibration endpoints, not terminal-voltage limits",93.5421364241987,30.0,6.432105177712636
discharge,2,180.0,climb,0.9304308154457743,30.0,77.0833882072526,393.04308154457743,389.1889121342148,0.05,,,"undefined: B-04 and BatteryPack expose a bus-power C-rate proxy, not a physical current limit",,,"undefined: B-03 v_min_v/v_max_v are open-circuit calibration endpoints, not terminal-voltage limits",89.18891213421477,30.0,0.0
discharge,3,240.0,climb,0.8854655056582104,30.0,77.99361532732974,388.546550565821,384.6468697994545,0.05,,,"undefined: B-04 and BatteryPack expose a bus-power C-rate proxy, not a physical current limit",,,"undefined: B-03 v_min_v/v_max_v are open-circuit calibration endpoints, not terminal-voltage limits",84.64686979945452,30.0,0.0
discharge,4,300.0,climb,0.8399692300506013,30.0,78.93696646452497,383.9969230050601,380.05007468183385,0.05,,,"undefined: B-04 and BatteryPack expose a bus-power C-rate proxy, not a physical current limit",,,"undefined: B-03 v_min_v/v_max_v are open-circuit calibration endpoints, not terminal-voltage limits",80.05007468183385,30.0,0.0
discharge,5,360.0,climb,0.7939226662796284,30.0,79.9155045053908,379.39226662796284,375.3964914026933,0.05,,,"undefined: B-04 and BatteryPack expose a bus-power C-rate proxy, not a physical current limit",,,"undefined: B-03 v_min_v/v_max_v are open-circuit calibration endpoints, not terminal-voltage limits",75.3964914026933,30.0,0.0
discharge,6,420.0,climb,0.7473052886514837,30.0,80.93147705570232,374.73052886514836,370.68395501236324,0.05,,,"undefined: B-04 and BatteryPack expose a bus-power C-rate proxy, not a physical current limit",,,"undefined: B-03 v_min_v/v_max_v are open-circuit calibration endpoints, not terminal-voltage limits",70.68395501236324,30.0,0.0
discharge,7,480.0,climb,0.7000952603689907,30.0,81.98733829078549,370.00952603689905,365.9101591223598,0.05,,,"undefined: B-04 and BatteryPack expose a bus-power C-rate proxy, not a physical current limit",,,"undefined: B-03 v_min_v/v_max_v are open-circuit calibration endpoints, not terminal-voltage limits",65.9101591223598,30.0,0.0
discharge,8,540.0,climb,0.6522693130326992,30.0,83.08577405346341,365.2269313032699,361.07264260059674,0.05,,,"undefined: B-04 and BatteryPack expose a bus-power C-rate proxy, not a physical current limit",,,"undefined: B-03 v_min_v/v_max_v are open-circuit calibration endpoints, not terminal-voltage limits",61.07264260059674,30.0,0.0
discharge,9,600.0,climb,0.6038026115015123,7.253768477917561,20.18462221934442,360.3802611501512,359.371030039184,0.05,,,"undefined: B-04 and BatteryPack expose a bus-power C-rate proxy, not a physical current limit",,,"undefined: B-03 v_min_v/v_max_v are open-circuit calibration endpoints, not terminal-voltage limits",59.37103003918401,30.0,22.74623152208244
discharge,10,660.0,climb,0.5920282485402281,7.539173523257986,21.050305756792227,359.2028248540228,358.1503095661832,0.05,,,"undefined: B-04 and BatteryPack expose a bus-power C-rate proxy, not a physical current limit",,,"undefined: B-03 v_min_v/v_max_v are open-circuit calibration endpoints, not terminal-voltage limits",58.15030956618318,30.0,22.460826476742014
discharge,11,720.0,climb,0.5797489035154326,7.826458258291808,21.930323675518366,357.97489035154325,356.87837416776733,0.05,,,"undefined: B-04 and BatteryPack expose a bus-power C-rate proxy, not a physical current limit",,,"undefined: B-03 v_min_v/v_max_v are open-circuit calibration endpoints, not terminal-voltage limits",56.87837416776733,30.0,22.173541741708192
discharge,12,780.0,climb,0.5669562147047136,8.11564180468784,22.82531961536563,356.69562147047134,355.5543554897031,0.05,,,"undefined: B-04 and BatteryPack expose a bus-power C-rate proxy, not a physical current limit",,,"undefined: B-03 v_min_v/v_max_v are open-circuit calibration endpoints, not terminal-voltage limits",55.554355489703084,30.0,21.88435819531216
discharge,13,840.0,climb,0.5536414449290836,8.406743983217254,23.73597318436282,355.3641444929084,354.17734583369025,0.05,,,"undefined: B-04 and BatteryPack expose a bus-power C-rate proxy, not a physical current limit",,,"undefined: B-03 v_min_v/v_max_v are open-circuit calibration endpoints, not terminal-voltage limits",54.177345833690254,30.0,21.593256016782746
discharge,14,900.0,climb,0.5397954605715386,8.699785327891007,24.663002736549515,353.97954605715387,352.7463959203264,0.05,,,"undefined: B-04 and BatteryPack expose a bus-power C-rate proxy, not a physical current limit",,,"undefined: B-03 v_min_v/v_max_v are open-circuit calibration endpoints, not terminal-voltage limits",52.74639592032639,30.0,21.300214672108993
discharge,15,960.0,climb,0.5254087089752181,8.994787100466368,25.6071684148128,352.5408708975218,351.2605124767812,0.05,,,"undefined: B-04 and BatteryPack expose a bus-power C-rate proxy, not a physical current limit",,,"undefined: B-03 v_min_v/v_max_v are open-circuit calibration endpoints, not terminal-voltage limits",51.26051247678117,30.0,21.005212899533632
discharge,16,1020.0,climb,0.5104711940665773,9.291771305334237,26.56927548957242,351.0471194066577,349.7186556321791,0.05,,,"undefined: B-04 and BatteryPack expose a bus-power C-rate proxy, not a physical current limit",,,"undefined: B-03 v_min_v/v_max_v are open-circuit calibration endpoints, not terminal-voltage limits",49.71865563217909,30.0,20.708228694665763
discharge,17,1080.0,climb,0.4949724500309933,9.590760704797631,27.550178028390636,349.49724500309935,348.1197361016798,0.05,,,"undefined: B-04 and BatteryPack expose a bus-power C-rate proxy, not a physical current limit",,,"undefined: B-03 v_min_v/v_max_v are open-circuit calibration endpoints, not terminal-voltage limits",48.11973610167979,30.0,20.40923929520237
discharge,18,1140.0,climb,0.47890151284776544,9.891778834753083,28.550782936470114,347.89015128477655,346.46261213795304,0.05,,,"undefined: B-04 and BatteryPack expose a bus-power C-rate proxy, not a physical current limit",,,"undefined: B-03 v_min_v/v_max_v are open-circuit calibration endpoints, not terminal-voltage limits",46.462612137953045,30.0,20.108221165246917
discharge,19,1200.0,climb,0.4622468894681579,10.194850020786205,29.572054413691262,346.2246889468158,344.7460862261312,0.05,,,"undefined: B-04 and BatteryPack expose a bus-power C-rate proxy, not a physical current limit",,,"undefined: B-03 v_min_v/v_max_v are open-circuit calibration endpoints, not terminal-voltage limits",44.74608622613118,30.0,19.805149979213795
discharge,20,1260.0,climb,0.4449965243935047,10.499999394694427,30.61501888047303,344.4996524393505,342.9689014953268,0.05,,,"undefined: B-04 and BatteryPack expose a bus-power C-rate proxy, not a physical current limit",,,"undefined: B-03 v_min_v/v_max_v are open-circuit calibration endpoints, not terminal-voltage limits",42.968901495326804,30.0,19.500000605305573
discharge,21,1320.0,climb,0.4271377633798954,10.80725291144823,31.680770432467966,342.71377633798954,341.1297378163662,0.05,,,"undefined: B-04 and BatteryPack expose a bus-power C-rate proxy, not a physical current limit",,,"undefined: B-03 v_min_v/v_max_v are open-circuit calibration endpoints, not terminal-voltage limits",41.12973781636617,30.0,19.19274708855177
discharge,22,1380.0,climb,0.4086573139609557,11.116637366605076,32.77047689318806,340.86573139609555,339.22720755143615,0.05,,,"undefined: B-04 and BatteryPack expose a bus-power C-rate proxy, not a physical current limit",,,"undefined: B-03 v_min_v/v_max_v are open-circuit calibration endpoints, not terminal-voltage limits",39.22720755143615,30.0,18.883362633394924
discharge,23,1440.0,climb,0.38954120243992935,11.428180414187963,33.88538654429965,338.9541202439929,337.25985091677796,0.05,,,"undefined: B-04 and BatteryPack expose a bus-power C-rate proxy, not a physical current limit",,,"undefined: B-03 v_min_v/v_max_v are open-circuit calibration endpoints, not terminal-voltage limits",37.259850916777964,30.0,18.571819585812037
discharge,24,1500.0,climb,0.36977472695575453,11.741910585043783,35.02683562590846,336.97747269557544,335.22613091428,0.05,,,"undefined: B-04 and BatteryPack expose a bus-power C-rate proxy, not a physical current limit",,,"undefined: B-03 v_min_v/v_max_v are open-circuit calibration endpoints, not terminal-voltage limits",35.22613091428002,30.0,18.258089414956217
discharge,25,1560.0,climb,0.3493424061739746,12.057857305694782,36.19625671401252,334.93424061739745,333.1244277816968,0.05,,,"undefined: B-04 and BatteryPack expose a bus-power C-rate proxy, not a physical current limit",,,"undefined: B-03 v_min_v/v_max_v are open-circuit calibration endpoints, not terminal-voltage limits",33.124427781696795,30.0,17.94214269430522
discharge,26,1620.0,climb,0.3282279230908006,12.376050917697732,37.39518809995161,332.82279230908006,330.9530329040825,0.05,,,"undefined: B-04 and BatteryPack expose a bus-power C-rate proxy, not a physical current limit",,,"undefined: B-03 v_min_v/v_max_v are open-circuit calibration endpoints, not terminal-voltage limits",30.953032904082477,30.0,17.623949082302268
charge,27,1680.0,cruise,0.3064140633658288,-5.988977853227738,18.063867902159814,330.64140633658286,331.5445997316908,0.05,,,"undefined: B-04 and BatteryPack expose a bus-power C-rate proxy, not a physical current limit",,,"undefined: B-03 v_min_v/v_max_v are open-circuit calibration endpoints, not terminal-voltage limits",68.45540026830918,10.0,4.011022146772262
charge,28,1740.0,cruise,0.3169513196420887,-6.003331372850738,18.049832431536856,331.6951319642089,332.59762358578575,0.05,,,"undefined: B-04 and BatteryPack expose a bus-power C-rate proxy, not a physical current limit",,,"undefined: B-03 v_min_v/v_max_v are open-circuit calibration endpoints, not terminal-voltage limits",67.40237641421425,10.0,3.996668627149262
charge,29,1800.0,cruise,0.3274803885604852,-6.017677022867893,18.035905931591287,332.74803885604854,333.6498341526281,0.05,,,"undefined: B-04 and BatteryPack expose a bus-power C-rate proxy, not a physical current limit",,,"undefined: B-03 v_min_v/v_max_v are open-circuit calibration endpoints, not terminal-voltage limits",66.3501658473719,10.0,3.9823229771321067
charge,30,1860.0,cruise,0.33800133368724683,-6.032014803279203,18.022086934758477,333.8001333687247,334.70123771546264,0.05,,,"undefined: B-04 and BatteryPack expose a bus-power C-rate proxy, not a physical current limit",,,"undefined: B-03 v_min_v/v_max_v are open-circuit calibration endpoints, not terminal-voltage limits",65.29876228453736,10.0,3.9679851967207966
charge,31,1920.0,cruise,0.3485142177325226,-6.046344714084697,18.008373998972615,334.85142177325224,335.7518404732009,0.05,,,"undefined: B-04 and BatteryPack expose a bus-power C-rate proxy, not a physical current limit",,,"undefined: B-03 v_min_v/v_max_v are open-circuit calibration endpoints, not terminal-voltage limits",64.2481595267991,10.0,3.9536552859153034
charge,32,1980.0,cruise,0.35901910256525665,-6.060666755284345,17.99476570712386,335.90191025652564,336.80164854188183,0.05,,,"undefined: B-04 and BatteryPack expose a bus-power C-rate proxy, not a physical current limit",,,"undefined: B-03 v_min_v/v_max_v are open-circuit calibration endpoints, not terminal-voltage limits",63.19835145811817,10.0,3.9393332447156553
charge,33,2040.0,cruise,0.36951604922774556,-6.074980926878176,17.981260666525145,336.95160492277455,337.8506679561008,0.05,,,"undefined: B-04 and BatteryPack expose a bus-power C-rate proxy, not a physical current limit",,,"undefined: B-03 v_min_v/v_max_v are open-circuit calibration endpoints, not terminal-voltage limits",62.14933204389922,10.0,3.925019073121824
charge,34,2100.0,cruise,0.38000511794988523,-6.089287228866148,17.967857508386373,338.00051179498854,338.8989046704079,0.05,,,"undefined: B-04 and BatteryPack expose a bus-power C-rate proxy, not a physical current limit",,,"undefined: B-03 v_min_v/v_max_v are open-circuit calibration endpoints, not terminal-voltage limits",61.10109532959211,10.0,3.910712771133852
charge,35,2160.0,cruise,0.3904863681631106,-6.103585661248303,17.954554887316476,339.04863681631105,339.9463645606769,0.05,,,"undefined: B-04 and BatteryPack expose a bus-power C-rate proxy, not a physical current limit",,,"undefined: B-03 v_min_v/v_max_v are open-circuit calibration endpoints, not terminal-voltage limits",60.0536354393231,10.0,3.896414338751697
charge,36,2220.0,cruise,0.4009598585140452,-6.11787622402462,17.94135148082205,340.0959858514045,340.9930534254456,0.05,,,"undefined: B-04 and BatteryPack expose a bus-power C-rate proxy, not a physical current limit",,,"undefined: B-03 v_min_v/v_max_v are open-circuit calibration endpoints, not terminal-voltage limits",59.00694657455438,10.0,3.88212377597538
charge,37,2280.0,cruise,0.41142564687785804,-6.132158917195113,17.92824598883101,341.1425646877858,342.03897698722733,0.05,,,"undefined: B-04 and BatteryPack expose a bus-power C-rate proxy, not a physical current limit",,,"undefined: B-03 v_min_v/v_max_v are open-circuit calibration endpoints, not terminal-voltage limits",57.96102301277267,10.0,3.867841082804887
charge,38,2340.0,cruise,0.42188379037134277,-6.146433740759768,17.915237133220785,342.18837903713427,343.0841408937953,0.05,,,"undefined: B-04 and BatteryPack expose a bus-power C-rate proxy, not a physical current limit",,,"undefined: B-03 v_min_v/v_max_v are open-circuit calibration endpoints, not terminal-voltage limits",56.91585910620472,10.0,3.8535662592402318
charge,39,2400.0,cruise,0.4323343453657216,-6.160700694718578,17.902323657362444,343.23343453657213,344.1285507194402,0.05,,,"undefined: B-04 and BatteryPack expose a bus-power C-rate proxy, not a physical current limit",,,"undefined: B-03 v_min_v/v_max_v are open-circuit calibration endpoints, not terminal-voltage limits",55.87144928055977,10.0,3.839299305281422
charge,40,2460.0,cruise,0.442777367499183,-6.174959779071564,17.88950432567333,344.2777367499183,345.172211966202,0.05,,,"undefined: B-04 and BatteryPack expose a bus-power C-rate proxy, not a physical current limit",,,"undefined: B-03 v_min_v/v_max_v are open-circuit calibration endpoints, not terminal-voltage limits",54.827788033798015,10.0,3.825040220928436
charge,41,2520.0,cruise,0.4532129116891591,-6.189210993818719,17.876777923181066,345.32129116891593,346.21513006507496,0.05,,,"undefined: B-04 and BatteryPack expose a bus-power C-rate proxy, not a physical current limit",,,"undefined: B-03 v_min_v/v_max_v are open-circuit calibration endpoints, not terminal-voltage limits",53.78486993492504,10.0,3.810789006181281
charge,42,2580.0,cruise,0.46364103214434804,-6.203454338960029,17.8641432551035,346.3641032144348,347.25731037719,0.05,,,"undefined: B-04 and BatteryPack expose a bus-power C-rate proxy, not a physical current limit",,,"undefined: B-03 v_min_v/v_max_v are open-circuit calibration endpoints, not terminal-voltage limits",52.74268962281002,10.0,3.7965456610399713
charge,43,2640.0,cruise,0.47406178237649177,-6.217689814495515,17.85159914642861,347.40617823764916,348.29875819497056,0.05,,,"undefined: B-04 and BatteryPack expose a bus-power C-rate proxy, not a physical current limit",,,"undefined: B-03 v_min_v/v_max_v are open-circuit calibration endpoints, not terminal-voltage limits",51.70124180502944,10.0,3.7823101855044854
charge,44,2700.0,cruise,0.48447521521190845,-6.231917420425162,17.839144441516623,348.4475215211908,349.3394787432667,0.05,,,"undefined: B-04 and BatteryPack expose a bus-power C-rate proxy, not a physical current limit",,,"undefined: B-03 v_min_v/v_max_v are open-circuit calibration endpoints, not terminal-voltage limits",50.66052125673332,10.0,3.7680825795748376
charge,45,2760.0,cruise,0.49488138280279315,-6.246137156748986,17.82677800370095,349.4881382802793,350.3794771804644,0.05,,,"undefined: B-04 and BatteryPack expose a bus-power C-rate proxy, not a physical current limit",,,"undefined: B-03 v_min_v/v_max_v are open-circuit calibration endpoints, not terminal-voltage limits",49.62052281953561,10.0,3.7538628432510137
charge,46,2820.0,cruise,0.5052803366382854,-6.260349023466958,17.814498714909064,350.5280336638285,351.41875859957395,0.05,,,"undefined: B-04 and BatteryPack expose a bus-power C-rate proxy, not a physical current limit",,,"undefined: B-03 v_min_v/v_max_v are open-circuit calibration endpoints, not terminal-voltage limits",48.58124140042605,10.0,3.739650976533042
charge,47,2880.0,cruise,0.5156721275553157,-6.274553020579113,17.802305475281628,351.56721275553156,352.45732802929564,0.05,,,"undefined: B-04 and BatteryPack expose a bus-power C-rate proxy, not a physical current limit",,,"undefined: B-03 v_min_v/v_max_v are open-circuit calibration endpoints, not terminal-voltage limits",47.54267197070436,10.0,3.7254469794208873
charge,48,2940.0,cruise,0.52605680574923,-6.288749148085415,17.790197202812124,352.605680574923,353.4951904350636,0.05,,,"undefined: B-04 and BatteryPack expose a bus-power C-rate proxy, not a physical current limit",,,"undefined: B-03 v_min_v/v_max_v are open-circuit calibration endpoints, not terminal-voltage limits",46.50480956493641,10.0,3.711250851914585
charge,49,3000.0,cruise,0.5364344207842037,-6.302937405985908,17.77817283298532,353.6434420784204,354.53235072006964,0.05,,,"undefined: B-04 and BatteryPack expose a bus-power C-rate proxy, not a physical current limit",,,"undefined: B-03 v_min_v/v_max_v are open-circuit calibration endpoints, not terminal-voltage limits",45.467649279930356,10.0,3.697062594014092
charge,50,3060.0,cruise,0.5468050216034451,-6.3171177942805485,17.76623131842996,354.68050216034453,355.56881372626606,0.05,,,"undefined: B-04 and BatteryPack expose a bus-power C-rate proxy, not a physical current limit",,,"undefined: B-03 v_min_v/v_max_v are open-circuit calibration endpoints, not terminal-voltage limits",44.43118627373394,10.0,3.6828822057194515
charge,51,3120.0,cruise,0.5571686565391959,-6.331290312969351,17.754371628579406,355.71686565391957,356.6045842353485,0.05,,,"undefined: B-04 and BatteryPack expose a bus-power C-rate proxy, not a physical current limit",,,"undefined: B-03 v_min_v/v_max_v are open-circuit calibration endpoints, not terminal-voltage limits",43.39541576465149,10.0,3.668709687030649
charge,52,3180.0,cruise,0.5675253733225338,-6.345454962052337,17.742592749336836,356.7525373322534,357.6396669697202,0.05,,,"undefined: B-04 and BatteryPack expose a bus-power C-rate proxy, not a physical current limit",,,"undefined: B-03 v_min_v/v_max_v are open-circuit calibration endpoints, not terminal-voltage limits",42.360333030279776,10.0,3.6545450379476634
charge,53,3240.0,cruise,0.5778752190929803,-6.359611741529484,17.73089368275464,357.78752190929805,358.6740665934358,0.05,,,"undefined: B-04 and BatteryPack expose a bus-power C-rate proxy, not a physical current limit",,,"undefined: B-03 v_min_v/v_max_v are open-circuit calibration endpoints, not terminal-voltage limits",41.32593340656422,10.0,3.640388258470516
charge,54,3300.0,cruise,0.5882182404079206,-6.373760651400794,17.719273446712123,358.8218240407921,359.7077877131277,0.05,,,"undefined: B-04 and BatteryPack expose a bus-power C-rate proxy, not a physical current limit",,,"undefined: B-03 v_min_v/v_max_v are open-circuit calibration endpoints, not terminal-voltage limits",40.292212286872314,10.0,3.6262393485992064
charge,55,3360.0,cruise,0.598554483251836,-1.9602491864531544,5.443207183183176,359.8554483251836,360.12760868434276,0.05,,,"undefined: B-04 and BatteryPack expose a bus-power C-rate proxy, not a physical current limit",,,"undefined: B-03 v_min_v/v_max_v are open-circuit calibration endpoints, not terminal-voltage limits",39.87239131565724,10.0,8.039750813546846
discharge,56,3420.0,cruise,0.6017296874420263,2.348137093625155,6.525381769158115,360.17296874420265,359.8466996557447,0.05,,,"undefined: B-04 and BatteryPack expose a bus-power C-rate proxy, not a physical current limit",,,"undefined: B-03 v_min_v/v_max_v are open-circuit calibration endpoints, not terminal-voltage limits",59.846699655744715,30.0,27.651862906374845
charge,57,3480.0,cruise,0.5979232147433506,-2.817867341343444,7.82342167135937,359.79232147433504,360.18349255790304,0.05,,,"undefined: B-04 and BatteryPack expose a bus-power C-rate proxy, not a physical current limit",,,"undefined: B-03 v_min_v/v_max_v are open-circuit calibration endpoints, not terminal-voltage limits",39.81650744209696,10.0,7.182132658656556
discharge,58,3540.0,cruise,0.602486877384977,3.374671295655226,9.379826959417983,360.24868773849767,359.77969639052674,0.05,,,"undefined: B-04 and BatteryPack expose a bus-power C-rate proxy, not a physical current limit",,,"undefined: B-03 v_min_v/v_max_v are open-circuit calibration endpoints, not terminal-voltage limits",59.77969639052674,30.0,26.625328704344774
charge,59,3600.0,cruise,0.5970153116586498,-4.049142465715946,11.239391327420096,359.701531165865,360.263500732236,0.05,,,"undefined: B-04 and BatteryPack expose a bus-power C-rate proxy, not a physical current limit",,,"undefined: B-03 v_min_v/v_max_v are open-circuit calibration endpoints, not terminal-voltage limits",39.736499267763975,10.0,5.950857534284054
discharge,60,3660.0,cruise,0.6035716232663115,4.846259874000928,13.473679403194296,360.35716232663117,359.6834783564715,0.05,,,"undefined: B-04 and BatteryPack expose a bus-power C-rate proxy, not a physical current limit",,,"undefined: B-03 v_min_v/v_max_v are open-circuit calibration endpoints, not terminal-voltage limits",59.68347835647148,30.0,25.15374012599907
charge,61,3720.0,cruise,0.5957119769477816,-5.8167462105988434,16.14067029264845,359.57119769477816,360.3782312094106,0.05,,,"undefined: B-04 and BatteryPack expose a bus-power C-rate proxy, not a physical current limit",,,"undefined: B-03 v_min_v/v_max_v are open-circuit calibration endpoints, not terminal-voltage limits",39.621768790589385,10.0,4.1832537894011566
discharge,62,3780.0,cruise,0.6051273679518265,6.957940087570883,19.352063027681083,360.51273679518266,359.54513364379864,0.05,,,"undefined: B-04 and BatteryPack expose a bus-power C-rate proxy, not a physical current limit",,,"undefined: B-03 v_min_v/v_max_v are open-circuit calibration endpoints, not terminal-voltage limits",59.545133643798636,30.0,23.042059912429117
charge,63,3840.0,cruise,0.5938386645190126,-6.491332975239629,18.017230460269502,359.38386645190127,360.28472797491474,0.05,,,"undefined: B-04 and BatteryPack expose a bus-power C-rate proxy, not a physical current limit",,,"undefined: B-03 v_min_v/v_max_v are open-circuit calibration endpoints, not terminal-voltage limits",39.715272025085255,10.0,3.5086670247603706
discharge,64,3900.0,cruise,0.6043487156208365,5.900832047274697,16.408774254470586,360.43487156208363,359.6144328493601,0.05,,,"undefined: B-04 and BatteryPack expose a bus-power C-rate proxy, not a physical current limit",,,"undefined: B-03 v_min_v/v_max_v are open-circuit calibration endpoints, not terminal-voltage limits",59.61443284936013,30.0,24.099167952725303
charge,65,3960.0,cruise,0.594776930639062,-6.517329207760227,18.084506672089447,359.4776930639062,360.3819183975107,0.05,,,"undefined: B-04 and BatteryPack expose a bus-power C-rate proxy, not a physical current limit",,,"undefined: B-03 v_min_v/v_max_v are open-circuit calibration endpoints, not terminal-voltage limits",39.618081602489326,10.0,3.482670792239773
discharge,66,4020.0,cruise,0.6053262261977809,7.228559027747416,20.10572854989107,360.53262261977807,359.52733619228354,0.05,,,"undefined: B-04 and BatteryPack expose a bus-power C-rate proxy, not a physical current limit",,,"undefined: B-03 v_min_v/v_max_v are open-circuit calibration endpoints, not terminal-voltage limits",59.52733619228354,30.0,22.771440972252584
charge,67,4080.0,cruise,0.5935978845436778,-6.543064560639074,18.161665455405114,359.3597884543678,360.2678717271381,0.05,,,"undefined: B-04 and BatteryPack expose a bus-power C-rate proxy, not a physical current limit",,,"undefined: B-03 v_min_v/v_max_v are open-circuit calibration endpoints, not terminal-voltage limits",39.73212827286193,10.0,3.456935439360926
discharge,68,4140.0,cruise,0.6041921893926641,5.689327887461694,15.820026373637006,360.4192189392664,359.62821762058456,0.05,,,"undefined: B-04 and BatteryPack expose a bus-power C-rate proxy, not a physical current limit",,,"undefined: B-03 v_min_v/v_max_v are open-circuit calibration endpoints, not terminal-voltage limits",59.628217620584564,30.0,24.310672112538306
charge,69,4200.0,cruise,0.5949638406747091,-6.569034919091635,18.22667660229797,359.4963840674709,360.4077178975858,0.05,,,"undefined: B-04 and BatteryPack expose a bus-power C-rate proxy, not a physical current limit",,,"undefined: B-03 v_min_v/v_max_v are open-circuit calibration endpoints, not terminal-voltage limits",39.592282102414174,10.0,3.430965080908365
discharge,70,4260.0,cruise,0.6055960686927162,7.594740084321515,21.12564631705652,360.55960686927165,359.5033245534188,0.05,,,"undefined: B-04 and BatteryPack expose a bus-power C-rate proxy, not a physical current limit",,,"undefined: B-03 v_min_v/v_max_v are open-circuit calibration endpoints, not terminal-voltage limits",59.50332455341879,30.0,22.405259915678485
charge,71,4320.0,cruise,0.5932727750077665,-6.594645165529087,18.306123330548303,359.32727750077663,360.2425836673041,0.05,,,"undefined: B-04 and BatteryPack expose a bus-power C-rate proxy, not a physical current limit",,,"undefined: B-03 v_min_v/v_max_v are open-circuit calibration endpoints, not terminal-voltage limits",39.757416332695925,10.0,3.405354834470913
discharge,72,4380.0,cruise,0.6039513469505864,5.361310447962566,14.907030948386934,360.39513469505863,359.64978314763925,0.05,,,"undefined: B-04 and BatteryPack expose a bus-power C-rate proxy, not a physical current limit",,,"undefined: B-03 v_min_v/v_max_v are open-circuit calibration endpoints, not terminal-voltage limits",59.649783147639255,30.0,24.638689552037434
charge,73,4440.0,cruise,0.5952555788973607,-6.436591170788063,17.85865967970892,359.5255578897361,360.41849087372157,0.05,,,"undefined: B-04 and BatteryPack expose a bus-power C-rate proxy, not a physical current limit",,,"undefined: B-03 v_min_v/v_max_v are open-circuit calibration endpoints, not terminal-voltage limits",39.58150912627843,10.0,3.5634088292119372
discharge,74,4500.0,cruise,0.605673130377191,7.699903027829947,21.418582696815633,360.5673130377191,359.4963839028783,0.05,,,"undefined: B-04 and BatteryPack expose a bus-power C-rate proxy, not a physical current limit",,,"undefined: B-03 v_min_v/v_max_v are open-circuit calibration endpoints, not terminal-voltage limits",59.49638390287828,30.0,22.300096972170053
charge,75,4560.0,cruise,0.5931789571373818,-6.6461084354579185,18.449094963781363,359.31789571373815,360.2403504619272,0.05,,,"undefined: B-04 and BatteryPack expose a bus-power C-rate proxy, not a physical current limit",,,"undefined: B-03 v_min_v/v_max_v are open-circuit calibration endpoints, not terminal-voltage limits",39.75964953807278,10.0,3.3538915645420815
discharge,76,4620.0,cruise,0.6039409291995875,5.347225754226606,14.867830741511625,360.3940929199588,359.6507013828832,0.05,,,"undefined: B-04 and BatteryPack expose a bus-power C-rate proxy, not a physical current limit",,,"undefined: B-03 v_min_v/v_max_v are open-circuit calibration endpoints, not terminal-voltage limits",59.6507013828832,30.0,24.652774245773394
charge,77,4680.0,cruise,0.5952680279337057,-6.419772940658852,17.812050267647237,359.52680279337056,360.4174053067529,0.05,,,"undefined: B-04 and BatteryPack expose a bus-power C-rate proxy, not a physical current limit",,,"undefined: B-03 v_min_v/v_max_v are open-circuit calibration endpoints, not terminal-voltage limits",39.582594693247074,10.0,3.580227059341148
discharge,78,4740.0,cruise,0.6056583905898333,7.678910964909029,21.36010357008729,360.56583905898333,359.497833880479,0.05,,,"undefined: B-04 and BatteryPack expose a bus-power C-rate proxy, not a physical current limit",,,"undefined: B-03 v_min_v/v_max_v are open-circuit calibration endpoints, not terminal-voltage limits",59.49783388047899,30.0,22.32108903509097
charge,79,4800.0,cruise,0.5931983301739491,-6.697442118213587,18.59112691364942,359.3198330173949,360.2493893630774,0.05,,,"undefined: B-04 and BatteryPack expose a bus-power C-rate proxy, not a physical current limit",,,"undefined: B-03 v_min_v/v_max_v are open-circuit calibration endpoints, not terminal-voltage limits",39.7506106369226,10.0,3.302557881786413
discharge,80,4860.0,cruise,0.6040431542069112,5.486919208048349,15.256636005426572,360.40431542069115,359.6414836204198,0.05,,,"undefined: B-04 and BatteryPack expose a bus-power C-rate proxy, not a physical current limit",,,"undefined: B-03 v_min_v/v_max_v are open-circuit calibration endpoints, not terminal-voltage limits",59.64148362041982,30.0,24.51308079195165
charge,81,4920.0,cruise,0.5951434498704125,-6.58864435173593,18.280039312782037,359.5143449870412,360.42834695268033,0.05,,,"undefined: B-04 and BatteryPack expose a bus-power C-rate proxy, not a physical current limit",,,"undefined: B-03 v_min_v/v_max_v are open-circuit calibration endpoints, not terminal-voltage limits",39.57165304731967,10.0,3.4113556482640703
discharge,82,4980.0,cruise,0.605806806136202,7.879848394971972,21.919844291741697,360.5806806136202,359.4846883990331,0.05,,,"undefined: B-04 and BatteryPack expose a bus-power C-rate proxy, not a physical current limit",,,"undefined: B-03 v_min_v/v_max_v are open-circuit calibration endpoints, not terminal-voltage limits",59.484688399033075,30.0,22.120151605028028
charge,83,5040.0,cruise,0.5930202302993527,-6.74861384972445,18.73372759076119,359.3020230299353,360.23870940947336,0.05,,,"undefined: B-04 and BatteryPack expose a bus-power C-rate proxy, not a physical current limit",,,"undefined: B-03 v_min_v/v_max_v are open-circuit calibration endpoints, not terminal-voltage limits",39.76129059052664,10.0,3.2513861502755503
discharge,84,5100.0,cruise,0.60394823806063,5.357686911899975,14.896947763663775,360.394823806063,359.6499764178798,0.05,,,"undefined: B-04 and BatteryPack expose a bus-power C-rate proxy, not a physical current limit",,,"undefined: B-03 v_min_v/v_max_v are open-circuit calibration endpoints, not terminal-voltage limits",59.64997641787983,30.0,24.642313088100025
charge,85,5160.0,cruise,0.5952583518651595,-6.4317701737126,17.845302907345513,359.52583518651596,360.41810033188324,0.05,,,"undefined: B-04 and BatteryPack expose a bus-power C-rate proxy, not a physical current limit",,,"undefined: B-03 v_min_v/v_max_v are open-circuit calibration endpoints, not terminal-voltage limits",39.58189966811676,10.0,3.5682298262874
discharge,86,5220.0,cruise,0.6056681118944444,7.691209763456058,21.394358696549034,360.5668111894444,359.49709325461697,0.05,,,"undefined: B-04 and BatteryPack expose a bus-power C-rate proxy, not a physical current limit",,,"undefined: B-03 v_min_v/v_max_v are open-circuit calibration endpoints, not terminal-voltage limits",59.49709325461697,30.0,22.308790236543942
charge,87,5280.0,loiter,0.5931880693214574,-9.240154296990859,25.624386091765814,359.3188069321457,360.60002623673404,0.05,,,"undefined: B-04 and BatteryPack expose a bus-power C-rate proxy, not a physical current limit",,,"undefined: B-03 v_min_v/v_max_v are open-circuit calibration endpoints, not terminal-voltage limits",39.39997376326596,10.0,0.759845703009141
discharge,88,5340.0,loiter,0.6081356278749874,11.042576383295284,30.735568966993014,360.81356278749877,359.2767843391491,0.05,,,"undefined: B-04 and BatteryPack expose a bus-power C-rate proxy, not a physical current limit",,,"undefined: B-03 v_min_v/v_max_v are open-circuit calibration endpoints, not terminal-voltage limits",59.27678433914912,30.0,18.957423616704716
charge,89,5400.0,loiter,0.5902065459775748,-10.0,27.746334144031835,359.02065459775747,360.40797130495906,0.05,,,"undefined: B-04 and BatteryPack expose a bus-power C-rate proxy, not a physical current limit",,,"undefined: B-03 v_min_v/v_max_v are open-circuit calibration endpoints, not terminal-voltage limits",39.59202869504094,10.0,0.0
discharge,90,5460.0,loiter,0.6063919075615934,8.674936325543573,24.135095939222428,360.63919075615934,359.4324359591982,0.05,,,"undefined: B-04 and BatteryPack expose a bus-power C-rate proxy, not a physical current limit",,,"undefined: B-03 v_min_v/v_max_v are open-circuit calibration endpoints, not terminal-voltage limits",59.43243595919819,30.0,21.325063674456427
charge,91,5520.0,loiter,0.5923131015970471,-10.0,27.730188186349668,359.2313101597047,360.61781956902223,0.05,,,"undefined: B-04 and BatteryPack expose a bus-power C-rate proxy, not a physical current limit",,,"undefined: B-03 v_min_v/v_max_v are open-circuit calibration endpoints, not terminal-voltage limits",39.38218043097777,10.0,0.0
discharge,92,5580.0,loiter,0.608489044705751,11.521106783511573,32.070298237268275,360.8489044705751,359.24538955871174,0.05,,,"undefined: B-04 and BatteryPack expose a bus-power C-rate proxy, not a physical current limit",,,"undefined: B-03 v_min_v/v_max_v are open-circuit calibration endpoints, not terminal-voltage limits",59.245389558711736,30.0,18.478893216488427
charge,93,5640.0,loiter,0.5897813707340113,-10.0,27.749595224532865,358.9781370734011,360.36561683462776,0.05,,,"undefined: B-04 and BatteryPack expose a bus-power C-rate proxy, not a physical current limit",,,"undefined: B-03 v_min_v/v_max_v are open-circuit calibration endpoints, not terminal-voltage limits",39.63438316537224,10.0,0.0
discharge,94,5700.0,loiter,0.6059686346149887,8.100531833506349,22.53464510758363,360.59686346149886,359.4701312061197,0.05,,,"undefined: B-04 and BatteryPack expose a bus-power C-rate proxy, not a physical current limit",,,"undefined: B-03 v_min_v/v_max_v are open-circuit calibration endpoints, not terminal-voltage limits",59.470131206119675,30.0,21.89946816649365
charge,95,5760.0,loiter,0.5928234249688983,-9.736486512326529,26.998379105409636,359.28234249688984,360.6322614521603,0.05,,,"undefined: B-04 and BatteryPack expose a bus-power C-rate proxy, not a physical current limit",,,"undefined: B-03 v_min_v/v_max_v are open-circuit calibration endpoints, not terminal-voltage limits",39.36773854783968,10.0,0.26351348767347105
discharge,96,5820.0,loiter,0.608572479447054,11.635488656188667,32.389379227088284,360.85724794470536,359.23777898335095,0.05,,,"undefined: B-04 and BatteryPack expose a bus-power C-rate proxy, not a physical current limit",,,"undefined: B-03 v_min_v/v_max_v are open-circuit calibration endpoints, not terminal-voltage limits",59.23777898335095,30.0,18.364511343811333
charge,97,5880.0,loiter,0.5896786748979191,-10.0,27.750383012806882,358.9678674897919,360.35538664043224,0.05,,,"undefined: B-04 and BatteryPack expose a bus-power C-rate proxy, not a physical current limit",,,"undefined: B-03 v_min_v/v_max_v are open-circuit calibration endpoints, not terminal-voltage limits",39.64461335956776,10.0,0.0
discharge,98,5940.0,loiter,0.6058663983220565,7.961830283286918,22.14823461521405,360.58663983220566,359.47922810144496,0.05,,,"undefined: B-04 and BatteryPack expose a bus-power C-rate proxy, not a physical current limit",,,"undefined: B-03 v_min_v/v_max_v are open-circuit calibration endpoints, not terminal-voltage limits",59.47922810144496,30.0,22.03816971671308
charge,99,6000.0,loiter,0.5929465947965149,-9.569146738319851,26.535159243180143,359.2946594796515,360.62141744181054,0.05,,,"undefined: B-04 and BatteryPack expose a bus-power C-rate proxy, not a physical current limit",,,"undefined: B-03 v_min_v/v_max_v are open-circuit calibration endpoints, not terminal-voltage limits",39.378582558189464,10.0,0.4308532616801486
discharge,100,6060.0,loiter,0.60842543768837,11.434660560678378,31.829160759292563,360.842543768837,359.2510857308724,0.05,,,"undefined: B-04 and BatteryPack expose a bus-power C-rate proxy, not a physical current limit",,,"undefined: B-03 v_min_v/v_max_v are open-circuit calibration endpoints, not terminal-voltage limits",59.251085730872376,30.0,18.565339439321622
charge,101,6120.0,loiter,0.5898584272454493,-10.0,27.749004146902507,358.9858427245449,360.37329293189003,0.05,,,"undefined: B-04 and BatteryPack expose a bus-power C-rate proxy, not a physical current limit",,,"undefined: B-03 v_min_v/v_max_v are open-circuit calibration endpoints, not terminal-voltage limits",39.626707068109965,10.0,0.0
discharge,102,6180.0,loiter,0.6060453463311425,8.20526811150933,22.826447412699054,360.60453463311427,359.4632122624793,0.05,,,"undefined: B-04 and BatteryPack expose a bus-power C-rate proxy, not a physical current limit",,,"undefined: B-03 v_min_v/v_max_v are open-circuit calibration endpoints, not terminal-voltage limits",59.46321226247932,30.0,21.79473188849067
charge,103,6240.0,loiter,0.5927299186737347,-9.861059197313033,27.343209383161593,359.2729918673735,360.64015233653157,0.05,,,"undefined: B-04 and BatteryPack expose a bus-power C-rate proxy, not a physical current limit",,,"undefined: B-03 v_min_v/v_max_v are open-circuit calibration endpoints, not terminal-voltage limits",39.35984766346843,10.0,0.1389408026869674
discharge,104,6300.0,loiter,0.6086801241472456,11.779834022204245,32.79204452684212,360.86801241472455,359.22841018838244,0.05,,,"undefined: B-04 and BatteryPack expose a bus-power C-rate proxy, not a physical current limit",,,"undefined: B-03 v_min_v/v_max_v are open-circuit calibration endpoints, not terminal-voltage limits",59.22841018838244,30.0,18.220165977795755
charge,105,6360.0,loiter,0.5895514315065877,-10.0,27.751359169220677,358.9551431506588,360.3427111091198,0.05,,,"undefined: B-04 and BatteryPack expose a bus-power C-rate proxy, not a physical current limit",,,"undefined: B-03 v_min_v/v_max_v are open-circuit calibration endpoints, not terminal-voltage limits",39.65728889088018,10.0,0.0
discharge,106,6420.0,loiter,0.6057397243552998,7.7886157538745735,21.665695444018525,360.57397243553,359.490687663329,0.05,,,"undefined: B-04 and BatteryPack expose a bus-power C-rate proxy, not a physical current limit",,,"undefined: B-03 v_min_v/v_max_v are open-circuit calibration endpoints, not terminal-voltage limits",59.49068766332903,30.0,22.211384246125427
charge,107,6480.0,loiter,0.5931014020129556,-9.357789978807752,25.950060003524413,359.31014020129555,360.6076432014718,0.05,,,"undefined: B-04 and BatteryPack expose a bus-power C-rate proxy, not a physical current limit",,,"undefined: B-03 v_min_v/v_max_v are open-circuit calibration endpoints, not terminal-voltage limits",39.392356798528226,10.0,0.6422100211922483
discharge,108,6540.0,loiter,0.6082389370150115,11.182760519781361,31.126551836766794,360.82389370150116,359.2675661096628,0.05,,,"undefined: B-04 and BatteryPack expose a bus-power C-rate proxy, not a physical current limit",,,"undefined: B-03 v_min_v/v_max_v are open-circuit calibration endpoints, not terminal-voltage limits",59.26756610966282,30.0,18.81723948021864
charge,109,6600.0,loiter,0.5900817817768975,-10.0,27.74729100229933,359.00817817768973,360.3955427278047,0.05,,,"undefined: B-04 and BatteryPack expose a bus-power C-rate proxy, not a physical current limit",,,"undefined: B-03 v_min_v/v_max_v are open-circuit calibration endpoints, not terminal-voltage limits",39.604457272195305,10.0,0.0
discharge,110,6660.0,loiter,0.6062677015282388,8.505222454078904,23.66218514715285,360.6267701528239,359.4436608954663,0.05,,,"undefined: B-04 and BatteryPack expose a bus-power C-rate proxy, not a physical current limit",,,"undefined: B-03 v_min_v/v_max_v are open-circuit calibration endpoints, not terminal-voltage limits",59.44366089546628,30.0,21.494777545921096
charge,111,6720.0,loiter,0.5924647601923997,-10.0,27.729026502483407,359.24647601924,360.63292734436413,0.05,,,"undefined: B-04 and BatteryPack expose a bus-power C-rate proxy, not a physical current limit",,,"undefined: B-03 v_min_v/v_max_v are open-circuit calibration endpoints, not terminal-voltage limits",39.367072655635866,10.0,0.0
discharge,112,6780.0,loiter,0.6086400256521817,11.72719956088168,32.645220913038315,360.8640025652182,359.2317415195663,0.05,,,"undefined: B-04 and BatteryPack expose a bus-power C-rate proxy, not a physical current limit",,,"undefined: B-03 v_min_v/v_max_v are open-circuit calibration endpoints, not terminal-voltage limits",59.2317415195663,30.0,18.27280043911832
charge,113,6840.0,loiter,0.589596980119576,-10.0,27.75100973204701,358.9596980119576,360.3472484985599,0.05,,,"undefined: B-04 and BatteryPack expose a bus-power C-rate proxy, not a physical current limit",,,"undefined: B-03 v_min_v/v_max_v are open-circuit calibration endpoints, not terminal-voltage limits",39.65275150144009,10.0,0.0
discharge,114,6900.0,loiter,0.6057850691299367,7.850780535968227,21.838870588304076,360.57850691299365,359.4865633835784,0.05,,,"undefined: B-04 and BatteryPack expose a bus-power C-rate proxy, not a physical current limit",,,"undefined: B-03 v_min_v/v_max_v are open-circuit calibration endpoints, not terminal-voltage limits",59.486563383578414,30.0,22.149219464031773
charge,115,6960.0,loiter,0.593045727953426,-9.433136832716727,26.15865143974361,359.3045727953426,360.6125053673298,0.05,,,"undefined: B-04 and BatteryPack expose a bus-power C-rate proxy, not a physical current limit",,,"undefined: B-03 v_min_v/v_max_v are open-circuit calibration endpoints, not terminal-voltage limits",39.38749463267021,10.0,0.5668631672832731
discharge,116,7020.0,loiter,0.6083049412932765,11.271433165327299,31.37387038137945,360.83049412932763,359.26180061025866,0.05,,,"undefined: B-04 and BatteryPack expose a bus-power C-rate proxy, not a physical current limit",,,"undefined: B-03 v_min_v/v_max_v are open-circuit calibration endpoints, not terminal-voltage limits",59.26180061025866,30.0,18.7285668346727
charge,117,7080.0,loiter,0.5900035169041384,-10.0,27.74789127526844,359.0003516904138,360.3877462541773,0.05,,,"undefined: B-04 and BatteryPack expose a bus-power C-rate proxy, not a physical current limit",,,"undefined: B-03 v_min_v/v_max_v are open-circuit calibration endpoints, not terminal-voltage limits",39.61225374582273,10.0,0.0
discharge,118,7140.0,loiter,0.6061897868147117,8.400953034695842,23.37166167455621,360.61897868147116,359.45039559774335,0.05,,,"undefined: B-04 and BatteryPack expose a bus-power C-rate proxy, not a physical current limit",,,"undefined: B-03 v_min_v/v_max_v are open-circuit calibration endpoints, not terminal-voltage limits",59.45039559774335,30.0,21.599046965304158
charge,119,7200.0,loiter,0.592556317504554,-10.0,27.728325233069313,359.2556317504554,360.64204801210883,0.05,,,"undefined: B-04 and BatteryPack expose a bus-power C-rate proxy, not a physical current limit",,,"undefined: B-03 v_min_v/v_max_v are open-circuit calibration endpoints, not terminal-voltage limits",39.35795198789117,10.0,0.0
discharge,120,7260.0,loiter,0.608731173890511,11.849945328989413,32.98764577927386,360.8731173890511,359.2237351000874,0.05,,,"undefined: B-04 and BatteryPack expose a bus-power C-rate proxy, not a physical current limit",,,"undefined: B-03 v_min_v/v_max_v are open-circuit calibration endpoints, not terminal-voltage limits",59.223735100087424,30.0,18.150054671010587
charge,121,7320.0,loiter,0.5894883805192679,-10.0,27.751842894548417,358.94883805192677,360.3364301966542,0.05,,,"undefined: B-04 and BatteryPack expose a bus-power C-rate proxy, not a physical current limit",,,"undefined: B-03 v_min_v/v_max_v are open-circuit calibration endpoints, not terminal-voltage limits",39.66356980334581,10.0,0.0
discharge,122,7380.0,loiter,0.6056769555410878,7.705086425133121,21.433021429266432,360.5676955541088,359.4960444826455,0.05,,,"undefined: B-04 and BatteryPack expose a bus-power C-rate proxy, not a physical current limit",,,"undefined: B-03 v_min_v/v_max_v are open-circuit calibration endpoints, not terminal-voltage limits",59.496044482645516,30.0,22.29491357486688
charge,123,7440.0,loiter,0.5931743597073491,-9.25810714370784,25.67409278862044,359.3174359707349,360.6011406101659,0.05,,,"undefined: B-04 and BatteryPack expose a bus-power C-rate proxy, not a physical current limit",,,"undefined: B-03 v_min_v/v_max_v are open-circuit calibration endpoints, not terminal-voltage limits",39.398859389834115,10.0,0.7418928562921607
discharge,124,7500.0,loiter,0.6081509138340444,11.064031587854139,30.795412175820044,360.8150913834044,359.2753207746134,0.05,,,"undefined: B-04 and BatteryPack expose a bus-power C-rate proxy, not a physical current limit",,,"undefined: B-03 v_min_v/v_max_v are open-circuit calibration endpoints, not terminal-voltage limits",59.27532077461342,30.0,18.93596841214586
charge,125,7560.0,loiter,0.5901869233981494,-10.0,27.746484631781527,359.01869233981495,360.40601657140405,0.05,,,"undefined: B-04 and BatteryPack expose a bus-power C-rate proxy, not a physical current limit",,,"undefined: B-03 v_min_v/v_max_v are open-circuit calibration endpoints, not terminal-voltage limits",39.59398342859595,10.0,0.0
discharge,126,7620.0,loiter,0.6063723727666886,8.648570460495147,24.061626635787547,360.6372372766689,359.43415594487954,0.05,,,"undefined: B-04 and BatteryPack expose a bus-power C-rate proxy, not a physical current limit",,,"undefined: B-03 v_min_v/v_max_v are open-circuit calibration endpoints, not terminal-voltage limits",59.434155944879535,30.0,21.351429539504853
charge,127,7680.0,loiter,0.5923364238958125,-10.0,27.730009534457164,359.23364238958123,360.6201428663041,0.05,,,"undefined: B-04 and BatteryPack expose a bus-power C-rate proxy, not a physical current limit",,,"undefined: B-03 v_min_v/v_max_v are open-circuit calibration endpoints, not terminal-voltage limits",39.37985713369591,10.0,0.0
discharge,128,7740.0,loiter,0.6085122627909125,11.554191912008886,32.16259973051592,360.85122627909124,359.24309629256544,0.05,,,"undefined: B-04 and BatteryPack expose a bus-power C-rate proxy, not a physical current limit",,,"undefined: B-03 v_min_v/v_max_v are open-circuit calibration endpoints, not terminal-voltage limits",59.24309629256544,30.0,18.445808087991114
charge,129,7800.0,loiter,0.5897507462814449,-10.0,27.749830142585097,358.9750746281445,360.36256613527377,0.05,,,"undefined: B-04 and BatteryPack expose a bus-power C-rate proxy, not a physical current limit",,,"undefined: B-03 v_min_v/v_max_v are open-circuit calibration endpoints, not terminal-voltage limits",39.63743386472623,10.0,0.0
discharge,130,7860.0,loiter,0.6059381471979528,8.059134525500163,22.419313578210453,360.59381471979526,359.47284904088474,0.05,,,"undefined: B-04 and BatteryPack expose a bus-power C-rate proxy, not a physical current limit",,,"undefined: B-03 v_min_v/v_max_v are open-circuit calibration endpoints, not terminal-voltage limits",59.47284904088474,30.0,21.940865474499837
charge,131,7920.0,loiter,0.59286021427733,-9.685686324836318,26.857764493069567,359.286021427733,360.6289096523865,0.05,,,"undefined: B-04 and BatteryPack expose a bus-power C-rate proxy, not a physical current limit",,,"undefined: B-03 v_min_v/v_max_v are open-circuit calibration endpoints, not terminal-voltage limits",39.37109034761352,10.0,0.3143136751636817
discharge,132,7980.0,loiter,0.6085272435649539,11.57517847426897,32.221146757088945,360.8527243564954,359.24166701864095,0.05,,,"undefined: B-04 and BatteryPack expose a bus-power C-rate proxy, not a physical current limit",,,"undefined: B-03 v_min_v/v_max_v are open-circuit calibration endpoints, not terminal-voltage limits",59.24166701864095,30.0,18.42482152573103
charge,133,8040.0,loiter,0.5897315746233187,-10.0,27.749977209062422,358.97315746233187,360.36065632278496,0.05,,,"undefined: B-04 and BatteryPack expose a bus-power C-rate proxy, not a physical current limit",,,"undefined: B-03 v_min_v/v_max_v are open-circuit calibration endpoints, not terminal-voltage limits",39.63934367721504,10.0,0.0
discharge,134,8100.0,loiter,0.6059190613286051,8.034088839639143,22.349541972215548,360.5919061328605,359.47442903424974,0.05,,,"undefined: B-04 and BatteryPack expose a bus-power C-rate proxy, not a physical current limit",,,"undefined: B-03 v_min_v/v_max_v are open-circuit calibration endpoints, not terminal-voltage limits",59.47442903424974,30.0,21.965911160360857
charge,135,8160.0,loiter,0.5928818285114793,-9.657067877230858,26.778541080204832,359.28818285114795,360.6271099051582,0.05,,,"undefined: B-04 and BatteryPack expose a bus-power C-rate proxy, not a physical current limit",,,"undefined: B-03 v_min_v/v_max_v are open-circuit calibration endpoints, not terminal-voltage limits",39.37289009484181,10.0,0.34293212276914176
discharge,136,8220.0,loiter,0.6085026441415988,11.540583217367793,32.12463441869545,360.8502644141599,359.2440326932251,0.05,,,"undefined: B-04 and BatteryPack expose a bus-power C-rate proxy, not a physical current limit",,,"undefined: B-03 v_min_v/v_max_v are open-circuit calibration endpoints, not terminal-voltage limits",59.24403269322511,30.0,18.459416782632207
charge,137,8280.0,loiter,0.5897632740640265,-10.0,27.74973404235482,358.9763274064027,360.36381410852044,0.05,,,"undefined: B-04 and BatteryPack expose a bus-power C-rate proxy, not a physical current limit",,,"undefined: B-03 v_min_v/v_max_v are open-circuit calibration endpoints, not terminal-voltage limits",39.636185891479556,10.0,0.0
discharge,138,8340.0,loiter,0.6059506189220668,8.075831893818872,22.465830587105984,360.5950618922067,359.4717703628514,0.05,,,"undefined: B-04 and BatteryPack expose a bus-power C-rate proxy, not a physical current limit",,,"undefined: B-03 v_min_v/v_max_v are open-circuit calibration endpoints, not terminal-voltage limits",59.47177036285137,30.0,21.924168106181128
charge,139,8400.0,loiter,0.5928455510795884,-9.706525557682625,26.91544449263915,359.28455510795885,360.6303273325908,0.05,,,"undefined: B-04 and BatteryPack expose a bus-power C-rate proxy, not a physical current limit",,,"undefined: B-03 v_min_v/v_max_v are open-circuit calibration endpoints, not terminal-voltage limits",39.36967266740919,10.0,0.2934744423173754
discharge,140,8460.0,loiter,0.6085462270336278,11.599941127904039,32.29021689110027,360.8546227033628,359.2401118588078,0.05,,,"undefined: B-04 and BatteryPack expose a bus-power C-rate proxy, not a physical current limit",,,"undefined: B-03 v_min_v/v_max_v are open-circuit calibration endpoints, not terminal-voltage limits",59.24011185880778,30.0,18.40005887209596
charge,141,8520.0,loiter,0.589710267180486,-10.0,27.750140661042337,358.9710267180486,360.3585337511007,0.05,,,"undefined: B-04 and BatteryPack expose a bus-power C-rate proxy, not a physical current limit",,,"undefined: B-03 v_min_v/v_max_v are open-circuit calibration endpoints, not terminal-voltage limits",39.64146624889929,10.0,0.0
discharge,142,8580.0,loiter,0.6058978492327607,8.00335042512296,22.263898813300212,360.58978492327606,359.4765899826111,0.05,,,"undefined: B-04 and BatteryPack expose a bus-power C-rate proxy, not a physical current limit",,,"undefined: B-03 v_min_v/v_max_v are open-circuit calibration endpoints, not terminal-voltage limits",59.476589982611074,30.0,21.99664957487704
charge,143,8640.0,loiter,0.5929105749250022,-9.616739851382121,26.666913737943215,359.2910574925002,360.6244031793974,0.05,,,"undefined: B-04 and BatteryPack expose a bus-power C-rate proxy, not a physical current limit",,,"undefined: B-03 v_min_v/v_max_v are open-circuit calibration endpoints, not terminal-voltage limits",39.375596820602595,10.0,0.3832601486178788
discharge,144,8700.0,loiter,0.6084662746054691,11.491274757283332,31.98708973392741,360.8466274605469,359.24727297385056,0.05,,,"undefined: B-04 and BatteryPack expose a bus-power C-rate proxy, not a physical current limit",,,"undefined: B-03 v_min_v/v_max_v are open-circuit calibration endpoints, not terminal-voltage limits",59.247272973850556,30.0,18.508725242716668
charge,145,8760.0,loiter,0.5898071389273448,-10.0,27.74939756157778,358.98071389273446,360.36818377081335,0.05,,,"undefined: B-04 and BatteryPack expose a bus-power C-rate proxy, not a physical current limit",,,"undefined: B-03 v_min_v/v_max_v are open-circuit calibration endpoints, not terminal-voltage limits",39.631816229186654,10.0,0.0
discharge,146,8820.0,loiter,0.6059942875049319,8.135051934787114,22.630816850237355,360.5994287504932,359.4678879079813,0.05,,,"undefined: B-04 and BatteryPack expose a bus-power C-rate proxy, not a physical current limit",,,"undefined: B-03 v_min_v/v_max_v are open-circuit calibration endpoints, not terminal-voltage limits",59.46788790798132,30.0,21.864948065212886
charge,147,8880.0,loiter,0.5927929776756268,-9.77763510574433,27.112281105351602,359.2792977675627,360.6349118228303,0.05,,,"undefined: B-04 and BatteryPack expose a bus-power C-rate proxy, not a physical current limit",,,"undefined: B-03 v_min_v/v_max_v are open-circuit calibration endpoints, not terminal-voltage limits",39.365088177169696,10.0,0.2223648942556693
discharge,148,8940.0,loiter,0.6086084749870819,11.684238250784759,32.52537182338472,360.8608474987082,359.234578907539,0.05,,,"undefined: B-04 and BatteryPack expose a bus-power C-rate proxy, not a physical current limit",,,"undefined: B-03 v_min_v/v_max_v are open-circuit calibration endpoints, not terminal-voltage limits",59.234578907539,30.0,18.31576174921524
charge,149,9000.0,loiter,0.5896353414234409,-10.0,27.750715440849945,358.9635341423441,360.3510699143866,0.05,,,"undefined: B-04 and BatteryPack expose a bus-power C-rate proxy, not a physical current limit",,,"undefined: B-03 v_min_v/v_max_v are open-circuit calibration endpoints, not terminal-voltage limits",39.648930085613415,10.0,0.0
discharge,150,9060.0,loiter,0.6058232587639367,7.903645986002758,21.986145595577113,360.58232587639367,359.4830185966148,0.05,,,"undefined: B-04 and BatteryPack expose a bus-power C-rate proxy, not a physical current limit",,,"undefined: B-03 v_min_v/v_max_v are open-circuit calibration endpoints, not terminal-voltage limits",59.483018596614784,30.0,22.096354013997242
charge,151,9120.0,loiter,0.5929980071665167,-9.497377486155699,26.336493708702733,359.2998007166517,360.6166254020868,0.05,,,"undefined: B-04 and BatteryPack expose a bus-power C-rate proxy, not a physical current limit",,,"undefined: B-03 v_min_v/v_max_v are open-circuit calibration endpoints, not terminal-voltage limits",39.38337459791319,10.0,0.502622513844301
discharge,152,9180.0,loiter,0.6083609618299267,11.347396651697316,31.585752535352185,360.83609618299266,359.25680855622505,0.05,,,"undefined: B-04 and BatteryPack expose a bus-power C-rate proxy, not a physical current limit",,,"undefined: B-03 v_min_v/v_max_v are open-circuit calibration endpoints, not terminal-voltage limits",59.25680855622505,30.0,18.652603348302684
charge,153,9240.0,loiter,0.5899359395176379,-10.0,27.748409598573293,358.9935939517638,360.38101443169245,0.05,,,"undefined: B-04 and BatteryPack expose a bus-power C-rate proxy, not a physical current limit",,,"undefined: B-03 v_min_v/v_max_v are open-circuit calibration endpoints, not terminal-voltage limits",39.61898556830755,10.0,0.0
discharge,154,9300.0,loiter,0.6061225117834723,8.309675643584395,23.11734054524891,360.6122511783472,359.45638415108476,0.05,,,"undefined: B-04 and BatteryPack expose a bus-power C-rate proxy, not a physical current limit",,,"undefined: B-03 v_min_v/v_max_v are open-circuit calibration endpoints, not terminal-voltage limits",59.45638415108476,30.0,21.690324356415605
charge,155,9360.0,loiter,0.5926373964654105,-9.988144300661062,27.69495685451432,359.26373964654107,360.6484874892668,0.05,,,"undefined: B-04 and BatteryPack expose a bus-power C-rate proxy, not a physical current limit",,,"undefined: B-03 v_min_v/v_max_v are open-circuit calibration endpoints, not terminal-voltage limits",39.35151251073319,10.0,0.011855699338937598
discharge,156,9420.0,loiter,0.6087927879638771,11.934907939232026,33.22468937094811,360.8792787963877,359.2180443278403,0.05,,,"undefined: B-04 and BatteryPack expose a bus-power C-rate proxy, not a physical current limit",,,"undefined: B-03 v_min_v/v_max_v are open-circuit calibration endpoints, not terminal-voltage limits",59.21804432784029,30.0,18.065092060767974
charge,157,9480.0,loiter,0.5894117191641575,-10.0,27.75243106084872,358.9411719164157,360.32879346945816,0.05,,,"undefined: B-04 and BatteryPack expose a bus-power C-rate proxy, not a physical current limit",,,"undefined: B-03 v_min_v/v_max_v are open-circuit calibration endpoints, not terminal-voltage limits",39.67120653054184,10.0,0.0
discharge,158,9540.0,loiter,0.6056006372829859,7.59990555466916,21.14003009505211,360.5600637282986,359.50306222354595,0.05,,,"undefined: B-04 and BatteryPack expose a bus-power C-rate proxy, not a physical current limit",,,"undefined: B-03 v_min_v/v_max_v are open-circuit calibration endpoints, not terminal-voltage limits",59.50306222354595,30.0,22.40009444533084
charge,159,9600.0,loiter,0.5932689530608721,-9.131899848842082,25.324664079358286,359.3268953060872,360.59312851005507,0.05,,,"undefined: B-04 and BatteryPack expose a bus-power C-rate proxy, not a physical current limit",,,"undefined: B-03 v_min_v/v_max_v are open-circuit calibration endpoints, not terminal-voltage limits",39.40687148994493,10.0,0.8681001511579183
discharge,160,9660.0,loiter,0.6080416737738311,10.915791653260122,30.381979696784356,360.8041673773831,359.2850683925439,0.05,,,"undefined: B-04 and BatteryPack expose a bus-power C-rate proxy, not a physical current limit",,,"undefined: B-03 v_min_v/v_max_v are open-circuit calibration endpoints, not terminal-voltage limits",59.285068392543906,30.0,19.084208346739878
charge,161,9720.0,loiter,0.5903188522840402,-10.0,27.745472885730464,359.031885228404,360.41915887269056,0.05,,,"undefined: B-04 and BatteryPack expose a bus-power C-rate proxy, not a physical current limit",,,"undefined: B-03 v_min_v/v_max_v are open-circuit calibration endpoints, not terminal-voltage limits",39.58084112730944,10.0,0.0
discharge,162,9780.0,loiter,0.606503711467383,8.826207942950024,24.556634531571152,360.6503711467383,359.4225394201597,0.05,,,"undefined: B-04 and BatteryPack expose a bus-power C-rate proxy, not a physical current limit",,,"undefined: B-03 v_min_v/v_max_v are open-circuit calibration endpoints, not terminal-voltage limits",59.422539420159694,30.0,21.173792057049976
charge,163,9840.0,loiter,0.5921790079906332,-10.0,27.73121540560055,359.21790079906333,360.60446156934336,0.05,,,"undefined: B-04 and BatteryPack expose a bus-power C-rate proxy, not a physical current limit",,,"undefined: B-03 v_min_v/v_max_v are open-circuit calibration endpoints, not terminal-voltage limits",39.39553843065664,10.0,0.0
discharge,164,9900.0,loiter,0.6083555503105669,11.339675416646738,31.564213214685992,360.8355550310567,359.25734437032236,0.05,,,"undefined: B-04 and BatteryPack expose a bus-power C-rate proxy, not a physical current limit",,,"undefined: B-03 v_min_v/v_max_v are open-circuit calibration endpoints, not terminal-voltage limits",59.25734437032236,30.0,18.660324583353262
charge,165,9960.0,loiter,0.5899430926020001,-10.0,27.748354733000728,358.9943092602,360.38172699685003,0.05,,,"undefined: B-04 and BatteryPack expose a bus-power C-rate proxy, not a physical current limit",,,"undefined: B-03 v_min_v/v_max_v are open-circuit calibration endpoints, not terminal-voltage limits",39.618273003149966,10.0,0.0
discharge,166,10020.0,loiter,0.6061296328629171,8.317892292986702,23.14022691258629,360.6129632862917,359.4559519406624,0.05,,,"undefined: B-04 and BatteryPack expose a bus-power C-rate proxy, not a physical current limit",,,"undefined: B-03 v_min_v/v_max_v are open-circuit calibration endpoints, not terminal-voltage limits",59.45595194066237,30.0,21.682107707013298
charge,167,10080.0,loiter,0.5926311671639084,-9.996746236318273,27.71876454212361,359.26311671639087,360.64905494349705,0.05,,,"undefined: B-04 and BatteryPack expose a bus-power C-rate proxy, not a physical current limit",,,"undefined: B-03 v_min_v/v_max_v are open-circuit calibration endpoints, not terminal-voltage limits",39.35094505650295,10.0,0.0032537636817266957
discharge,168,10140.0,loiter,0.6088004464801472,11.944963523823787,33.25274129722857,360.88004464801475,359.2174075831533,0.05,,,"undefined: B-04 and BatteryPack expose a bus-power C-rate proxy, not a physical current limit",,,"undefined: B-03 v_min_v/v_max_v are open-circuit calibration endpoints, not terminal-voltage limits",59.21740758315332,30.0,18.055036476176213
charge,169,10200.0,loiter,0.5894030140567639,-10.0,27.752497850317468,358.9403014056764,360.32792629819227,0.05,,,"undefined: B-04 and BatteryPack expose a bus-power C-rate proxy, not a physical current limit",,,"undefined: B-03 v_min_v/v_max_v are open-circuit calibration endpoints, not terminal-voltage limits",39.67207370180773,10.0,0.0
discharge,170,10260.0,loiter,0.6055919711361157,7.589270792398317,21.110412183238054,360.55919711361156,359.5036765044497,0.05,,,"undefined: B-04 and BatteryPack expose a bus-power C-rate proxy, not a physical current limit",,,"undefined: B-03 v_min_v/v_max_v are open-circuit calibration endpoints, not terminal-voltage limits",59.503676504449686,30.0,22.410729207601683
charge,171,10320.0,loiter,0.5932775640292268,-9.119010375537265,25.288983606253623,359.32775640292266,360.59220558323534,0.05,,,"undefined: B-04 and BatteryPack expose a bus-power C-rate proxy, not a physical current limit",,,"undefined: B-03 v_min_v/v_max_v are open-circuit calibration endpoints, not terminal-voltage limits",39.40779441676466,10.0,0.8809896244627353
discharge,172,10380.0,loiter,0.6080294711328748,10.898637262119031,30.334134841508558,360.8029471132875,359.28624037121205,0.05,,,"undefined: B-04 and BatteryPack expose a bus-power C-rate proxy, not a physical current limit",,,"undefined: B-03 v_min_v/v_max_v are open-circuit calibration endpoints, not terminal-voltage limits",59.286240371212045,30.0,19.10136273788097
charge,173,10440.0,loiter,0.5903345591419947,-10.0,27.745352436706412,359.03345591419946,360.42072353603476,0.05,,,"undefined: B-04 and BatteryPack expose a bus-power C-rate proxy, not a physical current limit",,,"undefined: B-03 v_min_v/v_max_v are open-circuit calibration endpoints, not terminal-voltage limits",39.57927646396524,10.0,0.0
discharge,174,10500.0,loiter,0.6065193480634068,8.847811155667898,24.61683894310113,360.6519348063407,359.42109285918565,0.05,,,"undefined: B-04 and BatteryPack expose a bus-power C-rate proxy, not a physical current limit",,,"undefined: B-03 v_min_v/v_max_v are open-circuit calibration endpoints, not terminal-voltage limits",59.42109285918565,30.0,21.152188844332102
charge,175,10560.0,loiter,0.5921595253465978,-10.0,27.731364658002345,359.2159525346598,360.6025207675599,0.05,,,"undefined: B-04 and BatteryPack expose a bus-power C-rate proxy, not a physical current limit",,,"undefined: B-03 v_min_v/v_max_v are open-circuit calibration endpoints, not terminal-voltage limits",39.397479232440105,10.0,0.0
discharge,176,10620.0,loiter,0.6083361547304325,11.313959096700568,31.49248696959603,360.83361547304327,359.25899112456347,0.05,,,"undefined: B-04 and BatteryPack expose a bus-power C-rate proxy, not a physical current limit",,,"undefined: B-03 v_min_v/v_max_v are open-circuit calibration endpoints, not terminal-voltage limits",59.258991124563465,30.0,18.686040903299432
charge,177,10680.0,loiter,0.5899655373315015,-9.999999999999996,27.748182578886254,358.99655373315017,360.38396286209445,0.05,,,"undefined: B-04 and BatteryPack expose a bus-power C-rate proxy, not a physical current limit",,,"undefined: B-03 v_min_v/v_max_v are open-circuit calibration endpoints, not terminal-voltage limits",39.61603713790555,10.0,3.552713678800501e-15
discharge,178,10740.0,loiter,0.6061519771691851,8.349148074276737,23.227316929217636,360.6151977169185,359.45383187045763,0.05,,,"undefined: B-04 and BatteryPack expose a bus-power C-rate proxy, not a physical current limit",,,"undefined: B-03 v_min_v/v_max_v are open-circuit calibration endpoints, not terminal-voltage limits",59.453831870457634,30.0,21.650851925723263
charge,179,10800.0,loiter,0.5926027089604748,-10.0,27.72796991820201,359.2602708960475,360.6466693919576,0.05,,,"undefined: B-04 and BatteryPack expose a bus-power C-rate proxy, not a physical current limit",,,"undefined: B-03 v_min_v/v_max_v are open-circuit calibration endpoints, not terminal-voltage limits",39.35333060804243,10.0,0.0
discharge,180,10860.0,loiter,0.608777358079426,11.913420803027478,33.16473866353476,360.8777358079426,359.21949887476586,0.05,,,"undefined: B-04 and BatteryPack expose a bus-power C-rate proxy, not a physical current limit",,,"undefined: B-03 v_min_v/v_max_v are open-circuit calibration endpoints, not terminal-voltage limits",59.21949887476586,30.0,18.086579196972522
charge,181,10920.0,loiter,0.5894312605256974,-10.0,27.75228113196874,358.9431260525697,360.3307401091681,0.05,,,"undefined: B-04 and BatteryPack expose a bus-power C-rate proxy, not a physical current limit",,,"undefined: B-03 v_min_v/v_max_v are open-circuit calibration endpoints, not terminal-voltage limits",39.66925989083188,10.0,0.0
discharge,182,10980.0,loiter,0.6056200911860125,7.6272473413205475,21.216194421891146,360.5620091186012,359.50119939750664,0.05,,,"undefined: B-04 and BatteryPack expose a bus-power C-rate proxy, not a physical current limit",,,"undefined: B-03 v_min_v/v_max_v are open-circuit calibration endpoints, not terminal-voltage limits",59.50119939750664,30.0,22.372752658679453
charge,183,11040.0,loiter,0.5932439777732427,-9.166179922126016,25.419571418115655,359.3243977773243,360.5953763482301,0.05,,,"undefined: B-04 and BatteryPack expose a bus-power C-rate proxy, not a physical current limit",,,"undefined: B-03 v_min_v/v_max_v are open-circuit calibration endpoints, not terminal-voltage limits",39.404623651769896,10.0,0.8338200778739839
discharge,184,11100.0,loiter,0.6080720611004768,10.955240094750437,30.491985658582053,360.8072061100477,359.28260682711857,0.05,,,"undefined: B-04 and BatteryPack expose a bus-power C-rate proxy, not a physical current limit",,,"undefined: B-03 v_min_v/v_max_v are open-circuit calibration endpoints, not terminal-voltage limits",59.28260682711857,30.0,19.044759905249563
charge,185,11160.0,loiter,0.590285069466304,-10.0,27.745731954914277,359.0285069466304,360.41579354437613,0.05,,,"undefined: B-04 and BatteryPack expose a bus-power C-rate proxy, not a physical current limit",,,"undefined: B-03 v_min_v/v_max_v are open-circuit calibration endpoints, not terminal-voltage limits",39.58420645562387,10.0,0.0
discharge,186,11220.0,loiter,0.6064700797733373,8.781116142616117,24.4309798404538,360.6470079773337,359.425458985311,0.05,,,"undefined: B-04 and BatteryPack expose a bus-power C-rate proxy, not a physical current limit",,,"undefined: B-03 v_min_v/v_max_v are open-circuit calibration endpoints, not terminal-voltage limits",59.425458985311025,30.0,21.218883857383883
charge,187,11280.0,loiter,0.592218674866406,-9.999999999999996,27.730911531028827,359.2218674866406,360.608413063192,0.05,,,"undefined: B-04 and BatteryPack expose a bus-power C-rate proxy, not a physical current limit",,,"undefined: B-03 v_min_v/v_max_v are open-circuit calibration endpoints, not terminal-voltage limits",39.39158693680798,10.0,3.552713678800501e-15
discharge,188,11340.0,loiter,0.6083950399261728,11.394340284470573,31.7166984374677,360.83950399261727,359.25366907074385,0.05,,,"undefined: B-04 and BatteryPack expose a bus-power C-rate proxy, not a physical current limit",,,"undefined: B-03 v_min_v/v_max_v are open-circuit calibration endpoints, not terminal-voltage limits",59.253669070743854,30.0,18.605659715529427
charge,189,11400.0,loiter,0.5898936325043167,-10.000000000000053,27.748734106158395,358.98936325043167,360.37679995573956,0.05,,,"undefined: B-04 and BatteryPack expose a bus-power C-rate proxy, not a physical current limit",,,"undefined: B-03 v_min_v/v_max_v are open-circuit calibration endpoints, not terminal-voltage limits",39.62320004426044,10.0,-5.3290705182007514e-14
discharge,190,11460.0,loiter,0.6060803940662425,8.252173217589345,22.95712740108911,360.60803940662424,359.4601830365698,0.05,,,"undefined: B-04 and BatteryPack expose a bus-power C-rate proxy, not a physical current limit",,,"undefined: B-03 v_min_v/v_max_v are open-circuit calibration endpoints, not terminal-voltage limits",59.46018303656979,30.0,21.747826782410655
charge,191,11520.0,loiter,0.5926887364156072,-9.9184626581564,27.502088655731427,359.26887364156073,360.6439780743473,0.05,,,"undefined: B-04 and BatteryPack expose a bus-power C-rate proxy, not a physical current limit",,,"undefined: B-03 v_min_v/v_max_v are open-circuit calibration endpoints, not terminal-voltage limits",39.356021925652726,10.0,0.08153734184359962
discharge,192,11580.0,loiter,0.6087316214647838,11.850005542880716,32.98781004565001,360.87316214647836,359.22377164419584,0.05,,,"undefined: B-04 and BatteryPack expose a bus-power C-rate proxy, not a physical current limit",,,"undefined: B-03 v_min_v/v_max_v are open-circuit calibration endpoints, not terminal-voltage limits",59.223771644195836,30.0,18.149994457119284
charge,193,11640.0,loiter,0.5894887322714879,-10.0,27.751840195869022,358.9488732271488,360.3364652369422,0.05,,,"undefined: B-04 and BatteryPack expose a bus-power C-rate proxy, not a physical current limit",,,"undefined: B-03 v_min_v/v_max_v are open-circuit calibration endpoints, not terminal-voltage limits",39.66353476305778,10.0,0.0
discharge,194,11700.0,loiter,0.6056773057190782,7.705639474162091,21.434562335986698,360.5677305719078,359.4960024551085,0.05,,,"undefined: B-04 and BatteryPack expose a bus-power C-rate proxy, not a physical current limit",,,"undefined: B-03 v_min_v/v_max_v are open-circuit calibration endpoints, not terminal-voltage limits",59.49600245510851,30.0,22.29436052583791
charge,195,11760.0,loiter,0.593173811023086,-9.259805553638607,25.678789912041676,359.3173811023086,360.60132059791067,0.05,,,"undefined: B-04 and BatteryPack expose a bus-power C-rate proxy, not a physical current limit",,,"undefined: B-03 v_min_v/v_max_v are open-circuit calibration endpoints, not terminal-voltage limits",39.39867940208933,10.0,0.740194446361393
discharge,196,11820.0,loiter,0.6081531051384437,11.06606491830414,30.801077205756542,360.81531051384434,359.27525665355654,0.05,,,"undefined: B-04 and BatteryPack expose a bus-power C-rate proxy, not a physical current limit",,,"undefined: B-03 v_min_v/v_max_v are open-circuit calibration endpoints, not terminal-voltage limits",59.27525665355654,30.0,18.93393508169586
charge,197,11880.0,loiter,0.5901858101017523,-10.0,27.746493169824475,359.01858101017524,360.4059056686665,0.05,,,"undefined: B-04 and BatteryPack expose a bus-power C-rate proxy, not a physical current limit",,,"undefined: B-03 v_min_v/v_max_v are open-circuit calibration endpoints, not terminal-voltage limits",39.59409433133351,10.0,0.0
discharge,198,11940.0,loiter,0.6063712644508166,8.64667668729679,24.05634762529473,360.63712644508166,359.43430906381695,0.05,,,"undefined: B-04 and BatteryPack expose a bus-power C-rate proxy, not a physical current limit",,,"undefined: B-03 v_min_v/v_max_v are open-circuit calibration endpoints, not terminal-voltage limits",59.434309063816954,30.0,21.35332331270321
charge,199,12000.0,loiter,0.592338395002728,-10.0,27.729994435622984,359.2338395002728,360.62033922205393,0.05,,,"undefined: B-04 and BatteryPack expose a bus-power C-rate proxy, not a physical current limit",,,"undefined: B-03 v_min_v/v_max_v are open-circuit calibration endpoints, not terminal-voltage limits",39.37966077794607,10.0,0.0
discharge,200,12060.0,loiter,0.6085142250901747,11.556698593244192,32.16959113593873,360.8514225090175,359.2429429522206,0.05,,,"undefined: B-04 and BatteryPack expose a bus-power C-rate proxy, not a physical current limit",,,"undefined: B-03 v_min_v/v_max_v are open-circuit calibration endpoints, not terminal-voltage limits",59.242942952220574,30.0,18.443301406755808
charge,201,12120.0,loiter,0.5897486302608771,-10.0,27.74984637457862,358.9748630260877,360.3623553448166,0.05,,,"undefined: B-04 and BatteryPack expose a bus-power C-rate proxy, not a physical current limit",,,"undefined: B-03 v_min_v/v_max_v are open-circuit calibration endpoints, not terminal-voltage limits",39.63764465518341,10.0,0.0
discharge,202,12180.0,loiter,0.605936040646048,8.055912384305618,22.410335206782857,360.5936040646048,359.4730873042657,0.05,,,"undefined: B-04 and BatteryPack expose a bus-power C-rate proxy, not a physical current limit",,,"undefined: B-03 v_min_v/v_max_v are open-circuit calibration endpoints, not terminal-voltage limits",59.473087304265675,30.0,21.944087615694382
charge,203,12240.0,loiter,0.592863345108758,-9.682058253063698,26.84771817894159,359.2863345108758,360.6287204198229,0.05,,,"undefined: B-04 and BatteryPack expose a bus-power C-rate proxy, not a physical current limit",,,"undefined: B-03 v_min_v/v_max_v are open-circuit calibration endpoints, not terminal-voltage limits",39.37127958017709,10.0,0.3179417469363024
discharge,204,12300.0,loiter,0.608524514046474,11.570098716851476,32.20696744392001,360.8524514046474,359.2421030324514,0.05,,,"undefined: B-04 and BatteryPack expose a bus-power C-rate proxy, not a physical current limit",,,"undefined: B-03 v_min_v/v_max_v are open-circuit calibration endpoints, not terminal-voltage limits",59.24210303245138,30.0,18.429901283148524
charge,205,12360.0,loiter,0.589737116370854,-10.0,27.74993469795845,358.9737116370854,360.3612083719833,0.05,,,"undefined: B-04 and BatteryPack expose a bus-power C-rate proxy, not a physical current limit",,,"undefined: B-03 v_min_v/v_max_v are open-circuit calibration endpoints, not terminal-voltage limits",39.63879162801669,10.0,0.0
discharge,206,12420.0,loiter,0.6059245782779964,8.040265947420071,22.366744883794926,360.59245782779965,359.4741205836099,0.05,,,"undefined: B-04 and BatteryPack expose a bus-power C-rate proxy, not a physical current limit",,,"undefined: B-03 v_min_v/v_max_v are open-circuit calibration endpoints, not terminal-voltage limits",59.474120583609874,30.0,21.95973405257993
charge,207,12480.0,loiter,0.5928773104291161,-9.66299049963581,26.794936859175777,359.2877310429116,360.6274778858704,0.05,,,"undefined: B-04 and BatteryPack expose a bus-power C-rate proxy, not a physical current limit",,,"undefined: B-03 v_min_v/v_max_v are open-circuit calibration endpoints, not terminal-voltage limits",39.372522114129595,10.0,0.3370095003641893
discharge,208,12540.0,loiter,0.6085076902636353,11.547339091373107,32.143479383494196,360.85076902636354,359.2435950571888,0.05,,,"undefined: B-04 and BatteryPack expose a bus-power C-rate proxy, not a physical current limit",,,"undefined: B-03 v_min_v/v_max_v are open-circuit calibration endpoints, not terminal-voltage limits",59.24359505718883,30.0,18.452660908626893
charge,209,12600.0,loiter,0.5897573272899304,-10.0,27.749779659791333,358.975732728993,360.3632217119826,0.05,,,"undefined: B-04 and BatteryPack expose a bus-power C-rate proxy, not a physical current limit",,,"undefined: B-03 v_min_v/v_max_v are open-circuit calibration endpoints, not terminal-voltage limits",39.63677828801741,10.0,0.0
discharge,210,12660.0,loiter,0.6059446987581419,8.068060741787818,22.44418171252676,360.5944698758142,359.4722607901878,0.05,,,"undefined: B-04 and BatteryPack expose a bus-power C-rate proxy, not a physical current limit",,,"undefined: B-03 v_min_v/v_max_v are open-circuit calibration endpoints, not terminal-voltage limits",59.47226079018782,30.0,21.931939258212182
charge,211,12720.0,loiter,0.5928522594258346,-9.696986449993052,26.88904169793318,359.28522594258345,360.6296780274801,0.05,,,"undefined: B-04 and BatteryPack expose a bus-power C-rate proxy, not a physical current limit",,,"undefined: B-03 v_min_v/v_max_v are open-circuit calibration endpoints, not terminal-voltage limits",39.37032197251989,10.0,0.3030135500069484
discharge,212,12780.0,loiter,0.608537533749629,11.588482237410965,32.25825386506756,360.85375337496293,359.2408406817095,0.05,,,"undefined: B-04 and BatteryPack expose a bus-power C-rate proxy, not a physical current limit",,,"undefined: B-03 v_min_v/v_max_v are open-circuit calibration endpoints, not terminal-voltage limits",59.24084068170953,30.0,18.411517762589035
charge,213,12840.0,loiter,0.5897202189950063,-10.0,27.750064319226336,358.97202189950065,360.35952511546196,0.05,,,"undefined: B-04 and BatteryPack expose a bus-power C-rate proxy, not a physical current limit",,,"undefined: B-03 v_min_v/v_max_v are open-circuit calibration endpoints, not terminal-voltage limits",39.64047488453804,10.0,0.0
discharge,214,12900.0,loiter,0.605907756514555,8.017146292924082,22.302334229150915,360.5907756514555,359.47565893999797,0.05,,,"undefined: B-04 and BatteryPack expose a bus-power C-rate proxy, not a physical current limit",,,"undefined: B-03 v_min_v/v_max_v are open-circuit calibration endpoints, not terminal-voltage limits",59.47565893999797,30.0,21.98285370707592
charge,215,12960.0,loiter,0.5928980615475503,-9.634619229224604,26.71640207376697,359.289806154755,360.6256262584434,0.05,,,"undefined: B-04 and BatteryPack expose a bus-power C-rate proxy, not a physical current limit",,,"undefined: B-03 v_min_v/v_max_v are open-circuit calibration endpoints, not terminal-voltage limits",39.37437374155661,10.0,0.36538077077539555
discharge,216,13020.0,loiter,0.6084826294239144,11.512717938095413,32.04689980535761,360.84826294239144,359.2459179521236,0.05,,,"undefined: B-04 and BatteryPack expose a bus-power C-rate proxy, not a physical current limit",,,"undefined: B-03 v_min_v/v_max_v are open-circuit calibration endpoints, not terminal-voltage limits",59.24591795212359,30.0,18.487282061904587
charge,217,13080.0,loiter,0.5897886045374559,-10.0,27.749539735106623,358.9788604537456,360.36633744050096,0.05,,,"undefined: B-04 and BatteryPack expose a bus-power C-rate proxy, not a physical current limit",,,"undefined: B-03 v_min_v/v_max_v are open-circuit calibration endpoints, not terminal-voltage limits",39.633662559499044,10.0,0.0
discharge,218,13140.0,loiter,0.6059758360496014,8.109552813336435,22.559773978816224,360.59758360496016,359.4695949060193,0.05,,,"undefined: B-04 and BatteryPack expose a bus-power C-rate proxy, not a physical current limit",,,"undefined: B-03 v_min_v/v_max_v are open-circuit calibration endpoints, not terminal-voltage limits",59.469594906019324,30.0,21.890447186663565
charge,219,13200.0,loiter,0.5928159678952919,-9.746776295471577,27.02686088509779,359.2815967895292,360.6329398337841,0.05,,,"undefined: B-04 and BatteryPack expose a bus-power C-rate proxy, not a physical current limit",,,"undefined: B-03 v_min_v/v_max_v are open-circuit calibration endpoints, not terminal-voltage limits",39.36706016621588,10.0,0.25322370452842335
discharge,220,13260.0,loiter,0.6085816367449323,11.648179293109166,32.42478291559394,360.8581636744932,359.23692452871353,0.05,,,"undefined: B-04 and BatteryPack expose a bus-power C-rate proxy, not a physical current limit",,,"undefined: B-03 v_min_v/v_max_v are open-circuit calibration endpoints, not terminal-voltage limits",59.23692452871353,30.0,18.351820706890834
charge,221,13320.0,loiter,0.5896671800441692,-10.0,27.750471193555764,358.9667180044169,360.3542415640947,0.05,,,"undefined: B-04 and BatteryPack expose a bus-power C-rate proxy, not a physical current limit",,,"undefined: B-03 v_min_v/v_max_v are open-circuit calibration endpoints, not terminal-voltage limits",39.64575843590529,10.0,0.0
discharge,222,13380.0,loiter,0.6058549549070767,7.945535310061313,22.102836020128507,360.5854954907077,359.48035368970125,0.05,,,"undefined: B-04 and BatteryPack expose a bus-power C-rate proxy, not a physical current limit",,,"undefined: B-03 v_min_v/v_max_v are open-circuit calibration endpoints, not terminal-voltage limits",59.480353689701246,30.0,22.054464689938687
charge,223,13440.0,loiter,0.5929616338953351,-9.548089542920149,26.476871384487595,359.2961633895335,360.62000695875787,0.05,,,"undefined: B-04 and BatteryPack expose a bus-power C-rate proxy, not a physical current limit",,,"undefined: B-03 v_min_v/v_max_v are open-circuit calibration endpoints, not terminal-voltage limits",39.37999304124213,10.0,0.4519104570798511
discharge,224,13500.0,loiter,0.6084064755362861,11.409328772113493,31.758503307270303,360.8406475536286,359.2527223882651,0.05,,,"undefined: B-04 and BatteryPack expose a bus-power C-rate proxy, not a physical current limit",,,"undefined: B-03 v_min_v/v_max_v are open-circuit calibration endpoints, not terminal-voltage limits",59.25272238826511,30.0,18.590671227886507
charge,225,13560.0,loiter,0.5898806819403785,-9.999999999999996,27.748833442411186,358.98806819403785,360.37550986615844,0.05,,,"undefined: B-04 and BatteryPack expose a bus-power C-rate proxy, not a physical current limit",,,"undefined: B-03 v_min_v/v_max_v are open-circuit calibration endpoints, not terminal-voltage limits",39.62449013384156,10.0,3.552713678800501e-15
discharge,226,13620.0,loiter,0.6060675014484517,8.235147654812067,22.90969416359303,360.60675014484514,359.4612654366655,0.05,,,"undefined: B-04 and BatteryPack expose a bus-power C-rate proxy, not a physical current limit",,,"undefined: B-03 v_min_v/v_max_v are open-circuit calibration endpoints, not terminal-voltage limits",59.461265436665485,30.0,21.764852345187933
charge,227,13680.0,loiter,0.5927035131863557,-9.898651707015048,27.44725270750166,359.27035131863556,360.6427139540107,0.05,,,"undefined: B-04 and BatteryPack expose a bus-power C-rate proxy, not a physical current limit",,,"undefined: B-03 v_min_v/v_max_v are open-circuit calibration endpoints, not terminal-voltage limits",39.357286045989326,10.0,0.10134829298495163
discharge,228,13740.0,loiter,0.6087144105990651,11.827616148504067,32.92535441925793,360.8714410599065,359.2251733389436,0.05,,,"undefined: B-04 and BatteryPack expose a bus-power C-rate proxy, not a physical current limit",,,"undefined: B-03 v_min_v/v_max_v are open-circuit calibration endpoints, not terminal-voltage limits",59.22517333894359,30.0,18.172383851495933
charge,229,13800.0,loiter,0.589507953854498,-9.999999999999996,27.751692726696433,358.9507953854498,360.3383800217846,0.05,,,"undefined: B-04 and BatteryPack expose a bus-power C-rate proxy, not a physical current limit",,,"undefined: B-03 v_min_v/v_max_v are open-circuit calibration endpoints, not terminal-voltage limits",39.66161997821541,10.0,3.552713678800501e-15
discharge,230,13860.0,loiter,0.6056964412784042,7.730039741183571,21.502524673991843,360.56964412784043,359.4945178941408,0.05,,,"undefined: B-04 and BatteryPack expose a bus-power C-rate proxy, not a physical current limit",,,"undefined: B-03 v_min_v/v_max_v are open-circuit calibration endpoints, not terminal-voltage limits",59.49451789414081,30.0,22.26996025881643
charge,231,13920.0,loiter,0.5931533018852423,-9.288649657467474,25.758640121383678,359.31533018852423,360.6032621945934,0.05,,,"undefined: B-04 and BatteryPack expose a bus-power C-rate proxy, not a physical current limit",,,"undefined: B-03 v_min_v/v_max_v are open-circuit calibration endpoints, not terminal-voltage limits",39.39673780540659,10.0,0.7113503425325263
discharge,232,13980.0,loiter,0.6081791752893828,11.101941709918027,30.9011420924088,360.81791752893827,359.27286042431786,0.05,,,"undefined: B-04 and BatteryPack expose a bus-power C-rate proxy, not a physical current limit",,,"undefined: B-03 v_min_v/v_max_v are open-circuit calibration endpoints, not terminal-voltage limits",59.272860424317855,30.0,18.898058290081973
charge,233,14040.0,loiter,0.590153509068811,-10.00000000000001,27.74674089374116,359.0153509068811,360.40268795156817,0.05,,,"undefined: B-04 and BatteryPack expose a bus-power C-rate proxy, not a physical current limit",,,"undefined: B-03 v_min_v/v_max_v are open-circuit calibration endpoints, not terminal-voltage limits",39.59731204843183,10.0,-1.0658141036401503e-14
discharge,234,14100.0,loiter,0.6063391079234933,8.603058272031603,23.934804121676056,360.63391079234935,359.43717058626555,0.05,,,"undefined: B-04 and BatteryPack expose a bus-power C-rate proxy, not a physical current limit",,,"undefined: B-03 v_min_v/v_max_v are open-circuit calibration endpoints, not terminal-voltage limits",59.43717058626555,30.0,21.396941727968397
charge,235,14160.0,loiter,0.5923771388525156,-9.999999999999996,27.729697658001555,359.23771388525154,360.6241987681516,0.05,,,"undefined: B-04 and BatteryPack expose a bus-power C-rate proxy, not a physical current limit",,,"undefined: B-03 v_min_v/v_max_v are open-circuit calibration endpoints, not terminal-voltage limits",39.37580123184841,10.0,3.552713678800501e-15
discharge,236,14220.0,loiter,0.6085527958196832,11.607468268390168,32.311205147955775,360.8552795819683,359.2397193245705,0.05,,,"undefined: B-04 and BatteryPack expose a bus-power C-rate proxy, not a physical current limit",,,"undefined: B-03 v_min_v/v_max_v are open-circuit calibration endpoints, not terminal-voltage limits",59.2397193245705,30.0,18.392531731609832
charge,237,14280.0,loiter,0.5897045928167091,-9.999999999999956,27.750184190098818,358.9704592816709,360.3579684911758,0.05,,,"undefined: B-04 and BatteryPack expose a bus-power C-rate proxy, not a physical current limit",,,"undefined: B-03 v_min_v/v_max_v are open-circuit calibration endpoints, not terminal-voltage limits",39.642031508824175,10.0,4.440892098500626e-14
discharge,238,14340.0,loiter,0.6058922002609334,7.997378751398177,22.247270182805323,360.58922002609336,359.4768565169531,0.05,,,"undefined: B-04 and BatteryPack expose a bus-power C-rate proxy, not a physical current limit",,,"undefined: B-03 v_min_v/v_max_v are open-circuit calibration endpoints, not terminal-voltage limits",59.47685651695309,30.0,22.002621248601823
charge,239,14400.0,loiter,0.5929146259876302,-9.611419788501443,26.652185856829078,359.291462598763,360.62407189160444,0.05,,,"undefined: B-04 and BatteryPack expose a bus-power C-rate proxy, not a physical current limit",,,"undefined: B-03 v_min_v/v_max_v are open-circuit calibration endpoints, not terminal-voltage limits",39.375928108395556,10.0,0.3885802114985566
discharge,240,14460.0,loiter,0.6084617344041139,11.484178594287489,31.96728917244343,360.8461734404114,359.24780898178926,0.05,,,"undefined: B-04 and BatteryPack expose a bus-power C-rate proxy, not a physical current limit",,,"undefined: B-03 v_min_v/v_max_v are open-circuit calibration endpoints, not terminal-voltage limits",59.24780898178926,30.0,18.51582140571251
charge,241,14520.0,loiter,0.5898141490535219,-10.000000000000009,27.749343788706252,358.9814149053522,360.3688820947875,0.05,,,"undefined: B-04 and BatteryPack expose a bus-power C-rate proxy, not a physical current limit",,,"undefined: B-03 v_min_v/v_max_v are open-circuit calibration endpoints, not terminal-voltage limits",39.63111790521248,10.0,-8.881784197001252e-15
discharge,242,14580.0,loiter,0.6060012662636005,8.143713469701662,22.654944332010132,360.60012662636007,359.4673794097596,0.05,,,"undefined: B-04 and BatteryPack expose a bus-power C-rate proxy, not a physical current limit",,,"undefined: B-03 v_min_v/v_max_v are open-circuit calibration endpoints, not terminal-voltage limits",59.46737940975959,30.0,21.856286530298338
charge,243,14640.0,loiter,0.5927858820699279,-9.786768536596849,27.137565343418828,359.27858820699277,360.6354664741637,0.05,,,"undefined: B-04 and BatteryPack expose a bus-power C-rate proxy, not a physical current limit",,,"undefined: B-03 v_min_v/v_max_v are open-circuit calibration endpoints, not terminal-voltage limits",39.36453352583629,10.0,0.2132314634031509
discharge,244,14700.0,loiter,0.6086161285202555,11.692902796775215,32.549531394159885,360.86161285202553,359.23413628231754,0.05,,,"undefined: B-04 and BatteryPack expose a bus-power C-rate proxy, not a physical current limit",,,"undefined: B-03 v_min_v/v_max_v are open-circuit calibration endpoints, not terminal-voltage limits",59.234136282317536,30.0,18.307097203224785
charge,245,14760.0,loiter,0.5896289018736622,-10.0,27.75076484183387,358.9628901873662,360.3504284294579,0.05,,,"undefined: B-04 and BatteryPack expose a bus-power C-rate proxy, not a physical current limit",,,"undefined: B-03 v_min_v/v_max_v are open-circuit calibration endpoints, not terminal-voltage limits",39.64957157054209,10.0,0.0
discharge,246,14820.0,loiter,0.6058168480313987,7.894215609581565,21.95987134336974,360.58168480313986,359.4836912359714,0.05,,,"undefined: B-04 and BatteryPack expose a bus-power C-rate proxy, not a physical current limit",,,"undefined: B-03 v_min_v/v_max_v are open-circuit calibration endpoints, not terminal-voltage limits",59.48369123597138,30.0,22.105784390418435
charge,247,14880.0,loiter,0.5930069230810997,-9.485618989334121,26.303940756848192,359.30069230811,360.6158893459524,0.05,,,"undefined: B-04 and BatteryPack expose a bus-power C-rate proxy, not a physical current limit",,,"undefined: B-03 v_min_v/v_max_v are open-circuit calibration endpoints, not terminal-voltage limits",39.38411065404762,10.0,0.514381010665879
discharge,248,14940.0,loiter,0.6083508885225944,11.335186256773163,31.551703557587985,360.83508885225945,359.25750367438,0.05,,,"undefined: B-04 and BatteryPack expose a bus-power C-rate proxy, not a physical current limit",,,"undefined: B-03 v_min_v/v_max_v are open-circuit calibration endpoints, not terminal-voltage limits",59.25750367438002,30.0,18.664813743226837
charge,249,15000.0,loiter,0.5899457281140015,-9.999999999999996,27.748334518156526,358.99457281140013,360.38198953730796,0.05,,,"undefined: B-04 and BatteryPack expose a bus-power C-rate proxy, not a physical current limit",,,"undefined: B-03 v_min_v/v_max_v are open-circuit calibration endpoints, not terminal-voltage limits",39.61801046269204,10.0,3.552713678800501e-15
discharge,250,15060.0,loiter,0.6061322565829261,8.322808485426012,23.15393090757425,360.6132256582926,359.4555291129139,0.05,,,"undefined: B-04 and BatteryPack expose a bus-power C-rate proxy, not a physical current limit",,,"undefined: B-03 v_min_v/v_max_v are open-circuit calibration endpoints, not terminal-voltage limits",59.455529112913894,30.0,21.677191514573988
charge,251,15120.0,loiter,0.5926257968868411,-10.0,27.72779308980773,359.2625796886841,360.6489693431745,0.05,,,"undefined: B-04 and BatteryPack expose a bus-power C-rate proxy, not a physical current limit",,,"undefined: B-03 v_min_v/v_max_v are open-circuit calibration endpoints, not terminal-voltage limits",39.351030656825515,10.0,0.0
discharge,252,15180.0,loiter,0.6088003428558957,11.944722844982902,33.252069136580644,360.88003428558955,359.2174308287605,0.05,,,"undefined: B-04 and BatteryPack expose a bus-power C-rate proxy, not a physical current limit",,,"undefined: B-03 v_min_v/v_max_v are open-circuit calibration endpoints, not terminal-voltage limits",59.217430828760484,30.0,18.055277155017098
charge,253,15240.0,loiter,0.5894033025262236,-10.0,27.75249563704619,358.94033025262235,360.32795503447466,0.05,,,"undefined: B-04 and BatteryPack expose a bus-power C-rate proxy, not a physical current limit",,,"undefined: B-03 v_min_v/v_max_v are open-circuit calibration endpoints, not terminal-voltage limits",39.672044965525345,10.0,0.0
discharge,254,15300.0,loiter,0.6055922583145006,7.589774425010752,21.111815528231546,360.5592258314501,359.5036350550385,0.05,,,"undefined: B-04 and BatteryPack expose a bus-power C-rate proxy, not a physical current limit",,,"undefined: B-03 v_min_v/v_max_v are open-circuit calibration endpoints, not terminal-voltage limits",59.5036350550385,30.0,22.410225574989248
charge,255,15360.0,loiter,0.5932770325896989,-9.121216957221325,25.295085260249266,359.3277032589699,360.5924575219824,0.05,,,"undefined: B-04 and BatteryPack expose a bus-power C-rate proxy, not a physical current limit",,,"undefined: B-03 v_min_v/v_max_v are open-circuit calibration endpoints, not terminal-voltage limits",39.407542478017604,10.0,0.8787830427786751
discharge,256,15420.0,loiter,0.6080324989915109,10.902067760508068,30.34369774443121,360.80324989915107,359.2860650119295,0.05,,,"undefined: B-04 and BatteryPack expose a bus-power C-rate proxy, not a physical current limit",,,"undefined: B-03 v_min_v/v_max_v are open-circuit calibration endpoints, not terminal-voltage limits",59.28606501192951,30.0,19.097932239491932
charge,257,15480.0,loiter,0.5903320086405927,-9.999999999999996,27.74537199531551,359.03320086405927,360.42046946382504,0.05,,,"undefined: B-04 and BatteryPack expose a bus-power C-rate proxy, not a physical current limit",,,"undefined: B-03 v_min_v/v_max_v are open-circuit calibration endpoints, not terminal-voltage limits",39.57953053617496,10.0,3.552713678800501e-15
discharge,258,15540.0,loiter,0.6065168089711934,8.844740933789229,24.608284913666125,360.6516808971193,359.421266651436,0.05,,,"undefined: B-04 and BatteryPack expose a bus-power C-rate proxy, not a physical current limit",,,"undefined: B-03 v_min_v/v_max_v are open-circuit calibration endpoints, not terminal-voltage limits",59.421266651435985,30.0,21.15525906621077
charge,259,15600.0,loiter,0.5921619761048882,-10.0,27.731345883174754,359.21619761048885,360.6027649046476,0.05,,,"undefined: B-04 and BatteryPack expose a bus-power C-rate proxy, not a physical current limit",,,"undefined: B-03 v_min_v/v_max_v are open-circuit calibration endpoints, not terminal-voltage limits",39.397235095352414,10.0,0.0
discharge,260,15660.0,loiter,0.6083385945367401,11.317640045543126,31.5027565491323,360.833859453674,359.2587216262174,0.05,,,"undefined: B-04 and BatteryPack expose a bus-power C-rate proxy, not a physical current limit",,,"undefined: B-03 v_min_v/v_max_v are open-circuit calibration endpoints, not terminal-voltage limits",59.25872162621738,30.0,18.682359954456874
charge,261,15720.0,loiter,0.5899619865497463,-10.0,27.74820981372159,358.99619865497465,360.3836091456607,0.05,,,"undefined: B-04 and BatteryPack expose a bus-power C-rate proxy, not a physical current limit",,,"undefined: B-03 v_min_v/v_max_v are open-circuit calibration endpoints, not terminal-voltage limits",39.61639085433927,10.0,0.0
discharge,262,15780.0,loiter,0.6061484422744172,8.345599315202048,23.21743520573989,360.6148442274417,359.4539724671547,0.05,,,"undefined: B-04 and BatteryPack expose a bus-power C-rate proxy, not a physical current limit",,,"undefined: B-03 v_min_v/v_max_v are open-circuit calibration endpoints, not terminal-voltage limits",59.4539724671547,30.0,21.654400684797952
charge,263,15840.0,loiter,0.5926049384044023,-10.000000000000105,27.727952842989794,359.26049384044023,360.6468914825897,0.05,,,"undefined: B-04 and BatteryPack expose a bus-power C-rate proxy, not a physical current limit",,,"undefined: B-03 v_min_v/v_max_v are open-circuit calibration endpoints, not terminal-voltage limits",39.353108517410305,10.0,-1.0480505352461478e-13
discharge,264,15900.0,loiter,0.608779577562813,11.915634655142423,33.17090961107738,360.8779577562813,359.21941227572745,0.05,,,"undefined: B-04 and BatteryPack expose a bus-power C-rate proxy, not a physical current limit",,,"undefined: B-03 v_min_v/v_max_v are open-circuit calibration endpoints, not terminal-voltage limits",59.21941227572745,30.0,18.084365344857577
charge,265,15960.0,loiter,0.5894298802896845,-10.000000000000085,27.75229172162028,358.94298802896844,360.33060261504943,0.05,,,"undefined: B-04 and BatteryPack expose a bus-power C-rate proxy, not a physical current limit",,,"undefined: B-03 v_min_v/v_max_v are open-circuit calibration endpoints, not terminal-voltage limits",39.66939738495057,10.0,-8.526512829121202e-14
discharge,266,16020.0,loiter,0.6056187171272963,7.625396215834659,21.211038168052028,360.5618717127296,359.501319804327,0.05,,,"undefined: B-04 and BatteryPack expose a bus-power C-rate proxy, not a physical current limit",,,"undefined: B-03 v_min_v/v_max_v are open-circuit calibration endpoints, not terminal-voltage limits",59.50131980432701,30.0,22.37460378416534
charge,267,16080.0,loiter,0.5932456115292659,-9.161456502712245,25.406506985108877,359.3245611529266,360.594886502182,0.05,,,"undefined: B-04 and BatteryPack expose a bus-power C-rate proxy, not a physical current limit",,,"undefined: B-03 v_min_v/v_max_v are open-circuit calibration endpoints, not terminal-voltage limits",39.40511349781798,10.0,0.8385434972877555
discharge,268,16140.0,loiter,0.6080660739372461,10.94800084191575,30.471801656134406,360.8066073937246,359.2830173109179,0.05,,,"undefined: B-04 and BatteryPack expose a bus-power C-rate proxy, not a physical current limit",,,"undefined: B-03 v_min_v/v_max_v are open-circuit calibration endpoints, not terminal-voltage limits",59.2830173109179,30.0,19.05199915808425
charge,269,16200.0,loiter,0.5902908563045011,-9.99999999999991,27.74568757723614,359.0290856304501,360.4163700093119,0.05,,,"undefined: B-04 and BatteryPack expose a bus-power C-rate proxy, not a physical current limit",,,"undefined: B-03 v_min_v/v_max_v are open-circuit calibration endpoints, not terminal-voltage limits",39.58362999068811,10.0,9.059419880941277e-14
discharge,270,16260.0,loiter,0.6064758407245555,8.789026297248437,24.453023406815074,360.6475840724556,359.42493290211485,0.05,,,"undefined: B-04 and BatteryPack expose a bus-power C-rate proxy, not a physical current limit",,,"undefined: B-03 v_min_v/v_max_v are open-circuit calibration endpoints, not terminal-voltage limits",59.42493290211485,30.0,21.210973702751563
charge,271,16320.0,loiter,0.59221157707058,-10.0,27.730965904364098,359.221157707058,360.60770600227625,0.05,,,"undefined: B-04 and BatteryPack expose a bus-power C-rate proxy, not a physical current limit",,,"undefined: B-03 v_min_v/v_max_v are open-circuit calibration endpoints, not terminal-voltage limits",39.392293997723755,10.0,0.0
discharge,272,16380.0,loiter,0.6083879738481257,11.384141383560792,31.688246146544543,360.83879738481255,359.2543850774853,0.05,,,"undefined: B-04 and BatteryPack expose a bus-power C-rate proxy, not a physical current limit",,,"undefined: B-03 v_min_v/v_max_v are open-circuit calibration endpoints, not terminal-voltage limits",59.254385077485324,30.0,18.61585861643921
charge,273,16440.0,loiter,0.5899031635959747,-10.0,27.74866099914334,358.9903163595975,360.37774940955467,0.05,,,"undefined: B-04 and BatteryPack expose a bus-power C-rate proxy, not a physical current limit",,,"undefined: B-03 v_min_v/v_max_v are open-circuit calibration endpoints, not terminal-voltage limits",39.62225059044533,10.0,0.0
discharge,274,16500.0,loiter,0.6060898825121417,8.264276408433613,22.9908450045599,360.60898825121416,359.4594460009862,0.05,,,"undefined: B-04 and BatteryPack expose a bus-power C-rate proxy, not a physical current limit",,,"undefined: B-03 v_min_v/v_max_v are open-circuit calibration endpoints, not terminal-voltage limits",59.45944600098619,30.0,21.735723591566387
charge,275,16560.0,loiter,0.5926785562594817,-9.932292433629783,27.54036768411197,359.2678556259482,360.6448740101538,0.05,,,"undefined: B-04 and BatteryPack expose a bus-power C-rate proxy, not a physical current limit",,,"undefined: B-03 v_min_v/v_max_v are open-circuit calibration endpoints, not terminal-voltage limits",39.355125989846215,10.0,0.06770756637021691
discharge,276,16620.0,loiter,0.6087437707418804,11.866713442857499,33.03442377152351,360.87437707418803,359.22265588561186,0.05,,,"undefined: B-04 and BatteryPack expose a bus-power C-rate proxy, not a physical current limit",,,"undefined: B-03 v_min_v/v_max_v are open-circuit calibration endpoints, not terminal-voltage limits",59.22265588561186,30.0,18.1332865571425
charge,277,16680.0,loiter,0.5894736902084916,-9.999999999999996,27.751955600595576,358.9473690208492,360.334966800879,0.05,,,"undefined: B-04 and BatteryPack expose a bus-power C-rate proxy, not a physical current limit",,,"undefined: B-03 v_min_v/v_max_v are open-circuit calibration endpoints, not terminal-voltage limits",39.66503319912101,10.0,3.552713678800501e-15
discharge,278,16740.0,loiter,0.6056623309755057,7.685341580628542,21.378021186012006,360.5662330975506,359.49733203824997,0.05,,,"undefined: B-04 and BatteryPack expose a bus-power C-rate proxy, not a physical current limit",,,"undefined: B-03 v_min_v/v_max_v are open-circuit calibration endpoints, not terminal-voltage limits",59.497332038249965,30.0,22.314658419371458
charge,279,16800.0,loiter,0.5931918186169987,-9.234947912517946,25.60997253245489,359.31918186169986,360.59968048832263,0.05,,,"undefined: B-04 and BatteryPack expose a bus-power C-rate proxy, not a physical current limit",,,"undefined: B-03 v_min_v/v_max_v are open-circuit calibration endpoints, not terminal-voltage limits",39.40031951167737,10.0,0.7650520874820543
discharge,280,16860.0,loiter,0.6081309692609307,11.03570697710996,30.716406787408346,360.81309692609307,359.2772765867227,0.05,,,"undefined: B-04 and BatteryPack expose a bus-power C-rate proxy, not a physical current limit",,,"undefined: B-03 v_min_v/v_max_v are open-circuit calibration endpoints, not terminal-voltage limits",59.27727658672268,30.0,18.96429302289004
charge,281,16920.0,loiter,0.5902130653016091,-9.999999999999996,27.74628414696849,359.0213065301609,360.40862073750935,0.05,,,"undefined: B-04 and BatteryPack expose a bus-power C-rate proxy, not a physical current limit",,,"undefined: B-03 v_min_v/v_max_v are open-circuit calibration endpoints, not terminal-voltage limits",39.59137926249065,10.0,3.552713678800501e-15
discharge,282,16980.0,loiter,0.606398397720674,8.684588235494832,24.161995921883204,360.6398397720674,359.4317399759732,0.05,,,"undefined: B-04 and BatteryPack expose a bus-power C-rate proxy, not a physical current limit",,,"undefined: B-03 v_min_v/v_max_v are open-circuit calibration endpoints, not terminal-voltage limits",59.43173997597319,30.0,21.315411764505168
charge,283,17040.0,loiter,0.5923039000995756,-10.0,27.730258671667794,359.23039000995755,360.61690294354094,0.05,,,"undefined: B-04 and BatteryPack expose a bus-power C-rate proxy, not a physical current limit",,,"undefined: B-03 v_min_v/v_max_v are open-circuit calibration endpoints, not terminal-voltage limits",39.383097056459064,10.0,0.0
discharge,284,17100.0,loiter,0.6084798843247151,11.509766851613403,32.03867293260828,360.84798843247154,359.2460547858411,0.05,,,"undefined: B-04 and BatteryPack expose a bus-power C-rate proxy, not a physical current limit",,,"undefined: B-03 v_min_v/v_max_v are open-circuit calibration endpoints, not terminal-voltage limits",59.246054785841125,30.0,18.490233148386597
charge,285,17160.0,loiter,0.5897906584473603,-10.0,27.749523979910578,358.97906584473606,360.36654204373156,0.05,,,"undefined: B-04 and BatteryPack expose a bus-power C-rate proxy, not a physical current limit",,,"undefined: B-03 v_min_v/v_max_v are open-circuit calibration endpoints, not terminal-voltage limits",39.633457956268444,10.0,0.0
discharge,286,17220.0,loiter,0.6059778807689749,8.112078436245323,22.566809196219992,360.5977880768975,359.4694476170865,0.05,,,"undefined: B-04 and BatteryPack expose a bus-power C-rate proxy, not a physical current limit",,,"undefined: B-03 v_min_v/v_max_v are open-circuit calibration endpoints, not terminal-voltage limits",59.46944761708647,30.0,21.887921563754677
charge,287,17280.0,loiter,0.5928139087378466,-9.74883450268085,27.03256216029615,359.28139087378463,360.6330189817994,0.05,,,"undefined: B-04 and BatteryPack expose a bus-power C-rate proxy, not a physical current limit",,,"undefined: B-03 v_min_v/v_max_v are open-circuit calibration endpoints, not terminal-voltage limits",39.36698101820059,10.0,0.2511654973191497
discharge,288,17340.0,loiter,0.6085829033313527,11.649330231607312,32.42798979877648,360.85829033313524,359.2368908431964,0.05,,,"undefined: B-04 and BatteryPack expose a bus-power C-rate proxy, not a physical current limit",,,"undefined: B-03 v_min_v/v_max_v are open-circuit calibration endpoints, not terminal-voltage limits",59.23689084319642,30.0,18.350669768392688
charge,289,17400.0,loiter,0.5896665759487331,-9.999999999999996,27.75047582778313,358.9666575948733,360.35418138626244,0.05,,,"undefined: B-04 and BatteryPack expose a bus-power C-rate proxy, not a physical current limit",,,"undefined: B-03 v_min_v/v_max_v are open-circuit calibration endpoints, not terminal-voltage limits",39.64581861373756,10.0,3.552713678800501e-15
discharge,290,17460.0,loiter,0.6058543535149399,7.9447325269194415,22.100599666294443,360.58543535149397,359.4804053681793,0.05,,,"undefined: B-04 and BatteryPack expose a bus-power C-rate proxy, not a physical current limit",,,"undefined: B-03 v_min_v/v_max_v are open-circuit calibration endpoints, not terminal-voltage limits",59.48040536817928,30.0,22.05526747308056
charge,291,17520.0,loiter,0.5929623370429348,-9.548227167175025,26.477246477216458,359.29623370429346,360.6200960281543,0.05,,,"undefined: B-04 and BatteryPack expose a bus-power C-rate proxy, not a physical current limit",,,"undefined: B-03 v_min_v/v_max_v are open-circuit calibration endpoints, not terminal-voltage limits",39.37990397184569,10.0,0.45177283282497527
discharge,292,17580.0,loiter,0.6084073974879777,29.99673651912817,84.1104156966594,360.8407397487978,356.6352189639648,0.05,,,"undefined: B-04 and BatteryPack expose a bus-power C-rate proxy, not a physical current limit",,,"undefined: B-03 v_min_v/v_max_v are open-circuit calibration endpoints, not terminal-voltage limits",56.6352189639648,30.0,0.003263480871829927
discharge,293,17640.0,loiter,0.559342988331593,29.99673651912817,85.29811553522791,355.9342988331593,351.6693930563979,0.05,,,"undefined: B-04 and BatteryPack expose a bus-power C-rate proxy, not a physical current limit",,,"undefined: B-03 v_min_v/v_max_v are open-circuit calibration endpoints, not terminal-voltage limits",51.669393056397894,30.0,0.003263480871829927
discharge,294,17700.0,loiter,0.5095857542693767,29.99673651912817,86.5377797022677,350.95857542693767,346.6316864418243,0.05,,,"undefined: B-04 and BatteryPack expose a bus-power C-rate proxy, not a physical current limit",,,"undefined: B-03 v_min_v/v_max_v are open-circuit calibration endpoints, not terminal-voltage limits",46.631686441824286,30.0,0.003263480871829927
discharge,295,17760.0,loiter,0.4591053827763872,29.99673651912817,87.83332036878448,345.9105382776387,341.5188722591995,0.05,,,"undefined: B-04 and BatteryPack expose a bus-power C-rate proxy, not a physical current limit",,,"undefined: B-03 v_min_v/v_max_v are open-circuit calibration endpoints, not terminal-voltage limits",41.5188722591995,30.0,0.003263480871829927
discharge,296,17820.0,loiter,0.4078692792279296,29.99673651912817,89.18907560436764,340.786927922793,336.3274741425746,0.05,,,"undefined: B-04 and BatteryPack expose a bus-power C-rate proxy, not a physical current limit",,,"undefined: B-03 v_min_v/v_max_v are open-circuit calibration endpoints, not terminal-voltage limits",36.3274741425746,30.0,0.003263480871829927
discharge,297,17880.0,loiter,0.35584231845871517,29.99673651912817,90.60987099409374,335.5842318458715,331.0537382961668,0.05,,,"undefined: B-04 and BatteryPack expose a bus-power C-rate proxy, not a physical current limit",,,"undefined: B-03 v_min_v/v_max_v are open-circuit calibration endpoints, not terminal-voltage limits",31.053738296166784,30.0,0.003263480871829927
discharge,298,17940.0,loiter,0.30298656037882715,29.99673651912817,92.10109252722646,330.2986560378827,325.6936014115214,0.05,,,"undefined: B-04 and BatteryPack expose a bus-power C-rate proxy, not a physical current limit",,,"undefined: B-03 v_min_v/v_max_v are open-circuit calibration endpoints, not terminal-voltage limits",25.6936014115214,30.0,0.003263480871829927
discharge,299,18000.0,loiter,0.2492609230712784,29.99673651912817,93.66877328140845,324.9260923071278,320.2426536430574,0.05,,,"undefined: B-04 and BatteryPack expose a bus-power C-rate proxy, not a physical current limit",,,"undefined: B-03 v_min_v/v_max_v are open-circuit calibration endpoints, not terminal-voltage limits",20.242653643057395,30.0,0.003263480871829927
discharge,300,18060.0,loiter,0.19462080532379014,29.99673651912817,95.31969710196108,319.462080532379,314.69609567728094,0.05,,,"undefined: B-04 and BatteryPack expose a bus-power C-rate proxy, not a physical current limit",,,"undefined: B-03 v_min_v/v_max_v are open-circuit calibration endpoints, not terminal-voltage limits",14.696095677280937,30.0,0.003263480871829927
charge,301,18120.0,loiter,0.13901764868097952,-10.0,31.697065501087426,313.9017648680979,315.4866181431523,0.05,,,"undefined: B-04 and BatteryPack expose a bus-power C-rate proxy, not a physical current limit",,,"undefined: B-03 v_min_v/v_max_v are open-circuit calibration endpoints, not terminal-voltage limits",84.51338185684767,10.0,0.0
discharge,302,18180.0,loiter,0.15750760355661383,29.976594657635452,96.40937361280464,315.7507603556614,310.9302916750212,0.05,,,"undefined: B-04 and BatteryPack expose a bus-power C-rate proxy, not a physical current limit",,,"undefined: B-03 v_min_v/v_max_v are open-circuit calibration endpoints, not terminal-voltage limits",10.93029167502118,30.0,0.02340534236454772
charge,303,18240.0,loiter,0.10126880228247781,-10.0,32.07895754415745,310.1268802282478,311.73082810545566,0.05,,,"undefined: B-04 and BatteryPack expose a bus-power C-rate proxy, not a physical current limit",,,"undefined: B-03 v_min_v/v_max_v are open-circuit calibration endpoints, not terminal-voltage limits",88.26917189454434,10.0,0.0
charge,304,18300.0,loiter,0.11998152751656965,-9.999999999999938,31.888509785829342,311.99815275165696,313.59257824094846,0.05,,,"undefined: B-04 and BatteryPack expose a bus-power C-rate proxy, not a physical current limit",,,"undefined: B-03 v_min_v/v_max_v are open-circuit calibration endpoints, not terminal-voltage limits",86.40742175905154,10.0,6.217248937900877e-14
charge,305,18360.0,loiter,0.1385831582249701,-10.0,31.701409616445062,313.858315822497,315.44338630331924,0.05,,,"undefined: B-04 and BatteryPack expose a bus-power C-rate proxy, not a physical current limit",,,"undefined: B-03 v_min_v/v_max_v are open-circuit calibration endpoints, not terminal-voltage limits",84.55661369668076,10.0,0.0
discharge,306,18420.0,loiter,0.1570756471678964,29.916236949248805,96.22578104319302,315.70756471678965,310.89627566463,0.05,,,"undefined: B-04 and BatteryPack expose a bus-power C-rate proxy, not a physical current limit",,,"undefined: B-03 v_min_v/v_max_v are open-circuit calibration endpoints, not terminal-voltage limits",10.896275664630025,30.0,0.08376305075119461
charge,307,18480.0,loiter,0.10094394155936715,-10.0,32.08228378470778,310.0943941559367,311.69850834517206,0.05,,,"undefined: B-04 and BatteryPack expose a bus-power C-rate proxy, not a physical current limit",,,"undefined: B-03 v_min_v/v_max_v are open-circuit calibration endpoints, not terminal-voltage limits",88.30149165482794,10.0,0.0
charge,308,18540.0,loiter,0.11965860710044668,-10.0,31.89177721136048,311.9658607100447,313.5604495706127,0.05,,,"undefined: B-04 and BatteryPack expose a bus-power C-rate proxy, not a physical current limit",,,"undefined: B-03 v_min_v/v_max_v are open-circuit calibration endpoints, not terminal-voltage limits",86.43955042938728,10.0,0.0
charge,309,18600.0,loiter,0.13826214380707363,-9.999999999999927,31.704619938655018,313.82621438070737,315.4114453776401,0.05,,,"undefined: B-04 and BatteryPack expose a bus-power C-rate proxy, not a physical current limit",,,"undefined: B-03 v_min_v/v_max_v are open-circuit calibration endpoints, not terminal-voltage limits",84.58855462235988,10.0,7.283063041541027e-14
discharge,310,18660.0,loiter,0.15675650543795572,29.855980900037213,96.03893979683505,315.6756505437956,310.8737035539539,0.05,,,"undefined: B-04 and BatteryPack expose a bus-power C-rate proxy, not a physical current limit",,,"undefined: B-03 v_min_v/v_max_v are open-circuit calibration endpoints, not terminal-voltage limits",10.873703553953874,30.0,0.1440190999627866
charge,311,18720.0,loiter,0.10073379055646861,-9.999999999999996,32.08443588098078,310.07337905564685,311.67760084969586,0.05,,,"undefined: B-04 and BatteryPack expose a bus-power C-rate proxy, not a physical current limit",,,"undefined: B-03 v_min_v/v_max_v are open-circuit calibration endpoints, not terminal-voltage limits",88.32239915030414,10.0,3.552713678800501e-15
charge,312,18780.0,loiter,0.11944971148704073,-10.0,31.89389124760567,311.9449711487041,313.5396657110844,0.05,,,"undefined: B-04 and BatteryPack expose a bus-power C-rate proxy, not a physical current limit",,,"undefined: B-03 v_min_v/v_max_v are open-circuit calibration endpoints, not terminal-voltage limits",86.46033428891559,10.0,0.0
charge,313,18840.0,loiter,0.13805448138147736,-10.0,31.706697022721073,313.8054481381477,315.39078298928376,0.05,,,"undefined: B-04 and BatteryPack expose a bus-power C-rate proxy, not a physical current limit",,,"undefined: B-03 v_min_v/v_max_v are open-circuit calibration endpoints, not terminal-voltage limits",84.60921701071624,10.0,0.0
discharge,314,18900.0,loiter,0.15655005464473132,29.795826311174338,95.84887333771405,315.6550054644731,310.86256179758743,0.05,,,"undefined: B-04 and BatteryPack expose a bus-power C-rate proxy, not a physical current limit",,,"undefined: B-03 v_min_v/v_max_v are open-circuit calibration endpoints, not terminal-voltage limits",10.862561797587432,30.0,0.20417368882566223
charge,315,18960.0,loiter,0.10063821186439811,-10.0,32.08541477004417,310.06382118643984,311.668091924942,0.05,,,"undefined: B-04 and BatteryPack expose a bus-power C-rate proxy, not a physical current limit",,,"undefined: B-03 v_min_v/v_max_v are open-circuit calibration endpoints, not terminal-voltage limits",88.33190807505798,10.0,0.0
charge,316,19020.0,loiter,0.11935470381359053,-10.0,31.894852823264156,311.93547038135904,313.5302130225223,0.05,,,"undefined: B-04 and BatteryPack expose a bus-power C-rate proxy, not a physical current limit",,,"undefined: B-03 v_min_v/v_max_v are open-circuit calibration endpoints, not terminal-voltage limits",86.46978697747772,10.0,0.0
charge,317,19080.0,loiter,0.13796003462716128,-10.0,31.707641788979117,313.7960034627161,315.38138555216506,0.05,,,"undefined: B-04 and BatteryPack expose a bus-power C-rate proxy, not a physical current limit",,,"undefined: B-03 v_min_v/v_max_v are open-circuit calibration endpoints, not terminal-voltage limits",84.61861444783494,10.0,0.0
discharge,318,19140.0,loiter,0.15645615900406576,29.73577298432553,95.65560620285623,315.6456159004066,310.8628355902638,0.05,,,"undefined: B-04 and BatteryPack expose a bus-power C-rate proxy, not a physical current limit",,,"undefined: B-03 v_min_v/v_max_v are open-circuit calibration endpoints, not terminal-voltage limits",10.862835590263785,30.0,0.2642270156744715
charge,319,19200.0,loiter,0.10065705538573297,-10.0,32.08522177549639,310.0657055385733,311.6699666273481,0.05,,,"undefined: B-04 and BatteryPack expose a bus-power C-rate proxy, not a physical current limit",,,"undefined: B-03 v_min_v/v_max_v are open-circuit calibration endpoints, not terminal-voltage limits",88.33003337265188,10.0,0.0
charge,320,19260.0,loiter,0.11937343475477252,-9.99999999999999,31.894663242252363,311.93734347547723,313.53207663758985,0.05,,,"undefined: B-04 and BatteryPack expose a bus-power C-rate proxy, not a physical current limit",,,"undefined: B-03 v_min_v/v_max_v are open-circuit calibration endpoints, not terminal-voltage limits",86.46792336241015,10.0,1.0658141036401503e-14
charge,321,19320.0,loiter,0.13797865497941975,-9.999999999999964,31.707455522130772,313.797865497942,315.3832382740485,0.05,,,"undefined: B-04 and BatteryPack expose a bus-power C-rate proxy, not a physical current limit",,,"undefined: B-03 v_min_v/v_max_v are open-circuit calibration endpoints, not terminal-voltage limits",84.6167617259515,10.0,3.552713678800501e-14
discharge,322,19380.0,loiter,0.1564746707006627,29.675820721646463,95.4591639869301,315.6474670700663,310.87450887071975,0.05,,,"undefined: B-04 and BatteryPack expose a bus-power C-rate proxy, not a physical current limit",,,"undefined: B-03 v_min_v/v_max_v are open-circuit calibration endpoints, not terminal-voltage limits",10.874508870719751,30.0,0.32417927835353666
charge,323,19440.0,loiter,0.10079015837495348,-9.999999999999996,32.083858606094395,310.0790158374954,311.6832087678001,0.05,,,"undefined: B-04 and BatteryPack expose a bus-power C-rate proxy, not a physical current limit",,,"undefined: B-03 v_min_v/v_max_v are open-circuit calibration endpoints, not terminal-voltage limits",88.31679123219988,10.0,3.552713678800501e-15
charge,324,19500.0,loiter,0.11950574256184188,-10.0,31.89332418237313,311.9505742561842,313.54524046530287,0.05,,,"undefined: B-04 and BatteryPack expose a bus-power C-rate proxy, not a physical current limit",,,"undefined: B-03 v_min_v/v_max_v are open-circuit calibration endpoints, not terminal-voltage limits",86.45475953469713,10.0,0.0
charge,325,19560.0,loiter,0.1381101816682262,-10.0,31.706139869945673,313.81101816682263,315.3963251603199,0.05,,,"undefined: B-04 and BatteryPack expose a bus-power C-rate proxy, not a physical current limit",,,"undefined: B-03 v_min_v/v_max_v are open-circuit calibration endpoints, not terminal-voltage limits",84.60367483968008,10.0,0.0
discharge,326,19620.0,loiter,0.1566054299256945,29.615969325781787,95.25957332589769,315.66054299256945,310.89756432627456,0.05,,,"undefined: B-04 and BatteryPack expose a bus-power C-rate proxy, not a physical current limit",,,"undefined: B-03 v_min_v/v_max_v are open-circuit calibration endpoints, not terminal-voltage limits",10.897564326274562,30.0,0.3840306742182129
charge,327,19680.0,loiter,0.10103734548558753,-9.999999999999929,32.08132735403183,310.10373454855875,311.70780091626034,0.05,,,"undefined: B-04 and BatteryPack expose a bus-power C-rate proxy, not a physical current limit",,,"undefined: B-03 v_min_v/v_max_v are open-circuit calibration endpoints, not terminal-voltage limits",88.29219908373966,10.0,7.105427357601002e-14
charge,328,19740.0,loiter,0.11975145310877276,-10.0,31.89083769364288,311.9751453108773,313.5696871955594,0.05,,,"undefined: B-04 and BatteryPack expose a bus-power C-rate proxy, not a physical current limit",,,"undefined: B-03 v_min_v/v_max_v are open-circuit calibration endpoints, not terminal-voltage limits",86.43031280444058,10.0,0.0
charge,329,19800.0,loiter,0.13835444176339778,-10.0,31.703696841641435,313.83544417633976,315.42062901842183,0.05,,,"undefined: B-04 and BatteryPack expose a bus-power C-rate proxy, not a physical current limit",,,"undefined: B-03 v_min_v/v_max_v are open-circuit calibration endpoints, not terminal-voltage limits",84.57937098157817,10.0,0.0
discharge,330,19860.0,loiter,0.15684826492102194,29.55621859986375,95.05686187972572,315.6848264921022,310.9319833981159,0.05,,,"undefined: B-04 and BatteryPack expose a bus-power C-rate proxy, not a physical current limit",,,"undefined: B-03 v_min_v/v_max_v are open-circuit calibration endpoints, not terminal-voltage limits",10.931983398115904,30.0,0.443781400136249
charge,331,19920.0,loiter,0.10139842882451527,-9.99999999999992,32.077630492863705,310.13984288245155,311.74372440709476,0.05,,,"undefined: B-04 and BatteryPack expose a bus-power C-rate proxy, not a physical current limit",,,"undefined: B-03 v_min_v/v_max_v are open-circuit calibration endpoints, not terminal-voltage limits",88.25627559290524,10.0,7.993605777301127e-14
charge,332,19980.0,loiter,0.12011037994535242,-9.999999999999996,31.88720619628839,312.01103799453523,313.60539830434965,0.05,,,"undefined: B-04 and BatteryPack expose a bus-power C-rate proxy, not a physical current limit",,,"undefined: B-03 v_min_v/v_max_v are open-circuit calibration endpoints, not terminal-voltage limits",86.39460169565035,10.0,3.552713678800501e-15
charge,333,20040.0,loiter,0.13871125022652064,-10.0,31.700128805943,313.87112502265205,315.4561314629492,0.05,,,"undefined: B-04 and BatteryPack expose a bus-power C-rate proxy, not a physical current limit",,,"undefined: B-03 v_min_v/v_max_v are open-circuit calibration endpoints, not terminal-voltage limits",84.5438685370508,10.0,0.0
discharge,334,20100.0,loiter,0.1572029920299874,29.49656834751087,94.85105831418991,315.7202992029987,310.9777462872892,0.05,,,"undefined: B-04 and BatteryPack expose a bus-power C-rate proxy, not a physical current limit",,,"undefined: B-03 v_min_v/v_max_v are open-circuit calibration endpoints, not terminal-voltage limits",10.977746287289222,30.0,0.5034316524891302
charge,335,20160.0,loiter,0.10187320801337661,-9.999999999999995,32.07277087509112,310.18732080133765,311.79095934509223,0.05,,,"undefined: B-04 and BatteryPack expose a bus-power C-rate proxy, not a physical current limit",,,"undefined: B-03 v_min_v/v_max_v are open-circuit calibration endpoints, not terminal-voltage limits",88.20904065490777,10.0,5.329070518200751e-15
charge,336,20220.0,loiter,0.12058232435717976,-10.0,31.882432478407733,312.05823243571797,313.65235405963836,0.05,,,"undefined: B-04 and BatteryPack expose a bus-power C-rate proxy, not a physical current limit",,,"undefined: B-03 v_min_v/v_max_v are open-circuit calibration endpoints, not terminal-voltage limits",86.34764594036164,10.0,0.0
charge,337,20280.0,loiter,0.13918040996958428,-10.0,31.695438488820287,313.91804099695844,315.5028129213995,0.05,,,"undefined: B-04 and BatteryPack expose a bus-power C-rate proxy, not a physical current limit",,,"undefined: B-03 v_min_v/v_max_v are open-circuit calibration endpoints, not terminal-voltage limits",84.49718707860052,10.0,0.0
discharge,338,20340.0,loiter,0.15766941575472945,29.437018372826603,94.64219228180013,315.76694157547297,311.03483196138296,0.05,,,"undefined: B-04 and BatteryPack expose a bus-power C-rate proxy, not a physical current limit",,,"undefined: B-03 v_min_v/v_max_v are open-circuit calibration endpoints, not terminal-voltage limits",11.034831961382963,30.0,0.5629816271733965
charge,339,20400.0,loiter,0.10246147025701272,-9.999999999999996,32.06675172940038,310.24614702570125,311.8494846121713,0.05,,,"undefined: B-04 and BatteryPack expose a bus-power C-rate proxy, not a physical current limit",,,"undefined: B-03 v_min_v/v_max_v are open-circuit calibration endpoints, not terminal-voltage limits",88.1505153878287,10.0,3.552713678800501e-15
charge,340,20460.0,loiter,0.12116707543249627,-10.0,31.876519693305458,312.1167075432496,313.7105335279149,0.05,,,"undefined: B-04 and BatteryPack expose a bus-power C-rate proxy, not a physical current limit",,,"undefined: B-03 v_min_v/v_max_v are open-circuit calibration endpoints, not terminal-voltage limits",86.28946647208511,10.0,0.0
discharge,341,20520.0,loiter,0.1397617119202578,29.39737400299956,95.0686029878591,313.9761711920258,309.22274104263283,0.05,,,"undefined: B-04 and BatteryPack expose a bus-power C-rate proxy, not a physical current limit",,,"undefined: B-03 v_min_v/v_max_v are open-circuit calibration endpoints, not terminal-voltage limits",9.222741042632833,30.0,0.6026259970004411
charge,342,20580.0,loiter,0.08430502684400668,-9.999999999999996,32.253571773258045,308.43050268440066,310.04318127306357,0.05,,,"undefined: B-04 and BatteryPack expose a bus-power C-rate proxy, not a physical current limit",,,"undefined: B-03 v_min_v/v_max_v are open-circuit calibration endpoints, not terminal-voltage limits",89.95681872693643,10.0,3.552713678800501e-15
charge,343,20640.0,loiter,0.1031196103784072,-9.999999999999979,32.0600202512378,310.3119610378407,311.9149620504026,0.05,,,"undefined: B-04 and BatteryPack expose a bus-power C-rate proxy, not a physical current limit",,,"undefined: B-03 v_min_v/v_max_v are open-circuit calibration endpoints, not terminal-voltage limits",88.08503794959739,10.0,2.1316282072803006e-14
charge,344,20700.0,loiter,0.1218212888582959,-10.000000000000012,31.869907116489458,312.18212888582957,313.77562424165404,0.05,,,"undefined: B-04 and BatteryPack expose a bus-power C-rate proxy, not a physical current limit",,,"undefined: B-03 v_min_v/v_max_v are open-circuit calibration endpoints, not terminal-voltage limits",86.22437575834596,10.0,-1.2434497875801753e-14
discharge,345,20760.0,loiter,0.14041206800958142,29.33799072375014,94.85331099549057,314.04120680095815,309.2985412511836,0.05,,,"undefined: B-04 and BatteryPack expose a bus-power C-rate proxy, not a physical current limit",,,"undefined: B-03 v_min_v/v_max_v are open-circuit calibration endpoints, not terminal-voltage limits",9.298541251183622,30.0,0.6620092762498615
charge,346,20820.0,loiter,0.08508096992887859,-10.0,32.245543450384275,308.5080969928879,310.1203741654071,0.05,,,"undefined: B-04 and BatteryPack expose a bus-power C-rate proxy, not a physical current limit",,,"undefined: B-03 v_min_v/v_max_v are open-circuit calibration endpoints, not terminal-voltage limits",89.8796258345929,10.0,0.0
charge,347,20880.0,loiter,0.10389087027493608,-10.0,32.05213535767598,310.3890870274936,311.9916937953774,0.05,,,"undefined: B-04 and BatteryPack expose a bus-power C-rate proxy, not a physical current limit",,,"undefined: B-03 v_min_v/v_max_v are open-circuit calibration endpoints, not terminal-voltage limits",88.00830620462261,10.0,0.0
charge,348,20940.0,loiter,0.1225879492335804,-10.000000000000014,31.862161435278725,312.25879492335804,313.851902995122,0.05,,,"undefined: B-04 and BatteryPack expose a bus-power C-rate proxy, not a physical current limit",,,"undefined: B-03 v_min_v/v_max_v are open-circuit calibration endpoints, not terminal-voltage limits",86.14809700487803,10.0,-1.4210854715202004e-14
discharge,349,21000.0,loiter,0.1411742100708263,29.278707202139103,94.63498104860719,314.1174210070826,309.38567195465225,0.05,,,"undefined: B-04 and BatteryPack expose a bus-power C-rate proxy, not a physical current limit",,,"undefined: B-03 v_min_v/v_max_v are open-circuit calibration endpoints, not terminal-voltage limits",9.385671954652253,30.0,0.7212927978608974
charge,350,21060.0,loiter,0.08597047112580546,-10.0,32.23634508450232,308.5970471125805,310.20886436680564,0.05,,,"undefined: B-04 and BatteryPack expose a bus-power C-rate proxy, not a physical current limit",,,"undefined: B-03 v_min_v/v_max_v are open-circuit calibration endpoints, not terminal-voltage limits",89.79113563319436,10.0,0.0
charge,351,21120.0,loiter,0.10477500575843181,-10.000000000000039,32.04310123825394,310.4775005758432,312.0796556377559,0.05,,,"undefined: B-04 and BatteryPack expose a bus-power C-rate proxy, not a physical current limit",,,"undefined: B-03 v_min_v/v_max_v are open-circuit calibration endpoints, not terminal-voltage limits",87.92034436224412,10.0,-3.907985046680551e-14
charge,352,21180.0,loiter,0.12346681481407994,-10.000000000000085,31.85328673581125,312.346681481408,313.93934581819855,0.05,,,"undefined: B-04 and BatteryPack expose a bus-power C-rate proxy, not a physical current limit",,,"undefined: B-03 v_min_v/v_max_v are open-circuit calibration endpoints, not terminal-voltage limits",86.06065418180145,10.0,-8.526512829121202e-14
discharge,353,21240.0,loiter,0.14204789874330317,29.219523244036562,94.41364688228362,314.20478987433034,309.4841075302162,0.05,,,"undefined: B-04 and BatteryPack expose a bus-power C-rate proxy, not a physical current limit",,,"undefined: B-03 v_min_v/v_max_v are open-circuit calibration endpoints, not terminal-voltage limits",9.484107530216193,30.0,0.7804767559634378
charge,354,21300.0,loiter,0.08697327139530439,-10.000000000000028,32.22598134714076,308.69732713953044,310.3086262068875,0.05,,,"undefined: B-04 and BatteryPack expose a bus-power C-rate proxy, not a physical current limit",,,"undefined: B-03 v_min_v/v_max_v are open-circuit calibration endpoints, not terminal-voltage limits",89.69137379311252,10.0,-2.842170943040401e-14
charge,355,21360.0,loiter,0.10577176051446983,-9.999999999999996,32.03292244607894,310.577176051447,312.178822173751,0.05,,,"undefined: B-04 and BatteryPack expose a bus-power C-rate proxy, not a physical current limit",,,"undefined: B-03 v_min_v/v_max_v are open-circuit calibration endpoints, not terminal-voltage limits",87.82117782624903,10.0,3.552713678800501e-15
charge,356,21420.0,loiter,0.1244576319413492,-10.0,31.843287457265884,312.44576319413494,314.03792756699823,0.05,,,"undefined: B-04 and BatteryPack expose a bus-power C-rate proxy, not a physical current limit",,,"undefined: B-03 v_min_v/v_max_v are open-circuit calibration endpoints, not terminal-voltage limits",85.96207243300177,10.0,0.0
discharge,357,21480.0,loiter,0.14303288295808764,29.1604386557913,94.18934314827936,314.3032882958088,309.5938211383948,0.05,,,"undefined: B-04 and BatteryPack expose a bus-power C-rate proxy, not a physical current limit",,,"undefined: B-03 v_min_v/v_max_v are open-circuit calibration endpoints, not terminal-voltage limits",9.593821138394787,30.0,0.8395613442087004
charge,358,21540.0,loiter,0.08808909945492469,-9.999999999999996,32.21445727995274,308.8089099454925,310.4196328094901,0.05,,,"undefined: B-04 and BatteryPack expose a bus-power C-rate proxy, not a physical current limit",,,"undefined: B-03 v_min_v/v_max_v are open-circuit calibration endpoints, not terminal-voltage limits",89.58036719050989,10.0,3.552713678800501e-15
charge,359,21600.0,loiter,0.10688086620156378,-9.999999999999996,32.021603893577435,310.68808662015635,312.2891668148352,0.05,,,"undefined: B-04 and BatteryPack expose a bus-power C-rate proxy, not a physical current limit",,,"undefined: B-03 v_min_v/v_max_v are open-circuit calibration endpoints, not terminal-voltage limits",87.7108331851648,10.0,3.552713678800501e-15
charge,360,21660.0,loiter,0.12556013513948394,-10.000000000000071,31.832168387771844,312.5560135139484,314.147621933337,0.05,,,"undefined: B-04 and BatteryPack expose a bus-power C-rate proxy, not a physical current limit",,,"undefined: B-03 v_min_v/v_max_v are open-circuit calibration endpoints, not terminal-voltage limits",85.852378066663,10.0,-7.105427357601002e-14
discharge,361,21720.0,loiter,0.14412890003235085,29.10145324422956,93.96210539077742,314.4128900032351,309.7147847336962,0.05,,,"undefined: B-04 and BatteryPack expose a bus-power C-rate proxy, not a physical current limit",,,"undefined: B-03 v_min_v/v_max_v are open-circuit calibration endpoints, not terminal-voltage limits",9.714784733696206,30.0,0.8985467557704396
charge,362,21780.0,loiter,0.08931767188773068,-10.0,32.201778289991694,308.93176718877305,310.5418561032726,0.05,,,"undefined: B-04 and BatteryPack expose a bus-power C-rate proxy, not a physical current limit",,,"undefined: B-03 v_min_v/v_max_v are open-circuit calibration endpoints, not terminal-voltage limits",89.45814389672739,10.0,0.0
charge,363,21840.0,loiter,0.1081020425568925,-10.0,32.00915084794076,310.81020425568926,312.41066179808627,0.05,,,"undefined: B-04 and BatteryPack expose a bus-power C-rate proxy, not a physical current limit",,,"undefined: B-03 v_min_v/v_max_v are open-circuit calibration endpoints, not terminal-voltage limits",87.58933820191373,10.0,0.0
charge,364,21900.0,loiter,0.12677404721819127,-10.0,31.81993466001586,312.67740472181913,314.2684014548199,0.05,,,"undefined: B-04 and BatteryPack expose a bus-power C-rate proxy, not a physical current limit",,,"undefined: B-03 v_min_v/v_max_v are open-circuit calibration endpoints, not terminal-voltage limits",85.73159854518008,10.0,0.0
discharge,365,21960.0,loiter,0.1453356757698672,29.042566816653622,93.7319700214266,314.53356757698674,309.8469690759154,0.05,,,"undefined: B-04 and BatteryPack expose a bus-power C-rate proxy, not a physical current limit",,,"undefined: B-03 v_min_v/v_max_v are open-circuit calibration endpoints, not terminal-voltage limits",9.84696907591541,30.0,0.9574331833463781
charge,366,22020.0,loiter,0.09065869325736835,-9.999999999999996,32.187950144664796,309.06586932573686,310.6752668329701,0.05,,,"undefined: B-04 and BatteryPack expose a bus-power C-rate proxy, not a physical current limit",,,"undefined: B-03 v_min_v/v_max_v are open-circuit calibration endpoints, not terminal-voltage limits",89.32473316702988,10.0,3.552713678800501e-15
charge,367,22080.0,loiter,0.10943499750842281,-10.0,31.995568926271858,310.9434997508423,312.5432781971559,0.05,,,"undefined: B-04 and BatteryPack expose a bus-power C-rate proxy, not a physical current limit",,,"undefined: B-03 v_min_v/v_max_v are open-circuit calibration endpoints, not terminal-voltage limits",87.45672180284407,10.0,0.0
charge,368,22140.0,loiter,0.1280990793820814,-10.0,31.80659174657194,312.80990793820814,314.40023752553674,0.05,,,"undefined: B-04 and BatteryPack expose a bus-power C-rate proxy, not a physical current limit",,,"undefined: B-03 v_min_v/v_max_v are open-circuit calibration endpoints, not terminal-voltage limits",85.59976247446326,10.0,0.0
discharge,369,22200.0,loiter,0.1466529245675817,28.983779180840596,93.49897429371708,314.66529245675815,309.9903437420723,0.05,,,"undefined: B-04 and BatteryPack expose a bus-power C-rate proxy, not a physical current limit",,,"undefined: B-03 v_min_v/v_max_v are open-circuit calibration endpoints, not terminal-voltage limits",9.990343742072298,30.0,1.016220819159404
charge,370,22260.0,loiter,0.09211185622958007,-10.000000000000027,32.172978966394794,309.211185622958,310.81983457127774,0.05,,,"undefined: B-04 and BatteryPack expose a bus-power C-rate proxy, not a physical current limit",,,"undefined: B-03 v_min_v/v_max_v are open-circuit calibration endpoints, not terminal-voltage limits",89.18016542872226,10.0,-2.6645352591003757e-14
charge,371,22320.0,loiter,0.11087942729331036,-10.0,31.980864090440377,311.087942729331,312.68698593385307,0.05,,,"undefined: B-04 and BatteryPack expose a bus-power C-rate proxy, not a physical current limit",,,"undefined: B-03 v_min_v/v_max_v are open-circuit calibration endpoints, not terminal-voltage limits",87.31301406614693,10.0,0.0
charge,372,22380.0,loiter,0.12953493134606725,-10.000000000000021,31.79214545494517,312.95349313460673,314.543100407354,0.05,,,"undefined: B-04 and BatteryPack expose a bus-power C-rate proxy, not a physical current limit",,,"undefined: B-03 v_min_v/v_max_v are open-circuit calibration endpoints, not terminal-voltage limits",85.45689959264598,10.0,-2.1316282072803006e-14
discharge,373,22440.0,loiter,0.1480803495281186,28.925090145040993,93.26315627673523,314.80803495281185,310.14487713897506,0.05,,,"undefined: B-04 and BatteryPack expose a bus-power C-rate proxy, not a physical current limit",,,"undefined: B-03 v_min_v/v_max_v are open-circuit calibration endpoints, not terminal-voltage limits",10.144877138975062,30.0,1.0749098549590066
charge,374,22500.0,loiter,0.09367684170002305,-9.999999999999924,32.156871226982275,309.3676841700023,310.9755277313514,0.05,,,"undefined: B-04 and BatteryPack expose a bus-power C-rate proxy, not a physical current limit",,,"undefined: B-03 v_min_v/v_max_v are open-circuit calibration endpoints, not terminal-voltage limits",89.0244722686486,10.0,7.638334409421077e-14
charge,375,22560.0,loiter,0.11243501658242938,-9.999999999999996,31.965042641661512,311.24350165824296,312.84175379032604,0.05,,,"undefined: B-04 and BatteryPack expose a bus-power C-rate proxy, not a physical current limit",,,"undefined: B-03 v_min_v/v_max_v are open-circuit calibration endpoints, not terminal-voltage limits",87.15824620967396,10.0,3.552713678800501e-15
charge,376,22620.0,loiter,0.13108129145673192,-10.000000000000057,31.77660192234896,313.1081291456732,314.69695924179064,0.05,,,"undefined: B-04 and BatteryPack expose a bus-power C-rate proxy, not a physical current limit",,,"undefined: B-03 v_min_v/v_max_v are open-circuit calibration endpoints, not terminal-voltage limits",85.30304075820936,10.0,-5.684341886080802e-14
discharge,377,22680.0,loiter,0.14961764257810214,28.86649951797756,93.02455482832954,314.9617642578102,310.31053651639377,0.05,,,"undefined: B-04 and BatteryPack expose a bus-power C-rate proxy, not a physical current limit",,,"undefined: B-03 v_min_v/v_max_v are open-circuit calibration endpoints, not terminal-voltage limits",10.310536516393768,30.0,1.1335004820224412
charge,378,22740.0,loiter,0.09535331892824325,-10.0,32.13963374168884,309.53533189282433,311.1423135799088,0.05,,,"undefined: B-04 and BatteryPack expose a bus-power C-rate proxy, not a physical current limit",,,"undefined: B-03 v_min_v/v_max_v are open-circuit calibration endpoints, not terminal-voltage limits",88.85768642009123,10.0,0.0
charge,379,22800.0,loiter,0.11410143861089507,-9.999999999999996,31.94811121479802,311.4101438610895,313.0075494218294,0.05,,,"undefined: B-04 and BatteryPack expose a bus-power C-rate proxy, not a physical current limit",,,"undefined: B-03 v_min_v/v_max_v are open-circuit calibration endpoints, not terminal-voltage limits",86.99245057817058,10.0,3.552713678800501e-15
discharge,380,22860.0,loiter,0.13273783681952725,28.82749367721065,93.41283269501332,313.27378368195275,308.6031420472021,0.05,,,"undefined: B-04 and BatteryPack expose a bus-power C-rate proxy, not a physical current limit",,,"undefined: B-03 v_min_v/v_max_v are open-circuit calibration endpoints, not terminal-voltage limits",8.603142047202084,30.0,1.1725063227893493
charge,381,22920.0,loiter,0.07824701774743614,-9.999999999999993,32.316388176157034,307.82470177474363,309.4405211835515,0.05,,,"undefined: B-04 and BatteryPack expose a bus-power C-rate proxy, not a physical current limit",,,"undefined: B-03 v_min_v/v_max_v are open-circuit calibration endpoints, not terminal-voltage limits",90.55947881644852,10.0,7.105427357601002e-15
charge,382,22980.0,loiter,0.09709824418352775,-9.999999999999996,32.12171199160366,309.70982441835275,311.31591001793294,0.05,,,"undefined: B-04 and BatteryPack expose a bus-power C-rate proxy, not a physical current limit",,,"undefined: B-03 v_min_v/v_max_v are open-circuit calibration endpoints, not terminal-voltage limits",88.68408998206706,10.0,3.552713678800501e-15
charge,383,23040.0,loiter,0.11583590951196321,-10.0,31.930507330977207,311.5835909511963,313.18011631774516,0.05,,,"undefined: B-04 and BatteryPack expose a bus-power C-rate proxy, not a physical current limit",,,"undefined: B-03 v_min_v/v_max_v are open-circuit calibration endpoints, not terminal-voltage limits",86.81988368225484,10.0,0.0
discharge,384,23100.0,loiter,0.13446203878836657,28.769066640925228,93.16775184623964,313.4462038788367,308.78781628652473,0.05,,,"undefined: B-04 and BatteryPack expose a bus-power C-rate proxy, not a physical current limit",,,"undefined: B-03 v_min_v/v_max_v are open-circuit calibration endpoints, not terminal-voltage limits",8.78781628652473,30.0,1.230933359074772
charge,385,23160.0,loiter,0.0801141835447268,-9.999999999999995,32.29700132037692,308.01141835447265,309.6262684204915,0.05,,,"undefined: B-04 and BatteryPack expose a bus-power C-rate proxy, not a physical current limit",,,"undefined: B-03 v_min_v/v_max_v are open-circuit calibration endpoints, not terminal-voltage limits",90.3737315795085,10.0,5.329070518200751e-15
charge,386,23220.0,loiter,0.09895410098161334,-10.0,32.10267269572739,309.89541009816134,311.5005437329477,0.05,,,"undefined: B-04 and BatteryPack expose a bus-power C-rate proxy, not a physical current limit",,,"undefined: B-03 v_min_v/v_max_v are open-circuit calibration endpoints, not terminal-voltage limits",88.49945626705232,10.0,0.0
charge,387,23280.0,loiter,0.11768066005412098,-10.0,31.91180534128307,311.7680660054121,313.36365627247625,0.05,,,"undefined: B-04 and BatteryPack expose a bus-power C-rate proxy, not a physical current limit",,,"undefined: B-03 v_min_v/v_max_v are open-circuit calibration endpoints, not terminal-voltage limits",86.63634372752375,10.0,0.0
discharge,388,23340.0,loiter,0.1362958798365361,28.710737505601816,92.91994253145276,313.6295879836536,308.98359085708097,0.05,,,"undefined: B-04 and BatteryPack expose a bus-power C-rate proxy, not a physical current limit",,,"undefined: B-03 v_min_v/v_max_v are open-circuit calibration endpoints, not terminal-voltage limits",8.98359085708097,30.0,1.2892624943981836
charge,389,23400.0,loiter,0.08209258002652199,-9.999999999999996,32.276484784927675,308.2092580026522,309.82308224189853,0.05,,,"undefined: B-04 and BatteryPack expose a bus-power C-rate proxy, not a physical current limit",,,"undefined: B-03 v_min_v/v_max_v are open-circuit calibration endpoints, not terminal-voltage limits",90.17691775810147,10.0,3.552713678800501e-15
charge,390,23460.0,loiter,0.10092052948439646,-10.0,32.08252352684951,310.09205294843963,311.69617912478213,0.05,,,"undefined: B-04 and BatteryPack expose a bus-power C-rate proxy, not a physical current limit",,,"undefined: B-03 v_min_v/v_max_v are open-circuit calibration endpoints, not terminal-voltage limits",88.30382087521787,10.0,0.0
charge,391,23520.0,loiter,0.11963533487505867,-10.0,31.89201271388754,311.96353348750586,313.55813412320026,0.05,,,"undefined: B-04 and BatteryPack expose a bus-power C-rate proxy, not a physical current limit",,,"undefined: B-03 v_min_v/v_max_v are open-circuit calibration endpoints, not terminal-voltage limits",86.44186587679974,10.0,0.0
discharge,392,23580.0,loiter,0.13823900895815974,28.65250608168336,92.66944716630576,313.823900895816,309.1904285375007,0.05,,,"undefined: B-04 and BatteryPack expose a bus-power C-rate proxy, not a physical current limit",,,"undefined: B-03 v_min_v/v_max_v are open-circuit calibration endpoints, not terminal-voltage limits",9.19042853750068,30.0,1.3474939183166406
charge,393,23640.0,loiter,0.0841818314444814,-9.999999999999996,32.254846784716165,308.41818314444816,310.030925483684,0.05,,,"undefined: B-04 and BatteryPack expose a bus-power C-rate proxy, not a physical current limit",,,"undefined: B-03 v_min_v/v_max_v are open-circuit calibration endpoints, not terminal-voltage limits",89.96907451631603,10.0,3.552713678800501e-15
charge,394,23700.0,loiter,0.10299715873556582,-9.999999999999996,32.061272477637885,310.2997158735566,311.9027794974385,0.05,,,"undefined: B-04 and BatteryPack expose a bus-power C-rate proxy, not a physical current limit",,,"undefined: B-03 v_min_v/v_max_v are open-circuit calibration endpoints, not terminal-voltage limits",88.09722050256153,10.0,3.552713678800501e-15
charge,395,23760.0,loiter,0.12169956768085459,-10.0,31.871137227921622,312.16995676808546,313.7635136294815,0.05,,,"undefined: B-04 and BatteryPack expose a bus-power C-rate proxy, not a physical current limit",,,"undefined: B-03 v_min_v/v_max_v are open-circuit calibration endpoints, not terminal-voltage limits",86.23648637051849,10.0,0.0
discharge,396,23820.0,loiter,0.1402910643971422,28.594372180078995,92.41630884517633,314.0291064397142,309.4082909974554,0.05,,,"undefined: B-04 and BatteryPack expose a bus-power C-rate proxy, not a physical current limit",,,"undefined: B-03 v_min_v/v_max_v are open-circuit calibration endpoints, not terminal-voltage limits",9.408290997455424,30.0,1.4056278199210048
charge,397,23880.0,loiter,0.0863815509041227,-9.999999999999996,32.23209585645975,308.6381550904123,310.24975988323524,0.05,,,"undefined: B-04 and BatteryPack expose a bus-power C-rate proxy, not a physical current limit",,,"undefined: B-03 v_min_v/v_max_v are open-circuit calibration endpoints, not terminal-voltage limits",89.75024011676476,10.0,3.552713678800501e-15
charge,398,23940.0,loiter,0.10518360682039088,-9.999999999999996,32.03892785356686,310.5183606820391,312.1203070747174,0.05,,,"undefined: B-04 and BatteryPack expose a bus-power C-rate proxy, not a physical current limit",,,"undefined: B-03 v_min_v/v_max_v are open-circuit calibration endpoints, not terminal-voltage limits",87.8796929252826,10.0,3.552713678800501e-15
charge,399,24000.0,loiter,0.12387298140163822,-9.999999999999996,31.84918696666728,312.3872981401638,313.97975748849717,0.05,,,"undefined: B-04 and BatteryPack expose a bus-power C-rate proxy, not a physical current limit",,,"undefined: B-03 v_min_v/v_max_v are open-circuit calibration endpoints, not terminal-voltage limits",86.02024251150283,10.0,3.552713678800501e-15
discharge,400,24060.0,loiter,0.14245167379886078,28.536335612162738,92.16057131077093,314.2451673798861,309.6371388143475,0.05,,,"undefined: B-04 and BatteryPack expose a bus-power C-rate proxy, not a physical current limit",,,"undefined: B-03 v_min_v/v_max_v are open-circuit calibration endpoints, not terminal-voltage limits",9.637138814347509,30.0,1.4636643878372624
charge,401,24120.0,loiter,0.08869134053424442,-10.0,32.208240851101664,308.86913405342443,310.4795460959795,0.05,,,"undefined: B-04 and BatteryPack expose a bus-power C-rate proxy, not a physical current limit",,,"undefined: B-03 v_min_v/v_max_v are open-circuit calibration endpoints, not terminal-voltage limits",89.52045390402048,10.0,0.0
charge,402,24180.0,loiter,0.10747948103072039,-10.000000000000012,32.015498265624274,310.747948103072,312.34872301635323,0.05,,,"undefined: B-04 and BatteryPack expose a bus-power C-rate proxy, not a physical current limit",,,"undefined: B-03 v_min_v/v_max_v are open-circuit calibration endpoints, not terminal-voltage limits",87.65127698364677,10.0,-1.2434497875801753e-14
charge,403,24240.0,loiter,0.12615518835233455,-10.0,31.82617031054065,312.61551883523344,314.2068273507605,0.05,,,"undefined: B-04 and BatteryPack expose a bus-power C-rate proxy, not a physical current limit",,,"undefined: B-03 v_min_v/v_max_v are open-circuit calibration endpoints, not terminal-voltage limits",85.79317264923952,10.0,0.0
discharge,404,24300.0,loiter,0.1447204543668166,28.47839618977222,91.90227892341284,314.47204543668164,309.87693149051097,0.05,,,"undefined: B-04 and BatteryPack expose a bus-power C-rate proxy, not a physical current limit",,,"undefined: B-03 v_min_v/v_max_v are open-circuit calibration endpoints, not terminal-voltage limits",9.87693149051097,30.0,1.5216038102277807
charge,405,24360.0,loiter,0.09111079166149244,-10.0,32.183290926014934,309.11107916614924,310.72024371245,0.05,,,"undefined: B-04 and BatteryPack expose a bus-power C-rate proxy, not a physical current limit",,,"undefined: B-03 v_min_v/v_max_v are open-circuit calibration endpoints, not terminal-voltage limits",89.27975628755001,10.0,0.0
charge,406,24420.0,loiter,0.10988437803500115,-10.000000000000018,31.990992622808108,310.9884378035001,312.5879874346405,0.05,,,"undefined: B-04 and BatteryPack expose a bus-power C-rate proxy, not a physical current limit",,,"undefined: B-03 v_min_v/v_max_v are open-circuit calibration endpoints, not terminal-voltage limits",87.41201256535948,10.0,-1.7763568394002505e-14
discharge,407,24480.0,loiter,0.12854579039830588,28.439823785204695,92.26479435810631,312.8545790398306,308.24133932192524,0.05,,,"undefined: B-04 and BatteryPack expose a bus-power C-rate proxy, not a physical current limit",,,"undefined: B-03 v_min_v/v_max_v are open-circuit calibration endpoints, not terminal-voltage limits",8.241339321925238,30.0,1.5601762147953053
charge,408,24540.0,loiter,0.07472466035607721,-10.0,32.353024060872144,307.47246603560774,309.0901172386514,0.05,,,"undefined: B-04 and BatteryPack expose a bus-power C-rate proxy, not a physical current limit",,,"undefined: B-03 v_min_v/v_max_v are open-circuit calibration endpoints, not terminal-voltage limits",90.90988276134863,10.0,0.0
charge,409,24600.0,loiter,0.0935972577249193,-9.999999999999996,32.15768996422128,309.3597257724919,310.96761027070295,0.05,,,"undefined: B-04 and BatteryPack expose a bus-power C-rate proxy, not a physical current limit",,,"undefined: B-03 v_min_v/v_max_v are open-circuit calibration endpoints, not terminal-voltage limits",89.03238972929705,10.0,3.552713678800501e-15
charge,410,24660.0,loiter,0.11235591020404836,-10.0,31.965846833877546,311.23559102040485,312.83388336209873,0.05,,,"undefined: B-04 and BatteryPack expose a bus-power C-rate proxy, not a physical current limit",,,"undefined: B-03 v_min_v/v_max_v are open-circuit calibration endpoints, not terminal-voltage limits",87.16611663790127,10.0,0.0
discharge,411,24720.0,loiter,0.13100265419047694,28.382045855140273,92.00007053823413,313.1002654190477,308.500261892136,0.05,,,"undefined: B-04 and BatteryPack expose a bus-power C-rate proxy, not a physical current limit",,,"undefined: B-03 v_min_v/v_max_v are open-circuit calibration endpoints, not terminal-voltage limits",8.500261892135995,30.0,1.617954144859727
charge,412,24780.0,loiter,0.07733594637650704,-9.999999999999984,32.325856273580484,307.7335946376507,309.3498874513297,0.05,,,"undefined: B-04 and BatteryPack expose a bus-power C-rate proxy, not a physical current limit",,,"undefined: B-03 v_min_v/v_max_v are open-circuit calibration endpoints, not terminal-voltage limits",90.65011254867028,10.0,1.5987211554602254e-14
charge,413,24840.0,loiter,0.09619269586942898,-9.999999999999996,32.13101019987789,309.6192695869429,311.2258200969368,0.05,,,"undefined: B-04 and BatteryPack expose a bus-power C-rate proxy, not a physical current limit",,,"undefined: B-03 v_min_v/v_max_v are open-circuit calibration endpoints, not terminal-voltage limits",88.77417990306321,10.0,3.552713678800501e-15
charge,414,24900.0,loiter,0.11493578515269108,-10.0,31.939640666515174,311.4935785152691,313.0905605485949,0.05,,,"undefined: B-04 and BatteryPack expose a bus-power C-rate proxy, not a physical current limit",,,"undefined: B-03 v_min_v/v_max_v are open-circuit calibration endpoints, not terminal-voltage limits",86.90943945140509,10.0,0.0
discharge,415,24960.0,loiter,0.13356724220815827,28.324364571092165,91.73286637205763,313.3567242208158,308.77008090221295,0.05,,,"undefined: B-04 and BatteryPack expose a bus-power C-rate proxy, not a physical current limit",,,"undefined: B-03 v_min_v/v_max_v are open-circuit calibration endpoints, not terminal-voltage limits",8.770080902212953,30.0,1.6756354289078352
charge,416,25020.0,loiter,0.08005640349112467,-9.999999999999996,32.297600905978356,308.00564034911247,309.6205203944114,0.05,,,"undefined: B-04 and BatteryPack expose a bus-power C-rate proxy, not a physical current limit",,,"undefined: B-03 v_min_v/v_max_v are open-circuit calibration endpoints, not terminal-voltage limits",90.37947960558859,10.0,3.552713678800501e-15
charge,417,25080.0,loiter,0.0988966706862787,-9.999999999999986,32.10326153832966,309.8896670686279,311.49483014554437,0.05,,,"undefined: B-04 and BatteryPack expose a bus-power C-rate proxy, not a physical current limit",,,"undefined: B-03 v_min_v/v_max_v are open-circuit calibration endpoints, not terminal-voltage limits",88.50516985445563,10.0,1.4210854715202004e-14
charge,418,25140.0,loiter,0.11762357325030434,-10.0,31.912383757647827,311.76235732503045,313.35797651291284,0.05,,,"undefined: B-04 and BatteryPack expose a bus-power C-rate proxy, not a physical current limit",,,"undefined: B-03 v_min_v/v_max_v are open-circuit calibration endpoints, not terminal-voltage limits",86.64202348708716,10.0,0.0
discharge,419,25200.0,loiter,0.13623913044226557,28.266779746587062,91.46322926570804,313.6239130442266,309.0507515809412,0.05,,,"undefined: B-04 and BatteryPack expose a bus-power C-rate proxy, not a physical current limit",,,"undefined: B-03 v_min_v/v_max_v are open-circuit calibration endpoints, not terminal-voltage limits",9.05075158094121,30.0,1.733220253412938
charge,420,25260.0,loiter,0.08288558003726922,-10.0,32.268268426997224,308.2885580037269,309.9019714250768,0.05,,,"undefined: B-04 and BatteryPack expose a bus-power C-rate proxy, not a physical current limit",,,"undefined: B-03 v_min_v/v_max_v are open-circuit calibration endpoints, not terminal-voltage limits",90.0980285749232,10.0,0.0
charge,421,25320.0,loiter,0.10170873661968426,-9.999999999999996,32.074454161528365,310.1708736619684,311.77459637004483,0.05,,,"undefined: B-04 and BatteryPack expose a bus-power C-rate proxy, not a physical current limit",,,"undefined: B-03 v_min_v/v_max_v are open-circuit calibration endpoints, not terminal-voltage limits",88.22540362995517,10.0,3.552713678800501e-15
charge,422,25380.0,loiter,0.1204188348805758,-9.999999999999996,31.884086013520236,312.0418834880576,313.6360877887336,0.05,,,"undefined: B-04 and BatteryPack expose a bus-power C-rate proxy, not a physical current limit",,,"undefined: B-03 v_min_v/v_max_v are open-circuit calibration endpoints, not terminal-voltage limits",86.36391221126638,10.0,3.552713678800501e-15
discharge,423,25440.0,loiter,0.13901788505512927,28.209291195609424,91.1912071116825,313.9017885055129,309.3422281499288,0.05,,,"undefined: B-04 and BatteryPack expose a bus-power C-rate proxy, not a physical current limit",,,"undefined: B-03 v_min_v/v_max_v are open-circuit calibration endpoints, not terminal-voltage limits",9.342228149928815,30.0,1.790708804390576
charge,424,25500.0,loiter,0.08582301423998115,-10.0,32.237869580782785,308.5823014239981,310.1941949030372,0.05,,,"undefined: B-04 and BatteryPack expose a bus-power C-rate proxy, not a physical current limit",,,"undefined: B-03 v_min_v/v_max_v are open-circuit calibration endpoints, not terminal-voltage limits",89.80580509696279,10.0,0.0
charge,425,25560.0,loiter,0.10462843816210443,-9.999999999999902,32.04459851941522,310.46284381621047,312.0650737421812,0.05,,,"undefined: B-04 and BatteryPack expose a bus-power C-rate proxy, not a physical current limit",,,"undefined: B-03 v_min_v/v_max_v are open-circuit calibration endpoints, not terminal-voltage limits",87.9349262578188,10.0,9.769962616701378e-14
charge,426,25620.0,loiter,0.1233211206317633,-10.0,31.854757601406614,312.33211206317634,313.92484994324667,0.05,,,"undefined: B-04 and BatteryPack expose a bus-power C-rate proxy, not a physical current limit",,,"undefined: B-03 v_min_v/v_max_v are open-circuit calibration endpoints, not terminal-voltage limits",86.07515005675333,10.0,0.0
discharge,427,25680.0,loiter,0.14190306256591717,28.15189873260014,90.91684825601192,314.1903062565917,309.64446384379113,0.05,,,"undefined: B-04 and BatteryPack expose a bus-power C-rate proxy, not a physical current limit",,,"undefined: B-03 v_min_v/v_max_v are open-circuit calibration endpoints, not terminal-voltage limits",9.64446384379113,30.0,1.8481012673998585
charge,428,25740.0,loiter,0.0888682344165769,-9.99999999999996,32.20641537758979,308.88682344165767,310.49714421053716,0.05,,,"undefined: B-04 and BatteryPack expose a bus-power C-rate proxy, not a physical current limit",,,"undefined: B-03 v_min_v/v_max_v are open-circuit calibration endpoints, not terminal-voltage limits",89.50285578946284,10.0,4.085620730620576e-14
charge,429,25800.0,loiter,0.10765531005350427,-9.999999999999996,32.01370532116414,310.76553100535045,312.3662162714087,0.05,,,"undefined: B-04 and BatteryPack expose a bus-power C-rate proxy, not a physical current limit",,,"undefined: B-03 v_min_v/v_max_v are open-circuit calibration endpoints, not terminal-voltage limits",87.63378372859131,10.0,3.552713678800501e-15
discharge,430,25860.0,loiter,0.12632997149085,28.113690381370596,91.25743808830123,312.632997149085,308.07012524466995,0.05,,,"undefined: B-04 and BatteryPack expose a bus-power C-rate proxy, not a physical current limit",,,"undefined: B-03 v_min_v/v_max_v are open-circuit calibration endpoints, not terminal-voltage limits",8.070125244669953,30.0,1.8863096186294044
charge,431,25920.0,loiter,0.07309646593934097,-10.0,32.36998678058285,307.3096465939341,308.9281459329632,0.05,,,"undefined: B-04 and BatteryPack expose a bus-power C-rate proxy, not a physical current limit",,,"undefined: B-03 v_min_v/v_max_v are open-circuit calibration endpoints, not terminal-voltage limits",91.07185406703678,10.0,0.0
charge,432,25980.0,loiter,0.09197895822801429,-10.0,32.174347569381325,309.19789582280146,310.8066132012705,0.05,,,"undefined: B-04 and BatteryPack expose a bus-power C-rate proxy, not a physical current limit",,,"undefined: B-03 v_min_v/v_max_v are open-circuit calibration endpoints, not terminal-voltage limits",89.19338679872948,10.0,0.0
charge,433,26040.0,loiter,0.11074732764348673,-10.0,31.982208355609604,311.07473276434865,312.67384318212913,0.05,,,"undefined: B-04 and BatteryPack expose a bus-power C-rate proxy, not a physical current limit",,,"undefined: B-03 v_min_v/v_max_v are open-circuit calibration endpoints, not terminal-voltage limits",87.32615681787087,10.0,0.0
discharge,434,26100.0,loiter,0.12940361585092566,28.05645765385764,90.9767469229115,312.94036158509255,308.391524238947,0.05,,,"undefined: B-04 and BatteryPack expose a bus-power C-rate proxy, not a physical current limit",,,"undefined: B-03 v_min_v/v_max_v are open-circuit calibration endpoints, not terminal-voltage limits",8.391524238947,30.0,1.9435423461423618
charge,435,26160.0,loiter,0.07633384681256061,-9.999999999999996,32.336276736184004,307.6333846812561,309.2501985180653,0.05,,,"undefined: B-04 and BatteryPack expose a bus-power C-rate proxy, not a physical current limit",,,"undefined: B-03 v_min_v/v_max_v are open-circuit calibration endpoints, not terminal-voltage limits",90.7498014819347,10.0,3.552713678800501e-15
charge,436,26220.0,loiter,0.09519667490866794,-10.0,32.14124357178832,309.5196674908668,311.12672966945627,0.05,,,"undefined: B-04 and BatteryPack expose a bus-power C-rate proxy, not a physical current limit",,,"undefined: B-03 v_min_v/v_max_v are open-circuit calibration endpoints, not terminal-voltage limits",88.87327033054373,10.0,0.0
charge,437,26280.0,loiter,0.11394573365887779,-10.0,31.949692475361648,311.39457336588777,312.99205798965585,0.05,,,"undefined: B-04 and BatteryPack expose a bus-power C-rate proxy, not a physical current limit",,,"undefined: B-03 v_min_v/v_max_v are open-circuit calibration endpoints, not terminal-voltage limits",87.00794201034415,10.0,0.0
discharge,438,26340.0,loiter,0.13258305426950542,27.999320521711038,90.6938088395799,313.2583054269505,308.7236149849715,0.05,,,"undefined: B-04 and BatteryPack expose a bus-power C-rate proxy, not a physical current limit",,,"undefined: B-03 v_min_v/v_max_v are open-circuit calibration endpoints, not terminal-voltage limits",8.723614984971505,30.0,2.000679478288962
charge,439,26400.0,loiter,0.07967833244641716,-9.999999999999952,32.30152470882217,307.9678332446417,309.58290948008283,0.05,,,"undefined: B-04 and BatteryPack expose a bus-power C-rate proxy, not a physical current limit",,,"undefined: B-03 v_min_v/v_max_v are open-circuit calibration endpoints, not terminal-voltage limits",90.41709051991717,10.0,4.796163466380676e-14
charge,440,26460.0,loiter,0.09852088852656342,-10.0,32.10711502726724,309.8520888526563,311.45744460401966,0.05,,,"undefined: B-04 and BatteryPack expose a bus-power C-rate proxy, not a physical current limit",,,"undefined: B-03 v_min_v/v_max_v are open-circuit calibration endpoints, not terminal-voltage limits",88.54255539598034,10.0,0.0
charge,441,26520.0,loiter,0.11725003895913597,-9.999999999999996,31.916169006193517,311.7250038959136,313.32081234622325,0.05,,,"undefined: B-04 and BatteryPack expose a bus-power C-rate proxy, not a physical current limit",,,"undefined: B-03 v_min_v/v_max_v are open-circuit calibration endpoints, not terminal-voltage limits",86.67918765377675,10.0,3.552713678800501e-15
discharge,442,26580.0,loiter,0.13586780421274885,27.942278801034867,90.40867470905596,313.5867804212749,309.0663466858221,0.05,,,"undefined: B-04 and BatteryPack expose a bus-power C-rate proxy, not a physical current limit",,,"undefined: B-03 v_min_v/v_max_v are open-circuit calibration endpoints, not terminal-voltage limits",9.066346685822111,30.0,2.057721198965133
charge,443,26640.0,loiter,0.08312941063246622,-10.0,32.26574290855751,308.3129410632466,309.9262282086745,0.05,,,"undefined: B-04 and BatteryPack expose a bus-power C-rate proxy, not a physical current limit",,,"undefined: B-03 v_min_v/v_max_v are open-circuit calibration endpoints, not terminal-voltage limits",90.0737717913255,10.0,0.0
charge,444,26700.0,loiter,0.10195109399579143,-9.999999999999952,32.0719738104566,310.19510939957917,311.79870809010197,0.05,,,"undefined: B-04 and BatteryPack expose a bus-power C-rate proxy, not a physical current limit",,,"undefined: B-03 v_min_v/v_max_v are open-circuit calibration endpoints, not terminal-voltage limits",88.20129190989803,10.0,4.796163466380676e-14
discharge,445,26760.0,loiter,0.12065974538522445,27.904303903014448,90.73711132218875,312.0659745385224,307.529118972413,0.05,,,"undefined: B-04 and BatteryPack expose a bus-power C-rate proxy, not a physical current limit",,,"undefined: B-03 v_min_v/v_max_v are open-circuit calibration endpoints, not terminal-voltage limits",7.529118972413016,30.0,2.0956960969855523
charge,446,26820.0,loiter,0.06772976378061435,-10.000000000000076,32.426023205817955,306.77297637806146,308.39427753835236,0.05,,,"undefined: B-04 and BatteryPack expose a bus-power C-rate proxy, not a physical current limit",,,"undefined: B-03 v_min_v/v_max_v are open-circuit calibration endpoints, not terminal-voltage limits",91.60572246164764,10.0,-7.638334409421077e-14
charge,447,26880.0,loiter,0.08664494398400815,-10.0,32.22937381432871,308.6644943984008,310.2759630891172,0.05,,,"undefined: B-04 and BatteryPack expose a bus-power C-rate proxy, not a physical current limit",,,"undefined: B-03 v_min_v/v_max_v are open-circuit calibration endpoints, not terminal-voltage limits",89.72403691088277,10.0,0.0
charge,448,26940.0,loiter,0.10544541204236657,-9.999999999999996,32.03625438613756,310.5445412042367,312.14635392354353,0.05,,,"undefined: B-04 and BatteryPack expose a bus-power C-rate proxy, not a physical current limit",,,"undefined: B-03 v_min_v/v_max_v are open-circuit calibration endpoints, not terminal-voltage limits",87.85364607645647,10.0,3.552713678800501e-15
discharge,449,27000.0,loiter,0.1241332271009468,27.847420794021556,90.44570120185597,312.4133227100947,307.89103765000186,0.05,,,"undefined: B-04 and BatteryPack expose a bus-power C-rate proxy, not a physical current limit",,,"undefined: B-03 v_min_v/v_max_v are open-circuit calibration endpoints, not terminal-voltage limits",7.891037650001863,30.0,2.1525792059784443
charge,450,27060.0,loiter,0.07137323473319751,-9.999999999999941,32.38795888906054,307.1373234733197,308.7567214177727,0.05,,,"undefined: B-04 and BatteryPack expose a bus-power C-rate proxy, not a physical current limit",,,"undefined: B-03 v_min_v/v_max_v are open-circuit calibration endpoints, not terminal-voltage limits",91.24327858222728,10.0,5.861977570020827e-14
charge,451,27120.0,loiter,0.09026621075181615,-9.999999999999996,32.19199606447148,309.0266210751816,310.6362208784052,0.05,,,"undefined: B-04 and BatteryPack expose a bus-power C-rate proxy, not a physical current limit",,,"undefined: B-03 v_min_v/v_max_v are open-circuit calibration endpoints, not terminal-voltage limits",89.3637791215948,10.0,3.552713678800501e-15
charge,452,27180.0,loiter,0.10904487512275784,-10.0,31.999542826005154,310.9044875122758,312.50446465357606,0.05,,,"undefined: B-04 and BatteryPack expose a bus-power C-rate proxy, not a physical current limit",,,"undefined: B-03 v_min_v/v_max_v are open-circuit calibration endpoints, not terminal-voltage limits",87.49553534642394,10.0,0.0
discharge,453,27240.0,loiter,0.12771127510459418,27.79063260831,90.15219448571543,312.7711275104594,308.2635177861736,0.05,,,"undefined: B-04 and BatteryPack expose a bus-power C-rate proxy, not a physical current limit",,,"undefined: B-03 v_min_v/v_max_v are open-circuit calibration endpoints, not terminal-voltage limits",8.263517786173622,30.0,2.2093673916900016
charge,454,27300.0,loiter,0.07512249498792686,-10.0,32.34888206138919,307.5122494987927,309.1296936018622,0.05,,,"undefined: B-04 and BatteryPack expose a bus-power C-rate proxy, not a physical current limit",,,"undefined: B-03 v_min_v/v_max_v are open-circuit calibration endpoints, not terminal-voltage limits",90.87030639813781,10.0,0.0
charge,455,27360.0,loiter,0.09399267619040388,-10.0,32.153622420692614,309.3992676190404,311.006948740075,0.05,,,"undefined: B-04 and BatteryPack expose a bus-power C-rate proxy, not a physical current limit",,,"undefined: B-03 v_min_v/v_max_v are open-circuit calibration endpoints, not terminal-voltage limits",88.99305125992498,10.0,0.0
charge,456,27420.0,loiter,0.11274895593580792,-9.999999999999996,31.961851543866256,311.27489559358077,312.8729881707741,0.05,,,"undefined: B-04 and BatteryPack expose a bus-power C-rate proxy, not a physical current limit",,,"undefined: B-03 v_min_v/v_max_v are open-circuit calibration endpoints, not terminal-voltage limits",87.12701182922592,10.0,3.552713678800501e-15
discharge,457,27480.0,loiter,0.13139336933639656,27.73393916363042,89.85664421678337,313.13933693363964,308.6465047228005,0.05,,,"undefined: B-04 and BatteryPack expose a bus-power C-rate proxy, not a physical current limit",,,"undefined: B-03 v_min_v/v_max_v are open-circuit calibration endpoints, not terminal-voltage limits",8.6465047228005,30.0,2.2660608363695793
charge,458,27540.0,loiter,0.07897699354327295,-10.000000000000021,32.30880605289599,307.8976993543273,309.5131396569721,0.05,,,"undefined: B-04 and BatteryPack expose a bus-power C-rate proxy, not a physical current limit",,,"undefined: B-03 v_min_v/v_max_v are open-circuit calibration endpoints, not terminal-voltage limits",90.4868603430279,10.0,-2.1316282072803006e-14
charge,459,27600.0,loiter,0.09782379707412894,-10.0,32.114265846410035,309.7823797074129,311.3880929997334,0.05,,,"undefined: B-04 and BatteryPack expose a bus-power C-rate proxy, not a physical current limit",,,"undefined: B-03 v_min_v/v_max_v are open-circuit calibration endpoints, not terminal-voltage limits",88.61190700026663,10.0,0.0
charge,460,27660.0,loiter,0.11655711881786812,-10.000000000000053,31.923193150801694,311.65571188178683,313.2518715393269,0.05,,,"undefined: B-04 and BatteryPack expose a bus-power C-rate proxy, not a physical current limit",,,"undefined: B-03 v_min_v/v_max_v are open-circuit calibration endpoints, not terminal-voltage limits",86.74812846067312,10.0,-5.3290705182007514e-14
discharge,461,27720.0,loiter,0.1351789814891691,27.677340278179702,89.55910363049725,313.5178981489169,309.03994296739205,0.05,,,"undefined: B-04 and BatteryPack expose a bus-power C-rate proxy, not a physical current limit",,,"undefined: B-03 v_min_v/v_max_v are open-circuit calibration endpoints, not terminal-voltage limits",9.03994296739205,30.0,2.3226597218202976
charge,462,27780.0,loiter,0.08293617103804571,-9.999999999999996,32.26774438943835,308.2936171038046,309.9070043232765,0.05,,,"undefined: B-04 and BatteryPack expose a bus-power C-rate proxy, not a physical current limit",,,"undefined: B-03 v_min_v/v_max_v are open-circuit calibration endpoints, not terminal-voltage limits",90.09299567672349,10.0,3.552713678800501e-15
charge,463,27840.0,loiter,0.10175902193188474,-10.0,32.073939496634125,310.17590219318845,311.7795991680201,0.05,,,"undefined: B-04 and BatteryPack expose a bus-power C-rate proxy, not a physical current limit",,,"undefined: B-03 v_min_v/v_max_v are open-circuit calibration endpoints, not terminal-voltage limits",88.22040083197987,10.0,0.0
discharge,464,27900.0,loiter,0.12046881997158798,27.639660131206305,89.869464433026,312.0468819971588,307.5534087755075,0.05,,,"undefined: B-04 and BatteryPack expose a bus-power C-rate proxy, not a physical current limit",,,"undefined: B-03 v_min_v/v_max_v are open-circuit calibration endpoints, not terminal-voltage limits",7.553408775507478,30.0,2.3603398687936945
charge,465,27960.0,loiter,0.06804496571898949,-10.0,32.422726690276136,306.80449657189894,308.4256329064127,0.05,,,"undefined: B-04 and BatteryPack expose a bus-power C-rate proxy, not a physical current limit",,,"undefined: B-03 v_min_v/v_max_v are open-circuit calibration endpoints, not terminal-voltage limits",91.57436709358728,10.0,0.0
charge,466,28020.0,loiter,0.0869582229549839,-10.0,32.22613682072392,308.6958222954984,310.30712913653457,0.05,,,"undefined: B-04 and BatteryPack expose a bus-power C-rate proxy, not a physical current limit",,,"undefined: B-03 v_min_v/v_max_v are open-circuit calibration endpoints, not terminal-voltage limits",89.69287086346543,10.0,0.0
charge,467,28080.0,loiter,0.10575680276707286,-9.999999999999995,32.03307514603409,310.57568027670726,312.17733403400894,0.05,,,"undefined: B-04 and BatteryPack expose a bus-power C-rate proxy, not a physical current limit",,,"undefined: B-03 v_min_v/v_max_v are open-circuit calibration endpoints, not terminal-voltage limits",87.82266596599106,10.0,5.329070518200751e-15
discharge,468,28140.0,loiter,0.12444276326892609,27.583218441671555,89.56579506904006,312.44427632689263,307.96598657344066,0.05,,,"undefined: B-04 and BatteryPack expose a bus-power C-rate proxy, not a physical current limit",,,"undefined: B-03 v_min_v/v_max_v are open-circuit calibration endpoints, not terminal-voltage limits",7.965986573440659,30.0,2.416781558328445
charge,469,28200.0,loiter,0.07219604947865273,-10.0,32.37937502503314,307.21960494786526,308.8385736991169,0.05,,,"undefined: B-04 and BatteryPack expose a bus-power C-rate proxy, not a physical current limit",,,"undefined: B-03 v_min_v/v_max_v are open-circuit calibration endpoints, not terminal-voltage limits",91.16142630088308,10.0,0.0
charge,470,28260.0,loiter,0.09108401824325539,-10.0,32.183566809115405,309.10840182432554,310.71758016478134,0.05,,,"undefined: B-04 and BatteryPack expose a bus-power C-rate proxy, not a physical current limit",,,"undefined: B-03 v_min_v/v_max_v are open-circuit calibration endpoints, not terminal-voltage limits",89.28241983521866,10.0,0.0
charge,471,28320.0,loiter,0.10985776554857271,-9.999999999999979,31.991263596965492,310.9857765548573,312.5853397347056,0.05,,,"undefined: B-04 and BatteryPack expose a bus-power C-rate proxy, not a physical current limit",,,"undefined: B-03 v_min_v/v_max_v are open-circuit calibration endpoints, not terminal-voltage limits",87.4146602652944,10.0,2.1316282072803006e-14
discharge,472,28380.0,loiter,0.12851933598013593,27.52687082872969,89.26024550644001,312.8519335980136,308.3889213226916,0.05,,,"undefined: B-04 and BatteryPack expose a bus-power C-rate proxy, not a physical current limit",,,"undefined: B-03 v_min_v/v_max_v are open-circuit calibration endpoints, not terminal-voltage limits",8.388921322691601,30.0,2.4731291712703083
charge,473,28440.0,loiter,0.0764508594347126,-10.0,32.33505962059951,307.64508594347126,309.26183892450126,0.05,,,"undefined: B-04 and BatteryPack expose a bus-power C-rate proxy, not a physical current limit",,,"undefined: B-03 v_min_v/v_max_v are open-circuit calibration endpoints, not terminal-voltage limits",90.73816107549874,10.0,0.0
charge,474,28500.0,loiter,0.09531297754672897,-10.0,32.140048314602154,309.5312977546729,311.138300170403,0.05,,,"undefined: B-04 and BatteryPack expose a bus-power C-rate proxy, not a physical current limit",,,"undefined: B-03 v_min_v/v_max_v are open-circuit calibration endpoints, not terminal-voltage limits",88.861699829597,10.0,0.0
charge,475,28560.0,loiter,0.11406133906358024,-10.0,31.948518430585292,311.40613390635804,313.00355982788733,0.05,,,"undefined: B-04 and BatteryPack expose a bus-power C-rate proxy, not a physical current limit",,,"undefined: B-03 v_min_v/v_max_v are open-circuit calibration endpoints, not terminal-voltage limits",86.99644017211267,10.0,0.0
discharge,476,28620.0,loiter,0.13269797481475498,27.470617112203406,88.95287064384263,313.2697974814755,308.82215394928335,0.05,,,"undefined: B-04 and BatteryPack expose a bus-power C-rate proxy, not a physical current limit",,,"undefined: B-03 v_min_v/v_max_v are open-circuit calibration endpoints, not terminal-voltage limits",8.822153949283347,30.0,2.5293828877965936
charge,477,28680.0,loiter,0.08080880027251346,-10.0,32.28979499178763,308.08088002725134,309.6953697768407,0.05,,,"undefined: B-04 and BatteryPack expose a bus-power C-rate proxy, not a physical current limit",,,"undefined: B-03 v_min_v/v_max_v are open-circuit calibration endpoints, not terminal-voltage limits",90.30463022315928,10.0,0.0
charge,478,28740.0,loiter,0.09964451401772291,-9.999999999999996,32.09559545499076,309.9644514017723,311.56923117452186,0.05,,,"undefined: B-04 and BatteryPack expose a bus-power C-rate proxy, not a physical current limit",,,"undefined: B-03 v_min_v/v_max_v are open-circuit calibration endpoints, not terminal-voltage limits",88.43076882547814,10.0,3.552713678800501e-15
discharge,479,28800.0,loiter,0.11836694469980086,27.43316671041759,89.25006554376182,311.8366944699801,307.374191192792,0.05,,,"undefined: B-04 and BatteryPack expose a bus-power C-rate proxy, not a physical current limit",,,"undefined: B-03 v_min_v/v_max_v are open-circuit calibration endpoints, not terminal-voltage limits",7.374191192792011,30.0,2.5668332895824086
charge,480,28860.0,loiter,0.0663044064659398,-9.999999999999924,32.44093852651986,306.63044064659397,308.25248757291996,0.05,,,"undefined: B-04 and BatteryPack expose a bus-power C-rate proxy, not a physical current limit",,,"undefined: B-03 v_min_v/v_max_v are open-circuit calibration endpoints, not terminal-voltage limits",91.74751242708004,10.0,7.638334409421077e-14
charge,481,28920.0,loiter,0.08522828727307638,-10.0,32.24401967528877,308.5228287273076,310.1350297110721,0.05,,,"undefined: B-04 and BatteryPack expose a bus-power C-rate proxy, not a physical current limit",,,"undefined: B-03 v_min_v/v_max_v are open-circuit calibration endpoints, not terminal-voltage limits",89.8649702889279,10.0,0.0
charge,482,28980.0,loiter,0.10403729875032816,-9.999999999999993,32.050638797538795,310.4037298750328,312.00626181490975,0.05,,,"undefined: B-04 and BatteryPack expose a bus-power C-rate proxy, not a physical current limit",,,"undefined: B-03 v_min_v/v_max_v are open-circuit calibration endpoints, not terminal-voltage limits",87.99373818509025,10.0,7.105427357601002e-15
discharge,483,29040.0,loiter,0.12273350471555912,27.377069088719484,88.9366823000023,312.2733504715559,307.82651635655577,0.05,,,"undefined: B-04 and BatteryPack expose a bus-power C-rate proxy, not a physical current limit",,,"undefined: B-03 v_min_v/v_max_v are open-circuit calibration endpoints, not terminal-voltage limits",7.826516356555771,30.0,2.622930911280516
charge,484,29100.0,loiter,0.07085377337389112,-9.999999999999996,32.39338040626933,307.0853773373891,308.7050463577026,0.05,,,"undefined: B-04 and BatteryPack expose a bus-power C-rate proxy, not a physical current limit",,,"undefined: B-03 v_min_v/v_max_v are open-circuit calibration endpoints, not terminal-voltage limits",91.2949536422974,10.0,3.552713678800501e-15
charge,485,29160.0,loiter,0.08974991194421489,-9.999999999999996,32.19731989031516,308.9749911944215,310.58485718893724,0.05,,,"undefined: B-04 and BatteryPack expose a bus-power C-rate proxy, not a physical current limit",,,"undefined: B-03 v_min_v/v_max_v are open-circuit calibration endpoints, not terminal-voltage limits",89.41514281106276,10.0,3.552713678800501e-15
charge,486,29220.0,loiter,0.10853168188023206,-10.000000000000085,32.004771857114065,310.85316818802323,312.45340678087894,0.05,,,"undefined: B-04 and BatteryPack expose a bus-power C-rate proxy, not a physical current limit",,,"undefined: B-03 v_min_v/v_max_v are open-circuit calibration endpoints, not terminal-voltage limits",87.54659321912106,10.0,-8.526512829121202e-14
discharge,487,29280.0,loiter,0.12720113213021525,27.321064885115014,88.62159177024637,312.72011321302153,308.2890336245092,0.05,,,"undefined: B-04 and BatteryPack expose a bus-power C-rate proxy, not a physical current limit",,,"undefined: B-03 v_min_v/v_max_v are open-circuit calibration endpoints, not terminal-voltage limits",8.289033624509216,30.0,2.678935114884986
charge,488,29340.0,loiter,0.07550520359757154,-10.0,32.344898539875544,307.5505203597572,309.167765286751,0.05,,,"undefined: B-04 and BatteryPack expose a bus-power C-rate proxy, not a physical current limit",,,"undefined: B-03 v_min_v/v_max_v are open-circuit calibration endpoints, not terminal-voltage limits",90.83223471324902,10.0,0.0
charge,489,29400.0,loiter,0.0943730610791656,-10.0,32.14971048870609,309.4373061079166,311.0447916323519,0.05,,,"undefined: B-04 and BatteryPack expose a bus-power C-rate proxy, not a physical current limit",,,"undefined: B-03 v_min_v/v_max_v are open-circuit calibration endpoints, not terminal-voltage limits",88.95520836764808,10.0,0.0
discharge,490,29460.0,loiter,0.11312705886424415,27.283780560120142,88.91071848276681,311.3127058864244,306.8671699622861,0.05,,,"undefined: B-04 and BatteryPack expose a bus-power C-rate proxy, not a physical current limit",,,"undefined: B-03 v_min_v/v_max_v are open-circuit calibration endpoints, not terminal-voltage limits",6.867169962286084,30.0,2.7162194398798576
charge,491,29520.0,loiter,0.06126247308263018,-10.0,32.493808382343445,306.12624730826303,307.75093772738023,0.05,,,"undefined: B-04 and BatteryPack expose a bus-power C-rate proxy, not a physical current limit",,,"undefined: B-03 v_min_v/v_max_v are open-circuit calibration endpoints, not terminal-voltage limits",92.24906227261977,10.0,0.0
charge,492,29580.0,loiter,0.08021719463899718,-9.99999999999999,32.29593242564761,308.02171946389973,309.6365160851821,0.05,,,"undefined: B-04 and BatteryPack expose a bus-power C-rate proxy, not a physical current limit",,,"undefined: B-03 v_min_v/v_max_v are open-circuit calibration endpoints, not terminal-voltage limits",90.36348391481789,10.0,1.0658141036401503e-14
charge,493,29640.0,loiter,0.09905648855395828,-10.000000000000089,32.101622951813624,309.90564885539584,311.5107300029865,0.05,,,"undefined: B-04 and BatteryPack expose a bus-power C-rate proxy, not a physical current limit",,,"undefined: B-03 v_min_v/v_max_v are open-circuit calibration endpoints, not terminal-voltage limits",88.48926999701348,10.0,-8.881784197001252e-14
discharge,494,29700.0,loiter,0.11778243527584956,27.227931656737113,88.58969123002623,311.77824352758495,307.34875896608366,0.05,,,"undefined: B-04 and BatteryPack expose a bus-power C-rate proxy, not a physical current limit",,,"undefined: B-03 v_min_v/v_max_v are open-circuit calibration endpoints, not terminal-voltage limits",7.348758966083665,30.0,2.7720683432628874
charge,495,29760.0,loiter,0.06610511539166761,-10.0,32.44302504942482,306.61051153916674,308.23266279163795,0.05,,,"undefined: B-04 and BatteryPack expose a bus-power C-rate proxy, not a physical current limit",,,"undefined: B-03 v_min_v/v_max_v are open-circuit calibration endpoints, not terminal-voltage limits",91.76733720836205,10.0,0.0
charge,496,29820.0,loiter,0.08503021333716541,-9.999999999999996,32.2460684837381,308.50302133371656,310.11532475790347,0.05,,,"undefined: B-04 and BatteryPack expose a bus-power C-rate proxy, not a physical current limit",,,"undefined: B-03 v_min_v/v_max_v are open-circuit calibration endpoints, not terminal-voltage limits",89.88467524209653,10.0,3.552713678800501e-15
charge,497,29880.0,loiter,0.1038404199526793,-10.0,32.05265101323391,310.3840419952679,311.98667454592965,0.05,,,"undefined: B-04 and BatteryPack expose a bus-power C-rate proxy, not a physical current limit",,,"undefined: B-03 v_min_v/v_max_v are open-circuit calibration endpoints, not terminal-voltage limits",88.01332545407035,10.0,0.0
discharge,498,29940.0,loiter,0.12253779971039908,27.172175696236437,88.26708062557543,312.25377997103993,307.8404259397612,0.05,,,"undefined: B-04 and BatteryPack expose a bus-power C-rate proxy, not a physical current limit",,,"undefined: B-03 v_min_v/v_max_v are open-circuit calibration endpoints, not terminal-voltage limits",7.8404259397611895,30.0,2.8278243037635633
charge,499,30000.0,loiter,0.07104866934548008,-10.0,32.391346103286764,307.104866934548,308.7244342397123,0.05,,,"undefined: B-04 and BatteryPack expose a bus-power C-rate proxy, not a physical current limit",,,"undefined: B-03 v_min_v/v_max_v are open-circuit calibration endpoints, not terminal-voltage limits",91.27556576028769,10.0,0.0
charge,500,30060.0,loiter,0.08994362123906402,-10.0,32.19532224759291,308.9943621239064,310.60412823628604,0.05,,,"undefined: B-04 and BatteryPack expose a bus-power C-rate proxy, not a physical current limit",,,"undefined: B-03 v_min_v/v_max_v are open-circuit calibration endpoints, not terminal-voltage limits",89.39587176371396,10.0,0.0
charge,501,30120.0,loiter,0.10872422588349322,-10.0,32.00280978753483,310.8724225883493,312.472563077726,0.05,,,"undefined: B-04 and BatteryPack expose a bus-power C-rate proxy, not a physical current limit",,,"undefined: B-03 v_min_v/v_max_v are open-circuit calibration endpoints, not terminal-voltage limits",87.52743692227398,10.0,0.0
discharge,502,30180.0,loiter,0.12739253159288855,27.116512501211297,87.94294381572797,312.73925315928886,308.34210596850244,0.05,,,"undefined: B-04 and BatteryPack expose a bus-power C-rate proxy, not a physical current limit",,,"undefined: B-03 v_min_v/v_max_v are open-circuit calibration endpoints, not terminal-voltage limits",8.342105968502437,30.0,2.8834874987887034
charge,503,30240.0,loiter,0.07609248103371391,-10.0,32.3387876084206,307.6092481033714,309.2261874837924,0.05,,,"undefined: B-04 and BatteryPack expose a bus-power C-rate proxy, not a physical current limit",,,"undefined: B-03 v_min_v/v_max_v are open-circuit calibration endpoints, not terminal-voltage limits",90.77381251620761,10.0,0.0
charge,504,30300.0,loiter,0.09495677380529259,-10.0,32.14370934571491,309.4956773805293,311.102862847815,0.05,,,"undefined: B-04 and BatteryPack expose a bus-power C-rate proxy, not a physical current limit",,,"undefined: B-03 v_min_v/v_max_v are open-circuit calibration endpoints, not terminal-voltage limits",88.897137152185,10.0,0.0
discharge,505,30360.0,loiter,0.11370727092362629,27.07945515349094,88.21824170325272,311.37072709236264,306.9598150072,0.05,,,"undefined: B-04 and BatteryPack expose a bus-power C-rate proxy, not a physical current limit",,,"undefined: B-03 v_min_v/v_max_v are open-circuit calibration endpoints, not terminal-voltage limits",6.959815007200007,30.0,2.9205448465090598
charge,506,30420.0,loiter,0.062246629930062206,-10.0,32.48347502546096,306.22466299300623,307.8488367442793,0.05,,,"undefined: B-04 and BatteryPack expose a bus-power C-rate proxy, not a physical current limit",,,"undefined: B-03 v_min_v/v_max_v are open-circuit calibration endpoints, not terminal-voltage limits",92.15116325572069,10.0,0.0
charge,507,30480.0,loiter,0.08119532369491443,-10.0,32.28578637455371,308.1195323694914,309.7338216882191,0.05,,,"undefined: B-04 and BatteryPack expose a bus-power C-rate proxy, not a physical current limit",,,"undefined: B-03 v_min_v/v_max_v are open-circuit calibration endpoints, not terminal-voltage limits",90.26617831178089,10.0,0.0
charge,508,30540.0,loiter,0.10002869908007075,-10.0,32.09165862013663,310.0028699080071,311.60745283901394,0.05,,,"undefined: B-04 and BatteryPack expose a bus-power C-rate proxy, not a physical current limit",,,"undefined: B-03 v_min_v/v_max_v are open-circuit calibration endpoints, not terminal-voltage limits",88.39254716098606,10.0,0.0
discharge,509,30600.0,loiter,0.11874883327515046,27.023946174530085,87.88833474267733,311.874883327515,307.4804665903812,0.05,,,"undefined: B-04 and BatteryPack expose a bus-power C-rate proxy, not a physical current limit",,,"undefined: B-03 v_min_v/v_max_v are open-circuit calibration endpoints, not terminal-voltage limits",7.480466590381184,30.0,2.976053825469915
charge,510,30660.0,loiter,0.06748063800858868,-9.999999999999996,32.428629140625844,306.74806380085886,308.36949525789015,0.05,,,"undefined: B-04 and BatteryPack expose a bus-power C-rate proxy, not a physical current limit",,,"undefined: B-03 v_min_v/v_max_v are open-circuit calibration endpoints, not terminal-voltage limits",91.63050474210985,10.0,3.552713678800501e-15
charge,511,30720.0,loiter,0.08639733834062042,-9.999999999999996,32.23193268792954,308.63973383406204,310.2513304684585,0.05,,,"undefined: B-04 and BatteryPack expose a bus-power C-rate proxy, not a physical current limit",,,"undefined: B-03 v_min_v/v_max_v are open-circuit calibration endpoints, not terminal-voltage limits",89.74866953154151,10.0,3.552713678800501e-15
charge,512,30780.0,loiter,0.10519929907524599,-9.999999999999996,32.03876759699824,310.5199299075246,312.1218682873745,0.05,,,"undefined: B-04 and BatteryPack expose a bus-power C-rate proxy, not a physical current limit",,,"undefined: B-03 v_min_v/v_max_v are open-circuit calibration endpoints, not terminal-voltage limits",87.87813171262547,10.0,3.552713678800501e-15
discharge,513,30840.0,loiter,0.12388858017349495,26.96852949007413,87.557031818327,312.3888580173495,308.01100642643314,0.05,,,"undefined: B-04 and BatteryPack expose a bus-power C-rate proxy, not a physical current limit",,,"undefined: B-03 v_min_v/v_max_v are open-circuit calibration endpoints, not terminal-voltage limits",8.011006426433141,30.0,3.031470509925871
charge,514,30900.0,loiter,0.07281364494613754,-9.99999999999993,32.37293504662773,307.28136449461374,308.90001124694516,0.05,,,"undefined: B-04 and BatteryPack expose a bus-power C-rate proxy, not a physical current limit",,,"undefined: B-03 v_min_v/v_max_v are open-circuit calibration endpoints, not terminal-voltage limits",91.09998875305484,10.0,6.927791673660977e-14
charge,515,30960.0,loiter,0.09169785705667038,-10.0,32.177242771875854,309.16978570566704,310.77864784426083,0.05,,,"undefined: B-04 and BatteryPack expose a bus-power C-rate proxy, not a physical current limit",,,"undefined: B-03 v_min_v/v_max_v are open-circuit calibration endpoints, not terminal-voltage limits",89.22135215573917,10.0,0.0
discharge,516,31020.0,loiter,0.11046791534026462,26.93163622165056,87.8237206113846,311.04679153402645,306.6556055034572,0.05,,,"undefined: B-04 and BatteryPack expose a bus-power C-rate proxy, not a physical current limit",,,"undefined: B-03 v_min_v/v_max_v are open-circuit calibration endpoints, not terminal-voltage limits",6.6556055034571955,30.0,3.0683637783494397
charge,517,31080.0,loiter,0.05923741165029027,-9.999999999999979,32.51509151692915,305.923741165029,307.5494957408755,0.05,,,"undefined: B-04 and BatteryPack expose a bus-power C-rate proxy, not a physical current limit",,,"undefined: B-03 v_min_v/v_max_v are open-circuit calibration endpoints, not terminal-voltage limits",92.4505042591245,10.0,2.1316282072803006e-14
charge,518,31140.0,loiter,0.07820454836849894,-9.999999999999996,32.316829406698844,307.8204548368499,309.4362963071848,0.05,,,"undefined: B-04 and BatteryPack expose a bus-power C-rate proxy, not a physical current limit",,,"undefined: B-03 v_min_v/v_max_v are open-circuit calibration endpoints, not terminal-voltage limits",90.56370369281518,10.0,3.552713678800501e-15
charge,519,31200.0,loiter,0.09705603218907326,-10.0,32.12214530717233,309.7056032189073,311.3117104842659,0.05,,,"undefined: B-04 and BatteryPack expose a bus-power C-rate proxy, not a physical current limit",,,"undefined: B-03 v_min_v/v_max_v are open-circuit calibration endpoints, not terminal-voltage limits",88.68828951573408,10.0,0.0
discharge,520,31260.0,loiter,0.11579395028492379,26.876372970860263,87.48675298559363,311.5793950284924,307.2050573792127,0.05,,,"undefined: B-04 and BatteryPack expose a bus-power C-rate proxy, not a physical current limit",,,"undefined: B-03 v_min_v/v_max_v are open-circuit calibration endpoints, not terminal-voltage limits",7.20505737921269,30.0,3.1236270291397368
charge,521,31320.0,loiter,0.06476001104332751,-9.999999999999996,32.457114908661424,306.47600110433274,308.0988568497658,0.05,,,"undefined: B-04 and BatteryPack expose a bus-power C-rate proxy, not a physical current limit",,,"undefined: B-03 v_min_v/v_max_v are open-circuit calibration endpoints, not terminal-voltage limits",91.90114315023419,10.0,3.552713678800501e-15
charge,522,31380.0,loiter,0.08369332807338001,-10.0,32.25990354038686,308.369332807338,309.98232798435737,0.05,,,"undefined: B-04 and BatteryPack expose a bus-power C-rate proxy, not a physical current limit",,,"undefined: B-03 v_min_v/v_max_v are open-circuit calibration endpoints, not terminal-voltage limits",90.01767201564263,10.0,0.0
charge,523,31440.0,loiter,0.10251160513860567,-10.000000000000112,32.06623884927808,310.25116051386055,311.85447245632446,0.05,,,"undefined: B-04 and BatteryPack expose a bus-power C-rate proxy, not a physical current limit",,,"undefined: B-03 v_min_v/v_max_v are open-circuit calibration endpoints, not terminal-voltage limits",88.14552754367554,10.0,-1.1191048088221578e-13
discharge,524,31500.0,loiter,0.12121691113401789,26.82120154666208,87.14852439390711,312.12169111340177,307.7642648937064,0.05,,,"undefined: B-04 and BatteryPack expose a bus-power C-rate proxy, not a physical current limit",,,"undefined: B-03 v_min_v/v_max_v are open-circuit calibration endpoints, not terminal-voltage limits",7.764264893706411,30.0,3.1787984533379188
charge,525,31560.0,loiter,0.07038027190423875,-10.0,32.39832382229906,307.03802719042386,308.6579433815388,0.05,,,"undefined: B-04 and BatteryPack expose a bus-power C-rate proxy, not a physical current limit",,,"undefined: B-03 v_min_v/v_max_v are open-circuit calibration endpoints, not terminal-voltage limits",91.34205661846119,10.0,0.0
charge,526,31620.0,loiter,0.0892792941339132,-9.999999999999996,32.20217420200015,308.9279294133913,310.53803812349133,0.05,,,"undefined: B-04 and BatteryPack expose a bus-power C-rate proxy, not a physical current limit",,,"undefined: B-03 v_min_v/v_max_v are open-circuit calibration endpoints, not terminal-voltage limits",89.46196187650867,10.0,3.552713678800501e-15
discharge,527,31680.0,loiter,0.10806389575174662,26.78447152568908,87.40639289549904,310.80638957517465,306.4360699303997,0.05,,,"undefined: B-04 and BatteryPack expose a bus-power C-rate proxy, not a physical current limit",,,"undefined: B-03 v_min_v/v_max_v are open-circuit calibration endpoints, not terminal-voltage limits",6.436069930399697,30.0,3.2155284743109185
charge,528,31740.0,loiter,0.05707683322937218,-9.999999999999934,32.53782951867436,305.7076833229372,307.3345747988709,0.05,,,"undefined: B-04 and BatteryPack expose a bus-power C-rate proxy, not a physical current limit",,,"undefined: B-03 v_min_v/v_max_v are open-circuit calibration endpoints, not terminal-voltage limits",92.6654252011291,10.0,6.572520305780927e-14
charge,529,31800.0,loiter,0.07605723378193222,-10.00000000000009,32.33915430986883,307.6057233781932,309.2226810936867,0.05,,,"undefined: B-04 and BatteryPack expose a bus-power C-rate proxy, not a physical current limit",,,"undefined: B-03 v_min_v/v_max_v are open-circuit calibration endpoints, not terminal-voltage limits",90.77731890631333,10.0,-9.059419880941277e-14
charge,530,31860.0,loiter,0.09492174046268903,-10.0,32.14406946018528,309.49217404626893,311.09937751927816,0.05,,,"undefined: B-04 and BatteryPack expose a bus-power C-rate proxy, not a physical current limit",,,"undefined: B-03 v_min_v/v_max_v are open-circuit calibration endpoints, not terminal-voltage limits",88.90062248072184,10.0,0.0
discharge,531,31920.0,loiter,0.1136724476477971,26.729452757836047,87.06261879897397,311.3672447647797,307.014113824831,0.05,,,"undefined: B-04 and BatteryPack expose a bus-power C-rate proxy, not a physical current limit",,,"undefined: B-03 v_min_v/v_max_v are open-circuit calibration endpoints, not terminal-voltage limits",7.014113824830986,30.0,3.2705472421639534
charge,532,31980.0,loiter,0.0628859200150623,-9.999999999999996,32.476766169953066,306.28859200150623,307.91243031000386,0.05,,,"undefined: B-04 and BatteryPack expose a bus-power C-rate proxy, not a physical current limit",,,"undefined: B-03 v_min_v/v_max_v are open-circuit calibration endpoints, not terminal-voltage limits",92.08756968999614,10.0,3.552713678800501e-15
charge,533,32040.0,loiter,0.08183070028086825,-10.0,32.2791990633516,308.18307002808683,309.7970299812544,0.05,,,"undefined: B-04 and BatteryPack expose a bus-power C-rate proxy, not a physical current limit",,,"undefined: B-03 v_min_v/v_max_v are open-circuit calibration endpoints, not terminal-voltage limits",90.20297001874559,10.0,0.0
charge,534,32100.0,loiter,0.10066023306782335,-9.999999999999996,32.08518923003851,310.0660233067823,311.6702827682842,0.05,,,"undefined: B-04 and BatteryPack expose a bus-power C-rate proxy, not a physical current limit",,,"undefined: B-03 v_min_v/v_max_v are open-circuit calibration endpoints, not terminal-voltage limits",88.32971723171579,10.0,3.552713678800501e-15
discharge,535,32160.0,loiter,0.11937659345201247,26.674525351698268,86.71772296520544,311.93765934520127,307.601773196941,0.05,,,"undefined: B-04 and BatteryPack expose a bus-power C-rate proxy, not a physical current limit",,,"undefined: B-03 v_min_v/v_max_v are open-circuit calibration endpoints, not terminal-voltage limits",7.6017731969409965,30.0,3.325474648301732
charge,536,32220.0,loiter,0.06879125505564264,-9.999999999999996,32.41492433746373,306.8791255055643,308.49987172243743,0.05,,,"undefined: B-04 and BatteryPack expose a bus-power C-rate proxy, not a physical current limit",,,"undefined: B-03 v_min_v/v_max_v are open-circuit calibration endpoints, not terminal-voltage limits",91.50012827756257,10.0,3.552713678800501e-15
charge,537,32280.0,loiter,0.08769996091916314,-9.999999999999996,32.21847529999593,308.7699960919163,310.3809198569161,0.05,,,"undefined: B-04 and BatteryPack expose a bus-power C-rate proxy, not a physical current limit",,,"undefined: B-03 v_min_v/v_max_v are open-circuit calibration endpoints, not terminal-voltage limits",89.61908014308392,10.0,3.552713678800501e-15
discharge,538,32340.0,loiter,0.10649407151082743,26.637957751726848,86.9665817705237,310.64940715108276,306.3010780625566,0.05,,,"undefined: B-04 and BatteryPack expose a bus-power C-rate proxy, not a physical current limit",,,"undefined: B-03 v_min_v/v_max_v are open-circuit calibration endpoints, not terminal-voltage limits",6.3010780625565985,30.0,3.362042248273152
charge,539,32400.0,loiter,0.05576356547802194,-9.999999999999996,32.551665858143224,305.5763565478022,307.2039398407094,0.05,,,"undefined: B-04 and BatteryPack expose a bus-power C-rate proxy, not a physical current limit",,,"undefined: B-03 v_min_v/v_max_v are open-circuit calibration endpoints, not terminal-voltage limits",92.79606015929062,10.0,3.552713678800501e-15
charge,540,32460.0,loiter,0.07475203722860549,-10.0,32.35273899659603,307.47520372286056,309.0928406726904,0.05,,,"undefined: B-04 and BatteryPack expose a bus-power C-rate proxy, not a physical current limit",,,"undefined: B-03 v_min_v/v_max_v are open-circuit calibration endpoints, not terminal-voltage limits",90.90715932730961,10.0,0.0
charge,541,32520.0,loiter,0.09362446830995318,-10.0,32.1574100248165,309.36244683099534,310.97031733223616,0.05,,,"undefined: B-04 and BatteryPack expose a bus-power C-rate proxy, not a physical current limit",,,"undefined: B-03 v_min_v/v_max_v are open-circuit calibration endpoints, not terminal-voltage limits",89.02968266776384,10.0,0.0
discharge,542,32580.0,loiter,0.11238295749109613,26.58318222965541,86.61627291544733,311.2382957491096,306.90748210333726,0.05,,,"undefined: B-04 and BatteryPack expose a bus-power C-rate proxy, not a physical current limit",,,"undefined: B-03 v_min_v/v_max_v are open-circuit calibration endpoints, not terminal-voltage limits",6.907482103337259,30.0,3.41681777034459
charge,543,32640.0,loiter,0.06185679829041853,-9.999999999999996,32.487567360769276,306.1856798290419,307.81005819708037,0.05,,,"undefined: B-04 and BatteryPack expose a bus-power C-rate proxy, not a physical current limit",,,"undefined: B-03 v_min_v/v_max_v are open-circuit calibration endpoints, not terminal-voltage limits",92.18994180291963,10.0,3.552713678800501e-15
charge,544,32700.0,loiter,0.08080787925086727,-9.999999999999996,32.289804544844856,308.0807879250867,309.69527815232897,0.05,,,"undefined: B-04 and BatteryPack expose a bus-power C-rate proxy, not a physical current limit",,,"undefined: B-03 v_min_v/v_max_v are open-circuit calibration endpoints, not terminal-voltage limits",90.30472184767103,10.0,3.552713678800501e-15
charge,545,32760.0,loiter,0.09964359856869343,-10.0,32.09560483696066,309.96435985686935,311.5691400987174,0.05,,,"undefined: B-04 and BatteryPack expose a bus-power C-rate proxy, not a physical current limit",,,"undefined: B-03 v_min_v/v_max_v are open-circuit calibration endpoints, not terminal-voltage limits",88.43085990128259,10.0,0.0
discharge,546,32820.0,loiter,0.11836603472358714,26.528497607436613,86.26498522524003,311.8366034723587,307.5233542110967,0.05,,,"undefined: B-04 and BatteryPack expose a bus-power C-rate proxy, not a physical current limit",,,"undefined: B-03 v_min_v/v_max_v are open-circuit calibration endpoints, not terminal-voltage limits",7.523354211096716,30.0,3.471502392563387
charge,547,32880.0,loiter,0.06804479334219714,-10.0,32.422728492883266,306.8044793342197,308.42561575886384,0.05,,,"undefined: B-04 and BatteryPack expose a bus-power C-rate proxy, not a physical current limit",,,"undefined: B-03 v_min_v/v_max_v are open-circuit calibration endpoints, not terminal-voltage limits",91.57438424113616,10.0,0.0
charge,548,32940.0,loiter,0.08695805162971237,-10.0,32.22613859078649,308.6958051629712,310.3071120925106,0.05,,,"undefined: B-04 and BatteryPack expose a bus-power C-rate proxy, not a physical current limit",,,"undefined: B-03 v_min_v/v_max_v are open-circuit calibration endpoints, not terminal-voltage limits",89.69288790748942,10.0,0.0
discharge,549,33000.0,loiter,0.10575663247433782,26.492091607376363,86.50466749844156,310.5756632474338,306.25042987251175,0.05,,,"undefined: B-04 and BatteryPack expose a bus-power C-rate proxy, not a physical current limit",,,"undefined: B-03 v_min_v/v_max_v are open-circuit calibration endpoints, not terminal-voltage limits",6.250429872511745,30.0,3.507908392623637
charge,550,33060.0,loiter,0.05529557643358025,-9.999999999999972,32.55659933108916,305.52955764335803,307.15738760991246,0.05,,,"undefined: B-04 and BatteryPack expose a bus-power C-rate proxy, not a physical current limit",,,"undefined: B-03 v_min_v/v_max_v are open-circuit calibration endpoints, not terminal-voltage limits",92.84261239008754,10.0,2.842170943040401e-14
charge,551,33120.0,loiter,0.07428692604338226,-9.999999999999911,32.35758268967629,307.4286926043382,309.046571738822,0.05,,,"undefined: B-04 and BatteryPack expose a bus-power C-rate proxy, not a physical current limit",,,"undefined: B-03 v_min_v/v_max_v are open-circuit calibration endpoints, not terminal-voltage limits",90.95342826117798,10.0,8.881784197001252e-14
charge,552,33180.0,loiter,0.09316218261236009,-10.0,32.16216662617285,309.31621826123603,310.9243265925447,0.05,,,"undefined: B-04 and BatteryPack expose a bus-power C-rate proxy, not a physical current limit",,,"undefined: B-03 v_min_v/v_max_v are open-circuit calibration endpoints, not terminal-voltage limits",89.07567340745533,10.0,0.0
discharge,553,33240.0,loiter,0.11192344647762759,26.437558101950803,86.14811200578686,311.19234464776275,306.8849390474734,0.05,,,"undefined: B-04 and BatteryPack expose a bus-power C-rate proxy, not a physical current limit",,,"undefined: B-03 v_min_v/v_max_v are open-circuit calibration endpoints, not terminal-voltage limits",6.884939047473381,30.0,3.5624418980491974
charge,554,33300.0,loiter,0.0616703811409186,-9.999999999999996,32.48952467448362,306.16703811409184,307.791514347816,0.05,,,"undefined: B-04 and BatteryPack expose a bus-power C-rate proxy, not a physical current limit",,,"undefined: B-03 v_min_v/v_max_v are open-circuit calibration endpoints, not terminal-voltage limits",92.20848565218398,10.0,3.552713678800501e-15
charge,555,33360.0,loiter,0.0806226038677007,-10.0,32.29172637985869,308.06226038677005,309.67684670576296,0.05,,,"undefined: B-04 and BatteryPack expose a bus-power C-rate proxy, not a physical current limit",,,"undefined: B-03 v_min_v/v_max_v are open-circuit calibration endpoints, not terminal-voltage limits",90.32315329423704,10.0,0.0
charge,556,33420.0,loiter,0.0994594442559516,-10.0,32.0974922514165,309.94594442559514,311.55081903816597,0.05,,,"undefined: B-04 and BatteryPack expose a bus-power C-rate proxy, not a physical current limit",,,"undefined: B-03 v_min_v/v_max_v are open-circuit calibration endpoints, not terminal-voltage limits",88.44918096183403,10.0,0.0
discharge,557,33480.0,loiter,0.11818298140261121,26.383115037507878,85.79072366966443,311.8182981402611,307.5287619567779,0.05,,,"undefined: B-04 and BatteryPack expose a bus-power C-rate proxy, not a physical current limit",,,"undefined: B-03 v_min_v/v_max_v are open-circuit calibration endpoints, not terminal-voltage limits",7.528761956777885,30.0,3.616884962492122
charge,558,33540.0,loiter,0.06813839259530696,-10.0,32.421749720483604,306.8138392595307,308.4349267455549,0.05,,,"undefined: B-04 and BatteryPack expose a bus-power C-rate proxy, not a physical current limit",,,"undefined: B-03 v_min_v/v_max_v are open-circuit calibration endpoints, not terminal-voltage limits",91.56507325444511,10.0,0.0
charge,559,33600.0,loiter,0.08705107993225572,-10.0,32.22517748883149,308.70510799322557,310.31636686766717,0.05,,,"undefined: B-04 and BatteryPack expose a bus-power C-rate proxy, not a physical current limit",,,"undefined: B-03 v_min_v/v_max_v are open-circuit calibration endpoints, not terminal-voltage limits",89.68363313233283,10.0,0.0
discharge,560,33660.0,loiter,0.10584910013407409,26.34686982158873,86.02108576440457,310.5849100134074,306.2838557251872,0.05,,,"undefined: B-04 and BatteryPack expose a bus-power C-rate proxy, not a physical current limit",,,"undefined: B-03 v_min_v/v_max_v are open-circuit calibration endpoints, not terminal-voltage limits",6.283855725187209,30.0,3.6531301784112706
charge,561,33720.0,loiter,0.055670133438171426,-9.999999999999996,32.552650686389484,305.56701334381717,307.1946458781366,0.05,,,"undefined: B-04 and BatteryPack expose a bus-power C-rate proxy, not a physical current limit",,,"undefined: B-03 v_min_v/v_max_v are open-circuit calibration endpoints, not terminal-voltage limits",92.80535412186339,10.0,3.552713678800501e-15
charge,562,33780.0,loiter,0.07465917967189863,-9.999999999999996,32.353705904965864,307.46591796718985,309.08360326243815,0.05,,,"undefined: B-04 and BatteryPack expose a bus-power C-rate proxy, not a physical current limit",,,"undefined: B-03 v_min_v/v_max_v are open-circuit calibration endpoints, not terminal-voltage limits",90.91639673756185,10.0,3.552713678800501e-15
charge,563,33840.0,loiter,0.09353217478312871,-9.999999999999996,32.15835954979411,309.3532174783129,310.9611354558026,0.05,,,"undefined: B-04 and BatteryPack expose a bus-power C-rate proxy, not a physical current limit",,,"undefined: B-03 v_min_v/v_max_v are open-circuit calibration endpoints, not terminal-voltage limits",89.0388645441974,10.0,3.552713678800501e-15
discharge,564,33900.0,loiter,0.11229121785384194,26.292577111635914,85.65858694247993,311.2291217853842,306.94619243826025,0.05,,,"undefined: B-04 and BatteryPack expose a bus-power C-rate proxy, not a physical current limit",,,"undefined: B-03 v_min_v/v_max_v are open-circuit calibration endpoints, not terminal-voltage limits",6.946192438260255,30.0,3.7074228883640856
charge,565,33960.0,loiter,0.06232370880406198,-10.0,32.4826659960587,306.2323708804062,307.8565041802092,0.05,,,"undefined: B-04 and BatteryPack expose a bus-power C-rate proxy, not a physical current limit",,,"undefined: B-03 v_min_v/v_max_v are open-circuit calibration endpoints, not terminal-voltage limits",92.14349581979081,10.0,0.0
charge,566,34020.0,loiter,0.08127193063509622,-9.99999999999995,32.28499200494639,308.1271930635096,309.7414426637569,0.05,,,"undefined: B-04 and BatteryPack expose a bus-power C-rate proxy, not a physical current limit",,,"undefined: B-03 v_min_v/v_max_v are open-circuit calibration endpoints, not terminal-voltage limits",90.25855733624309,10.0,4.973799150320701e-14
discharge,567,34080.0,loiter,0.10010484263798161,26.256431973895403,85.88497742085451,310.01048426379816,305.71623539275544,0.05,,,"undefined: B-04 and BatteryPack expose a bus-power C-rate proxy, not a physical current limit",,,"undefined: B-03 v_min_v/v_max_v are open-circuit calibration endpoints, not terminal-voltage limits",5.716235392755436,30.0,3.7435680261045974
charge,568,34140.0,loiter,0.05000527247581649,-10.0,32.61247257955745,305.00052724758166,306.63115087655956,0.05,,,"undefined: B-04 and BatteryPack expose a bus-power C-rate proxy, not a physical current limit",,,"undefined: B-03 v_min_v/v_max_v are open-circuit calibration endpoints, not terminal-voltage limits",93.36884912344044,10.0,0.0
charge,569,34200.0,loiter,0.06902921481389165,-10.0,32.41243728617235,306.90292148138917,308.5235433456978,0.05,,,"undefined: B-04 and BatteryPack expose a bus-power C-rate proxy, not a physical current limit",,,"undefined: B-03 v_min_v/v_max_v are open-circuit calibration endpoints, not terminal-voltage limits",91.47645665430218,10.0,0.0
charge,570,34260.0,loiter,0.08793646989749218,-10.0,32.21603312587547,308.7936469897492,310.40444864604297,0.05,,,"undefined: B-04 and BatteryPack expose a bus-power C-rate proxy, not a physical current limit",,,"undefined: B-03 v_min_v/v_max_v are open-circuit calibration endpoints, not terminal-voltage limits",89.59555135395703,10.0,0.0
discharge,571,34320.0,loiter,0.1067291558875862,26.20228914450129,85.51743454928044,310.6729155887586,306.3970438612946,0.05,,,"undefined: B-04 and BatteryPack expose a bus-power C-rate proxy, not a physical current limit",,,"undefined: B-03 v_min_v/v_max_v are open-circuit calibration endpoints, not terminal-voltage limits",6.3970438612946054,30.0,3.7977108554987105
charge,572,34380.0,loiter,0.056843985733839295,-10.000000000000055,32.54028190221277,305.68439857338393,307.31141266849454,0.05,,,"undefined: B-04 and BatteryPack expose a bus-power C-rate proxy, not a physical current limit",,,"undefined: B-03 v_min_v/v_max_v are open-circuit calibration endpoints, not terminal-voltage limits",92.68858733150546,10.0,-5.5067062021407764e-14
charge,573,34440.0,loiter,0.0758258168434634,-9.99999999999999,32.34156210522485,307.58258168434634,309.1996597896076,0.05,,,"undefined: B-04 and BatteryPack expose a bus-power C-rate proxy, not a physical current limit",,,"undefined: B-03 v_min_v/v_max_v are open-circuit calibration endpoints, not terminal-voltage limits",90.80034021039239,10.0,1.0658141036401503e-14
charge,574,34500.0,loiter,0.09469172807151123,-9.999999999999996,32.14643400119769,309.4691728071511,311.076494507211,0.05,,,"undefined: B-04 and BatteryPack expose a bus-power C-rate proxy, not a physical current limit",,,"undefined: B-03 v_min_v/v_max_v are open-circuit calibration endpoints, not terminal-voltage limits",88.92350549278899,10.0,3.552713678800501e-15
discharge,575,34560.0,loiter,0.11344381457220988,26.148236016753927,85.14930013625872,311.344381457221,307.08691645040807,0.05,,,"undefined: B-04 and BatteryPack expose a bus-power C-rate proxy, not a physical current limit",,,"undefined: B-03 v_min_v/v_max_v are open-circuit calibration endpoints, not terminal-voltage limits",7.086916450408069,30.0,3.851763983246073
charge,576,34620.0,loiter,0.06377338949272564,-10.0,32.46745743177428,306.37733894927254,308.0007118208613,0.05,,,"undefined: B-04 and BatteryPack expose a bus-power C-rate proxy, not a physical current limit",,,"undefined: B-03 v_min_v/v_max_v are open-circuit calibration endpoints, not terminal-voltage limits",91.99928817913872,10.0,0.0
charge,577,34680.0,loiter,0.08271273966126064,-10.0,32.2700588899346,308.27127396612605,309.8847769106228,0.05,,,"undefined: B-04 and BatteryPack expose a bus-power C-rate proxy, not a physical current limit",,,"undefined: B-03 v_min_v/v_max_v are open-circuit calibration endpoints, not terminal-voltage limits",90.1152230893772,10.0,0.0
discharge,578,34740.0,loiter,0.10153694068038915,26.11225034877764,85.36612532037111,310.15369406803893,305.8853878020204,0.05,,,"undefined: B-04 and BatteryPack expose a bus-power C-rate proxy, not a physical current limit",,,"undefined: B-03 v_min_v/v_max_v are open-circuit calibration endpoints, not terminal-voltage limits",5.885387802020375,30.0,3.887749651222361
charge,579,34800.0,loiter,0.05174003424350601,-9.999999999999996,32.59412998133598,305.1740034243506,306.8037099234174,0.05,,,"undefined: B-04 and BatteryPack expose a bus-power C-rate proxy, not a physical current limit",,,"undefined: B-03 v_min_v/v_max_v are open-circuit calibration endpoints, not terminal-voltage limits",93.19629007658261,10.0,3.552713678800501e-15
charge,580,34860.0,loiter,0.07075327673261866,-10.000000000000044,32.39442947862699,307.0753276732619,308.69504914719323,0.05,,,"undefined: B-04 and BatteryPack expose a bus-power C-rate proxy, not a physical current limit",,,"undefined: B-03 v_min_v/v_max_v are open-circuit calibration endpoints, not terminal-voltage limits",91.30495085280677,10.0,-4.440892098500626e-14
charge,581,34920.0,loiter,0.08965002726181774,-10.0,32.19835005552909,308.96500272618175,310.5749202289582,0.05,,,"undefined: B-04 and BatteryPack expose a bus-power C-rate proxy, not a physical current limit",,,"undefined: B-03 v_min_v/v_max_v are open-circuit calibration endpoints, not terminal-voltage limits",89.4250797710418,10.0,0.0
discharge,582,34980.0,loiter,0.10843239812754304,26.058346347286566,84.99312359543865,310.8432398127543,306.59358363298236,0.05,,,"undefined: B-04 and BatteryPack expose a bus-power C-rate proxy, not a physical current limit",,,"undefined: B-03 v_min_v/v_max_v are open-circuit calibration endpoints, not terminal-voltage limits",6.593583632982359,30.0,3.941653652713434
charge,583,35040.0,loiter,0.058853076030203844,-10.0,32.51913396642465,305.8853076030204,307.5112643013416,0.05,,,"undefined: B-04 and BatteryPack expose a bus-power C-rate proxy, not a physical current limit",,,"undefined: B-03 v_min_v/v_max_v are open-circuit calibration endpoints, not terminal-voltage limits",92.48873569865839,10.0,0.0
charge,584,35100.0,loiter,0.07782257084395156,-10.0,32.320798455359636,307.78225708439516,309.39829700716314,0.05,,,"undefined: B-04 and BatteryPack expose a bus-power C-rate proxy, not a physical current limit",,,"undefined: B-03 v_min_v/v_max_v are open-circuit calibration endpoints, not terminal-voltage limits",90.60170299283686,10.0,0.0
charge,585,35160.0,loiter,0.09667636994291134,-9.999999999999996,32.12604314788791,309.6676369942911,311.2739391516855,0.05,,,"undefined: B-04 and BatteryPack expose a bus-power C-rate proxy, not a physical current limit",,,"undefined: B-03 v_min_v/v_max_v are open-circuit calibration endpoints, not terminal-voltage limits",88.72606084831449,10.0,3.552713678800501e-15
discharge,586,35220.0,loiter,0.11541656177917929,26.004531596326924,84.61968282449334,311.54165617791796,307.3106720366933,0.05,,,"undefined: B-04 and BatteryPack expose a bus-power C-rate proxy, not a physical current limit",,,"undefined: B-03 v_min_v/v_max_v are open-circuit calibration endpoints, not terminal-voltage limits",7.3106720366932905,30.0,3.995468403673076
charge,587,35280.0,loiter,0.06605508013155818,-9.99999999999995,32.443548946811234,306.6055080131558,308.2276854604964,0.05,,,"undefined: B-04 and BatteryPack expose a bus-power C-rate proxy, not a physical current limit",,,"undefined: B-03 v_min_v/v_max_v are open-circuit calibration endpoints, not terminal-voltage limits",91.77231453950361,10.0,4.973799150320701e-14
charge,588,35340.0,loiter,0.08498048368386474,-10.0,32.246582910792654,308.4980483683865,310.1103775139261,0.05,,,"undefined: B-04 and BatteryPack expose a bus-power C-rate proxy, not a physical current limit",,,"undefined: B-03 v_min_v/v_max_v are open-circuit calibration endpoints, not terminal-voltage limits",89.8896224860739,10.0,0.0
discharge,589,35400.0,loiter,0.10379099038182713,25.968704596130827,84.82686007938412,310.3790990381827,306.13775603421345,0.05,,,"undefined: B-04 and BatteryPack expose a bus-power C-rate proxy, not a physical current limit",,,"undefined: B-03 v_min_v/v_max_v are open-circuit calibration endpoints, not terminal-voltage limits",6.137756034213453,30.0,4.031295403869173
charge,590,35460.0,loiter,0.05430865533551973,-10.0,32.5670081885994,305.430865533552,307.05921594298195,0.05,,,"undefined: B-04 and BatteryPack expose a bus-power C-rate proxy, not a physical current limit",,,"undefined: B-03 v_min_v/v_max_v are open-circuit calibration endpoints, not terminal-voltage limits",92.94078405701805,10.0,0.0
charge,591,35520.0,loiter,0.07330607677886938,-10.0,32.36780203808166,307.3306076778869,308.948997779791,0.05,,,"undefined: B-04 and BatteryPack expose a bus-power C-rate proxy, not a physical current limit",,,"undefined: B-03 v_min_v/v_max_v are open-circuit calibration endpoints, not terminal-voltage limits",91.051002220209,10.0,0.0
charge,592,35580.0,loiter,0.09218729463441702,-10.0,32.17220214224483,309.2187294634417,310.82733957055393,0.05,,,"undefined: B-04 and BatteryPack expose a bus-power C-rate proxy, not a physical current limit",,,"undefined: B-03 v_min_v/v_max_v are open-circuit calibration endpoints, not terminal-voltage limits",89.17266042944607,10.0,0.0
discharge,593,35640.0,loiter,0.1109544125507265,25.91503822200267,84.44873891838029,311.09544125507267,306.87300430915366,0.05,,,"undefined: B-04 and BatteryPack expose a bus-power C-rate proxy, not a physical current limit",,,"undefined: B-03 v_min_v/v_max_v are open-circuit calibration endpoints, not terminal-voltage limits",6.873004309153657,30.0,4.084961777997329
charge,594,35700.0,loiter,0.06169264818167133,-10.0,32.48929086614339,306.1692648181671,307.7937293614743,0.05,,,"undefined: B-04 and BatteryPack expose a bus-power C-rate proxy, not a physical current limit",,,"undefined: B-03 v_min_v/v_max_v are open-circuit calibration endpoints, not terminal-voltage limits",92.20627063852572,10.0,0.0
charge,595,35760.0,loiter,0.08064473452025497,-10.0,32.29149680980072,308.0644734520255,309.6790482925155,0.05,,,"undefined: B-04 and BatteryPack expose a bus-power C-rate proxy, not a physical current limit",,,"undefined: B-03 v_min_v/v_max_v are open-circuit calibration endpoints, not terminal-voltage limits",90.32095170748448,10.0,0.0
discharge,596,35820.0,loiter,0.09948144099263873,25.87930998421679,84.65159448828445,309.94814409926386,305.71556437484963,0.05,,,"undefined: B-04 and BatteryPack expose a bus-power C-rate proxy, not a physical current limit",,,"undefined: B-03 v_min_v/v_max_v are open-circuit calibration endpoints, not terminal-voltage limits",5.7155643748496345,30.0,4.120690015783211
charge,597,35880.0,loiter,0.05010134420780614,-10.0,32.611456222728066,305.0101344207806,306.640707231917,0.05,,,"undefined: B-04 and BatteryPack expose a bus-power C-rate proxy, not a physical current limit",,,"undefined: B-03 v_min_v/v_max_v are open-circuit calibration endpoints, not terminal-voltage limits",93.35929276808298,10.0,0.0
charge,598,35940.0,loiter,0.06912469367106418,-9.999999999999996,32.411439489648046,306.91246936710644,308.53304134158884,0.05,,,"undefined: B-04 and BatteryPack expose a bus-power C-rate proxy, not a physical current limit",,,"undefined: B-03 v_min_v/v_max_v are open-circuit calibration endpoints, not terminal-voltage limits",91.46695865841116,10.0,3.552713678800501e-15
charge,599,36000.0,loiter,0.0880313667066922,-10.0,32.2150533320206,308.80313667066923,310.41388933727023,0.05,,,"undefined: B-04 and BatteryPack expose a bus-power C-rate proxy, not a physical current limit",,,"undefined: B-03 v_min_v/v_max_v are open-circuit calibration endpoints, not terminal-voltage limits",89.58611066272977,10.0,0.0
discharge,600,36060.0,loiter,0.10682348115037088,25.825791520991096,84.26888071591634,310.6823481150371,306.46890407924127,0.05,,,"undefined: B-04 and BatteryPack expose a bus-power C-rate proxy, not a physical current limit",,,"undefined: B-03 v_min_v/v_max_v are open-circuit calibration endpoints, not terminal-voltage limits",6.46890407924127,30.0,4.174208479008904
charge,601,36120.0,loiter,0.05766663406608635,-10.0,32.53161929582859,305.76666340660864,307.3932443714001,0.05,,,"undefined: B-04 and BatteryPack expose a bus-power C-rate proxy, not a physical current limit",,,"undefined: B-03 v_min_v/v_max_v are open-circuit calibration endpoints, not terminal-voltage limits",92.6067556285999,10.0,0.0
charge,602,36180.0,loiter,0.07664341198865303,-10.0,32.33305696912623,307.6643411988653,309.28099404732166,0.05,,,"undefined: B-04 and BatteryPack expose a bus-power C-rate proxy, not a physical current limit",,,"undefined: B-03 v_min_v/v_max_v are open-circuit calibration endpoints, not terminal-voltage limits",90.71900595267834,10.0,0.0
charge,603,36240.0,loiter,0.09550436188731,-10.000000000000028,32.13808162559303,309.550436188731,311.15734027001065,0.05,,,"undefined: B-04 and BatteryPack expose a bus-power C-rate proxy, not a physical current limit",,,"undefined: B-03 v_min_v/v_max_v are open-circuit calibration endpoints, not terminal-voltage limits",88.84265972998935,10.0,-2.842170943040401e-14
discharge,604,36300.0,loiter,0.11425157616890594,25.772361581444795,83.88597973641936,311.4251576168906,307.23085863006963,0.05,,,"undefined: B-04 and BatteryPack expose a bus-power C-rate proxy, not a physical current limit",,,"undefined: B-03 v_min_v/v_max_v are open-circuit calibration endpoints, not terminal-voltage limits",7.230858630069633,30.0,4.227638418555205
charge,605,36360.0,loiter,0.06531808798932798,-10.000000000000073,32.45126762037444,306.5318087989328,308.1543721799515,0.05,,,"undefined: B-04 and BatteryPack expose a bus-power C-rate proxy, not a physical current limit",,,"undefined: B-03 v_min_v/v_max_v are open-circuit calibration endpoints, not terminal-voltage limits",91.84562782004849,10.0,-7.283063041541027e-14
charge,606,36420.0,loiter,0.08424799410121306,-10.0,32.254162021474144,308.4247994101213,310.03750751119503,0.05,,,"undefined: B-04 and BatteryPack expose a bus-power C-rate proxy, not a physical current limit",,,"undefined: B-03 v_min_v/v_max_v are open-circuit calibration endpoints, not terminal-voltage limits",89.96249248880497,10.0,0.0
discharge,607,36480.0,loiter,0.10306292194707298,25.736790719255772,84.07903938367156,310.3062921947073,306.1023402255237,0.05,,,"undefined: B-04 and BatteryPack expose a bus-power C-rate proxy, not a physical current limit",,,"undefined: B-03 v_min_v/v_max_v are open-circuit calibration endpoints, not terminal-voltage limits",6.102340225523676,30.0,4.263209280744228
charge,608,36540.0,loiter,0.054016815639931236,-10.0,32.5700874313992,305.4016815639931,307.03018593556305,0.05,,,"undefined: B-04 and BatteryPack expose a bus-power C-rate proxy, not a physical current limit",,,"undefined: B-03 v_min_v/v_max_v are open-circuit calibration endpoints, not terminal-voltage limits",92.96981406443695,10.0,0.0
charge,609,36600.0,loiter,0.07301603330824744,-10.0,32.37082519578678,307.3016033308247,308.9201445906141,0.05,,,"undefined: B-04 and BatteryPack expose a bus-power C-rate proxy, not a physical current limit",,,"undefined: B-03 v_min_v/v_max_v are open-circuit calibration endpoints, not terminal-voltage limits",91.07985540938591,10.0,0.0
charge,610,36660.0,loiter,0.09189901467245638,-9.999999999999996,32.175170895566794,309.18990146724565,310.798660012024,0.05,,,"undefined: B-04 and BatteryPack expose a bus-power C-rate proxy, not a physical current limit",,,"undefined: B-03 v_min_v/v_max_v are open-circuit calibration endpoints, not terminal-voltage limits",89.20133998797598,10.0,3.552713678800501e-15
discharge,611,36720.0,loiter,0.11066786436153701,25.68350794903949,83.691748930367,311.0667864361537,306.8821989896353,0.05,,,"undefined: B-04 and BatteryPack expose a bus-power C-rate proxy, not a physical current limit",,,"undefined: B-03 v_min_v/v_max_v are open-circuit calibration endpoints, not terminal-voltage limits",6.882198989635299,30.0,4.316492050960509
charge,612,36780.0,loiter,0.0618476774854896,-10.000000000000075,32.48766312051657,306.18476774854895,307.8091509045748,0.05,,,"undefined: B-04 and BatteryPack expose a bus-power C-rate proxy, not a physical current limit",,,"undefined: B-03 v_min_v/v_max_v are open-circuit calibration endpoints, not terminal-voltage limits",92.19084909542522,10.0,-7.460698725481052e-14
charge,613,36840.0,loiter,0.08079881430579093,-10.0,32.289898568926674,308.0798814305791,309.69437635902545,0.05,,,"undefined: B-04 and BatteryPack expose a bus-power C-rate proxy, not a physical current limit",,,"undefined: B-03 v_min_v/v_max_v are open-circuit calibration endpoints, not terminal-voltage limits",90.30562364097455,10.0,0.0
discharge,614,36900.0,loiter,0.09963458847099815,25.648035045888097,83.8803078426821,309.9634588470998,305.76944345496565,0.05,,,"undefined: B-04 and BatteryPack expose a bus-power C-rate proxy, not a physical current limit",,,"undefined: B-03 v_min_v/v_max_v are open-circuit calibration endpoints, not terminal-voltage limits",5.7694434549656535,30.0,4.351964954111903
charge,615,36960.0,loiter,0.05070440889610027,-9.999999999999996,32.60507775263761,305.07044088961004,306.7006947772419,0.05,,,"undefined: B-04 and BatteryPack expose a bus-power C-rate proxy, not a physical current limit",,,"undefined: B-03 v_min_v/v_max_v are open-circuit calibration endpoints, not terminal-voltage limits",93.29930522275811,10.0,3.552713678800501e-15
charge,616,37020.0,loiter,0.06972403758513887,-10.0,32.405177474738025,306.9724037585139,308.59266263225084,0.05,,,"undefined: B-04 and BatteryPack expose a bus-power C-rate proxy, not a physical current limit",,,"undefined: B-03 v_min_v/v_max_v are open-circuit calibration endpoints, not terminal-voltage limits",91.40733736774916,10.0,0.0
charge,617,37080.0,loiter,0.08862705777873606,-9.99999999999996,32.208904274208976,308.8627057778736,310.473150991584,0.05,,,"undefined: B-04 and BatteryPack expose a bus-power C-rate proxy, not a physical current limit",,,"undefined: B-03 v_min_v/v_max_v are open-circuit calibration endpoints, not terminal-voltage limits",89.52684900841598,10.0,4.085620730620576e-14
discharge,618,37140.0,loiter,0.10741558527202462,25.594898983952287,83.48872770545427,310.74155852720247,306.56712214192976,0.05,,,"undefined: B-04 and BatteryPack expose a bus-power C-rate proxy, not a physical current limit",,,"undefined: B-03 v_min_v/v_max_v are open-circuit calibration endpoints, not terminal-voltage limits",6.567122141929758,30.0,4.405101016047713
charge,619,37200.0,loiter,0.05871382744384297,-9.999999999999945,32.52059883252116,305.8713827443843,307.4974126860103,0.05,,,"undefined: B-04 and BatteryPack expose a bus-power C-rate proxy, not a physical current limit",,,"undefined: B-03 v_min_v/v_max_v are open-circuit calibration endpoints, not terminal-voltage limits",92.5025873139897,10.0,5.5067062021407764e-14
charge,620,37260.0,loiter,0.07768417676281364,-10.0,32.32223671870827,307.7684176762814,309.3845295122168,0.05,,,"undefined: B-04 and BatteryPack expose a bus-power C-rate proxy, not a physical current limit",,,"undefined: B-03 v_min_v/v_max_v are open-circuit calibration endpoints, not terminal-voltage limits",90.61547048778323,10.0,0.0
charge,621,37320.0,loiter,0.0965388148487268,-10.0,32.127455603389876,309.65388148487267,311.26025426504214,0.05,,,"undefined: B-04 and BatteryPack expose a bus-power C-rate proxy, not a physical current limit",,,"undefined: B-03 v_min_v/v_max_v are open-circuit calibration endpoints, not terminal-voltage limits",88.73974573495786,10.0,0.0
discharge,622,37380.0,loiter,0.11527983061737089,25.5418507264558,83.09721597783039,311.5279830617371,307.3731222628455,0.05,,,"undefined: B-04 and BatteryPack expose a bus-power C-rate proxy, not a physical current limit",,,"undefined: B-03 v_min_v/v_max_v are open-circuit calibration endpoints, not terminal-voltage limits",7.373122262845527,30.0,4.458149273544201
charge,623,37440.0,loiter,0.06680645463030316,-10.0,32.43568340313686,306.6806454630303,308.30242963318716,0.05,,,"undefined: B-04 and BatteryPack expose a bus-power C-rate proxy, not a physical current limit",,,"undefined: B-03 v_min_v/v_max_v are open-circuit calibration endpoints, not terminal-voltage limits",91.69757036681284,10.0,0.0
charge,624,37500.0,loiter,0.08572726994879966,-9.999999999999968,32.238859518560616,308.57272699488,310.18466997080805,0.05,,,"undefined: B-04 and BatteryPack expose a bus-power C-rate proxy, not a physical current limit",,,"undefined: B-03 v_min_v/v_max_v are open-circuit calibration endpoints, not terminal-voltage limits",89.81533002919195,10.0,3.197442310920451e-14
discharge,625,37560.0,loiter,0.10453327133462668,25.506533920250316,83.27589163016455,310.45332713346266,306.28953255195444,0.05,,,"undefined: B-04 and BatteryPack expose a bus-power C-rate proxy, not a physical current limit",,,"undefined: B-03 v_min_v/v_max_v are open-circuit calibration endpoints, not terminal-voltage limits",6.289532551954437,30.0,4.493466079749684
charge,626,37620.0,loiter,0.055955667883697366,-9.999999999999917,32.54964117285226,305.59556678836975,307.22304884701236,0.05,,,"undefined: B-04 and BatteryPack expose a bus-power C-rate proxy, not a physical current limit",,,"undefined: B-03 v_min_v/v_max_v are open-circuit calibration endpoints, not terminal-voltage limits",92.77695115298764,10.0,8.348877145181177e-14
charge,627,37680.0,loiter,0.07494295856786118,-9.999999999999996,32.350751149015764,307.4942958567861,309.1118334142369,0.05,,,"undefined: B-04 and BatteryPack expose a bus-power C-rate proxy, not a physical current limit",,,"undefined: B-03 v_min_v/v_max_v are open-circuit calibration endpoints, not terminal-voltage limits",90.88816658576309,10.0,3.552713678800501e-15
charge,628,37740.0,loiter,0.0938142300714537,-9.999999999999954,32.15545791219995,309.3814230071454,310.98919590275534,0.05,,,"undefined: B-04 and BatteryPack expose a bus-power C-rate proxy, not a physical current limit",,,"undefined: B-03 v_min_v/v_max_v are open-circuit calibration endpoints, not terminal-voltage limits",89.01080409724466,10.0,4.618527782440651e-14
discharge,629,37800.0,loiter,0.112571580520237,25.453631637224017,82.88030728499791,311.2571580520237,307.1131426877738,0.05,,,"undefined: B-04 and BatteryPack expose a bus-power C-rate proxy, not a physical current limit",,,"undefined: B-03 v_min_v/v_max_v are open-circuit calibration endpoints, not terminal-voltage limits",7.113142687773802,30.0,4.546368362775983
charge,630,37860.0,loiter,0.06422473460398823,-10.000000000000028,32.46272527291751,306.4224734603988,308.04560972404465,0.05,,,"undefined: B-04 and BatteryPack expose a bus-power C-rate proxy, not a physical current limit",,,"undefined: B-03 v_min_v/v_max_v are open-circuit calibration endpoints, not terminal-voltage limits",91.95439027595535,10.0,-2.842170943040401e-14
charge,631,37920.0,loiter,0.08316132434652343,-9.999999999999941,32.26541238573475,308.31613243465233,309.92940305393904,0.05,,,"undefined: B-04 and BatteryPack expose a bus-power C-rate proxy, not a physical current limit",,,"undefined: B-03 v_min_v/v_max_v are open-circuit calibration endpoints, not terminal-voltage limits",90.07059694606096,10.0,5.861977570020827e-14
discharge,632,37980.0,loiter,0.1019828149048687,25.418411995092686,83.05433876250106,310.19828149048686,306.04556455236184,0.05,,,"undefined: B-04 and BatteryPack expose a bus-power C-rate proxy, not a physical current limit",,,"undefined: B-03 v_min_v/v_max_v are open-circuit calibration endpoints, not terminal-voltage limits",6.045564552361839,30.0,4.581588004907314
charge,633,38040.0,loiter,0.05353445062674309,-9.999999999999996,32.57517820441137,305.3534450626743,306.9822039728949,0.05,,,"undefined: B-04 and BatteryPack expose a bus-power C-rate proxy, not a physical current limit",,,"undefined: B-03 v_min_v/v_max_v are open-circuit calibration endpoints, not terminal-voltage limits",93.01779602710508,10.0,3.552713678800501e-15
charge,634,38100.0,loiter,0.07253663791264972,-9.999999999999947,32.37582322302103,307.25366379126496,308.872454952416,0.05,,,"undefined: B-04 and BatteryPack expose a bus-power C-rate proxy, not a physical current limit",,,"undefined: B-03 v_min_v/v_max_v are open-circuit calibration endpoints, not terminal-voltage limits",91.12754504758402,10.0,5.3290705182007514e-14
charge,635,38160.0,loiter,0.09142253479274531,-10.000000000000062,32.180078957026126,309.14225347927453,310.75125742712584,0.05,,,"undefined: B-04 and BatteryPack expose a bus-power C-rate proxy, not a physical current limit",,,"undefined: B-03 v_min_v/v_max_v are open-circuit calibration endpoints, not terminal-voltage limits",89.24874257287416,10.0,-6.217248937900877e-14
discharge,636,38220.0,loiter,0.11019424751767722,25.36565523031048,82.65479233532744,311.0194247517677,306.88668513500136,0.05,,,"undefined: B-04 and BatteryPack expose a bus-power C-rate proxy, not a physical current limit",,,"undefined: B-03 v_min_v/v_max_v are open-circuit calibration endpoints, not terminal-voltage limits",6.886685135001358,30.0,4.63434476968952
charge,637,38280.0,loiter,0.06197895198873621,-10.0,32.48628491764066,306.1978951988736,307.82220944475563,0.05,,,"undefined: B-04 and BatteryPack expose a bus-power C-rate proxy, not a physical current limit",,,"undefined: B-03 v_min_v/v_max_v are open-circuit calibration endpoints, not terminal-voltage limits",92.17779055524437,10.0,0.0
charge,638,38340.0,loiter,0.08092928485735992,-10.000000000000016,32.28854534528807,308.09292848573597,309.70735575300034,0.05,,,"undefined: B-04 and BatteryPack expose a bus-power C-rate proxy, not a physical current limit",,,"undefined: B-03 v_min_v/v_max_v are open-circuit calibration endpoints, not terminal-voltage limits",90.29264424699966,10.0,-1.5987211554602254e-14
discharge,639,38400.0,loiter,0.0997642696421113,25.330532448716763,82.82411803559398,309.97642696421116,305.83522106243146,0.05,,,"undefined: B-04 and BatteryPack expose a bus-power C-rate proxy, not a physical current limit",,,"undefined: B-03 v_min_v/v_max_v are open-circuit calibration endpoints, not terminal-voltage limits",5.835221062431458,30.0,4.669467551283237
charge,640,38460.0,loiter,0.051450200788014815,-9.999999999999988,32.59719312298273,305.1450200788015,306.7748797349507,0.05,,,"undefined: B-04 and BatteryPack expose a bus-power C-rate proxy, not a physical current limit",,,"undefined: B-03 v_min_v/v_max_v are open-circuit calibration endpoints, not terminal-voltage limits",93.22512026504933,10.0,1.2434497875801753e-14
charge,641,38520.0,loiter,0.07046523010975474,-10.0,32.39743673725684,307.0465230109755,308.6663948478383,0.05,,,"undefined: B-04 and BatteryPack expose a bus-power C-rate proxy, not a physical current limit",,,"undefined: B-03 v_min_v/v_max_v are open-circuit calibration endpoints, not terminal-voltage limits",91.33360515216168,10.0,0.0
charge,642,38580.0,loiter,0.08936373487315455,-10.0,32.201303108499815,308.93637348731545,310.54643864274044,0.05,,,"undefined: B-04 and BatteryPack expose a bus-power C-rate proxy, not a physical current limit",,,"undefined: B-03 v_min_v/v_max_v are open-circuit calibration endpoints, not terminal-voltage limits",89.45356135725956,10.0,0.0
discharge,643,38640.0,loiter,0.10814782835311278,25.27792074779299,82.42072434318345,310.8147828353113,306.6937466181521,0.05,,,"undefined: B-04 and BatteryPack expose a bus-power C-rate proxy, not a physical current limit",,,"undefined: B-03 v_min_v/v_max_v are open-circuit calibration endpoints, not terminal-voltage limits",6.69374661815209,30.0,4.72207925220701
charge,644,38700.0,loiter,0.060069072486255766,-10.0,32.506347513536866,306.00690724862557,307.6322246243024,0.05,,,"undefined: B-04 and BatteryPack expose a bus-power C-rate proxy, not a physical current limit",,,"undefined: B-03 v_min_v/v_max_v are open-circuit calibration endpoints, not terminal-voltage limits",92.36777537569759,10.0,0.0
charge,645,38760.0,loiter,0.07903110853581893,-10.0,32.308244111416116,307.9031108535819,309.5185230591527,0.05,,,"undefined: B-04 and BatteryPack expose a bus-power C-rate proxy, not a physical current limit",,,"undefined: B-03 v_min_v/v_max_v are open-circuit calibration endpoints, not terminal-voltage limits",90.4814769408473,10.0,0.0
charge,646,38820.0,loiter,0.09787758426747833,-10.0,32.11371398031531,309.7877584267478,311.3934441257636,0.05,,,"undefined: B-04 and BatteryPack expose a bus-power C-rate proxy, not a physical current limit",,,"undefined: B-03 v_min_v/v_max_v are open-circuit calibration endpoints, not terminal-voltage limits",88.60655587423639,10.0,0.0
discharge,647,38880.0,loiter,0.11661058408932892,25.225395867841765,82.01775876649947,311.6610584089329,307.5601704706079,0.05,,,"undefined: B-04 and BatteryPack expose a bus-power C-rate proxy, not a physical current limit",,,"undefined: B-03 v_min_v/v_max_v are open-circuit calibration endpoints, not terminal-voltage limits",7.560170470607886,30.0,4.774604132158235
charge,648,38940.0,loiter,0.06876689147553756,-9.999999999999917,32.41517899637074,306.87668914755375,308.4974480973723,0.05,,,"undefined: B-04 and BatteryPack expose a bus-power C-rate proxy, not a physical current limit",,,"undefined: B-03 v_min_v/v_max_v are open-circuit calibration endpoints, not terminal-voltage limits",91.50255190262772,10.0,8.348877145181177e-14
charge,649,39000.0,loiter,0.08767574589008716,-10.0,32.21872536337287,308.7675745890087,310.37851085717733,0.05,,,"undefined: B-04 and BatteryPack expose a bus-power C-rate proxy, not a physical current limit",,,"undefined: B-03 v_min_v/v_max_v are open-circuit calibration endpoints, not terminal-voltage limits",89.62148914282267,10.0,0.0
discharge,650,39060.0,loiter,0.10647000235205466,25.190427434805954,82.1771384221978,310.64700023520544,306.5381433140956,0.05,,,"undefined: B-04 and BatteryPack expose a bus-power C-rate proxy, not a physical current limit",,,"undefined: B-03 v_min_v/v_max_v are open-circuit calibration endpoints, not terminal-voltage limits",6.538143314095578,30.0,4.8095725651940455
charge,651,39120.0,loiter,0.058533338272439284,-10.0,32.52249773634276,305.85333382724394,307.4794587140611,0.05,,,"undefined: B-04 and BatteryPack expose a bus-power C-rate proxy, not a physical current limit",,,"undefined: B-03 v_min_v/v_max_v are open-circuit calibration endpoints, not terminal-voltage limits",92.52054128593892,10.0,0.0
charge,652,39180.0,loiter,0.07750479528530589,-10.0,32.32410113392518,307.7504795285306,309.36668458522684,0.05,,,"undefined: B-04 and BatteryPack expose a bus-power C-rate proxy, not a physical current limit",,,"undefined: B-03 v_min_v/v_max_v are open-circuit calibration endpoints, not terminal-voltage limits",90.63331541477316,10.0,0.0
charge,653,39240.0,loiter,0.09636052094676224,-10.0,32.12928656064037,309.63605209467624,311.24251642270826,0.05,,,"undefined: B-04 and BatteryPack expose a bus-power C-rate proxy, not a physical current limit",,,"undefined: B-03 v_min_v/v_max_v are open-circuit calibration endpoints, not terminal-voltage limits",88.75748357729174,10.0,0.0
discharge,654,39300.0,loiter,0.11510260477380245,25.138046895504008,81.77055892744477,311.51026047738026,307.42173253100805,0.05,,,"undefined: B-04 and BatteryPack expose a bus-power C-rate proxy, not a physical current limit",,,"undefined: B-03 v_min_v/v_max_v are open-circuit calibration endpoints, not terminal-voltage limits",7.421732531008047,30.0,4.861953104495992
charge,655,39360.0,loiter,0.06740311206612634,-9.999999999999996,32.429440171648594,306.74031120661266,308.3617832151951,0.05,,,"undefined: B-04 and BatteryPack expose a bus-power C-rate proxy, not a physical current limit",,,"undefined: B-03 v_min_v/v_max_v are open-circuit calibration endpoints, not terminal-voltage limits",91.63821678480491,10.0,3.552713678800501e-15
charge,656,39420.0,loiter,0.08632028549958802,-10.0,32.23272907083299,308.6320285499588,310.2436650035005,0.05,,,"undefined: B-04 and BatteryPack expose a bus-power C-rate proxy, not a physical current limit",,,"undefined: B-03 v_min_v/v_max_v are open-circuit calibration endpoints, not terminal-voltage limits",89.7563349964995,10.0,0.0
discharge,657,39480.0,loiter,0.10512271079090726,25.103174539526876,81.925138967502,310.51227107909074,306.41601413071567,0.05,,,"undefined: B-04 and BatteryPack expose a bus-power C-rate proxy, not a physical current limit",,,"undefined: B-03 v_min_v/v_max_v are open-circuit calibration endpoints, not terminal-voltage limits",6.416014130715666,30.0,4.896825460473124
charge,658,39540.0,loiter,0.05733304639319777,-10.0,32.53513146939724,305.7333046393198,307.3600612127897,0.05,,,"undefined: B-04 and BatteryPack expose a bus-power C-rate proxy, not a physical current limit",,,"undefined: B-03 v_min_v/v_max_v are open-circuit calibration endpoints, not terminal-voltage limits",92.63993878721033,10.0,0.0
charge,659,39600.0,loiter,0.0763118730836795,-10.000000000000021,32.336505307742414,307.63118730836794,309.2480125737551,0.05,,,"undefined: B-04 and BatteryPack expose a bus-power C-rate proxy, not a physical current limit",,,"undefined: B-03 v_min_v/v_max_v are open-circuit calibration endpoints, not terminal-voltage limits",90.75198742624491,10.0,-2.1316282072803006e-14
charge,660,39660.0,loiter,0.0951748345131959,-9.999999999999996,32.141468038208814,309.5174834513196,311.12455685323005,0.05,,,"undefined: B-04 and BatteryPack expose a bus-power C-rate proxy, not a physical current limit",,,"undefined: B-03 v_min_v/v_max_v are open-circuit calibration endpoints, not terminal-voltage limits",88.87544314676995,10.0,3.552713678800501e-15
discharge,661,39720.0,loiter,0.11392402420215104,25.050937891235794,81.5150691503095,311.3924024202151,307.3166489626996,0.05,,,"undefined: B-04 and BatteryPack expose a bus-power C-rate proxy, not a physical current limit",,,"undefined: B-03 v_min_v/v_max_v are open-circuit calibration endpoints, not terminal-voltage limits",7.316648962699617,30.0,4.949062108764206
charge,662,39780.0,loiter,0.06637356719780385,-9.999999999999996,32.44021449502043,306.63735671978037,308.2593674445314,0.05,,,"undefined: B-04 and BatteryPack expose a bus-power C-rate proxy, not a physical current limit",,,"undefined: B-03 v_min_v/v_max_v are open-circuit calibration endpoints, not terminal-voltage limits",91.74063255546861,10.0,3.552713678800501e-15
charge,663,39840.0,loiter,0.08529702565323244,-10.0,32.243308729737805,308.52970256532325,310.14186800181017,0.05,,,"undefined: B-04 and BatteryPack expose a bus-power C-rate proxy, not a physical current limit",,,"undefined: B-03 v_min_v/v_max_v are open-circuit calibration endpoints, not terminal-voltage limits",89.85813199818983,10.0,0.0
discharge,664,39900.0,loiter,0.10410562241224616,25.016161313162947,81.66480598125133,310.4105622412246,306.32732194216203,0.05,,,"undefined: B-04 and BatteryPack expose a bus-power C-rate proxy, not a physical current limit",,,"undefined: B-03 v_min_v/v_max_v are open-circuit calibration endpoints, not terminal-voltage limits",6.32732194216203,30.0,4.9838386868370534
charge,665,39960.0,loiter,0.056467818923182894,-10.0,32.54424452251328,305.6467818923183,307.27399411844397,0.05,,,"undefined: B-04 and BatteryPack expose a bus-power C-rate proxy, not a physical current limit",,,"undefined: B-03 v_min_v/v_max_v are open-circuit calibration endpoints, not terminal-voltage limits",92.72600588155603,10.0,0.0
charge,666,40020.0,loiter,0.07545196156131564,-9.999999999999996,32.345452664930576,307.54519615613157,309.16246878937807,0.05,,,"undefined: B-04 and BatteryPack expose a bus-power C-rate proxy, not a physical current limit",,,"undefined: B-03 v_min_v/v_max_v are open-circuit calibration endpoints, not terminal-voltage limits",90.83753121062193,10.0,3.552713678800501e-15
charge,667,40080.0,loiter,0.09432014228252514,-10.0,32.15025465638519,309.4320142282525,311.0395269610718,0.05,,,"undefined: B-04 and BatteryPack expose a bus-power C-rate proxy, not a physical current limit",,,"undefined: B-03 v_min_v/v_max_v are open-circuit calibration endpoints, not terminal-voltage limits",88.96047303892823,10.0,0.0
discharge,668,40140.0,loiter,0.11307445749874984,24.964068108055766,81.25137298837217,311.307445749875,307.2448771004564,0.05,,,"undefined: B-04 and BatteryPack expose a bus-power C-rate proxy, not a physical current limit",,,"undefined: B-03 v_min_v/v_max_v are open-circuit calibration endpoints, not terminal-voltage limits",7.244877100456392,30.0,5.035931891944234
charge,669,40200.0,loiter,0.06567782325553274,-10.000000000000066,32.44749958096975,306.56778232555325,308.1901573046017,0.05,,,"undefined: B-04 and BatteryPack expose a bus-power C-rate proxy, not a physical current limit",,,"undefined: B-03 v_min_v/v_max_v are open-circuit calibration endpoints, not terminal-voltage limits",91.80984269539829,10.0,-6.572520305780927e-14
charge,670,40260.0,loiter,0.08460553134443176,-9.999999999999948,32.250462120884436,308.46055313444316,310.07307624048735,0.05,,,"undefined: B-04 and BatteryPack expose a bus-power C-rate proxy, not a physical current limit",,,"undefined: B-03 v_min_v/v_max_v are open-circuit calibration endpoints, not terminal-voltage limits",89.92692375951265,10.0,5.1514348342607263e-14
discharge,671,40320.0,loiter,0.10341830091494768,24.929387009937713,81.39622782298147,310.3418300914948,306.2720187003457,0.05,,,"undefined: B-04 and BatteryPack expose a bus-power C-rate proxy, not a physical current limit",,,"undefined: B-03 v_min_v/v_max_v are open-circuit calibration endpoints, not terminal-voltage limits",6.272018700345711,30.0,5.070612990062287
charge,672,40380.0,loiter,0.05593716801820849,-10.0,32.54983614340006,305.59371680182085,307.2212086089909,0.05,,,"undefined: B-04 and BatteryPack expose a bus-power C-rate proxy, not a physical current limit",,,"undefined: B-03 v_min_v/v_max_v are open-circuit calibration endpoints, not terminal-voltage limits",92.77879139100912,10.0,0.0
charge,673,40440.0,loiter,0.07492457243519185,-10.0,32.3509425724086,307.4924572435192,309.11000437213966,0.05,,,"undefined: B-04 and BatteryPack expose a bus-power C-rate proxy, not a physical current limit",,,"undefined: B-03 v_min_v/v_max_v are open-circuit calibration endpoints, not terminal-voltage limits",90.88999562786034,10.0,0.0
charge,674,40500.0,loiter,0.0937959556024302,-10.0,32.15564589461678,309.37959556024305,310.9873778549739,0.05,,,"undefined: B-04 and BatteryPack expose a bus-power C-rate proxy, not a physical current limit",,,"undefined: B-03 v_min_v/v_max_v are open-circuit calibration endpoints, not terminal-voltage limits",89.01262214502611,10.0,0.0
discharge,675,40560.0,loiter,0.11255341570762332,24.877436801990928,80.97956214684018,311.2553415707623,307.2063634634203,0.05,,,"undefined: B-04 and BatteryPack expose a bus-power C-rate proxy, not a physical current limit",,,"undefined: B-03 v_min_v/v_max_v are open-circuit calibration endpoints, not terminal-voltage limits",7.206363463420303,30.0,5.122563198009072
charge,676,40620.0,loiter,0.06531533778863322,-9.999999999999996,32.45129643064615,306.5315337788633,308.1540986003956,0.05,,,"undefined: B-04 and BatteryPack expose a bus-power C-rate proxy, not a physical current limit",,,"undefined: B-03 v_min_v/v_max_v are open-circuit calibration endpoints, not terminal-voltage limits",91.84590139960437,10.0,3.552713678800501e-15
charge,677,40680.0,loiter,0.08424526070651013,-10.0000000000001,32.254190310699755,308.42452607065104,310.03723558618606,0.05,,,"undefined: B-04 and BatteryPack expose a bus-power C-rate proxy, not a physical current limit",,,"undefined: B-03 v_min_v/v_max_v are open-circuit calibration endpoints, not terminal-voltage limits",89.96276441381394,10.0,-9.947598300641403e-14
discharge,678,40740.0,loiter,0.10306020505441832,24.842850887077898,81.11950106123572,310.30602050544184,306.25004545238005,0.05,,,"undefined: B-04 and BatteryPack expose a bus-power C-rate proxy, not a physical current limit",,,"undefined: B-03 v_min_v/v_max_v are open-circuit calibration endpoints, not terminal-voltage limits",6.25004545238005,30.0,5.157149112922102
charge,679,40800.0,loiter,0.05574049610203082,-10.000000000000071,32.551909017323624,305.5740496102031,307.20164506106926,0.05,,,"undefined: B-04 and BatteryPack expose a bus-power C-rate proxy, not a physical current limit",,,"undefined: B-03 v_min_v/v_max_v are open-circuit calibration endpoints, not terminal-voltage limits",92.79835493893074,10.0,-7.105427357601002e-14
charge,680,40860.0,loiter,0.0747291096954696,-9.999999999999996,32.352977731364945,307.47291096954694,309.0905598561152,0.05,,,"undefined: B-04 and BatteryPack expose a bus-power C-rate proxy, not a physical current limit",,,"undefined: B-03 v_min_v/v_max_v are open-circuit calibration endpoints, not terminal-voltage limits",90.90944014388481,10.0,3.552713678800501e-15
charge,681,40920.0,loiter,0.09360168003876582,-10.0,32.157644467629325,309.3601680038766,310.96805022725806,0.05,,,"undefined: B-04 and BatteryPack expose a bus-power C-rate proxy, not a physical current limit",,,"undefined: B-03 v_min_v/v_max_v are open-circuit calibration endpoints, not terminal-voltage limits",89.03194977274194,10.0,0.0
discharge,682,40980.0,loiter,0.11236030597821625,24.7910432320635,80.69973632541519,311.23603059782164,307.2010437815509,0.05,,,"undefined: B-04 and BatteryPack expose a bus-power C-rate proxy, not a physical current limit",,,"undefined: B-03 v_min_v/v_max_v are open-circuit calibration endpoints, not terminal-voltage limits",7.201043781550879,30.0,5.208956767936499
charge,683,41040.0,loiter,0.06528545978839073,-10.0,32.45160942683299,306.5285459788391,308.15112645018075,0.05,,,"undefined: B-04 and BatteryPack expose a bus-power C-rate proxy, not a physical current limit",,,"undefined: B-03 v_min_v/v_max_v are open-circuit calibration endpoints, not terminal-voltage limits",91.84887354981925,10.0,0.0
charge,684,41100.0,loiter,0.08421556528737664,-9.999999999999996,32.25449764615519,308.42155652873765,310.0342814110454,0.05,,,"undefined: B-04 and BatteryPack expose a bus-power C-rate proxy, not a physical current limit",,,"undefined: B-03 v_min_v/v_max_v are open-circuit calibration endpoints, not terminal-voltage limits",89.96571858895459,10.0,3.552713678800501e-15
discharge,685,41160.0,loiter,0.1030306889143005,24.75655220480007,80.83473030275513,310.30306889143003,306.2613323762923,0.05,,,"undefined: B-04 and BatteryPack expose a bus-power C-rate proxy, not a physical current limit",,,"undefined: B-03 v_min_v/v_max_v are open-circuit calibration endpoints, not terminal-voltage limits",6.261332376292273,30.0,5.2434477951999305
charge,686,41220.0,loiter,0.05587709623769335,-9.99999999999998,32.55046925742704,305.58770962376934,307.2152330866407,0.05,,,"undefined: B-04 and BatteryPack expose a bus-power C-rate proxy, not a physical current limit",,,"undefined: B-03 v_min_v/v_max_v are open-circuit calibration endpoints, not terminal-voltage limits",92.7847669133593,10.0,1.9539925233402755e-14
charge,687,41280.0,loiter,0.07486486997119246,-10.000000000000025,32.35156416772327,307.48648699711924,309.10406520550544,0.05,,,"undefined: B-04 and BatteryPack expose a bus-power C-rate proxy, not a physical current limit",,,"undefined: B-03 v_min_v/v_max_v are open-circuit calibration endpoints, not terminal-voltage limits",90.89593479449456,10.0,-2.4868995751603507e-14
charge,688,41340.0,loiter,0.09373661573569769,-10.0,32.156256316025065,309.3736615735698,310.98147438937104,0.05,,,"undefined: B-04 and BatteryPack expose a bus-power C-rate proxy, not a physical current limit",,,"undefined: B-03 v_min_v/v_max_v are open-circuit calibration endpoints, not terminal-voltage limits",89.01852561062896,10.0,0.0
discharge,689,41400.0,loiter,0.11249443192004564,24.704886660277754,80.41200303923858,311.24944319200455,307.22884304004265,0.05,,,"undefined: B-04 and BatteryPack expose a bus-power C-rate proxy, not a physical current limit",,,"undefined: B-03 v_min_v/v_max_v are open-circuit calibration endpoints, not terminal-voltage limits",7.228843040042648,30.0,5.295113339722246
charge,690,41460.0,loiter,0.06558743014715648,-9.999999999999996,32.448446319777986,306.5587430147157,308.1811653307046,0.05,,,"undefined: B-04 and BatteryPack expose a bus-power C-rate proxy, not a physical current limit",,,"undefined: B-03 v_min_v/v_max_v are open-circuit calibration endpoints, not terminal-voltage limits",91.81883466929543,10.0,3.552713678800501e-15
charge,691,41520.0,loiter,0.08451569050036031,-9.999999999999956,32.25139174093442,308.451569050036,310.06413863708275,0.05,,,"undefined: B-04 and BatteryPack expose a bus-power C-rate proxy, not a physical current limit",,,"undefined: B-03 v_min_v/v_max_v are open-circuit calibration endpoints, not terminal-voltage limits",89.93586136291725,10.0,4.440892098500626e-14
discharge,692,41580.0,loiter,0.10332900234923872,24.67049022629765,80.54202799991003,310.3329002349239,306.3057988349284,0.05,,,"undefined: B-04 and BatteryPack expose a bus-power C-rate proxy, not a physical current limit",,,"undefined: B-03 v_min_v/v_max_v are open-circuit calibration endpoints, not terminal-voltage limits",6.305798834928396,30.0,5.329509773702348
charge,693,41640.0,loiter,0.056346152682624544,-10.0,32.5455263857566,305.63461526826245,307.2618915875503,0.05,,,"undefined: B-04 and BatteryPack expose a bus-power C-rate proxy, not a physical current limit",,,"undefined: B-03 v_min_v/v_max_v are open-circuit calibration endpoints, not terminal-voltage limits",92.73810841244972,10.0,0.0
charge,694,41700.0,loiter,0.0753310430743159,-10.0,32.34671121369274,307.5331043074316,309.1504398681162,0.05,,,"undefined: B-04 and BatteryPack expose a bus-power C-rate proxy, not a physical current limit",,,"undefined: B-03 v_min_v/v_max_v are open-circuit calibration endpoints, not terminal-voltage limits",90.84956013188378,10.0,0.0
charge,695,41760.0,loiter,0.09419995794897,-9.999999999999996,32.15149058835152,309.419995794897,311.0275703243145,0.05,,,"undefined: B-04 and BatteryPack expose a bus-power C-rate proxy, not a physical current limit",,,"undefined: B-03 v_min_v/v_max_v are open-circuit calibration endpoints, not terminal-voltage limits",88.97242967568548,10.0,3.552713678800501e-15
discharge,696,41820.0,loiter,0.11295499412550838,24.618966351606883,80.11647741895501,311.29549941255084,307.28967554160306,0.05,,,"undefined: B-04 and BatteryPack expose a bus-power C-rate proxy, not a physical current limit",,,"undefined: B-03 v_min_v/v_max_v are open-circuit calibration endpoints, not terminal-voltage limits",7.28967554160306,30.0,5.381033648393117
charge,697,41880.0,loiter,0.06622038229778464,-9.999999999999975,32.44181820396932,306.62203822977847,308.24412913997696,0.05,,,"undefined: B-04 and BatteryPack expose a bus-power C-rate proxy, not a physical current limit",,,"undefined: B-03 v_min_v/v_max_v are open-circuit calibration endpoints, not terminal-voltage limits",91.75587086002304,10.0,2.4868995751603507e-14
charge,698,41940.0,loiter,0.08514477625010007,-9.999999999999996,32.244883452914905,308.51447762501,310.1267217976557,0.05,,,"undefined: B-04 and BatteryPack expose a bus-power C-rate proxy, not a physical current limit",,,"undefined: B-03 v_min_v/v_max_v are open-circuit calibration endpoints, not terminal-voltage limits",89.8732782023443,10.0,3.552713678800501e-15
discharge,699,42000.0,loiter,0.10395429159763377,24.58466421772783,80.24151423718934,310.39542915976335,306.3833534479039,0.05,,,"undefined: B-04 and BatteryPack expose a bus-power C-rate proxy, not a physical current limit",,,"undefined: B-03 v_min_v/v_max_v are open-circuit calibration endpoints, not terminal-voltage limits",6.3833534479039145,30.0,5.4153357822721695
charge,700,42060.0,loiter,0.05714674162593999,-9.999999999999915,32.53709330508741,305.714674162594,307.3415288278484,0.05,,,"undefined: B-04 and BatteryPack expose a bus-power C-rate proxy, not a physical current limit",,,"undefined: B-03 v_min_v/v_max_v are open-circuit calibration endpoints, not terminal-voltage limits",92.65847117215162,10.0,8.526512829121202e-14
charge,701,42120.0,loiter,0.07612671272057431,-10.0,32.33843148051278,307.6126712720574,309.22959284608305,0.05,,,"undefined: B-04 and BatteryPack expose a bus-power C-rate proxy, not a physical current limit",,,"undefined: B-03 v_min_v/v_max_v are open-circuit calibration endpoints, not terminal-voltage limits",90.77040715391695,10.0,0.0
charge,702,42180.0,loiter,0.09499079775087343,-9.999999999999972,32.14335961471477,309.49907977508735,311.1062477558231,0.05,,,"undefined: B-04 and BatteryPack expose a bus-power C-rate proxy, not a physical current limit",,,"undefined: B-03 v_min_v/v_max_v are open-circuit calibration endpoints, not terminal-voltage limits",88.89375224417688,10.0,2.842170943040401e-14
discharge,703,42240.0,loiter,0.11374109085945705,24.53328157398012,79.81328199072266,311.3741090859457,307.3834449864096,0.05,,,"undefined: B-04 and BatteryPack expose a bus-power C-rate proxy, not a physical current limit",,,"undefined: B-03 v_min_v/v_max_v are open-circuit calibration endpoints, not terminal-voltage limits",7.383444986409586,30.0,5.466718426019881
charge,704,42300.0,loiter,0.0671833430315355,-10.0,32.43173948598667,306.71833430315354,308.33992127745285,0.05,,,"undefined: B-04 and BatteryPack expose a bus-power C-rate proxy, not a physical current limit",,,"undefined: B-03 v_min_v/v_max_v are open-circuit calibration endpoints, not terminal-voltage limits",91.66007872254715,10.0,0.0
charge,705,42360.0,loiter,0.08610185773169439,-9.99999999999991,32.2349868530938,308.61018577316946,310.2219351158242,0.05,,,"undefined: B-04 and BatteryPack expose a bus-power C-rate proxy, not a physical current limit",,,"undefined: B-03 v_min_v/v_max_v are open-circuit calibration endpoints, not terminal-voltage limits",89.77806488417582,10.0,9.059419880941277e-14
discharge,706,42420.0,loiter,0.10490560006266578,24.499073448198555,79.93331649765253,310.4905600062666,306.493894181384,0.05,,,"undefined: B-04 and BatteryPack expose a bus-power C-rate proxy, not a physical current limit",,,"undefined: B-03 v_min_v/v_max_v are open-circuit calibration endpoints, not terminal-voltage limits",6.493894181384007,30.0,5.500926551801445
charge,707,42480.0,loiter,0.0582778321057018,-9.999999999999968,32.525186261717636,305.8277832105702,307.4540425236561,0.05,,,"undefined: B-04 and BatteryPack expose a bus-power C-rate proxy, not a physical current limit",,,"undefined: B-03 v_min_v/v_max_v are open-circuit calibration endpoints, not terminal-voltage limits",92.54595747634392,10.0,3.197442310920451e-14
charge,708,42540.0,loiter,0.0772508574250371,-9.999999999999996,32.32674082253311,307.7250857425037,309.3414227836304,0.05,,,"undefined: B-04 and BatteryPack expose a bus-power C-rate proxy, not a physical current limit",,,"undefined: B-03 v_min_v/v_max_v are open-circuit calibration endpoints, not terminal-voltage limits",90.65857721636962,10.0,3.552713678800501e-15
charge,709,42600.0,loiter,0.09610812290484808,-10.0,32.13187887209074,309.61081229048483,311.21740623408937,0.05,,,"undefined: B-04 and BatteryPack expose a bus-power C-rate proxy, not a physical current limit",,,"undefined: B-03 v_min_v/v_max_v are open-circuit calibration endpoints, not terminal-voltage limits",88.78259376591063,10.0,0.0
discharge,710,42660.0,loiter,0.11485171891356767,24.447831598269698,79.50254643712697,311.48517189135674,307.5100445695004,0.05,,,"undefined: B-04 and BatteryPack expose a bus-power C-rate proxy, not a physical current limit",,,"undefined: B-03 v_min_v/v_max_v are open-circuit calibration endpoints, not terminal-voltage limits",7.510044569500394,30.0,5.552168401730302
charge,711,42720.0,loiter,0.06847523349191029,-10.00000000000005,32.418227843585896,306.847523349191,308.4684347413703,0.05,,,"undefined: B-04 and BatteryPack expose a bus-power C-rate proxy, not a physical current limit",,,"undefined: B-03 v_min_v/v_max_v are open-circuit calibration endpoints, not terminal-voltage limits",91.53156525862971,10.0,-4.973799150320701e-14
charge,712,42780.0,loiter,0.08738586640066873,-10.000000000000005,32.221719186115934,308.7385866400669,310.3496725993727,0.05,,,"undefined: B-04 and BatteryPack expose a bus-power C-rate proxy, not a physical current limit",,,"undefined: B-03 v_min_v/v_max_v are open-circuit calibration endpoints, not terminal-voltage limits",89.6503274006273,10.0,-5.329070518200751e-15
discharge,713,42840.0,loiter,0.10618186925923635,24.41371718975569,79.6175694103647,310.6181869259236,306.6373084554054,0.05,,,"undefined: B-04 and BatteryPack expose a bus-power C-rate proxy, not a physical current limit",,,"undefined: B-03 v_min_v/v_max_v are open-circuit calibration endpoints, not terminal-voltage limits",6.637308455405389,30.0,5.58628281024431
charge,714,42900.0,loiter,0.059738287103190284,-9.999999999999996,32.509824799404896,305.973828710319,307.59931995028927,0.05,,,"undefined: B-04 and BatteryPack expose a bus-power C-rate proxy, not a physical current limit",,,"undefined: B-03 v_min_v/v_max_v are open-circuit calibration endpoints, not terminal-voltage limits",92.40068004971073,10.0,3.552713678800501e-15
charge,715,42960.0,loiter,0.0787023515695098,-9.999999999999996,32.311658292809966,307.87023515695097,309.48581807159144,0.05,,,"undefined: B-04 and BatteryPack expose a bus-power C-rate proxy, not a physical current limit",,,"undefined: B-03 v_min_v/v_max_v are open-circuit calibration endpoints, not terminal-voltage limits",90.51418192840856,10.0,3.552713678800501e-15
discharge,716,43020.0,loiter,0.09755081890698228,24.37964018697823,79.73235651204334,309.75508189069825,305.76846406509605,0.05,,,"undefined: B-04 and BatteryPack expose a bus-power C-rate proxy, not a physical current limit",,,"undefined: B-03 v_min_v/v_max_v are open-circuit calibration endpoints, not terminal-voltage limits",5.768464065096055,30.0,5.620359813021771
charge,717,43080.0,loiter,0.05104027760829033,-10.0,32.601526426035434,305.104027760829,306.7341040821308,0.05,,,"undefined: B-04 and BatteryPack expose a bus-power C-rate proxy, not a physical current limit",,,"undefined: B-03 v_min_v/v_max_v are open-circuit calibration endpoints, not terminal-voltage limits",93.26589591786922,10.0,0.0
charge,718,43140.0,loiter,0.07005783469014433,-10.0,32.40169096725538,307.00578346901443,308.62586801737723,0.05,,,"undefined: B-04 and BatteryPack expose a bus-power C-rate proxy, not a physical current limit",,,"undefined: B-03 v_min_v/v_max_v are open-circuit calibration endpoints, not terminal-voltage limits",91.37413198262277,10.0,0.0
charge,719,43200.0,loiter,0.08895882108770997,-9.99999999999996,32.20548063938338,308.895882108771,310.50615614074013,0.05,,,"undefined: B-04 and BatteryPack expose a bus-power C-rate proxy, not a physical current limit",,,"undefined: B-03 v_min_v/v_max_v are open-circuit calibration endpoints, not terminal-voltage limits",89.49384385925987,10.0,4.085620730620576e-14
discharge,720,43260.0,loiter,0.1077453514606836,24.32859471737012,79.29537248165389,310.7745351460684,306.8097665219857,0.05,,,"undefined: B-04 and BatteryPack expose a bus-power C-rate proxy, not a physical current limit",,,"undefined: B-03 v_min_v/v_max_v are open-circuit calibration endpoints, not terminal-voltage limits",6.8097665219856935,30.0,5.67140528262988
charge,721,43320.0,loiter,0.061489717513052176,-10.000000000000014,32.49142180214221,306.1489717513052,307.77354284141234,0.05,,,"undefined: B-04 and BatteryPack expose a bus-power C-rate proxy, not a physical current limit",,,"undefined: B-03 v_min_v/v_max_v are open-circuit calibration endpoints, not terminal-voltage limits",92.22645715858766,10.0,-1.4210854715202004e-14
charge,722,43380.0,loiter,0.08044304689763512,-9.999999999999996,32.29358911575957,308.0443046897635,309.65898414555147,0.05,,,"undefined: B-04 and BatteryPack expose a bus-power C-rate proxy, not a physical current limit",,,"undefined: B-03 v_min_v/v_max_v are open-circuit calibration endpoints, not terminal-voltage limits",90.34101585444853,10.0,3.552713678800501e-15
discharge,723,43440.0,loiter,0.0992809738818282,24.294611026660203,79.40509323165031,309.92809738818283,305.95784272660035,0.05,,,"undefined: B-04 and BatteryPack expose a bus-power C-rate proxy, not a physical current limit",,,"undefined: B-03 v_min_v/v_max_v are open-circuit calibration endpoints, not terminal-voltage limits",5.957842726600347,30.0,5.705388973339797
charge,724,43500.0,loiter,0.05296133616336553,-9.999999999999938,32.581228785042526,305.29613361633653,306.9251950555887,0.05,,,"undefined: B-04 and BatteryPack expose a bus-power C-rate proxy, not a physical current limit",,,"undefined: B-03 v_min_v/v_max_v are open-circuit calibration endpoints, not terminal-voltage limits",93.07480494441131,10.0,6.217248937900877e-14
charge,725,43560.0,loiter,0.07196705295464033,-10.000000000000002,32.38176353470806,307.196705295464,308.8157934721994,0.05,,,"undefined: B-04 and BatteryPack expose a bus-power C-rate proxy, not a physical current limit",,,"undefined: B-03 v_min_v/v_max_v are open-circuit calibration endpoints, not terminal-voltage limits",91.1842065278006,10.0,-1.7763568394002505e-15
charge,726,43620.0,loiter,0.09085641501655337,-9.999999999999996,32.185912306113664,309.08564150165535,310.694937116961,0.05,,,"undefined: B-04 and BatteryPack expose a bus-power C-rate proxy, not a physical current limit",,,"undefined: B-03 v_min_v/v_max_v are open-circuit calibration endpoints, not terminal-voltage limits",89.305062883039,10.0,3.552713678800501e-15
discharge,727,43680.0,loiter,0.10963153052845301,24.243705308925026,78.9659024067646,310.9631530528453,307.0148579325071,0.05,,,"undefined: B-04 and BatteryPack expose a bus-power C-rate proxy, not a physical current limit",,,"undefined: B-03 v_min_v/v_max_v are open-circuit calibration endpoints, not terminal-voltage limits",7.014857932507084,30.0,5.756294691074974
charge,728,43740.0,loiter,0.06356808745784033,-10.000000000000005,32.46961038921427,306.356808745784,307.9802892652447,0.05,,,"undefined: B-04 and BatteryPack expose a bus-power C-rate proxy, not a physical current limit",,,"undefined: B-03 v_min_v/v_max_v are open-circuit calibration endpoints, not terminal-voltage limits",92.01971073475528,10.0,-5.329070518200751e-15
charge,729,43800.0,loiter,0.08250869351821533,-10.0,32.2721728695592,308.2508693518215,309.86447799529947,0.05,,,"undefined: B-04 and BatteryPack expose a bus-power C-rate proxy, not a physical current limit",,,"undefined: B-03 v_min_v/v_max_v are open-circuit calibration endpoints, not terminal-voltage limits",90.13552200470053,10.0,0.0
discharge,730,43860.0,loiter,0.10133412769212485,24.209814642248528,79.07055898358124,310.1334127692125,306.1798848200334,0.05,,,"undefined: B-04 and BatteryPack expose a bus-power C-rate proxy, not a physical current limit",,,"undefined: B-03 v_min_v/v_max_v are open-circuit calibration endpoints, not terminal-voltage limits",6.179884820033408,30.0,5.790185357751472
charge,731,43920.0,loiter,0.05520963495170247,-10.000000000000085,32.55750547545688,305.52096349517024,307.14883876894305,0.05,,,"undefined: B-04 and BatteryPack expose a bus-power C-rate proxy, not a physical current limit",,,"undefined: B-03 v_min_v/v_max_v are open-circuit calibration endpoints, not terminal-voltage limits",92.85116123105695,10.0,-8.526512829121202e-14
charge,732,43980.0,loiter,0.07420151314571898,-10.000000000000107,32.35847234103005,307.4201513145719,309.03807493162344,0.05,,,"undefined: B-04 and BatteryPack expose a bus-power C-rate proxy, not a physical current limit",,,"undefined: B-03 v_min_v/v_max_v are open-circuit calibration endpoints, not terminal-voltage limits",90.96192506837656,10.0,-1.0658141036401503e-13
charge,733,44040.0,loiter,0.09307728867798651,-10.0,32.16304027842227,309.30772886779863,310.9158808817198,0.05,,,"undefined: B-04 and BatteryPack expose a bus-power C-rate proxy, not a physical current limit",,,"undefined: B-03 v_min_v/v_max_v are open-circuit calibration endpoints, not terminal-voltage limits",89.08411911828023,10.0,0.0
discharge,734,44100.0,loiter,0.11183906217373284,24.159048245203177,78.62931275543133,311.1839062173733,307.25244057960174,0.05,,,"undefined: B-04 and BatteryPack expose a bus-power C-rate proxy, not a physical current limit",,,"undefined: B-03 v_min_v/v_max_v are open-circuit calibration endpoints, not terminal-voltage limits",7.252440579601739,30.0,5.840951754796823
charge,735,44160.0,loiter,0.06597196306639791,-10.00000000000008,32.44441926655497,306.5971963066398,308.2194172699675,0.05,,,"undefined: B-04 and BatteryPack expose a bus-power C-rate proxy, not a physical current limit",,,"undefined: B-03 v_min_v/v_max_v are open-circuit calibration endpoints, not terminal-voltage limits",91.7805827300325,10.0,-7.993605777301127e-14
charge,736,44220.0,loiter,0.08489787430522164,-9.999999999999996,32.247437497370015,308.48978743052214,310.1021593053906,0.05,,,"undefined: B-04 and BatteryPack expose a bus-power C-rate proxy, not a physical current limit",,,"undefined: B-03 v_min_v/v_max_v are open-circuit calibration endpoints, not terminal-voltage limits",89.89784069460939,10.0,3.552713678800501e-15
discharge,737,44280.0,loiter,0.10370887951202082,24.12525031568225,78.72891223155648,310.37088795120206,306.43444233962424,0.05,,,"undefined: B-04 and BatteryPack expose a bus-power C-rate proxy, not a physical current limit",,,"undefined: B-03 v_min_v/v_max_v are open-circuit calibration endpoints, not terminal-voltage limits",6.4344423396242405,30.0,5.874749684317749
charge,738,44340.0,loiter,0.05778368071027955,-10.0,32.53038715047808,305.77836807102796,307.4048874285519,0.05,,,"undefined: B-04 and BatteryPack expose a bus-power C-rate proxy, not a physical current limit",,,"undefined: B-03 v_min_v/v_max_v are open-circuit calibration endpoints, not terminal-voltage limits",92.59511257144811,10.0,0.0
charge,739,44400.0,loiter,0.07675973988139176,-10.000000000000112,32.33184721523344,307.67597398813916,309.29256634890083,0.05,,,"undefined: B-04 and BatteryPack expose a bus-power C-rate proxy, not a physical current limit",,,"undefined: B-03 v_min_v/v_max_v are open-circuit calibration endpoints, not terminal-voltage limits",90.70743365109917,10.0,-1.1191048088221578e-13
charge,740,44460.0,loiter,0.09561998409027793,-9.999999999999996,32.136893593646505,309.5619984090278,311.1688430887101,0.05,,,"undefined: B-04 and BatteryPack expose a bus-power C-rate proxy, not a physical current limit",,,"undefined: B-03 v_min_v/v_max_v are open-circuit calibration endpoints, not terminal-voltage limits",88.8311569112899,10.0,3.552713678800501e-15
discharge,741,44520.0,loiter,0.11436650535323839,24.07462280987429,78.28576310202834,311.43665053532385,307.52236238022243,0.05,,,"undefined: B-04 and BatteryPack expose a bus-power C-rate proxy, not a physical current limit",,,"undefined: B-03 v_min_v/v_max_v are open-circuit calibration endpoints, not terminal-voltage limits",7.522362380222432,30.0,5.925377190125712
charge,742,44580.0,loiter,0.06869981021038854,-9.999999999999996,32.4158801799706,306.8699810210389,308.4907750300374,0.05,,,"undefined: B-04 and BatteryPack expose a bus-power C-rate proxy, not a physical current limit",,,"undefined: B-03 v_min_v/v_max_v are open-circuit calibration endpoints, not terminal-voltage limits",91.50922496996259,10.0,3.552713678800501e-15
charge,743,44640.0,loiter,0.08760907364870472,-9.999999999999952,32.219413893168394,308.7609073648705,310.3718780595289,0.05,,,"undefined: B-04 and BatteryPack expose a bus-power C-rate proxy, not a physical current limit",,,"undefined: B-03 v_min_v/v_max_v are open-circuit calibration endpoints, not terminal-voltage limits",89.62812194047109,10.0,4.796163466380676e-14
discharge,744,44700.0,loiter,0.10640373175305295,24.040917331782342,78.38031737633344,310.6403731753053,306.7213573064886,0.05,,,"undefined: B-04 and BatteryPack expose a bus-power C-rate proxy, not a physical current limit",,,"undefined: B-03 v_min_v/v_max_v are open-circuit calibration endpoints, not terminal-voltage limits",6.721357306488585,30.0,5.959082668217658
charge,745,44760.0,loiter,0.060681879950191794,-9.999999999999996,32.49990750676943,306.0681879950192,307.69318337035764,0.05,,,"undefined: B-04 and BatteryPack expose a bus-power C-rate proxy, not a physical current limit",,,"undefined: B-03 v_min_v/v_max_v are open-circuit calibration endpoints, not terminal-voltage limits",92.30681662964236,10.0,3.552713678800501e-15
charge,746,44820.0,loiter,0.07964015932914062,-10.0,32.30192094047993,307.96401593291404,309.57911197993803,0.05,,,"undefined: B-04 and BatteryPack expose a bus-power C-rate proxy, not a physical current limit",,,"undefined: B-03 v_min_v/v_max_v are open-circuit calibration endpoints, not terminal-voltage limits",90.42088802006197,10.0,0.0
discharge,747,44880.0,loiter,0.09848294654442058,24.007248754515484,78.47440434850739,309.84829465444204,305.92457443701664,0.05,,,"undefined: B-04 and BatteryPack expose a bus-power C-rate proxy, not a physical current limit",,,"undefined: B-03 v_min_v/v_max_v are open-circuit calibration endpoints, not terminal-voltage limits",5.924574437016645,30.0,5.992751245484516
charge,748,44940.0,loiter,0.052706210674457944,-9.999999999999911,32.58392295809983,305.2706210674458,306.8998172153508,0.05,,,"undefined: B-04 and BatteryPack expose a bus-power C-rate proxy, not a physical current limit",,,"undefined: B-03 v_min_v/v_max_v are open-circuit calibration endpoints, not terminal-voltage limits",93.10018278464918,10.0,8.881784197001252e-14
charge,749,45000.0,loiter,0.07171349906668284,-10.0,32.38440859481443,307.1713499066683,308.790570336409,0.05,,,"undefined: B-04 and BatteryPack expose a bus-power C-rate proxy, not a physical current limit",,,"undefined: B-03 v_min_v/v_max_v are open-circuit calibration endpoints, not terminal-voltage limits",91.20942966359098,10.0,0.0
charge,750,45060.0,loiter,0.0906044040803246,-9.999999999999934,32.188509726272514,309.06044040803243,310.66986589434606,0.05,,,"undefined: B-04 and BatteryPack expose a bus-power C-rate proxy, not a physical current limit",,,"undefined: B-03 v_min_v/v_max_v are open-circuit calibration endpoints, not terminal-voltage limits",89.33013410565394,10.0,6.572520305780927e-14
discharge,751,45120.0,loiter,0.10938103475398356,23.956814978239166,78.02587250014938,310.93810347539835,307.0368098503909,0.05,,,"undefined: B-04 and BatteryPack expose a bus-power C-rate proxy, not a physical current limit",,,"undefined: B-03 v_min_v/v_max_v are open-circuit calibration endpoints, not terminal-voltage limits",7.03680985039091,30.0,6.043185021760834
charge,752,45180.0,loiter,0.06386594246222976,-10.0,32.46648694194619,306.38659424622296,308.00991859332026,0.05,,,"undefined: B-04 and BatteryPack expose a bus-power C-rate proxy, not a physical current limit",,,"undefined: B-03 v_min_v/v_max_v are open-circuit calibration endpoints, not terminal-voltage limits",91.99008140667974,10.0,0.0
charge,753,45240.0,loiter,0.08280472651169837,-9.999999999999996,32.26910596849905,308.2804726511698,309.89392794959474,0.05,,,"undefined: B-04 and BatteryPack expose a bus-power C-rate proxy, not a physical current limit",,,"undefined: B-03 v_min_v/v_max_v are open-circuit calibration endpoints, not terminal-voltage limits",90.10607205040526,10.0,3.552713678800501e-15
discharge,754,45300.0,loiter,0.10162837165998947,23.923238454308652,78.1148878468241,310.16283716599895,306.25709277365775,0.05,,,"undefined: B-04 and BatteryPack expose a bus-power C-rate proxy, not a physical current limit",,,"undefined: B-03 v_min_v/v_max_v are open-circuit calibration endpoints, not terminal-voltage limits",6.257092773657746,30.0,6.0767615456913475
charge,755,45360.0,loiter,0.05606135374934209,-10.0,32.54852739140517,305.6061353749342,307.2335617445044,0.05,,,"undefined: B-04 and BatteryPack expose a bus-power C-rate proxy, not a physical current limit",,,"undefined: B-03 v_min_v/v_max_v are open-circuit calibration endpoints, not terminal-voltage limits",92.76643825549559,10.0,0.0
charge,756,45420.0,loiter,0.07504799472766177,-9.999999999999996,32.3496576301136,307.5047994727662,309.1222823542719,0.05,,,"undefined: B-04 and BatteryPack expose a bus-power C-rate proxy, not a physical current limit",,,"undefined: B-03 v_min_v/v_max_v are open-circuit calibration endpoints, not terminal-voltage limits",90.87771764572813,10.0,3.552713678800501e-15
charge,757,45480.0,loiter,0.09391862834522803,-10.0,32.154384049334794,309.3918628345228,310.9995820369895,0.05,,,"undefined: B-04 and BatteryPack expose a bus-power C-rate proxy, not a physical current limit",,,"undefined: B-03 v_min_v/v_max_v are open-circuit calibration endpoints, not terminal-voltage limits",89.00041796301048,10.0,0.0
discharge,758,45540.0,loiter,0.11267535237400667,23.872942545599987,77.66480900440456,311.2675352374007,307.38429478718047,0.05,,,"undefined: B-04 and BatteryPack expose a bus-power C-rate proxy, not a physical current limit",,,"undefined: B-03 v_min_v/v_max_v are open-circuit calibration endpoints, not terminal-voltage limits",7.384294787180465,30.0,6.127057454400013
charge,759,45600.0,loiter,0.06737088045477069,-9.999999999999996,32.42977737177341,306.7370880454771,308.3585769140658,0.05,,,"undefined: B-04 and BatteryPack expose a bus-power C-rate proxy, not a physical current limit",,,"undefined: B-03 v_min_v/v_max_v are open-circuit calibration endpoints, not terminal-voltage limits",91.6414230859342,10.0,3.552713678800501e-15
charge,760,45660.0,loiter,0.08628825058830518,-9.999999999999996,32.233060180537336,308.6288250588305,310.24047806785734,0.05,,,"undefined: B-04 and BatteryPack expose a bus-power C-rate proxy, not a physical current limit",,,"undefined: B-03 v_min_v/v_max_v are open-circuit calibration endpoints, not terminal-voltage limits",89.75952193214266,10.0,3.552713678800501e-15
discharge,761,45720.0,loiter,0.10509086902695196,23.839457792021907,77.74877585774504,310.5090869026952,306.6216481098079,0.05,,,"undefined: B-04 and BatteryPack expose a bus-power C-rate proxy, not a physical current limit",,,"undefined: B-03 v_min_v/v_max_v are open-circuit calibration endpoints, not terminal-voltage limits",6.621648109807893,30.0,6.160542207978093
charge,762,45780.0,loiter,0.05973741644326735,-9.999999999999996,32.5098339529427,305.9737416443267,307.59923334197384,0.05,,,"undefined: B-04 and BatteryPack expose a bus-power C-rate proxy, not a physical current limit",,,"undefined: B-03 v_min_v/v_max_v are open-circuit calibration endpoints, not terminal-voltage limits",92.40076665802616,10.0,3.552713678800501e-15
charge,763,45840.0,loiter,0.07870148624915059,-9.999999999999936,32.31166728021492,307.87014862491503,309.48573198892575,0.05,,,"undefined: B-04 and BatteryPack expose a bus-power C-rate proxy, not a physical current limit",,,"undefined: B-03 v_min_v/v_max_v are open-circuit calibration endpoints, not terminal-voltage limits",90.51426801107425,10.0,6.394884621840902e-14
discharge,764,45900.0,loiter,0.09754995882927596,23.806009667603547,77.83216504602592,309.7549958829276,305.8633876306263,0.05,,,"undefined: B-04 and BatteryPack expose a bus-power C-rate proxy, not a physical current limit",,,"undefined: B-03 v_min_v/v_max_v are open-circuit calibration endpoints, not terminal-voltage limits",5.863387630626278,30.0,6.193990332396453
charge,765,45960.0,loiter,0.05214786255242751,-10.0,32.589820765775244,305.21478625524276,306.8442772935315,0.05,,,"undefined: B-04 and BatteryPack expose a bus-power C-rate proxy, not a physical current limit",,,"undefined: B-03 v_min_v/v_max_v are open-circuit calibration endpoints, not terminal-voltage limits",93.15572270646851,10.0,0.0
charge,766,46020.0,loiter,0.07115859133246306,-9.999999999999996,32.3901988616268,307.1158591332463,308.73536907632763,0.05,,,"undefined: B-04 and BatteryPack expose a bus-power C-rate proxy, not a physical current limit",,,"undefined: B-03 v_min_v/v_max_v are open-circuit calibration endpoints, not terminal-voltage limits",91.26463092367237,10.0,3.552713678800501e-15
charge,767,46080.0,loiter,0.09005287400174536,-9.999999999999996,32.1941956784309,309.00528740017455,310.61499718409607,0.05,,,"undefined: B-04 and BatteryPack expose a bus-power C-rate proxy, not a physical current limit",,,"undefined: B-03 v_min_v/v_max_v are open-circuit calibration endpoints, not terminal-voltage limits",89.38500281590393,10.0,3.552713678800501e-15
discharge,768,46140.0,loiter,0.10883282148083005,23.75590606218135,77.37716607816026,310.883282148083,307.014423844175,0.05,,,"undefined: B-04 and BatteryPack expose a bus-power C-rate proxy, not a physical current limit",,,"undefined: B-03 v_min_v/v_max_v are open-circuit calibration endpoints, not terminal-voltage limits",7.014423844174985,30.0,6.244093937818651
charge,769,46200.0,loiter,0.06369614126856991,-10.000000000000048,32.468267483640716,306.369614126857,307.993027501039,0.05,,,"undefined: B-04 and BatteryPack expose a bus-power C-rate proxy, not a physical current limit",,,"undefined: B-03 v_min_v/v_max_v are open-circuit calibration endpoints, not terminal-voltage limits",92.00697249896098,10.0,-4.796163466380676e-14
charge,770,46260.0,loiter,0.08263596396736034,-10.000000000000016,32.27085427696352,308.26359639673603,309.8771391105842,0.05,,,"undefined: B-04 and BatteryPack expose a bus-power C-rate proxy, not a physical current limit",,,"undefined: B-03 v_min_v/v_max_v are open-circuit calibration endpoints, not terminal-voltage limits",90.12286088941579,10.0,-1.5987211554602254e-14
discharge,771,46320.0,loiter,0.10146062896225572,23.722549313842517,77.45549557936101,310.14606289622554,306.2732881172575,0.05,,,"undefined: B-04 and BatteryPack expose a bus-power C-rate proxy, not a physical current limit",,,"undefined: B-03 v_min_v/v_max_v are open-circuit calibration endpoints, not terminal-voltage limits",6.2732881172574935,30.0,6.277450686157483
charge,772,46380.0,loiter,0.056278256540961795,-10.000000000000034,32.54624177632877,305.62782565409617,307.2551377429126,0.05,,,"undefined: B-04 and BatteryPack expose a bus-power C-rate proxy, not a physical current limit",,,"undefined: B-03 v_min_v/v_max_v are open-circuit calibration endpoints, not terminal-voltage limits",92.74486225708739,10.0,-3.375077994860476e-14
charge,773,46440.0,loiter,0.07526356424382025,-10.0,32.34741359198438,307.526356424382,309.14372710398123,0.05,,,"undefined: B-04 and BatteryPack expose a bus-power C-rate proxy, not a physical current limit",,,"undefined: B-03 v_min_v/v_max_v are open-circuit calibration endpoints, not terminal-voltage limits",90.85627289601877,10.0,0.0
charge,774,46500.0,loiter,0.09413288883914446,-10.0,32.15218034377756,309.41328888391445,311.02089790110335,0.05,,,"undefined: B-04 and BatteryPack expose a bus-power C-rate proxy, not a physical current limit",,,"undefined: B-03 v_min_v/v_max_v are open-circuit calibration endpoints, not terminal-voltage limits",88.97910209889665,10.0,0.0
discharge,775,46560.0,loiter,0.1128883273730147,23.67258256214042,76.999316316722,311.28883273730145,307.4388669214653,0.05,,,"undefined: B-04 and BatteryPack expose a bus-power C-rate proxy, not a physical current limit",,,"undefined: B-03 v_min_v/v_max_v are open-circuit calibration endpoints, not terminal-voltage limits",7.438866921465319,30.0,6.32741743785958
charge,776,46620.0,loiter,0.06797205952159353,-10.0,32.42348911492968,306.79720595215935,308.41838040790583,0.05,,,"undefined: B-04 and BatteryPack expose a bus-power C-rate proxy, not a physical current limit",,,"undefined: B-03 v_min_v/v_max_v are open-circuit calibration endpoints, not terminal-voltage limits",91.58161959209417,10.0,0.0
charge,777,46680.0,loiter,0.08688576150530251,-10.0,32.22688548008193,308.68857615053025,310.2999204245343,0.05,,,"undefined: B-04 and BatteryPack expose a bus-power C-rate proxy, not a physical current limit",,,"undefined: B-03 v_min_v/v_max_v are open-circuit calibration endpoints, not terminal-voltage limits",89.70007957546568,10.0,0.0
discharge,778,46740.0,loiter,0.10568477803535031,23.63931690961137,77.07262024289776,310.568477803535,306.71484679139013,0.05,,,"undefined: B-04 and BatteryPack expose a bus-power C-rate proxy, not a physical current limit",,,"undefined: B-03 v_min_v/v_max_v are open-circuit calibration endpoints, not terminal-voltage limits",6.71484679139013,30.0,6.36068309038863
charge,779,46800.0,loiter,0.06072574956032663,-9.999999999999996,32.49944657745573,306.07257495603267,307.69754728490545,0.05,,,"undefined: B-04 and BatteryPack expose a bus-power C-rate proxy, not a physical current limit",,,"undefined: B-03 v_min_v/v_max_v are open-circuit calibration endpoints, not terminal-voltage limits",92.30245271509455,10.0,3.552713678800501e-15
charge,780,46860.0,loiter,0.07968376006384247,-10.0,32.301468371692295,307.96837600638423,309.5834494249689,0.05,,,"undefined: B-04 and BatteryPack expose a bus-power C-rate proxy, not a physical current limit",,,"undefined: B-03 v_min_v/v_max_v are open-circuit calibration endpoints, not terminal-voltage limits",90.41655057503112,10.0,0.0
discharge,781,46920.0,loiter,0.09852628328066297,23.606087617182315,77.14524543763162,309.8526283280663,305.9953660561847,0.05,,,"undefined: B-04 and BatteryPack expose a bus-power C-rate proxy, not a physical current limit",,,"undefined: B-03 v_min_v/v_max_v are open-circuit calibration endpoints, not terminal-voltage limits",5.995366056184707,30.0,6.393912382817685
charge,782,46980.0,loiter,0.053524890108711205,-9.999999999999996,32.57527911998977,305.3524890108711,306.9812529668706,0.05,,,"undefined: B-04 and BatteryPack expose a bus-power C-rate proxy, not a physical current limit",,,"undefined: B-03 v_min_v/v_max_v are open-circuit calibration endpoints, not terminal-voltage limits",93.01874703312939,10.0,3.552713678800501e-15
charge,783,47040.0,loiter,0.07252713626203858,-10.000000000000016,32.375922299791,307.25271362620384,308.8715097411934,0.05,,,"undefined: B-04 and BatteryPack expose a bus-power C-rate proxy, not a physical current limit",,,"undefined: B-03 v_min_v/v_max_v are open-circuit calibration endpoints, not terminal-voltage limits",91.12849025880661,10.0,-1.5987211554602254e-14
charge,784,47100.0,loiter,0.09141309093691666,-10.0,32.18017625011271,309.1413090936917,310.7503179061973,0.05,,,"undefined: B-04 and BatteryPack expose a bus-power C-rate proxy, not a physical current limit",,,"undefined: B-03 v_min_v/v_max_v are open-circuit calibration endpoints, not terminal-voltage limits",89.24968209380268,10.0,0.0
discharge,785,47160.0,loiter,0.11018486041614907,23.556311756201097,76.68463281803668,311.0184860416149,307.18425440071303,0.05,,,"undefined: B-04 and BatteryPack expose a bus-power C-rate proxy, not a physical current limit",,,"undefined: B-03 v_min_v/v_max_v are open-circuit calibration endpoints, not terminal-voltage limits",7.18425440071303,30.0,6.443688243798903
charge,786,47220.0,loiter,0.06545215793896102,-10.0,32.44986320577368,306.5452157938961,308.1677089541848,0.05,,,"undefined: B-04 and BatteryPack expose a bus-power C-rate proxy, not a physical current limit",,,"undefined: B-03 v_min_v/v_max_v are open-circuit calibration endpoints, not terminal-voltage limits",91.83229104581523,10.0,0.0
charge,787,47280.0,loiter,0.08438124480899567,-9.999999999999996,32.252783005224614,308.43812448089955,310.05076363116075,0.05,,,"undefined: B-04 and BatteryPack expose a bus-power C-rate proxy, not a physical current limit",,,"undefined: B-03 v_min_v/v_max_v are open-circuit calibration endpoints, not terminal-voltage limits",89.94923636883925,10.0,3.552713678800501e-15
discharge,788,47340.0,loiter,0.10319536822871003,23.523173169089056,76.75223642954506,310.319536822871,306.48192500139373,0.05,,,"undefined: B-04 and BatteryPack expose a bus-power C-rate proxy, not a physical current limit",,,"undefined: B-03 v_min_v/v_max_v are open-circuit calibration endpoints, not terminal-voltage limits",6.4819250013937335,30.0,6.4768268309109445
charge,789,47400.0,loiter,0.058423230311475415,-10.0,32.52365627665881,305.84232303114754,307.4685058449805,0.05,,,"undefined: B-04 and BatteryPack expose a bus-power C-rate proxy, not a physical current limit",,,"undefined: B-03 v_min_v/v_max_v are open-circuit calibration endpoints, not terminal-voltage limits",92.53149415501952,10.0,0.0
charge,790,47460.0,loiter,0.07739536313952639,-10.0,32.325238630455715,307.7395363139526,309.3557982454754,0.05,,,"undefined: B-04 and BatteryPack expose a bus-power C-rate proxy, not a physical current limit",,,"undefined: B-03 v_min_v/v_max_v are open-circuit calibration endpoints, not terminal-voltage limits",90.6442017545246,10.0,0.0
discharge,791,47520.0,loiter,0.09625175234062555,23.490070786318057,76.81910726539002,309.62517523406257,305.7842198707931,0.05,,,"undefined: B-04 and BatteryPack expose a bus-power C-rate proxy, not a physical current limit",,,"undefined: B-03 v_min_v/v_max_v are open-circuit calibration endpoints, not terminal-voltage limits",5.784219870793095,30.0,6.509929213681943
charge,792,47580.0,loiter,0.05144060643581471,-10.0,32.597294531904026,305.1440606435815,306.7739253701767,0.05,,,"undefined: B-04 and BatteryPack expose a bus-power C-rate proxy, not a physical current limit",,,"undefined: B-03 v_min_v/v_max_v are open-circuit calibration endpoints, not terminal-voltage limits",93.2260746298233,10.0,0.0
charge,793,47640.0,loiter,0.07045569491275872,-10.0,32.39753629592883,307.0455694912759,308.66544630607234,0.05,,,"undefined: B-04 and BatteryPack expose a bus-power C-rate proxy, not a physical current limit",,,"undefined: B-03 v_min_v/v_max_v are open-circuit calibration endpoints, not terminal-voltage limits",91.33455369392766,10.0,0.0
charge,794,47700.0,loiter,0.08935425775205053,-10.0,32.20140087246364,308.93542577520503,310.5454958188282,0.05,,,"undefined: B-04 and BatteryPack expose a bus-power C-rate proxy, not a physical current limit",,,"undefined: B-03 v_min_v/v_max_v are open-circuit calibration endpoints, not terminal-voltage limits",89.45450418117179,10.0,0.0
discharge,795,47760.0,loiter,0.10813840826098764,23.440484998322056,76.35433531965987,310.8138408260988,306.9961240601158,0.05,,,"undefined: B-04 and BatteryPack expose a bus-power C-rate proxy, not a physical current limit",,,"undefined: B-03 v_min_v/v_max_v are open-circuit calibration endpoints, not terminal-voltage limits",6.99612406011579,30.0,6.559515001677944
charge,796,47820.0,loiter,0.0635983793245194,-10.0,32.46929270718567,306.35983793245197,307.9833025678113,0.05,,,"undefined: B-04 and BatteryPack expose a bus-power C-rate proxy, not a physical current limit",,,"undefined: B-03 v_min_v/v_max_v are open-circuit calibration endpoints, not terminal-voltage limits",92.01669743218872,10.0,0.0
charge,797,47880.0,loiter,0.0825388000703777,-9.999999999999996,32.27186093926434,308.25388000703776,309.867473054001,0.05,,,"undefined: B-04 and BatteryPack expose a bus-power C-rate proxy, not a physical current limit",,,"undefined: B-03 v_min_v/v_max_v are open-circuit calibration endpoints, not terminal-voltage limits",90.13252694599902,10.0,3.552713678800501e-15
discharge,798,47940.0,loiter,0.10136405228494856,23.40747293256229,76.4161971717283,310.1364052284949,306.31559536990846,0.05,,,"undefined: B-04 and BatteryPack expose a bus-power C-rate proxy, not a physical current limit",,,"undefined: B-03 v_min_v/v_max_v are open-circuit calibration endpoints, not terminal-voltage limits",6.315595369908465,30.0,6.592527067437711
charge,799,48000.0,loiter,0.05678793726810706,-9.999999999999996,32.540872267680925,305.6787937268107,307.3058373401947,0.05,,,"undefined: B-04 and BatteryPack expose a bus-power C-rate proxy, not a physical current limit",,,"undefined: B-03 v_min_v/v_max_v are open-circuit calibration endpoints, not terminal-voltage limits",92.69416265980527,10.0,3.552713678800501e-15
charge,800,48060.0,loiter,0.0757701127575876,-10.000000000000119,32.342141735937844,307.57701127575876,309.1941183625556,0.05,,,"undefined: B-04 and BatteryPack expose a bus-power C-rate proxy, not a physical current limit",,,"undefined: B-03 v_min_v/v_max_v are open-circuit calibration endpoints, not terminal-voltage limits",90.80588163744437,10.0,-1.1901590823981678e-13
discharge,801,48120.0,loiter,0.09463636210355134,23.374496916256774,76.47727495649235,309.46363621035516,305.6397724625306,0.05,,,"undefined: B-04 and BatteryPack expose a bus-power C-rate proxy, not a physical current limit",,,"undefined: B-03 v_min_v/v_max_v are open-circuit calibration endpoints, not terminal-voltage limits",5.639772462530573,30.0,6.625503083743226
charge,802,48180.0,loiter,0.050024618378930796,-10.0,32.61226791136721,305.00246183789307,306.63307523346145,0.05,,,"undefined: B-04 and BatteryPack expose a bus-power C-rate proxy, not a physical current limit",,,"undefined: B-03 v_min_v/v_max_v are open-circuit calibration endpoints, not terminal-voltage limits",93.36692476653855,10.0,0.0
charge,803,48240.0,loiter,0.06904844132722833,-10.000000000000014,32.41223635564211,306.9048441327228,308.5254559505049,0.05,,,"undefined: B-04 and BatteryPack expose a bus-power C-rate proxy, not a physical current limit",,,"undefined: B-03 v_min_v/v_max_v are open-circuit calibration endpoints, not terminal-voltage limits",91.47454404949508,10.0,-1.4210854715202004e-14
charge,804,48300.0,loiter,0.08795557920135288,-10.000000000000059,32.21583582070707,308.7955579201353,310.40634971117066,0.05,,,"undefined: B-04 and BatteryPack expose a bus-power C-rate proxy, not a physical current limit",,,"undefined: B-03 v_min_v/v_max_v are open-circuit calibration endpoints, not terminal-voltage limits",89.59365028882934,10.0,-5.861977570020827e-14
discharge,805,48360.0,loiter,0.10674815009676533,23.325100388089094,76.00862642141465,310.67481500967654,306.8743836886058,0.05,,,"undefined: B-04 and BatteryPack expose a bus-power C-rate proxy, not a physical current limit",,,"undefined: B-03 v_min_v/v_max_v are open-circuit calibration endpoints, not terminal-voltage limits",6.874383688605803,30.0,6.674899611910906
charge,806,48420.0,loiter,0.06240978468427346,-9.999999999999957,32.48176258034391,306.24097846842733,307.8650665974445,0.05,,,"undefined: B-04 and BatteryPack expose a bus-power C-rate proxy, not a physical current limit",,,"undefined: B-03 v_min_v/v_max_v are open-circuit calibration endpoints, not terminal-voltage limits",92.13493340255548,10.0,4.263256414560601e-14
charge,807,48480.0,loiter,0.0813574795228074,-9.999999999999996,32.28410495848095,308.1357479522807,309.7499532002048,0.05,,,"undefined: B-04 and BatteryPack expose a bus-power C-rate proxy, not a physical current limit",,,"undefined: B-03 v_min_v/v_max_v are open-circuit calibration endpoints, not terminal-voltage limits",90.2500467997952,10.0,3.552713678800501e-15
discharge,808,48540.0,loiter,0.10018987408192129,23.292214302662835,76.06471640295695,310.0189874081921,306.21575158804427,0.05,,,"undefined: B-04 and BatteryPack expose a bus-power C-rate proxy, not a physical current limit",,,"undefined: B-03 v_min_v/v_max_v are open-circuit calibration endpoints, not terminal-voltage limits",6.21575158804427,30.0,6.707785697337165
charge,809,48600.0,loiter,0.05581878951352974,-10.0,32.551083792440636,305.58187895135296,307.20943314097497,0.05,,,"undefined: B-04 and BatteryPack expose a bus-power C-rate proxy, not a physical current limit",,,"undefined: B-03 v_min_v/v_max_v are open-circuit calibration endpoints, not terminal-voltage limits",92.79056685902503,10.0,0.0
charge,810,48660.0,loiter,0.07480692172578678,-10.000000000000018,32.352167521625574,307.4806921725787,309.09830054865995,0.05,,,"undefined: B-04 and BatteryPack expose a bus-power C-rate proxy, not a physical current limit",,,"undefined: B-03 v_min_v/v_max_v are open-circuit calibration endpoints, not terminal-voltage limits",90.90169945134005,10.0,-1.7763568394002505e-14
charge,811,48720.0,loiter,0.09367901944673503,-9.999999999999961,32.15684882352832,309.3679019446735,310.9757443858499,0.05,,,"undefined: B-04 and BatteryPack expose a bus-power C-rate proxy, not a physical current limit",,,"undefined: B-03 v_min_v/v_max_v are open-circuit calibration endpoints, not terminal-voltage limits",89.02425561415009,10.0,3.907985046680551e-14
discharge,812,48780.0,loiter,0.11243718126045987,23.24295246475784,75.59570400199107,311.24371812604596,307.46393292594644,0.05,,,"undefined: B-04 and BatteryPack expose a bus-power C-rate proxy, not a physical current limit",,,"undefined: B-03 v_min_v/v_max_v are open-circuit calibration endpoints, not terminal-voltage limits",7.4639329259464375,30.0,6.757047535242162
charge,813,48840.0,loiter,0.06833968725929843,-9.999999999999996,32.4196449705488,306.8339687259298,308.45495097445723,0.05,,,"undefined: B-04 and BatteryPack expose a bus-power C-rate proxy, not a physical current limit",,,"undefined: B-03 v_min_v/v_max_v are open-circuit calibration endpoints, not terminal-voltage limits",91.54504902554277,10.0,3.552713678800501e-15
charge,814,48900.0,loiter,0.08725114682545189,-9.999999999999996,32.22311073383537,308.7251146825452,310.336270219237,0.05,,,"undefined: B-04 and BatteryPack expose a bus-power C-rate proxy, not a physical current limit",,,"undefined: B-03 v_min_v/v_max_v are open-circuit calibration endpoints, not terminal-voltage limits",89.66372978076299,10.0,3.552713678800501e-15
discharge,815,48960.0,loiter,0.10604796142018919,23.210156035725888,75.64686289742156,310.6047961420189,306.8224529971478,0.05,,,"undefined: B-04 and BatteryPack expose a bus-power C-rate proxy, not a physical current limit",,,"undefined: B-03 v_min_v/v_max_v are open-circuit calibration endpoints, not terminal-voltage limits",6.8224529971478205,30.0,6.789843964274112
charge,816,49020.0,loiter,0.06192062473002662,-10.0,32.48689725978352,306.19206247300264,307.8164073359918,0.05,,,"undefined: B-04 and BatteryPack expose a bus-power C-rate proxy, not a physical current limit",,,"undefined: B-03 v_min_v/v_max_v are open-circuit calibration endpoints, not terminal-voltage limits",92.18359266400819,10.0,0.0
charge,817,49080.0,loiter,0.08087131479823367,-10.0,32.28914658929284,308.08713147982337,309.701588809288,0.05,,,"undefined: B-04 and BatteryPack expose a bus-power C-rate proxy, not a physical current limit",,,"undefined: B-03 v_min_v/v_max_v are open-circuit calibration endpoints, not terminal-voltage limits",90.29841119071199,10.0,0.0
discharge,818,49140.0,loiter,0.0997066503086545,23.177395392641934,75.69715791038163,309.97066503086546,306.1858071353464,0.05,,,"undefined: B-04 and BatteryPack expose a bus-power C-rate proxy, not a physical current limit",,,"undefined: B-03 v_min_v/v_max_v are open-circuit calibration endpoints, not terminal-voltage limits",6.185807135346408,30.0,6.822604607358066
charge,819,49200.0,loiter,0.055549974860931876,-10.0,32.55391731508155,305.5549974860932,307.1826933518473,0.05,,,"undefined: B-04 and BatteryPack expose a bus-power C-rate proxy, not a physical current limit",,,"undefined: B-03 v_min_v/v_max_v are open-circuit calibration endpoints, not terminal-voltage limits",92.81730664815268,10.0,0.0
charge,820,49260.0,loiter,0.07453975996139611,-10.000000000000043,32.354949484593476,307.4539759961396,309.0717234703693,0.05,,,"undefined: B-04 and BatteryPack expose a bus-power C-rate proxy, not a physical current limit",,,"undefined: B-03 v_min_v/v_max_v are open-circuit calibration endpoints, not terminal-voltage limits",90.9282765296307,10.0,-4.263256414560601e-14
charge,821,49320.0,loiter,0.09341348049407563,-10.0,32.15958077044547,309.34134804940754,310.9493270879298,0.05,,,"undefined: B-04 and BatteryPack expose a bus-power C-rate proxy, not a physical current limit",,,"undefined: B-03 v_min_v/v_max_v are open-circuit calibration endpoints, not terminal-voltage limits",89.05067291207018,10.0,0.0
discharge,822,49380.0,loiter,0.11217323594350216,23.128321431155353,75.22479681913296,311.2173235943502,307.45608375339356,0.05,,,"undefined: B-04 and BatteryPack expose a bus-power C-rate proxy, not a physical current limit",,,"undefined: B-03 v_min_v/v_max_v are open-circuit calibration endpoints, not terminal-voltage limits",7.456083753393557,30.0,6.871678568844647
charge,823,49440.0,loiter,0.0682921044656746,-10.000000000000002,32.42014247475993,306.82921044656746,308.4502175703054,0.05,,,"undefined: B-04 and BatteryPack expose a bus-power C-rate proxy, not a physical current limit",,,"undefined: B-03 v_min_v/v_max_v are open-circuit calibration endpoints, not terminal-voltage limits",91.54978242969457,10.0,-1.7763568394002505e-15
charge,824,49500.0,loiter,0.0872038542426179,-10.0,32.22359925753949,308.7203854242618,310.33156538713877,0.05,,,"undefined: B-04 and BatteryPack expose a bus-power C-rate proxy, not a physical current limit",,,"undefined: B-03 v_min_v/v_max_v are open-circuit calibration endpoints, not terminal-voltage limits",89.66843461286123,10.0,0.0
discharge,825,49560.0,loiter,0.10600095380951594,23.09565006202982,75.27019641369805,310.6000953809516,306.8365855602667,0.05,,,"undefined: B-04 and BatteryPack expose a bus-power C-rate proxy, not a physical current limit",,,"undefined: B-03 v_min_v/v_max_v are open-circuit calibration endpoints, not terminal-voltage limits",6.8365855602667125,30.0,6.904349937970181
charge,826,49620.0,loiter,0.062093339234858755,-10.0,32.485084102718815,306.2093339234859,307.83358812862184,0.05,,,"undefined: B-04 and BatteryPack expose a bus-power C-rate proxy, not a physical current limit",,,"undefined: B-03 v_min_v/v_max_v are open-circuit calibration endpoints, not terminal-voltage limits",92.16641187137816,10.0,0.0
charge,827,49680.0,loiter,0.08104297162811139,-10.0,32.28736629283958,308.1042971628111,309.7186654774531,0.05,,,"undefined: B-04 and BatteryPack expose a bus-power C-rate proxy, not a physical current limit",,,"undefined: B-03 v_min_v/v_max_v are open-circuit calibration endpoints, not terminal-voltage limits",90.2813345225469,10.0,0.0
discharge,828,49740.0,loiter,0.09987726863226781,23.06301432630632,75.31468967032424,309.9877268632268,306.22199237971057,0.05,,,"undefined: B-04 and BatteryPack expose a bus-power C-rate proxy, not a physical current limit",,,"undefined: B-03 v_min_v/v_max_v are open-circuit calibration endpoints, not terminal-voltage limits",6.221992379710571,30.0,6.93698567369368
charge,829,49800.0,loiter,0.05594369965791201,-9.999999999999996,32.54976730601982,305.5943699657912,307.2218583310922,0.05,,,"undefined: B-04 and BatteryPack expose a bus-power C-rate proxy, not a physical current limit",,,"undefined: B-03 v_min_v/v_max_v are open-circuit calibration endpoints, not terminal-voltage limits",92.77814166890778,10.0,3.552713678800501e-15
charge,830,49860.0,loiter,0.0749310639197569,-10.000000000000059,32.35087498741109,307.4931063919757,309.11065014134624,0.05,,,"undefined: B-04 and BatteryPack expose a bus-power C-rate proxy, not a physical current limit",,,"undefined: B-03 v_min_v/v_max_v are open-circuit calibration endpoints, not terminal-voltage limits",90.88934985865376,10.0,-5.861977570020827e-14
charge,831,49920.0,loiter,0.09380240766241336,-10.0,32.15557952451377,309.38024076624134,310.98801974246703,0.05,,,"undefined: B-04 and BatteryPack expose a bus-power C-rate proxy, not a physical current limit",,,"undefined: B-03 v_min_v/v_max_v are open-circuit calibration endpoints, not terminal-voltage limits",89.01198025753297,10.0,0.0
discharge,832,49980.0,loiter,0.11255982905171306,23.014127440370864,74.83927893209909,311.2559829051713,307.51401895856634,0.05,,,"undefined: B-04 and BatteryPack expose a bus-power C-rate proxy, not a physical current limit",,,"undefined: B-03 v_min_v/v_max_v are open-circuit calibration endpoints, not terminal-voltage limits",7.514018958566339,30.0,6.9858725596291364
charge,833,50040.0,loiter,0.0689035830079886,-10.0,32.4137502875368,306.8903583007989,308.51104581517575,0.05,,,"undefined: B-04 and BatteryPack expose a bus-power C-rate proxy, not a physical current limit",,,"undefined: B-03 v_min_v/v_max_v are open-circuit calibration endpoints, not terminal-voltage limits",91.48895418482425,10.0,0.0
charge,834,50100.0,loiter,0.08781160400905173,-10.0,32.2173224358545,308.78116040090515,310.39202652269785,0.05,,,"undefined: B-04 and BatteryPack expose a bus-power C-rate proxy, not a physical current limit",,,"undefined: B-03 v_min_v/v_max_v are open-circuit calibration endpoints, not terminal-voltage limits",89.60797347730215,10.0,0.0
discharge,835,50160.0,loiter,0.10660504209663352,22.981580598308366,74.87892062489664,310.6605042096634,306.91655817841854,0.05,,,"undefined: B-04 and BatteryPack expose a bus-power C-rate proxy, not a physical current limit",,,"undefined: B-03 v_min_v/v_max_v are open-circuit calibration endpoints, not terminal-voltage limits",6.916558178418541,30.0,7.018419401691634
charge,836,50220.0,loiter,0.06292567173211049,-9.999999999999957,32.47634909742942,306.29256717321107,307.91638462808254,0.05,,,"undefined: B-04 and BatteryPack expose a bus-power C-rate proxy, not a physical current limit",,,"undefined: B-03 v_min_v/v_max_v are open-circuit calibration endpoints, not terminal-voltage limits",92.08361537191746,10.0,4.263256414560601e-14
charge,837,50280.0,loiter,0.08187020870561099,-10.0,32.2787895453024,308.1870208705611,309.8009603478263,0.05,,,"undefined: B-04 and BatteryPack expose a bus-power C-rate proxy, not a physical current limit",,,"undefined: B-03 v_min_v/v_max_v are open-circuit calibration endpoints, not terminal-voltage limits",90.19903965217372,10.0,0.0
discharge,838,50340.0,loiter,0.10069950260703739,22.949069237954795,74.91761676192027,310.06995026070376,306.32406942260775,0.05,,,"undefined: B-04 and BatteryPack expose a bus-power C-rate proxy, not a physical current limit",,,"undefined: B-03 v_min_v/v_max_v are open-circuit calibration endpoints, not terminal-voltage limits",6.324069422607749,30.0,7.050930762045205
charge,839,50400.0,loiter,0.056997559495917234,-10.0,32.53866439983028,305.69975594959175,307.32668916958323,0.05,,,"undefined: B-04 and BatteryPack expose a bus-power C-rate proxy, not a physical current limit",,,"undefined: B-03 v_min_v/v_max_v are open-circuit calibration endpoints, not terminal-voltage limits",92.67331083041677,10.0,0.0
charge,840,50460.0,loiter,0.0759784470624849,-9.999999999999996,32.33997401231477,307.5978447062485,309.21484340686425,0.05,,,"undefined: B-04 and BatteryPack expose a bus-power C-rate proxy, not a physical current limit",,,"undefined: B-03 v_min_v/v_max_v are open-circuit calibration endpoints, not terminal-voltage limits",90.78515659313575,10.0,3.552713678800501e-15
discharge,841,50520.0,loiter,0.09484343190300185,22.91659331612519,74.95535423014758,309.4843431903002,305.7365754787928,0.05,,,"undefined: B-04 and BatteryPack expose a bus-power C-rate proxy, not a physical current limit",,,"undefined: B-03 v_min_v/v_max_v are open-circuit calibration endpoints, not terminal-voltage limits",5.736575478792815,30.0,7.083406683874809
charge,842,50580.0,loiter,0.0511194752687491,-9.999999999999996,32.600689137264,305.1119475268749,306.7419819837381,0.05,,,"undefined: B-04 and BatteryPack expose a bus-power C-rate proxy, not a physical current limit",,,"undefined: B-03 v_min_v/v_max_v are open-circuit calibration endpoints, not terminal-voltage limits",93.25801801626187,10.0,3.552713678800501e-15
charge,843,50640.0,loiter,0.0701365439321531,-9.999999999999996,32.40086895873162,307.0136543932153,308.63369784115184,0.05,,,"undefined: B-04 and BatteryPack expose a bus-power C-rate proxy, not a physical current limit",,,"undefined: B-03 v_min_v/v_max_v are open-circuit calibration endpoints, not terminal-voltage limits",91.36630215884816,10.0,3.552713678800501e-15
charge,844,50700.0,loiter,0.08903705082474654,-10.0,32.20467345231555,308.90370508247463,310.5139387550904,0.05,,,"undefined: B-04 and BatteryPack expose a bus-power C-rate proxy, not a physical current limit",,,"undefined: B-03 v_min_v/v_max_v are open-circuit calibration endpoints, not terminal-voltage limits",89.48606124490959,10.0,0.0
discharge,845,50760.0,loiter,0.10782311033859728,22.867945786316064,74.47420699293161,310.78231103385974,307.05860068421316,0.05,,,"undefined: B-04 and BatteryPack expose a bus-power C-rate proxy, not a physical current limit",,,"undefined: B-03 v_min_v/v_max_v are open-circuit calibration endpoints, not terminal-voltage limits",7.058600684213161,30.0,7.132054213683936
charge,846,50820.0,loiter,0.06437982292605385,-10.0,32.461099555486044,306.4379822926054,308.0610372703797,0.05,,,"undefined: B-04 and BatteryPack expose a bus-power C-rate proxy, not a physical current limit",,,"undefined: B-03 v_min_v/v_max_v are open-circuit calibration endpoints, not terminal-voltage limits",91.9389627296203,10.0,0.0
charge,847,50880.0,loiter,0.0833154643334207,-9.999999999999996,32.26381608902102,308.33154643334206,309.9447372377931,0.05,,,"undefined: B-04 and BatteryPack expose a bus-power C-rate proxy, not a physical current limit",,,"undefined: B-03 v_min_v/v_max_v are open-circuit calibration endpoints, not terminal-voltage limits",90.0552627622069,10.0,3.552713678800501e-15
discharge,848,50940.0,loiter,0.10213602371868297,22.835558272315186,74.50712568529639,310.2136023718683,306.4882460876035,0.05,,,"undefined: B-04 and BatteryPack expose a bus-power C-rate proxy, not a physical current limit",,,"undefined: B-03 v_min_v/v_max_v are open-circuit calibration endpoints, not terminal-voltage limits",6.4882460876035,30.0,7.164441727684814
charge,849,51000.0,loiter,0.05867353373559341,-9.999999999999996,32.521022738421834,305.86735337355935,307.49340451048045,0.05,,,"undefined: B-04 and BatteryPack expose a bus-power C-rate proxy, not a physical current limit",,,"undefined: B-03 v_min_v/v_max_v are open-circuit calibration endpoints, not terminal-voltage limits",92.50659548951955,10.0,3.552713678800501e-15
charge,850,51060.0,loiter,0.07764413033300614,-10.000000000000073,32.32265292581303,307.7644130333006,309.38054567959125,0.05,,,"undefined: B-04 and BatteryPack expose a bus-power C-rate proxy, not a physical current limit",,,"undefined: B-03 v_min_v/v_max_v are open-circuit calibration endpoints, not terminal-voltage limits",90.61945432040875,10.0,-7.283063041541027e-14
discharge,851,51120.0,loiter,0.09649901120639708,22.803206046234106,74.53905027416909,309.6499011206397,305.92294860693124,0.05,,,"undefined: B-04 and BatteryPack expose a bus-power C-rate proxy, not a physical current limit",,,"undefined: B-03 v_min_v/v_max_v are open-circuit calibration endpoints, not terminal-voltage limits",5.922948606931243,30.0,7.196793953765894
charge,852,51180.0,loiter,0.05301789854646512,-9.99999999999999,32.580631535676616,305.30178985464653,306.93082143143033,0.05,,,"undefined: B-04 and BatteryPack expose a bus-power C-rate proxy, not a physical current limit",,,"undefined: B-03 v_min_v/v_max_v are open-circuit calibration endpoints, not terminal-voltage limits",93.06917856856967,10.0,1.0658141036401503e-14
charge,853,51240.0,loiter,0.07202326694227648,-10.00000000000004,32.381177171714626,307.2023266942276,308.82138555281335,0.05,,,"undefined: B-04 and BatteryPack expose a bus-power C-rate proxy, not a physical current limit",,,"undefined: B-03 v_min_v/v_max_v are open-circuit calibration endpoints, not terminal-voltage limits",91.17861444718665,10.0,-4.085620730620576e-14
charge,854,51300.0,loiter,0.09091228695911001,-10.000000000000062,32.18533650301879,309.091228695911,310.70049552106195,0.05,,,"undefined: B-04 and BatteryPack expose a bus-power C-rate proxy, not a physical current limit",,,"undefined: B-03 v_min_v/v_max_v are open-circuit calibration endpoints, not terminal-voltage limits",89.29950447893805,10.0,-6.217248937900877e-14
discharge,855,51360.0,loiter,0.10968706658587096,22.754743778191752,74.05553813456663,310.9687066585871,307.2659297518588,0.05,,,"undefined: B-04 and BatteryPack expose a bus-power C-rate proxy, not a physical current limit",,,"undefined: B-03 v_min_v/v_max_v are open-circuit calibration endpoints, not terminal-voltage limits",7.265929751858778,30.0,7.245256221808248
charge,856,51420.0,loiter,0.06648800267404043,-10.0,32.43901656081505,306.64880026740406,308.2707510954448,0.05,,,"undefined: B-04 and BatteryPack expose a bus-power C-rate proxy, not a physical current limit",,,"undefined: B-03 v_min_v/v_max_v are open-circuit calibration endpoints, not terminal-voltage limits",91.72924890455522,10.0,0.0
charge,857,51480.0,loiter,0.08541076233451586,-10.0,32.2421324454109,308.5410762334516,310.1531828557221,0.05,,,"undefined: B-04 and BatteryPack expose a bus-power C-rate proxy, not a physical current limit",,,"undefined: B-03 v_min_v/v_max_v are open-circuit calibration endpoints, not terminal-voltage limits",89.8468171442779,10.0,0.0
discharge,858,51540.0,loiter,0.10421867292767222,22.722479584481846,74.08270606691076,310.4218672927672,306.7177319894217,0.05,,,"undefined: B-04 and BatteryPack expose a bus-power C-rate proxy, not a physical current limit",,,"undefined: B-03 v_min_v/v_max_v are open-circuit calibration endpoints, not terminal-voltage limits",6.717731989421679,30.0,7.277520415518154
charge,859,51600.0,loiter,0.06100376105530761,-10.0,32.496525868024264,306.10037610553076,307.72520239893197,0.05,,,"undefined: B-04 and BatteryPack expose a bus-power C-rate proxy, not a physical current limit",,,"undefined: B-03 v_min_v/v_max_v are open-circuit calibration endpoints, not terminal-voltage limits",92.27479760106803,10.0,0.0
charge,860,51660.0,loiter,0.0799600678116551,-10.0,32.29860063388003,307.99600678116553,309.61093681285956,0.05,,,"undefined: B-04 and BatteryPack expose a bus-power C-rate proxy, not a physical current limit",,,"undefined: B-03 v_min_v/v_max_v are open-circuit calibration endpoints, not terminal-voltage limits",90.38906318714044,10.0,0.0
discharge,861,51720.0,loiter,0.09880091818141845,22.690250528928765,74.108847913202,309.88009181814186,306.17464942248176,0.05,,,"undefined: B-04 and BatteryPack expose a bus-power C-rate proxy, not a physical current limit",,,"undefined: B-03 v_min_v/v_max_v are open-circuit calibration endpoints, not terminal-voltage limits",6.174649422481764,30.0,7.309749471071235
charge,862,51780.0,loiter,0.055570756898717294,-10.0,32.553698238186826,305.55707568987174,307.1847606017811,0.05,,,"undefined: B-04 and BatteryPack expose a bus-power C-rate proxy, not a physical current limit",,,"undefined: B-03 v_min_v/v_max_v are open-circuit calibration endpoints, not terminal-voltage limits",92.81523939821892,10.0,0.0
charge,863,51840.0,loiter,0.07456041420432627,-9.999999999999996,32.354734394405114,307.45604142043265,309.0737781401529,0.05,,,"undefined: B-04 and BatteryPack expose a bus-power C-rate proxy, not a physical current limit",,,"undefined: B-03 v_min_v/v_max_v are open-circuit calibration endpoints, not terminal-voltage limits",90.92622185984709,10.0,3.552713678800501e-15
discharge,864,51900.0,loiter,0.09343400926772925,22.6580565688969,74.13395158610172,309.3434009267729,305.6367033474678,0.05,,,"undefined: B-04 and BatteryPack expose a bus-power C-rate proxy, not a physical current limit",,,"undefined: B-03 v_min_v/v_max_v are open-circuit calibration endpoints, not terminal-voltage limits",5.636703347467801,30.0,7.3419434311031
charge,865,51960.0,loiter,0.050189204175836596,-9.999999999999996,32.610526794506995,305.0189204175837,306.649446757309,0.05,,,"undefined: B-04 and BatteryPack expose a bus-power C-rate proxy, not a physical current limit",,,"undefined: B-03 v_min_v/v_max_v are open-circuit calibration endpoints, not terminal-voltage limits",93.35055324269098,10.0,3.552713678800501e-15
charge,866,52020.0,loiter,0.06921201147263234,-9.999999999999996,32.41052703328364,306.9212011472632,308.5417274989274,0.05,,,"undefined: B-04 and BatteryPack expose a bus-power C-rate proxy, not a physical current limit",,,"undefined: B-03 v_min_v/v_max_v are open-circuit calibration endpoints, not terminal-voltage limits",91.4582725010726,10.0,3.552713678800501e-15
charge,867,52080.0,loiter,0.0881181522420478,-9.999999999999996,32.2141573376291,308.8118152242048,310.42252309108625,0.05,,,"undefined: B-04 and BatteryPack expose a bus-power C-rate proxy, not a physical current limit",,,"undefined: B-03 v_min_v/v_max_v are open-circuit calibration endpoints, not terminal-voltage limits",89.57747690891375,10.0,3.552713678800501e-15
discharge,868,52140.0,loiter,0.10690974402233144,22.609831339853603,73.64557308307155,310.69097440223317,307.0086957480796,0.05,,,"undefined: B-04 and BatteryPack expose a bus-power C-rate proxy, not a physical current limit",,,"undefined: B-03 v_min_v/v_max_v are open-circuit calibration endpoints, not terminal-voltage limits",7.008695748079617,30.0,7.390168660146397
charge,869,52200.0,loiter,0.06394982639053971,-9.999999999999996,32.46560740361076,306.394982639054,308.0182630092345,0.05,,,"undefined: B-04 and BatteryPack expose a bus-power C-rate proxy, not a physical current limit",,,"undefined: B-03 v_min_v/v_max_v are open-circuit calibration endpoints, not terminal-voltage limits",91.98173699076551,10.0,3.552713678800501e-15
charge,870,52260.0,loiter,0.08288809737597932,-9.999999999999995,32.26824235120773,308.28880973759794,309.90222185515836,0.05,,,"undefined: B-04 and BatteryPack expose a bus-power C-rate proxy, not a physical current limit",,,"undefined: B-03 v_min_v/v_max_v are open-circuit calibration endpoints, not terminal-voltage limits",90.09777814484164,10.0,5.329070518200751e-15
discharge,871,52320.0,loiter,0.10171123874751717,22.577724932540782,73.66597654917257,310.17112387475174,306.4878250472931,0.05,,,"undefined: B-04 and BatteryPack expose a bus-power C-rate proxy, not a physical current limit",,,"undefined: B-03 v_min_v/v_max_v are open-circuit calibration endpoints, not terminal-voltage limits",6.487825047293086,30.0,7.422275067459218
charge,872,52380.0,loiter,0.05873941909383318,-10.0,32.52032960385293,305.8739419093833,307.4999583895759,0.05,,,"undefined: B-04 and BatteryPack expose a bus-power C-rate proxy, not a physical current limit",,,"undefined: B-03 v_min_v/v_max_v are open-circuit calibration endpoints, not terminal-voltage limits",92.50004161042409,10.0,0.0
charge,873,52440.0,loiter,0.07770961136274739,-9.999999999999996,32.32197237955177,307.77096113627476,309.3870597552524,0.05,,,"undefined: B-04 and BatteryPack expose a bus-power C-rate proxy, not a physical current limit",,,"undefined: B-03 v_min_v/v_max_v are open-circuit calibration endpoints, not terminal-voltage limits",90.61294024474762,10.0,3.552713678800501e-15
discharge,874,52500.0,loiter,0.09656409525081924,22.54565347206033,73.68531393071464,309.6564095250819,305.9721438285462,0.05,,,"undefined: B-04 and BatteryPack expose a bus-power C-rate proxy, not a physical current limit",,,"undefined: B-03 v_min_v/v_max_v are open-circuit calibration endpoints, not terminal-voltage limits",5.972143828546223,30.0,7.45434652793967
charge,875,52560.0,loiter,0.05358099545790237,-10.0,32.57468691161705,305.35809954579025,306.98683389137113,0.05,,,"undefined: B-04 and BatteryPack expose a bus-power C-rate proxy, not a physical current limit",,,"undefined: B-03 v_min_v/v_max_v are open-circuit calibration endpoints, not terminal-voltage limits",93.01316610862887,10.0,0.0
charge,876,52620.0,loiter,0.07258289615634564,-10.0,32.37534088203972,307.25828961563457,308.8770566597366,0.05,,,"undefined: B-04 and BatteryPack expose a bus-power C-rate proxy, not a physical current limit",,,"undefined: B-03 v_min_v/v_max_v are open-circuit calibration endpoints, not terminal-voltage limits",91.12294334026342,10.0,0.0
charge,877,52680.0,loiter,0.09146851167086881,-10.0,32.17960529949437,309.1468511670869,310.7558314320616,0.05,,,"undefined: B-04 and BatteryPack expose a bus-power C-rate proxy, not a physical current limit",,,"undefined: B-03 v_min_v/v_max_v are open-circuit calibration endpoints, not terminal-voltage limits",89.2441685679384,10.0,0.0
discharge,878,52740.0,loiter,0.11023994809557386,22.49761171407215,73.19528256164119,311.0239948095574,307.3642306814753,0.05,,,"undefined: B-04 and BatteryPack expose a bus-power C-rate proxy, not a physical current limit",,,"undefined: B-03 v_min_v/v_max_v are open-circuit calibration endpoints, not terminal-voltage limits",7.364230681475306,30.0,7.50238828592785
charge,879,52800.0,loiter,0.0675426999346165,-10.0,32.42797991417149,306.75426999346166,308.3756689891702,0.05,,,"undefined: B-04 and BatteryPack expose a bus-power C-rate proxy, not a physical current limit",,,"undefined: B-03 v_min_v/v_max_v are open-circuit calibration endpoints, not terminal-voltage limits",91.62433101082979,10.0,0.0
charge,880,52860.0,loiter,0.08645902155121654,-10.0,32.2312951867076,308.64590215512163,310.25746691445704,0.05,,,"undefined: B-04 and BatteryPack expose a bus-power C-rate proxy, not a physical current limit",,,"undefined: B-03 v_min_v/v_max_v are open-circuit calibration endpoints, not terminal-voltage limits",89.74253308554296,10.0,0.0
discharge,881,52920.0,loiter,0.10526061041012931,22.465627435627148,73.20999904953624,310.52606104101295,306.86556108853614,0.05,,,"undefined: B-04 and BatteryPack expose a bus-power C-rate proxy, not a physical current limit",,,"undefined: B-03 v_min_v/v_max_v are open-circuit calibration endpoints, not terminal-voltage limits",6.86556108853614,30.0,7.534372564372852
charge,882,52980.0,loiter,0.06255477763123318,-10.0,32.48024090925071,306.25547776312334,307.87948980858584,0.05,,,"undefined: B-04 and BatteryPack expose a bus-power C-rate proxy, not a physical current limit",,,"undefined: B-03 v_min_v/v_max_v are open-circuit calibration endpoints, not terminal-voltage limits",92.12051019141416,10.0,0.0
charge,883,53040.0,loiter,0.08150158482829609,-10.000000000000002,32.28261085696374,308.1501584828296,309.76428902567784,0.05,,,"undefined: B-04 and BatteryPack expose a bus-power C-rate proxy, not a physical current limit",,,"undefined: B-03 v_min_v/v_max_v are open-circuit calibration endpoints, not terminal-voltage limits",90.23571097432216,10.0,-1.7763568394002505e-15
discharge,884,53100.0,loiter,0.1003331078281916,22.433677956155403,73.22362510833045,310.03331078281917,306.37212952740265,0.05,,,"undefined: B-04 and BatteryPack expose a bus-power C-rate proxy, not a physical current limit",,,"undefined: B-03 v_min_v/v_max_v are open-circuit calibration endpoints, not terminal-voltage limits",6.372129527402649,30.0,7.566322043844597
charge,885,53160.0,loiter,0.05761932651499885,-10.000000000000101,32.532117326878165,305.7619326514999,307.3885385178438,0.05,,,"undefined: B-04 and BatteryPack expose a bus-power C-rate proxy, not a physical current limit",,,"undefined: B-03 v_min_v/v_max_v are open-circuit calibration endpoints, not terminal-voltage limits",92.61146148215619,10.0,-1.0125233984581428e-13
charge,886,53220.0,loiter,0.07659639495567777,-10.000000000000018,32.33354594911418,307.6596394955678,309.2763167930235,0.05,,,"undefined: B-04 and BatteryPack expose a bus-power C-rate proxy, not a physical current limit",,,"undefined: B-03 v_min_v/v_max_v are open-circuit calibration endpoints, not terminal-voltage limits",90.72368320697649,10.0,-1.7763568394002505e-14
discharge,887,53280.0,loiter,0.09545763009266103,22.401763233563177,73.23614995133823,309.5457630092661,305.88395551169924,0.05,,,"undefined: B-04 and BatteryPack expose a bus-power C-rate proxy, not a physical current limit",,,"undefined: B-03 v_min_v/v_max_v are open-circuit calibration endpoints, not terminal-voltage limits",5.8839555116992415,30.0,7.598236766436823
charge,888,53340.0,loiter,0.052736542621047065,-9.999999999999996,32.58360262383576,305.2736542621047,306.9028343932965,0.05,,,"undefined: B-04 and BatteryPack expose a bus-power C-rate proxy, not a physical current limit",,,"undefined: B-03 v_min_v/v_max_v are open-circuit calibration endpoints, not terminal-voltage limits",93.09716560670353,10.0,3.552713678800501e-15
charge,889,53400.0,loiter,0.07174364415161792,-10.0,32.38409410044426,307.1743644151618,308.793569120184,0.05,,,"undefined: B-04 and BatteryPack expose a bus-power C-rate proxy, not a physical current limit",,,"undefined: B-03 v_min_v/v_max_v are open-circuit calibration endpoints, not terminal-voltage limits",91.20643087981603,10.0,0.0
charge,890,53460.0,loiter,0.0906343657102104,-10.0,32.18820089663325,309.06343657102104,310.6728466158527,0.05,,,"undefined: B-04 and BatteryPack expose a bus-power C-rate proxy, not a physical current limit",,,"undefined: B-03 v_min_v/v_max_v are open-circuit calibration endpoints, not terminal-voltage limits",89.32715338414732,10.0,0.0
discharge,891,53520.0,loiter,0.10941081623324646,22.35395622690923,72.74216463983976,310.94108162332464,307.30397339133265,0.05,,,"undefined: B-04 and BatteryPack expose a bus-power C-rate proxy, not a physical current limit",,,"undefined: B-03 v_min_v/v_max_v are open-circuit calibration endpoints, not terminal-voltage limits",7.303973391332647,30.0,7.646043773090771
charge,892,53580.0,loiter,0.06697788686000661,-9.999999999999917,32.433889346612546,306.69778868600065,308.31948315333125,0.05,,,"undefined: B-04 and BatteryPack expose a bus-power C-rate proxy, not a physical current limit",,,"undefined: B-03 v_min_v/v_max_v are open-circuit calibration endpoints, not terminal-voltage limits",91.68051684666875,10.0,8.348877145181177e-14
charge,893,53640.0,loiter,0.08589765564553059,-9.999999999999996,32.23709787596874,308.58976556455303,310.2016204583515,0.05,,,"undefined: B-04 and BatteryPack expose a bus-power C-rate proxy, not a physical current limit",,,"undefined: B-03 v_min_v/v_max_v are open-circuit calibration endpoints, not terminal-voltage limits",89.7983795416485,10.0,3.552713678800501e-15
discharge,894,53700.0,loiter,0.10470262940651236,22.322128212796464,72.75014745898318,310.47026294065125,306.83275556770207,0.05,,,"undefined: B-04 and BatteryPack expose a bus-power C-rate proxy, not a physical current limit",,,"undefined: B-03 v_min_v/v_max_v are open-circuit calibration endpoints, not terminal-voltage limits",6.8327555677020655,30.0,7.677871787203536
charge,895,53760.0,loiter,0.06226504338877217,-10.0,32.48328175187453,306.2265043388772,307.8506684264709,0.05,,,"undefined: B-04 and BatteryPack expose a bus-power C-rate proxy, not a physical current limit",,,"undefined: B-03 v_min_v/v_max_v are open-circuit calibration endpoints, not terminal-voltage limits",92.14933157352908,10.0,0.0
charge,896,53820.0,loiter,0.08121362441069899,-10.0,32.28559660319377,308.1213624410699,309.7356422712296,0.05,,,"undefined: B-04 and BatteryPack expose a bus-power C-rate proxy, not a physical current limit",,,"undefined: B-03 v_min_v/v_max_v are open-circuit calibration endpoints, not terminal-voltage limits",90.26435772877039,10.0,0.0
discharge,897,53880.0,loiter,0.10004688909589535,22.290334808763664,72.75700895262332,310.00468890958956,306.3668384619584,0.05,,,"undefined: B-04 and BatteryPack expose a bus-power C-rate proxy, not a physical current limit",,,"undefined: B-03 v_min_v/v_max_v are open-circuit calibration endpoints, not terminal-voltage limits",6.366838461958423,30.0,7.709665191236336
charge,898,53940.0,loiter,0.05760530054019842,-9.999999999999996,32.53226498848164,305.76053005401985,307.38714330344396,0.05,,,"undefined: B-04 and BatteryPack expose a bus-power C-rate proxy, not a physical current limit",,,"undefined: B-03 v_min_v/v_max_v are open-circuit calibration endpoints, not terminal-voltage limits",92.61285669655604,10.0,3.552713678800501e-15
charge,899,54000.0,loiter,0.0765824551168127,-9.999999999999996,32.33369092710973,307.6582455116813,309.2749300580368,0.05,,,"undefined: B-04 and BatteryPack expose a bus-power C-rate proxy, not a physical current limit",,,"undefined: B-03 v_min_v/v_max_v are open-circuit calibration endpoints, not terminal-voltage limits",90.72506994196323,10.0,3.552713678800501e-15
discharge,900,54060.0,loiter,0.09544377482429338,22.258575973018647,72.76273911475357,309.54437748242935,305.9062405266917,0.05,,,"undefined: B-04 and BatteryPack expose a bus-power C-rate proxy, not a physical current limit",,,"undefined: B-03 v_min_v/v_max_v are open-circuit calibration endpoints, not terminal-voltage limits",5.906240526691704,30.0,7.741424026981353
charge,901,54120.0,loiter,0.05299884367402046,-10.000000000000021,32.58083273605507,305.29988436740206,306.9289260042048,0.05,,,"undefined: B-04 and BatteryPack expose a bus-power C-rate proxy, not a physical current limit",,,"undefined: B-03 v_min_v/v_max_v are open-circuit calibration endpoints, not terminal-voltage limits",93.07107399579519,10.0,-2.1316282072803006e-14
charge,902,54180.0,loiter,0.07200432943671925,-10.0,32.38137470475351,307.2004329436719,308.81950167890955,0.05,,,"undefined: B-04 and BatteryPack expose a bus-power C-rate proxy, not a physical current limit",,,"undefined: B-03 v_min_v/v_max_v are open-circuit calibration endpoints, not terminal-voltage limits",91.18049832109045,10.0,0.0
charge,903,54240.0,loiter,0.0908934646811588,-10.0,32.185530478697615,309.0893464681159,310.6986229920508,0.05,,,"undefined: B-04 and BatteryPack expose a bus-power C-rate proxy, not a physical current limit",,,"undefined: B-03 v_min_v/v_max_v are open-circuit calibration endpoints, not terminal-voltage limits",89.30137700794921,10.0,0.0
discharge,904,54300.0,loiter,0.10966835746039907,22.211002443684464,72.26531464293885,310.9668357460399,307.353570013893,0.05,,,"undefined: B-04 and BatteryPack expose a bus-power C-rate proxy, not a physical current limit",,,"undefined: B-03 v_min_v/v_max_v are open-circuit calibration endpoints, not terminal-voltage limits",7.353570013892977,30.0,7.788997556315536
charge,905,54360.0,loiter,0.06751359058535142,-10.0,32.42828442228074,306.7513590585351,308.37277327964915,0.05,,,"undefined: B-04 and BatteryPack expose a bus-power C-rate proxy, not a physical current limit",,,"undefined: B-03 v_min_v/v_max_v are open-circuit calibration endpoints, not terminal-voltage limits",91.62722672035085,10.0,0.0
charge,906,54420.0,loiter,0.08643008983168185,-9.999999999999996,32.2315941953633,308.64300898316816,310.2545886929363,0.05,,,"undefined: B-04 and BatteryPack expose a bus-power C-rate proxy, not a physical current limit",,,"undefined: B-03 v_min_v/v_max_v are open-circuit calibration endpoints, not terminal-voltage limits",89.7454113070637,10.0,3.552713678800501e-15
discharge,907,54480.0,loiter,0.10523185311231044,22.17932984625561,72.26659372370364,310.52318531123103,306.90985562504585,0.05,,,"undefined: B-04 and BatteryPack expose a bus-power C-rate proxy, not a physical current limit",,,"undefined: B-03 v_min_v/v_max_v are open-circuit calibration endpoints, not terminal-voltage limits",6.90985562504585,30.0,7.820670153744391
charge,908,54540.0,loiter,0.06307634010681665,-9.999999999999956,32.474768391017506,306.3076340106817,307.93137243023256,0.05,,,"undefined: B-04 and BatteryPack expose a bus-power C-rate proxy, not a physical current limit",,,"undefined: B-03 v_min_v/v_max_v are open-circuit calibration endpoints, not terminal-voltage limits",92.06862756976744,10.0,4.440892098500626e-14
charge,909,54600.0,loiter,0.08201995500157686,-10.0,32.2772374686474,308.2019955001577,309.81585737359006,0.05,,,"undefined: B-04 and BatteryPack expose a bus-power C-rate proxy, not a physical current limit",,,"undefined: B-03 v_min_v/v_max_v are open-circuit calibration endpoints, not terminal-voltage limits",90.18414262640994,10.0,0.0
discharge,910,54660.0,loiter,0.1008483435249545,22.147691671366456,72.26672565263357,310.0848343524955,306.4714980698638,0.05,,,"undefined: B-04 and BatteryPack expose a bus-power C-rate proxy, not a physical current limit",,,"undefined: B-03 v_min_v/v_max_v are open-circuit calibration endpoints, not terminal-voltage limits",6.471498069863799,30.0,7.852308328633544
charge,911,54720.0,loiter,0.058692753560918264,-10.000000000000075,32.52082053681363,305.8692753560918,307.4953163829325,0.05,,,"undefined: B-04 and BatteryPack expose a bus-power C-rate proxy, not a physical current limit",,,"undefined: B-03 v_min_v/v_max_v are open-circuit calibration endpoints, not terminal-voltage limits",92.50468361706749,10.0,-7.460698725481052e-14
charge,912,54780.0,loiter,0.07766323220739288,-9.999999999999996,32.32245439652729,307.7663232207393,309.3824459405657,0.05,,,"undefined: B-04 and BatteryPack expose a bus-power C-rate proxy, not a physical current limit",,,"undefined: B-03 v_min_v/v_max_v are open-circuit calibration endpoints, not terminal-voltage limits",90.61755405943433,10.0,3.552713678800501e-15
discharge,913,54840.0,loiter,0.09651799727203379,22.116087877524098,72.265701269082,309.65179972720335,306.03851466374925,0.05,,,"undefined: B-04 and BatteryPack expose a bus-power C-rate proxy, not a physical current limit",,,"undefined: B-03 v_min_v/v_max_v are open-circuit calibration endpoints, not terminal-voltage limits",6.038514663749254,30.0,7.883912122475902
charge,914,54900.0,loiter,0.0543630048650693,-9.999999999999996,32.5664348028306,305.4363004865069,307.06462222664845,0.05,,,"undefined: B-04 and BatteryPack expose a bus-power C-rate proxy, not a physical current limit",,,"undefined: B-03 v_min_v/v_max_v are open-circuit calibration endpoints, not terminal-voltage limits",92.93537777335155,10.0,3.552713678800501e-15
charge,915,54960.0,loiter,0.07336009183338715,-9.999999999999996,32.367239094768365,307.3360091833387,308.95437113807714,0.05,,,"undefined: B-04 and BatteryPack expose a bus-power C-rate proxy, not a physical current limit",,,"undefined: B-03 v_min_v/v_max_v are open-circuit calibration endpoints, not terminal-voltage limits",91.04562886192286,10.0,3.552713678800501e-15
discharge,916,55020.0,loiter,0.09224098130533537,22.08451842330183,72.26351152213397,309.22409813053355,305.61092255442685,0.05,,,"undefined: B-04 and BatteryPack expose a bus-power C-rate proxy, not a physical current limit",,,"undefined: B-03 v_min_v/v_max_v are open-circuit calibration endpoints, not terminal-voltage limits",5.61092255442685,30.0,7.91548157669817
charge,917,55062.85487028608,loiter,0.050087266250757226,-10.0,32.611605151543586,305.0087266250757,306.63930688265293,0.05,,,"undefined: B-04 and BatteryPack expose a bus-power C-rate proxy, not a physical current limit",,,"undefined: B-03 v_min_v/v_max_v are open-circuit calibration endpoints, not terminal-voltage limits",93.36069311734707,10.0,0.0
charge,918,55122.85487028608,descent,0.06367471452871735,-9.999999999999998,32.46849217904355,306.3674714528717,307.9908960618239,0.05,,,"undefined: B-04 and BatteryPack expose a bus-power C-rate proxy, not a physical current limit",,,"undefined: B-03 v_min_v/v_max_v are open-circuit calibration endpoints, not terminal-voltage limits",92.00910393817611,10.0,1.7763568394002505e-15
discharge,919,55182.85487028608,descent,0.08261466829982608,15.014249274750421,49.09720375108236,308.2614668299826,305.8066066424285,0.05,,,"undefined: B-04 and BatteryPack expose a bus-power C-rate proxy, not a physical current limit",,,"undefined: B-03 v_min_v/v_max_v are open-circuit calibration endpoints, not terminal-voltage limits",5.806606642428505,30.0,14.985750725249579
charge,920,55242.85487028608,descent,0.05397463277836138,-10.0,32.570532556778744,305.39746327783615,307.0259899056751,0.05,,,"undefined: B-04 and BatteryPack expose a bus-power C-rate proxy, not a physical current limit",,,"undefined: B-03 v_min_v/v_max_v are open-circuit calibration endpoints, not terminal-voltage limits",92.97401009432491,10.0,0.0
charge,921,55302.85487028608,descent,0.07297411010314897,-10.0,32.37126221282608,307.2974110103149,308.9159741209562,0.05,,,"undefined: B-04 and BatteryPack expose a bus-power C-rate proxy, not a physical current limit",,,"undefined: B-03 v_min_v/v_max_v are open-circuit calibration endpoints, not terminal-voltage limits",91.08402587904379,10.0,0.0
discharge,922,55362.85487028608,descent,0.09185734639396419,16.64562970553767,54.31405347786609,309.1857346393964,306.4700319655031,0.05,,,"undefined: B-04 and BatteryPack expose a bus-power C-rate proxy, not a physical current limit",,,"undefined: B-03 v_min_v/v_max_v are open-circuit calibration endpoints, not terminal-voltage limits",6.470031965503097,30.0,13.354370294462331
charge,923,55422.85487028608,descent,0.060174148531875644,-10.0,32.50524308678848,306.0174148531876,307.642677007527,0.05,,,"undefined: B-04 and BatteryPack expose a bus-power C-rate proxy, not a physical current limit",,,"undefined: B-03 v_min_v/v_max_v are open-circuit calibration endpoints, not terminal-voltage limits",92.35732299247297,10.0,0.0
charge,924,55482.85487028608,descent,0.07913554033250225,-10.0,32.3071597246161,307.91355403325025,309.528912019481,0.05,,,"undefined: B-04 and BatteryPack expose a bus-power C-rate proxy, not a physical current limit",,,"undefined: B-03 v_min_v/v_max_v are open-circuit calibration endpoints, not terminal-voltage limits",90.47108798051897,10.0,0.0
discharge,925,55542.85487028608,descent,0.09798138350519497,18.390299123846734,59.94210297114818,309.7981383505195,306.80103320196207,0.05,,,"undefined: B-04 and BatteryPack expose a bus-power C-rate proxy, not a physical current limit",,,"undefined: B-03 v_min_v/v_max_v are open-circuit calibration endpoints, not terminal-voltage limits",6.8010332019620705,30.0,11.609700876153266
charge,926,55602.85487028608,descent,0.06301515677202521,-9.999999999999996,32.47541026499164,306.30151567720253,307.9252861904521,0.05,,,"undefined: B-04 and BatteryPack expose a bus-power C-rate proxy, not a physical current limit",,,"undefined: B-03 v_min_v/v_max_v are open-circuit calibration endpoints, not terminal-voltage limits",92.07471380954792,10.0,3.552713678800501e-15
charge,927,55662.85487028608,descent,0.08195914609327033,-10.0,32.277867717328945,308.195914609327,309.80980799519347,0.05,,,"undefined: B-04 and BatteryPack expose a bus-power C-rate proxy, not a physical current limit",,,"undefined: B-03 v_min_v/v_max_v are open-circuit calibration endpoints, not terminal-voltage limits",90.19019200480653,10.0,0.0
discharge,928,55722.85487028608,descent,0.10078790226171222,20.24877540500946,66.00453162182419,310.07879022617124,306.77856364508,0.05,,,"undefined: B-04 and BatteryPack expose a bus-power C-rate proxy, not a physical current limit",,,"undefined: B-03 v_min_v/v_max_v are open-circuit calibration endpoints, not terminal-voltage limits",6.778563645079998,30.0,9.75122459499054
charge,929,55782.85487028608,descent,0.062285258815648115,-9.999999999999996,32.48306956688566,306.2285258815648,307.8526793599091,0.05,,,"undefined: B-04 and BatteryPack expose a bus-power C-rate proxy, not a physical current limit",,,"undefined: B-03 v_min_v/v_max_v are open-circuit calibration endpoints, not terminal-voltage limits",92.14732064009092,10.0,3.552713678800501e-15
charge,930,55842.85487028608,descent,0.08123371606299808,-10.000000000000055,32.28538826306874,308.1233716062998,309.73764101945324,0.05,,,"undefined: B-04 and BatteryPack expose a bus-power C-rate proxy, not a physical current limit",,,"undefined: B-03 v_min_v/v_max_v are open-circuit calibration endpoints, not terminal-voltage limits",90.26235898054676,10.0,-5.5067062021407764e-14
discharge,931,55902.85487028608,descent,0.10006685921645483,22.22179931535388,72.53014675447446,310.0066859216455,306.38017858392175,0.05,,,"undefined: B-04 and BatteryPack expose a bus-power C-rate proxy, not a physical current limit",,,"undefined: B-03 v_min_v/v_max_v are open-circuit calibration endpoints, not terminal-voltage limits",6.380178583921747,30.0,7.778200684646119
charge,932,55962.85487028608,descent,0.05775760694301141,-10.0,32.53066161994752,305.77576069430114,307.4022937752985,0.05,,,"undefined: B-04 and BatteryPack expose a bus-power C-rate proxy, not a physical current limit",,,"undefined: B-03 v_min_v/v_max_v are open-circuit calibration endpoints, not terminal-voltage limits",92.59770622470148,10.0,0.0
charge,933,56022.85487028608,descent,0.07673382622131412,-10.0,32.33211669698392,307.6733826221314,309.2899884569806,0.05,,,"undefined: B-04 and BatteryPack expose a bus-power C-rate proxy, not a physical current limit",,,"undefined: B-03 v_min_v/v_max_v are open-circuit calibration endpoints, not terminal-voltage limits",90.71001154301939,10.0,0.0
discharge,934,56062.85487028608,descent,0.09559422762788808,24.31031648996355,79.55422585008876,309.5594227627888,305.5817114702844,0.05,,,"undefined: B-04 and BatteryPack expose a bus-power C-rate proxy, not a physical current limit",,,"undefined: B-03 v_min_v/v_max_v are open-circuit calibration endpoints, not terminal-voltage limits",5.581711470284404,30.0,5.689683510036449
charge,935,56122.85487028608,landing,0.06465647313063135,-9.999999999999996,32.45819996455111,306.46564731306313,308.0885573112907,0.05,,,"undefined: B-04 and BatteryPack expose a bus-power C-rate proxy, not a physical current limit",,,"undefined: B-03 v_min_v/v_max_v are open-circuit calibration endpoints, not terminal-voltage limits",91.91144268870931,10.0,3.552713678800501e-15
charge,936,56182.85487028608,landing,0.08359042310995282,-10.0,32.26096896499939,308.3590423109953,309.97209075924525,0.05,,,"undefined: B-04 and BatteryPack expose a bus-power C-rate proxy, not a physical current limit",,,"undefined: B-03 v_min_v/v_max_v are open-circuit calibration endpoints, not terminal-voltage limits",90.02790924075475,10.0,0.0
